Employee ID,Training Program Name,Trainer,Training Date,Training Year,Training Month,Training Quarter,Training Outcome,Is Completed,Is Passed,Training Count Per Employee,Training Duration Days,Training Hours,Training Cost,Cost per Day,Program Popularity,Trainer Effectiveness
3191,Project Management,Aaron Beasley,2023-02-05,2023,2,Q1,Incomplete,0,0,1,3,24,476.39,158.8,609,0
2040,Communication Skills,Aaron Bowen,2023-04-22,2023,4,Q2,Passed,0,1,1,5,40,753.51,150.7,673,1
2677,Technical Skills,Aaron Duncan,2022-12-30,2022,12,Q4,Incomplete,0,0,1,4,32,843.69,210.92,579,0
1773,Leadership Development,Aaron Hubbard,2022-12-30,2022,12,Q4,Passed,0,1,1,2,16,817.45,408.73,574,1
2101,Leadership Development,Aaron Jones,2023-06-29,2023,6,Q2,Completed,1,0,1,1,8,751.81,751.81,574,1
3177,Leadership Development,Aaron Reed,2023-03-25,2023,3,Q1,Incomplete,0,0,1,2,16,423.71,211.85,574,0
2219,Technical Skills,Abigail Gardner,2023-01-03,2023,1,Q1,Failed,0,0,1,5,40,401.35,80.27,579,0
2724,Leadership Development,Abigail Higgins,2023-06-03,2023,6,Q2,Completed,1,0,1,2,16,611.51,305.75,574,1
1846,Communication Skills,Abigail Underwood,2023-04-25,2023,4,Q2,Passed,0,1,1,4,32,964.4,241.1,673,1
3933,Communication Skills,Adam Frye,2022-08-23,2022,8,Q3,Incomplete,0,0,1,1,8,559.55,559.55,673,0
1800,Technical Skills,Adam Luna,2023-04-17,2023,4,Q2,Failed,0,0,1,1,8,732.84,732.84,579,0
1096,Technical Skills,Adam Robinson,2022-09-25,2022,9,Q3,Incomplete,0,0,1,5,40,778.25,155.65,579,0
3413,Customer Service,Adam Sanford,2023-03-20,2023,3,Q1,Passed,0,1,1,5,40,394.1,78.82,565,1
1376,Customer Service,Adam Smith,2023-08-02,2023,8,Q3,Completed,1,0,1,3,24,795.72,265.24,565,1
2124,Leadership Development,Adam Smith PhD,2023-04-26,2023,4,Q2,Completed,1,0,1,2,16,238.23,119.11,574,1
1712,Communication Skills,Adam Walters,2023-06-06,2023,6,Q2,Completed,1,0,1,2,16,581.16,290.58,673,1
2032,Customer Service,Adrian Clark,2022-11-21,2022,11,Q4,Completed,1,0,1,3,24,873.52,291.17,565,1
2350,Leadership Development,Adrian Flores,2023-03-09,2023,3,Q1,Failed,0,0,1,3,24,858.34,286.11,574,0
1332,Leadership Development,Adrian Gray,2022-08-13,2022,8,Q3,Incomplete,0,0,1,4,32,231.76,57.94,574,0
3146,Technical Skills,Alan Barry,2023-03-06,2023,3,Q1,Passed,0,1,1,5,40,560.03,112.01,579,1
3985,Communication Skills,Alan Cook,2022-10-16,2022,10,Q4,Passed,0,1,1,4,32,956.95,239.24,673,1
1197,Technical Skills,Alan Hall,2023-02-25,2023,2,Q1,Passed,0,1,1,5,40,575.1,115.02,579,1
3611,Customer Service,Alan Robinson,2023-01-07,2023,1,Q1,Completed,1,0,1,1,8,482.09,482.09,565,1
2527,Technical Skills,Albert Armstrong,2022-11-24,2022,11,Q4,Passed,0,1,1,2,16,462.98,231.49,579,1
2217,Communication Skills,Albert Clark,2023-03-23,2023,3,Q1,Failed,0,0,1,1,8,315.39,315.39,673,0
1472,Project Management,Albert Schneider,2023-04-11,2023,4,Q2,Passed,0,1,1,3,24,416.76,138.92,609,1
3699,Customer Service,Alejandro Bates,2022-08-19,2022,8,Q3,Passed,0,1,1,1,8,973.34,973.34,565,1
3789,Technical Skills,Alejandro Carter,2022-10-26,2022,10,Q4,Incomplete,0,0,1,1,8,997.38,997.38,579,0
1342,Project Management,Alejandro Flynn,2023-01-28,2023,1,Q1,Failed,0,0,1,4,32,930.72,232.68,609,0
2876,Project Management,Alejandro Newman,2023-07-05,2023,7,Q3,Failed,0,0,1,1,8,429.89,429.89,609,0
2932,Communication Skills,Alex Scott,2023-05-17,2023,5,Q2,Completed,1,0,1,2,16,275.36,137.68,673,1
2678,Project Management,Alexa Brown,2023-04-06,2023,4,Q2,Failed,0,0,1,3,24,166.28,55.43,609,0
2447,Technical Skills,Alexander Bradley,2022-08-21,2022,8,Q3,Completed,1,0,1,1,8,505.6,505.6,579,1
2302,Project Management,Alexander Garcia,2023-03-11,2023,3,Q1,Passed,0,1,1,2,16,173.45,86.72,609,1
2173,Technical Skills,Alexander Harris,2023-04-18,2023,4,Q2,Completed,1,0,1,5,40,372.55,74.51,579,1
2093,Leadership Development,Alexander King,2023-04-23,2023,4,Q2,Failed,0,0,1,5,40,628.62,125.72,574,0
1967,Customer Service,Alexander Myers,2023-07-23,2023,7,Q3,Incomplete,0,0,1,4,32,300.95,75.24,565,0
2254,Project Management,Alexander Perez,2022-11-20,2022,11,Q4,Failed,0,0,1,4,32,267.76,66.94,609,0
3238,Project Management,Alexander Tanner,2023-02-08,2023,2,Q1,Incomplete,0,0,1,2,16,964.12,482.06,609,0
2881,Leadership Development,Alexandra Andrews,2023-05-18,2023,5,Q2,Incomplete,0,0,1,1,8,624.59,624.59,574,0
3297,Communication Skills,Alexandra Garcia,2023-05-11,2023,5,Q2,Incomplete,0,0,1,1,8,440.54,440.54,673,0
1037,Leadership Development,Alexandra Hall,2022-10-25,2022,10,Q4,Failed,0,0,1,2,16,646.76,323.38,574,0
1599,Leadership Development,Alexandra Lin,2023-05-17,2023,5,Q2,Passed,0,1,1,2,16,848.72,424.36,574,1
1264,Customer Service,Alexandra Riley,2023-05-16,2023,5,Q2,Failed,0,0,1,5,40,509.67,101.93,565,0
2825,Technical Skills,Alexandra Smith,2022-11-02,2022,11,Q4,Completed,1,0,1,2,16,363.8,181.9,579,1
3883,Communication Skills,Alexandria Davis,2023-07-05,2023,7,Q3,Incomplete,0,0,1,2,16,842.6,421.3,673,0
3898,Technical Skills,Alexis Johnson,2022-11-21,2022,11,Q4,Failed,0,0,1,4,32,942.24,235.56,579,0
2585,Customer Service,Alexis Lee,2023-02-18,2023,2,Q1,Incomplete,0,0,1,1,8,909.6,909.6,565,0
1562,Leadership Development,Alexis Ryan,2022-12-24,2022,12,Q4,Passed,0,1,1,2,16,578.66,289.33,574,1
3039,Leadership Development,Alice Mcbride,2023-01-05,2023,1,Q1,Completed,1,0,1,2,16,130.81,65.41,574,1
1261,Project Management,Alicia Dunn,2023-07-26,2023,7,Q3,Incomplete,0,0,1,3,24,613.93,204.64,609,0
1252,Leadership Development,Alicia Moore,2022-11-20,2022,11,Q4,Completed,1,0,1,1,8,314.51,314.51,574,1
1679,Leadership Development,Alicia Reed,2023-03-25,2023,3,Q1,Failed,0,0,1,5,40,213.06,42.61,574,0
1462,Leadership Development,Alisha Petersen,2023-02-02,2023,2,Q1,Completed,1,0,1,4,32,152.66,38.16,574,1
2399,Customer Service,Alisha Wade,2023-03-15,2023,3,Q1,Passed,0,1,1,1,8,329.83,329.83,565,1
2661,Communication Skills,Allen Miller,2023-01-12,2023,1,Q1,Completed,1,0,1,4,32,220.32,55.08,673,1
1560,Technical Skills,Allen Spencer,2023-07-05,2023,7,Q3,Completed,1,0,1,2,16,821.41,410.7,579,1
3233,Communication Skills,Allison Brooks,2022-12-28,2022,12,Q4,Incomplete,0,0,1,2,16,403.42,201.71,673,0
3399,Leadership Development,Allison Brown,2022-12-01,2022,12,Q4,Failed,0,0,1,3,24,898.26,299.42,574,0
2791,Communication Skills,Allison Manning,2023-04-08,2023,4,Q2,Passed,0,1,1,3,24,903.18,301.06,673,1
2725,Technical Skills,Allison Moore,2022-12-29,2022,12,Q4,Incomplete,0,0,1,2,16,354.21,177.1,579,0
2430,Technical Skills,Allison Poole,2023-05-26,2023,5,Q2,Passed,0,1,1,2,16,622.08,311.04,579,1
3231,Customer Service,Alyssa Lowe,2022-10-24,2022,10,Q4,Failed,0,0,1,3,24,668.59,222.86,565,0
2599,Customer Service,Alyssa Mitchell,2023-02-13,2023,2,Q1,Failed,0,0,1,2,16,288.93,144.47,565,0
2857,Customer Service,Alyssa Morrow,2022-12-25,2022,12,Q4,Completed,1,0,1,3,24,229.18,76.39,565,1
3674,Project Management,Alyssa Swanson,2022-11-08,2022,11,Q4,Completed,1,0,1,2,16,223.29,111.64,609,1
1940,Communication Skills,Alyssa White,2023-01-16,2023,1,Q1,Failed,0,0,1,2,16,342.26,171.13,673,0
1290,Leadership Development,Alyssa Williams,2023-05-14,2023,5,Q2,Completed,1,0,1,4,32,140.72,35.18,574,1
2811,Technical Skills,Amanda Andersen,2022-11-04,2022,11,Q4,Completed,1,0,1,3,24,589.88,196.63,579,1
3250,Communication Skills,Amanda Black,2023-02-06,2023,2,Q1,Completed,1,0,1,1,8,232.39,232.39,673,1
3052,Technical Skills,Amanda Bradshaw,2022-10-01,2022,10,Q4,Incomplete,0,0,1,3,24,824.73,274.91,579,0
1354,Communication Skills,Amanda Brooks,2023-08-03,2023,8,Q3,Failed,0,0,1,2,16,983.37,491.69,673,0
3869,Project Management,Amanda Chase,2023-03-19,2023,3,Q1,Completed,1,0,1,2,16,905.51,452.75,609,1
1058,Project Management,Amanda Christian,2023-04-01,2023,4,Q2,Incomplete,0,0,1,1,8,855.67,855.67,609,0
2423,Technical Skills,Amanda Clayton,2023-06-15,2023,6,Q2,Failed,0,0,1,5,40,523.75,104.75,579,0
1001,Customer Service,Amanda Daniels,2022-09-21,2022,9,Q3,Failed,0,0,1,4,32,510.83,127.71,565,0
2679,Communication Skills,Amanda Decker,2022-08-17,2022,8,Q3,Completed,1,0,1,2,16,119.62,59.81,673,1
1542,Leadership Development,Amanda Fowler,2022-10-07,2022,10,Q4,Incomplete,0,0,1,4,32,180.73,45.18,574,0
2785,Technical Skills,Amanda Gardner,2022-11-26,2022,11,Q4,Completed,1,0,1,1,8,925.68,925.68,579,1
3492,Project Management,Amanda Greene,2022-09-06,2022,9,Q3,Incomplete,0,0,1,3,24,327.66,109.22,609,0
2682,Communication Skills,Amanda Huff,2023-05-05,2023,5,Q2,Failed,0,0,1,3,24,238.12,79.37,673,0
1763,Leadership Development,Amanda Hughes,2023-03-02,2023,3,Q1,Completed,1,0,1,2,16,723.9,361.95,574,1
2587,Project Management,Amanda Johnson,2023-01-27,2023,1,Q1,Failed,0,0,1,3,24,583.69,194.56,609,0
2172,Project Management,Amanda Kelly,2023-06-23,2023,6,Q2,Incomplete,0,0,1,2,16,198.08,99.04,609,0
2362,Project Management,Amanda Lee,2023-02-06,2023,2,Q1,Incomplete,0,0,1,3,24,543.65,181.22,609,0.5
2287,Communication Skills,Amanda Lee,2023-03-29,2023,3,Q1,Passed,0,1,1,4,32,560.64,140.16,673,0.5
2216,Customer Service,Amanda Matthews,2022-12-25,2022,12,Q4,Incomplete,0,0,1,4,32,587.29,146.82,565,0
1523,Technical Skills,Amanda Mcbride,2022-12-11,2022,12,Q4,Incomplete,0,0,1,2,16,660.4,330.2,579,0
1071,Communication Skills,Amanda Medina,2023-03-16,2023,3,Q1,Completed,1,0,1,5,40,234.26,46.85,673,1
3783,Technical Skills,Amanda Miller,2023-01-25,2023,1,Q1,Completed,1,0,1,5,40,851.24,170.25,579,1
1768,Leadership Development,Amanda Nelson,2022-09-30,2022,9,Q3,Passed,0,1,1,1,8,999.79,999.79,574,1
3243,Technical Skills,Amanda Olsen,2022-09-20,2022,9,Q3,Completed,1,0,1,1,8,174.03,174.03,579,1
2627,Customer Service,Amanda Owens,2022-08-18,2022,8,Q3,Completed,1,0,1,4,32,862.64,215.66,565,1
1936,Leadership Development,Amanda Randolph,2022-08-21,2022,8,Q3,Failed,0,0,1,5,40,567.55,113.51,574,0
1171,Project Management,Amanda Richardson,2022-09-07,2022,9,Q3,Completed,1,0,1,1,8,294.74,294.74,609,1
3123,Communication Skills,Amanda Sanders,2023-01-01,2023,1,Q1,Failed,0,0,1,4,32,479,119.75,673,0
2823,Communication Skills,Amanda White,2022-09-04,2022,9,Q3,Incomplete,0,0,1,2,16,196.27,98.14,673,0
2843,Leadership Development,Amanda Woodard,2022-10-01,2022,10,Q4,Completed,1,0,1,2,16,102.16,51.08,574,1
2835,Customer Service,Amber Berry,2022-11-22,2022,11,Q4,Completed,1,0,1,4,32,939.72,234.93,565,1
1275,Communication Skills,Amber Church,2023-06-13,2023,6,Q2,Incomplete,0,0,1,3,24,288.88,96.29,673,0
1192,Leadership Development,Amber Gonzalez,2022-10-11,2022,10,Q4,Passed,0,1,1,4,32,111.94,27.98,574,1
1132,Communication Skills,Amber Harris MD,2022-09-27,2022,9,Q3,Passed,0,1,1,4,32,475.91,118.98,673,1
3641,Leadership Development,Amber Nelson,2023-07-28,2023,7,Q3,Passed,0,1,1,3,24,831.52,277.17,574,1
2427,Communication Skills,Amber Peterson,2023-01-27,2023,1,Q1,Passed,0,1,1,2,16,528.76,264.38,673,1
3255,Leadership Development,Amber Pope,2022-08-07,2022,8,Q3,Incomplete,0,0,1,3,24,975.75,325.25,574,0
1106,Project Management,Amber Taylor,2022-10-31,2022,10,Q4,Completed,1,0,1,1,8,742.55,742.55,609,1
2524,Leadership Development,Amber Vasquez,2022-10-15,2022,10,Q4,Incomplete,0,0,1,1,8,569.5,569.5,574,0
2948,Technical Skills,Amber Vazquez,2022-11-01,2022,11,Q4,Failed,0,0,1,1,8,482.47,482.47,579,0
1634,Communication Skills,Amber Waters,2023-03-26,2023,3,Q1,Failed,0,0,1,3,24,895.42,298.47,673,0
3239,Leadership Development,Amber Williams,2022-10-15,2022,10,Q4,Passed,0,1,1,1,8,818.77,818.77,574,1
3579,Communication Skills,Amber Wright,2023-04-27,2023,4,Q2,Failed,0,0,1,2,16,199.82,99.91,673,0
1193,Technical Skills,Amy Bush,2023-05-05,2023,5,Q2,Failed,0,0,1,1,8,231.96,231.96,579,0
3498,Project Management,Amy Clark,2023-05-30,2023,5,Q2,Failed,0,0,1,1,8,208.43,208.43,609,0
2983,Project Management,Amy Davis,2023-06-25,2023,6,Q2,Passed,0,1,1,4,32,267.6,66.9,609,1
1372,Customer Service,Amy Fowler,2023-06-03,2023,6,Q2,Passed,0,1,1,1,8,475.32,475.32,565,1
3884,Customer Service,Amy Garcia,2022-09-17,2022,9,Q3,Passed,0,1,1,1,8,789.88,789.88,565,1
3891,Leadership Development,Amy Gomez,2023-04-08,2023,4,Q2,Passed,0,1,1,5,40,774.74,154.95,574,1
3591,Customer Service,Amy Murray,2023-03-01,2023,3,Q1,Failed,0,0,1,1,8,247.01,247.01,565,0
2119,Technical Skills,Amy Zimmerman,2023-07-15,2023,7,Q3,Passed,0,1,1,5,40,803.08,160.62,579,1
2549,Project Management,Ana Lane,2022-12-18,2022,12,Q4,Passed,0,1,1,2,16,399.97,199.99,609,1
3998,Customer Service,Andre Donaldson,2022-09-26,2022,9,Q3,Completed,1,0,1,1,8,994.09,994.09,565,1
3607,Customer Service,Andre Maxwell,2023-05-04,2023,5,Q2,Passed,0,1,1,4,32,321.91,80.48,565,1
3445,Project Management,Andre Wu,2023-07-14,2023,7,Q3,Completed,1,0,1,2,16,879.64,439.82,609,1
1748,Leadership Development,Andrea Ball,2023-03-26,2023,3,Q1,Failed,0,0,1,5,40,433.03,86.61,574,0
2749,Customer Service,Andrea Barker,2022-11-19,2022,11,Q4,Failed,0,0,1,5,40,149.65,29.93,565,0
2202,Customer Service,Andrea Beck,2022-09-08,2022,9,Q3,Completed,1,0,1,4,32,606.57,151.64,565,1
1422,Technical Skills,Andrea Cervantes,2023-04-13,2023,4,Q2,Failed,0,0,1,3,24,585.66,195.22,579,0
2827,Leadership Development,Andrea Daugherty,2022-09-07,2022,9,Q3,Incomplete,0,0,1,1,8,629.85,629.85,574,0
2910,Technical Skills,Andrea Gould,2022-09-19,2022,9,Q3,Incomplete,0,0,1,1,8,763.78,763.78,579,0
3703,Communication Skills,Andrea Jones,2022-12-27,2022,12,Q4,Completed,1,0,1,3,24,121.45,40.48,673,1
2542,Communication Skills,Andrea Lopez,2022-08-21,2022,8,Q3,Completed,1,0,1,5,40,605.99,121.2,673,1
1723,Technical Skills,Andrea Lopez,2022-09-25,2022,9,Q3,Passed,0,1,1,5,40,942.63,188.53,579,1
2215,Customer Service,Andrea Rodriguez,2022-09-30,2022,9,Q3,Failed,0,0,1,3,24,227,75.67,565,0
2262,Communication Skills,Andrea Scott,2023-05-29,2023,5,Q2,Incomplete,0,0,1,3,24,122.43,40.81,673,0
2745,Technical Skills,Andres Thomas,2022-10-12,2022,10,Q4,Failed,0,0,1,3,24,542.56,180.85,579,0
2030,Communication Skills,Andrew Burton,2023-07-28,2023,7,Q3,Incomplete,0,0,1,4,32,349.75,87.44,673,0
2912,Communication Skills,Andrew Garcia,2023-01-11,2023,1,Q1,Completed,1,0,1,2,16,990.45,495.23,673,1
1872,Leadership Development,Andrew Griffin,2023-07-04,2023,7,Q3,Incomplete,0,0,1,4,32,299.55,74.89,574,0
1855,Technical Skills,Andrew Gross,2022-08-30,2022,8,Q3,Incomplete,0,0,1,2,16,648.72,324.36,579,0
3727,Project Management,Andrew Hansen,2023-05-02,2023,5,Q2,Incomplete,0,0,1,5,40,693.8,138.76,609,0
2832,Customer Service,Andrew Harvey,2022-12-23,2022,12,Q4,Incomplete,0,0,1,1,8,545.87,545.87,565,0
3700,Project Management,Andrew Haynes,2023-02-25,2023,2,Q1,Failed,0,0,1,4,32,667.34,166.84,609,0
1436,Technical Skills,Andrew Hendricks,2022-08-26,2022,8,Q3,Incomplete,0,0,1,1,8,298.3,298.3,579,0
1146,Technical Skills,Andrew Hendricks,2023-06-28,2023,6,Q2,Failed,0,0,1,3,24,894.88,298.29,579,0
1057,Project Management,Andrew Herrera,2022-10-23,2022,10,Q4,Failed,0,0,1,4,32,649.23,162.31,609,0
2579,Project Management,Andrew Hughes,2022-10-02,2022,10,Q4,Incomplete,0,0,1,4,32,941.61,235.4,609,0
1997,Project Management,Andrew Jones,2023-04-29,2023,4,Q2,Failed,0,0,1,4,32,819.65,204.91,609,0
1135,Project Management,Andrew Jordan,2023-03-22,2023,3,Q1,Passed,0,1,1,2,16,524.23,262.12,609,1
2044,Customer Service,Andrew Lee,2023-08-05,2023,8,Q3,Passed,0,1,1,5,40,570.91,114.18,565,1
2711,Leadership Development,Andrew Maldonado,2022-09-13,2022,9,Q3,Completed,1,0,1,1,8,408.39,408.39,574,1
2491,Customer Service,Andrew Perkins,2023-06-27,2023,6,Q2,Incomplete,0,0,1,5,40,721.79,144.36,565,0
2496,Technical Skills,Andrew Phillips,2023-02-12,2023,2,Q1,Passed,0,1,1,3,24,647.25,215.75,579,1
3847,Technical Skills,Andrew Powers,2023-03-28,2023,3,Q1,Completed,1,0,1,4,32,130.59,32.65,579,1
2580,Communication Skills,Andrew Prince,2023-03-07,2023,3,Q1,Incomplete,0,0,1,1,8,227.13,227.13,673,0
1893,Leadership Development,Andrew Rivera,2022-09-28,2022,9,Q3,Completed,1,0,1,1,8,604.53,604.53,574,1
3828,Leadership Development,Andrew Sanders,2023-06-13,2023,6,Q2,Failed,0,0,1,2,16,984.63,492.31,574,0
1419,Leadership Development,Andrew Schwartz,2023-04-13,2023,4,Q2,Passed,0,1,1,1,8,108.04,108.04,574,1
1837,Project Management,Andrew Velazquez,2023-07-25,2023,7,Q3,Incomplete,0,0,1,5,40,567.74,113.55,609,0
2465,Project Management,Andrew Wheeler,2023-07-22,2023,7,Q3,Incomplete,0,0,1,3,24,475.26,158.42,609,0
2293,Project Management,Andrew Wright,2023-04-17,2023,4,Q2,Failed,0,0,1,1,8,510.67,510.67,609,0
1170,Communication Skills,Andrew Wright,2023-08-04,2023,8,Q3,Incomplete,0,0,1,1,8,179.85,179.85,673,0
2933,Communication Skills,Angel Burgess,2023-07-02,2023,7,Q3,Incomplete,0,0,1,3,24,933.67,311.22,673,0
3879,Project Management,Angel Mckinney,2023-04-11,2023,4,Q2,Incomplete,0,0,1,2,16,613.95,306.98,609,0
3851,Project Management,Angel Morales,2023-01-21,2023,1,Q1,Failed,0,0,1,3,24,982.51,327.5,609,0
2295,Communication Skills,Angela Carter,2022-11-12,2022,11,Q4,Passed,0,1,1,5,40,448.38,89.68,673,1
3792,Project Management,Angela Castillo,2022-09-09,2022,9,Q3,Passed,0,1,1,1,8,385.62,385.62,609,1
3364,Leadership Development,Angela Clark,2022-12-01,2022,12,Q4,Completed,1,0,1,1,8,205.35,205.35,574,1
1082,Customer Service,Angela Colon,2023-04-22,2023,4,Q2,Incomplete,0,0,1,5,40,662.15,132.43,565,0
3642,Communication Skills,Angela Garcia,2022-11-20,2022,11,Q4,Completed,1,0,1,1,8,234.74,234.74,673,1
1023,Project Management,Angela Good,2022-10-19,2022,10,Q4,Failed,0,0,1,4,32,893.07,223.27,609,0
1189,Communication Skills,Angela Hammond,2022-09-20,2022,9,Q3,Completed,1,0,1,1,8,202.74,202.74,673,1
3499,Technical Skills,Angela Lee,2023-01-30,2023,1,Q1,Incomplete,0,0,1,2,16,762.45,381.23,579,0
1650,Leadership Development,Angela Lewis,2022-10-08,2022,10,Q4,Completed,1,0,1,3,24,727.36,242.45,574,1
2438,Customer Service,Angela Lindsey,2022-11-14,2022,11,Q4,Failed,0,0,1,1,8,101.26,101.26,565,0
3331,Communication Skills,Angela Mitchell,2022-08-11,2022,8,Q3,Passed,0,1,1,2,16,242.55,121.28,673,1
1229,Customer Service,Angela Moore,2023-01-11,2023,1,Q1,Failed,0,0,1,1,8,173.66,173.66,565,0
3278,Leadership Development,Angela Murphy,2023-03-15,2023,3,Q1,Failed,0,0,1,3,24,855.9,285.3,574,0
1495,Customer Service,Angela Norman,2023-02-25,2023,2,Q1,Completed,1,0,1,4,32,993.66,248.41,565,1
1445,Communication Skills,Angela Perez MD,2023-07-20,2023,7,Q3,Passed,0,1,1,5,40,458.8,91.76,673,1
3595,Technical Skills,Angela Sanchez,2023-02-21,2023,2,Q1,Passed,0,1,1,2,16,252.88,126.44,579,1
2705,Communication Skills,Angela Simmons,2023-05-24,2023,5,Q2,Incomplete,0,0,1,1,8,826.31,826.31,673,0
2416,Communication Skills,Angela Wolf,2023-05-06,2023,5,Q2,Failed,0,0,1,2,16,344.8,172.4,673,0
2911,Technical Skills,Angelica Franco,2023-03-28,2023,3,Q1,Passed,0,1,1,1,8,292.36,292.36,579,1
3867,Communication Skills,Angie Romero DDS,2022-09-07,2022,9,Q3,Failed,0,0,1,4,32,540.57,135.14,673,0
2452,Communication Skills,Anita Dixon,2023-06-29,2023,6,Q2,Incomplete,0,0,1,3,24,241.25,80.42,673,0
2962,Customer Service,Anita Ray,2022-08-28,2022,8,Q3,Failed,0,0,1,2,16,198.55,99.28,565,0
1470,Communication Skills,Anita Wright,2023-04-17,2023,4,Q2,Failed,0,0,1,5,40,502.65,100.53,673,0
2779,Leadership Development,Ann Stevens,2023-02-13,2023,2,Q1,Completed,1,0,1,3,24,330.68,110.23,574,1
1630,Customer Service,Ann Wright,2023-03-26,2023,3,Q1,Incomplete,0,0,1,4,32,779.26,194.81,565,0
2271,Customer Service,Anna Barnett,2023-02-02,2023,2,Q1,Failed,0,0,1,4,32,632.57,158.14,565,0
1531,Leadership Development,Anna Brooks,2023-07-18,2023,7,Q3,Passed,0,1,1,4,32,404.06,101.02,574,1
3269,Customer Service,Anna Clark,2023-04-11,2023,4,Q2,Passed,0,1,1,1,8,322.45,322.45,565,1
1377,Communication Skills,Anna Dennis,2023-06-20,2023,6,Q2,Completed,1,0,1,2,16,909.56,454.78,673,1
3768,Leadership Development,Anna Everett,2023-01-04,2023,1,Q1,Completed,1,0,1,3,24,145.76,48.59,574,1
1250,Communication Skills,Anna Floyd,2023-04-28,2023,4,Q2,Incomplete,0,0,1,3,24,366.78,122.26,673,0
3375,Technical Skills,Anna Franklin,2023-06-30,2023,6,Q2,Failed,0,0,1,1,8,655.61,655.61,579,0
1764,Communication Skills,Anna Mitchell,2023-05-07,2023,5,Q2,Passed,0,1,1,1,8,834.44,834.44,673,1
1055,Customer Service,Anna Petty,2022-11-15,2022,11,Q4,Passed,0,1,1,2,16,125.7,62.85,565,1
3295,Leadership Development,Anna Raymond,2022-10-04,2022,10,Q4,Passed,0,1,1,4,32,286.88,71.72,574,1
1935,Customer Service,Anna Stafford,2022-09-16,2022,9,Q3,Completed,1,0,1,2,16,505.4,252.7,565,1
1164,Technical Skills,Anne Goodman,2023-03-01,2023,3,Q1,Incomplete,0,0,1,3,24,315.09,105.03,579,0
1717,Customer Service,Anne Holt,2022-11-05,2022,11,Q4,Incomplete,0,0,1,1,8,381.33,381.33,565,0
1894,Technical Skills,Annette Pace,2023-05-29,2023,5,Q2,Failed,0,0,1,2,16,144.39,72.19,579,0
2801,Leadership Development,Annette Thomas,2023-06-14,2023,6,Q2,Incomplete,0,0,1,4,32,449.65,112.41,574,0
3965,Technical Skills,Anthony Austin MD,2023-06-20,2023,6,Q2,Completed,1,0,1,4,32,198.58,49.65,579,1
1390,Communication Skills,Anthony Burns,2023-03-03,2023,3,Q1,Completed,1,0,1,3,24,512.53,170.84,673,1
3329,Customer Service,Anthony Burton,2022-12-21,2022,12,Q4,Incomplete,0,0,1,3,24,845.51,281.84,565,0
1912,Leadership Development,Anthony Cannon,2023-03-26,2023,3,Q1,Completed,1,0,1,1,8,718.38,718.38,574,1
1392,Leadership Development,Anthony Hodges,2023-04-20,2023,4,Q2,Completed,1,0,1,3,24,578.62,192.87,574,1
2777,Communication Skills,Anthony Holland,2023-07-25,2023,7,Q3,Failed,0,0,1,2,16,458.37,229.19,673,0
1601,Technical Skills,Anthony King,2023-05-20,2023,5,Q2,Incomplete,0,0,1,4,32,381.09,95.27,579,0
3568,Project Management,Anthony Nixon,2022-08-23,2022,8,Q3,Incomplete,0,0,1,2,16,201.76,100.88,609,0
2891,Technical Skills,Anthony Obrien,2022-12-31,2022,12,Q4,Incomplete,0,0,1,4,32,767.51,191.88,579,0
3947,Project Management,Anthony Proctor,2023-01-14,2023,1,Q1,Failed,0,0,1,3,24,456.02,152.01,609,0
1990,Leadership Development,Anthony Silva,2022-09-18,2022,9,Q3,Incomplete,0,0,1,1,8,332.51,332.51,574,0
3900,Technical Skills,Anthony Smith,2023-05-02,2023,5,Q2,Passed,0,1,1,5,40,143.21,28.64,579,1
3056,Communication Skills,Anthony Stanton,2023-06-20,2023,6,Q2,Passed,0,1,1,1,8,535.51,535.51,673,1
1906,Project Management,Anthony Turner,2023-03-05,2023,3,Q1,Passed,0,1,1,5,40,228.41,45.68,609,1
2263,Project Management,Anthony Wyatt,2022-10-05,2022,10,Q4,Incomplete,0,0,1,5,40,662.94,132.59,609,0
2735,Leadership Development,Anthony Young,2022-11-12,2022,11,Q4,Incomplete,0,0,1,1,8,519.23,519.23,574,0
1793,Communication Skills,Antonio Baker,2023-02-28,2023,2,Q1,Passed,0,1,1,1,8,943.91,943.91,673,1
3311,Communication Skills,Antonio Cox,2022-12-10,2022,12,Q4,Passed,0,1,1,3,24,773.82,257.94,673,1
2807,Customer Service,Antonio Kidd,2023-04-16,2023,4,Q2,Passed,0,1,1,4,32,977.46,244.37,565,1
2935,Communication Skills,April Brown,2023-07-25,2023,7,Q3,Passed,0,1,1,4,32,395.52,98.88,673,1
2610,Customer Service,April Harris,2023-06-25,2023,6,Q2,Passed,0,1,1,5,40,184.63,36.93,565,1
3409,Technical Skills,April Howell,2023-07-27,2023,7,Q3,Failed,0,0,1,2,16,575.11,287.56,579,0
2588,Communication Skills,April Montes,2023-07-09,2023,7,Q3,Passed,0,1,1,3,24,856.44,285.48,673,1
1807,Technical Skills,April Nelson,2023-03-07,2023,3,Q1,Incomplete,0,0,1,5,40,794.61,158.92,579,0
3676,Customer Service,April Parrish,2023-02-10,2023,2,Q1,Failed,0,0,1,5,40,113.48,22.7,565,0
2792,Technical Skills,April Peterson,2023-05-21,2023,5,Q2,Passed,0,1,1,2,16,607.81,303.9,579,1
3567,Customer Service,April Wilson,2023-06-09,2023,6,Q2,Completed,1,0,1,5,40,764.51,152.9,565,1
2248,Leadership Development,Ariana Anderson,2023-03-29,2023,3,Q1,Incomplete,0,0,1,2,16,571.12,285.56,574,0
3922,Communication Skills,Ariel Brown,2023-03-18,2023,3,Q1,Incomplete,0,0,1,1,8,629.74,629.74,673,0.5
1304,Communication Skills,Ariel Brown,2023-01-16,2023,1,Q1,Completed,1,0,1,3,24,405.08,135.03,673,0.5
3327,Customer Service,Ariel Hicks,2023-06-04,2023,6,Q2,Incomplete,0,0,1,3,24,454.55,151.52,565,0
2440,Communication Skills,Arthur Morales,2022-11-24,2022,11,Q4,Failed,0,0,1,4,32,809.02,202.25,673,0
3002,Leadership Development,Arthur Parker MD,2023-02-05,2023,2,Q1,Passed,0,1,1,4,32,247.81,61.95,574,1
2034,Technical Skills,Arthur Soto,2023-01-20,2023,1,Q1,Passed,0,1,1,1,8,632.33,632.33,579,1
1784,Communication Skills,Ashlee Conley,2022-11-17,2022,11,Q4,Passed,0,1,1,2,16,242.18,121.09,673,1
2987,Leadership Development,Ashley Allen,2023-01-20,2023,1,Q1,Failed,0,0,1,4,32,133.4,33.35,574,0
3619,Project Management,Ashley Ball,2022-11-10,2022,11,Q4,Passed,0,1,1,2,16,656.68,328.34,609,1
1579,Communication Skills,Ashley Brown,2022-10-20,2022,10,Q4,Passed,0,1,1,5,40,322.3,64.46,673,1
1503,Communication Skills,Ashley Carter,2022-12-09,2022,12,Q4,Failed,0,0,1,3,24,574.9,191.63,673,0
3508,Communication Skills,Ashley Contreras,2023-04-04,2023,4,Q2,Completed,1,0,1,1,8,568.22,568.22,673,1
2006,Communication Skills,Ashley Edwards,2022-12-22,2022,12,Q4,Completed,1,0,1,2,16,892.65,446.32,673,1
1074,Project Management,Ashley Garrett,2023-07-07,2023,7,Q3,Passed,0,1,1,5,40,103.42,20.68,609,1
1031,Communication Skills,Ashley Gonzalez,2022-12-26,2022,12,Q4,Failed,0,0,1,1,8,833.28,833.28,673,0
2996,Technical Skills,Ashley Gray,2022-09-30,2022,9,Q3,Passed,0,1,1,2,16,727.12,363.56,579,1
2977,Project Management,Ashley Holmes,2023-04-01,2023,4,Q2,Passed,0,1,1,4,32,640.05,160.01,609,1
1117,Communication Skills,Ashley Jensen,2023-01-12,2023,1,Q1,Completed,1,0,1,4,32,271.68,67.92,673,1
2989,Communication Skills,Ashley Jones,2022-11-24,2022,11,Q4,Failed,0,0,1,3,24,272.76,90.92,673,0
1961,Customer Service,Ashley Meyer,2023-04-25,2023,4,Q2,Failed,0,0,1,1,8,767.22,767.22,565,0
1374,Customer Service,Ashley Miller,2022-10-08,2022,10,Q4,Completed,1,0,1,1,8,983.35,983.35,565,1
3810,Communication Skills,Ashley Price,2022-12-21,2022,12,Q4,Completed,1,0,1,3,24,189.7,63.23,673,1
1500,Technical Skills,Ashley Robbins DDS,2023-01-12,2023,1,Q1,Passed,0,1,1,2,16,916.73,458.37,579,1
1782,Communication Skills,Ashley Rodriguez,2022-12-21,2022,12,Q4,Passed,0,1,1,3,24,560.35,186.78,673,1
2316,Communication Skills,Ashley Solis,2023-05-23,2023,5,Q2,Failed,0,0,1,1,8,731.84,731.84,673,0
2474,Project Management,Ashley Stephens,2022-11-18,2022,11,Q4,Completed,1,0,1,5,40,543.64,108.73,609,1
1068,Communication Skills,Ashley Wright,2022-11-06,2022,11,Q4,Completed,1,0,1,1,8,238.27,238.27,673,1
3984,Communication Skills,Audrey Gray,2022-08-07,2022,8,Q3,Incomplete,0,0,1,1,8,202.91,202.91,673,0
3194,Leadership Development,Audrey Stanley,2023-01-23,2023,1,Q1,Passed,0,1,1,5,40,143.28,28.66,574,1
2055,Technical Skills,Austin Carlson,2022-11-08,2022,11,Q4,Passed,0,1,1,2,16,805.7,402.85,579,1
1168,Project Management,Austin Gonzalez,2022-09-02,2022,9,Q3,Failed,0,0,1,1,8,370.64,370.64,609,0
3687,Customer Service,Austin Maynard,2022-12-26,2022,12,Q4,Incomplete,0,0,1,3,24,614.53,204.84,565,0
2852,Communication Skills,Austin Moss,2023-06-23,2023,6,Q2,Incomplete,0,0,1,3,24,820.39,273.46,673,0
2952,Communication Skills,Austin Reeves,2023-05-08,2023,5,Q2,Completed,1,0,1,3,24,149.09,49.7,673,1
3835,Customer Service,Austin Todd,2022-11-05,2022,11,Q4,Failed,0,0,1,3,24,439.63,146.54,565,0
1195,Technical Skills,Autumn Harris,2023-07-06,2023,7,Q3,Failed,0,0,1,3,24,638.7,212.9,579,0
3404,Customer Service,Autumn Mcneil,2023-04-10,2023,4,Q2,Incomplete,0,0,1,4,32,518.46,129.62,565,0
2260,Customer Service,Autumn Stephenson,2022-08-23,2022,8,Q3,Incomplete,0,0,1,2,16,377.64,188.82,565,0
1757,Technical Skills,Barbara Cochran,2022-12-31,2022,12,Q4,Incomplete,0,0,1,5,40,305.05,61.01,579,0
2446,Communication Skills,Barbara Mitchell,2023-06-19,2023,6,Q2,Passed,0,1,1,1,8,129.32,129.32,673,1
2069,Communication Skills,Barbara Moore,2023-05-10,2023,5,Q2,Incomplete,0,0,1,3,24,685.62,228.54,673,0
1792,Technical Skills,Barbara Parker,2022-11-29,2022,11,Q4,Completed,1,0,1,1,8,412.58,412.58,579,1
3911,Customer Service,Barbara Stevenson,2022-09-09,2022,9,Q3,Failed,0,0,1,5,40,395.22,79.04,565,0
2693,Project Management,Barbara Thomas,2023-05-16,2023,5,Q2,Failed,0,0,1,2,16,175.75,87.88,609,0
3968,Technical Skills,Barry Sullivan,2022-12-02,2022,12,Q4,Completed,1,0,1,3,24,891.63,297.21,579,1
2842,Project Management,Becky Curtis,2022-12-22,2022,12,Q4,Failed,0,0,1,4,32,577.78,144.44,609,0
1076,Technical Skills,Becky Hebert,2022-11-07,2022,11,Q4,Incomplete,0,0,1,4,32,619.61,154.9,579,0
3287,Project Management,Becky James,2022-08-18,2022,8,Q3,Incomplete,0,0,1,3,24,997.37,332.46,609,0
1327,Leadership Development,Belinda Gonzalez,2023-07-02,2023,7,Q3,Passed,0,1,1,3,24,609.01,203,574,1
1985,Communication Skills,Benjamin Arnold,2022-09-28,2022,9,Q3,Incomplete,0,0,1,3,24,474.95,158.32,673,0
1131,Customer Service,Benjamin Briggs,2023-03-31,2023,3,Q1,Incomplete,0,0,1,2,16,943.05,471.52,565,0
3381,Customer Service,Benjamin Cooley,2022-08-30,2022,8,Q3,Incomplete,0,0,1,4,32,604.06,151.01,565,0
3028,Communication Skills,Benjamin Mathews,2022-10-20,2022,10,Q4,Completed,1,0,1,4,32,690.29,172.57,673,1
1946,Customer Service,Benjamin Mcdonald,2022-08-30,2022,8,Q3,Completed,1,0,1,1,8,967.18,967.18,565,1
3276,Project Management,Benjamin Pittman,2022-08-15,2022,8,Q3,Completed,1,0,1,3,24,826.54,275.51,609,1
2640,Project Management,Benjamin Rogers,2023-02-20,2023,2,Q1,Failed,0,0,1,4,32,237.14,59.28,609,0
2380,Customer Service,Benjamin Taylor,2022-11-03,2022,11,Q4,Completed,1,0,1,5,40,910.96,182.19,565,1
2150,Project Management,Benjamin Thompson,2023-08-03,2023,8,Q3,Incomplete,0,0,1,3,24,794.12,264.71,609,0
2148,Communication Skills,Benjamin Wilson,2023-04-16,2023,4,Q2,Passed,0,1,1,1,8,409.66,409.66,673,1
2335,Communication Skills,Beth Ellis,2022-09-01,2022,9,Q3,Completed,1,0,1,4,32,957.24,239.31,673,1
2921,Customer Service,Beth Fields,2023-01-11,2023,1,Q1,Incomplete,0,0,1,1,8,465.54,465.54,565,0
3881,Project Management,Beth Hughes,2022-10-25,2022,10,Q4,Failed,0,0,1,3,24,170.61,56.87,609,0
3249,Communication Skills,Beth Kennedy,2023-03-08,2023,3,Q1,Failed,0,0,1,4,32,875.83,218.96,673,0
3259,Project Management,Beth Lopez,2023-01-11,2023,1,Q1,Failed,0,0,1,5,40,577.84,115.57,609,0
2847,Customer Service,Beth Ryan,2023-07-16,2023,7,Q3,Completed,1,0,1,3,24,762.23,254.08,565,1
1228,Technical Skills,Bethany Willis,2022-10-05,2022,10,Q4,Failed,0,0,1,5,40,525.69,105.14,579,0
2200,Project Management,Betty Cox,2023-03-29,2023,3,Q1,Incomplete,0,0,1,2,16,910.99,455.5,609,0
3665,Project Management,Betty Kelley,2023-01-09,2023,1,Q1,Passed,0,1,1,3,24,752.33,250.78,609,1
3451,Technical Skills,Betty Williams,2023-03-22,2023,3,Q1,Completed,1,0,1,1,8,921.97,921.97,579,1
3760,Technical Skills,Billy Baker,2022-11-28,2022,11,Q4,Passed,0,1,1,1,8,680.48,680.48,579,1
2192,Leadership Development,Billy Kelly,2022-10-02,2022,10,Q4,Completed,1,0,1,4,32,866.14,216.53,574,1
1583,Leadership Development,Blake Miller,2023-06-18,2023,6,Q2,Failed,0,0,1,3,24,184.66,61.55,574,0
2844,Leadership Development,Bobby Knight,2022-08-28,2022,8,Q3,Passed,0,1,1,5,40,336.98,67.4,574,1
2330,Customer Service,Bobby Poole,2023-03-21,2023,3,Q1,Passed,0,1,1,2,16,942.81,471.4,565,1
1214,Customer Service,Bobby Stuart,2023-04-02,2023,4,Q2,Completed,1,0,1,3,24,145.13,48.38,565,1
2223,Communication Skills,Bonnie King,2023-04-07,2023,4,Q2,Completed,1,0,1,2,16,905.55,452.77,673,1
1493,Communication Skills,Bonnie Ross,2022-10-09,2022,10,Q4,Incomplete,0,0,1,3,24,793.43,264.48,673,0
3892,Technical Skills,Brad Hogan,2022-10-10,2022,10,Q4,Completed,1,0,1,5,40,894.59,178.92,579,1
1612,Technical Skills,Brad King,2023-01-25,2023,1,Q1,Incomplete,0,0,1,4,32,522.79,130.7,579,0
1814,Customer Service,Brad Williams,2023-06-04,2023,6,Q2,Failed,0,0,1,3,24,532.3,177.43,565,0
2161,Communication Skills,Bradley Ferguson,2022-09-29,2022,9,Q3,Completed,1,0,1,1,8,443.04,443.04,673,1
3323,Communication Skills,Bradley Garcia,2022-09-27,2022,9,Q3,Incomplete,0,0,1,5,40,967.51,193.5,673,0
2562,Customer Service,Bradley Maldonado,2023-07-09,2023,7,Q3,Failed,0,0,1,1,8,657.23,657.23,565,0
3825,Leadership Development,Bradley Norris,2022-09-24,2022,9,Q3,Completed,1,0,1,1,8,728.77,728.77,574,1
1085,Customer Service,Bradley Petersen,2022-11-01,2022,11,Q4,Passed,0,1,1,5,40,993.13,198.63,565,1
3941,Project Management,Bradley Taylor,2022-09-13,2022,9,Q3,Incomplete,0,0,1,5,40,756.43,151.29,609,0
1658,Project Management,Bradley Walker,2023-06-06,2023,6,Q2,Failed,0,0,1,4,32,474.23,118.56,609,0
1641,Project Management,Bradley Warner,2022-12-22,2022,12,Q4,Passed,0,1,1,5,40,879.86,175.97,609,1
3572,Leadership Development,Brady Newton,2023-05-19,2023,5,Q2,Failed,0,0,1,5,40,569.17,113.83,574,0
3917,Project Management,Brandi Clark,2023-03-28,2023,3,Q1,Failed,0,0,1,3,24,328.89,109.63,609,0
3004,Technical Skills,Brandi Perez,2023-03-07,2023,3,Q1,Incomplete,0,0,1,1,8,183.63,183.63,579,0
1069,Communication Skills,Brandi Petersen,2022-08-22,2022,8,Q3,Failed,0,0,1,5,40,886.06,177.21,673,0
1578,Technical Skills,Brandon Booker,2022-12-29,2022,12,Q4,Incomplete,0,0,1,1,8,856.71,856.71,579,0
1417,Project Management,Brandon Braun,2023-01-05,2023,1,Q1,Passed,0,1,1,1,8,643.82,643.82,609,1
3882,Customer Service,Brandon Brown,2023-06-02,2023,6,Q2,Completed,1,0,1,2,16,654.09,327.05,565,1
2939,Project Management,Brandon Collins,2022-09-06,2022,9,Q3,Completed,1,0,1,3,24,285.5,95.17,609,1
3003,Technical Skills,Brandon Cook,2022-11-16,2022,11,Q4,Passed,0,1,1,4,32,144.84,36.21,579,1
3677,Leadership Development,Brandon Cunningham,2022-10-05,2022,10,Q4,Incomplete,0,0,1,4,32,882.2,220.55,574,0
1785,Project Management,Brandon Fox,2023-01-07,2023,1,Q1,Failed,0,0,1,5,40,104.95,20.99,609,0
2840,Customer Service,Brandon Fuller,2022-10-04,2022,10,Q4,Incomplete,0,0,1,3,24,360.08,120.03,565,0
1674,Customer Service,Brandon Lee,2022-11-22,2022,11,Q4,Passed,0,1,1,1,8,293.55,293.55,565,1
2603,Communication Skills,Brandon Mccarty,2022-10-20,2022,10,Q4,Passed,0,1,1,5,40,605.84,121.17,673,1
3084,Customer Service,Brandon Wilson,2023-03-14,2023,3,Q1,Completed,1,0,1,5,40,109.14,21.83,565,1
1439,Communication Skills,Brandy Allison,2023-06-20,2023,6,Q2,Completed,1,0,1,4,32,764.43,191.11,673,1
1780,Technical Skills,Brandy Conway,2023-03-25,2023,3,Q1,Passed,0,1,1,2,16,663.72,331.86,579,1
3736,Project Management,Brandy Drake,2022-10-25,2022,10,Q4,Incomplete,0,0,1,2,16,119.82,59.91,609,0
2918,Project Management,Brandy Greene,2022-08-28,2022,8,Q3,Failed,0,0,1,1,8,333.03,333.03,609,0
3156,Communication Skills,Brandy Martin,2023-04-02,2023,4,Q2,Failed,0,0,1,4,32,171.46,42.87,673,0
3183,Customer Service,Brandy Young,2023-07-28,2023,7,Q3,Completed,1,0,1,1,8,205.22,205.22,565,1
2412,Project Management,Breanna Gonzalez,2023-01-21,2023,1,Q1,Passed,0,1,1,5,40,859,171.8,609,1
3044,Leadership Development,Breanna Williams,2022-12-20,2022,12,Q4,Passed,0,1,1,2,16,643.75,321.88,574,1
1115,Customer Service,Brenda Martinez,2023-05-19,2023,5,Q2,Incomplete,0,0,1,4,32,881.71,220.43,565,0
2261,Project Management,Brenda Nguyen,2023-06-04,2023,6,Q2,Failed,0,0,1,3,24,647.41,215.8,609,0
1984,Leadership Development,Brenda Rice,2022-08-18,2022,8,Q3,Failed,0,0,1,4,32,983.02,245.75,574,0
1627,Project Management,Brenda Richardson,2022-12-05,2022,12,Q4,Completed,1,0,1,5,40,943.93,188.79,609,1
2600,Project Management,Brenda Rodriguez,2023-05-14,2023,5,Q2,Completed,1,0,1,3,24,637.45,212.48,609,1
3071,Project Management,Brenda Smith,2023-05-30,2023,5,Q2,Incomplete,0,0,1,4,32,647.01,161.75,609,0
1681,Customer Service,Brenda Tyler,2022-12-20,2022,12,Q4,Failed,0,0,1,1,8,113.42,113.42,565,0
2181,Communication Skills,Brendan Francis,2023-06-28,2023,6,Q2,Incomplete,0,0,1,2,16,542.94,271.47,673,0
1111,Project Management,Brendan Holmes,2022-12-05,2022,12,Q4,Failed,0,0,1,5,40,786.57,157.31,609,0
3190,Leadership Development,Brendan Nelson,2023-07-13,2023,7,Q3,Passed,0,1,1,3,24,911.6,303.87,574,1
1530,Project Management,Brendan Robles,2023-06-06,2023,6,Q2,Passed,0,1,1,4,32,261.13,65.28,609,1
2859,Technical Skills,Brett Hernandez,2022-09-23,2022,9,Q3,Completed,1,0,1,1,8,798.08,798.08,579,1
1753,Customer Service,Brett Ortiz,2023-03-18,2023,3,Q1,Completed,1,0,1,1,8,711.71,711.71,565,1
3543,Communication Skills,Brett Turner IV,2023-05-21,2023,5,Q2,Passed,0,1,1,4,32,171.03,42.76,673,1
3885,Communication Skills,Brian Brown,2022-08-19,2022,8,Q3,Failed,0,0,1,2,16,324.81,162.41,673,0
2751,Communication Skills,Brian Cobb,2023-02-15,2023,2,Q1,Incomplete,0,0,1,2,16,585.76,292.88,673,0
2706,Leadership Development,Brian Espinoza,2023-03-28,2023,3,Q1,Failed,0,0,1,5,40,258.38,51.68,574,0
1569,Customer Service,Brian Fitzpatrick,2023-03-20,2023,3,Q1,Completed,1,0,1,2,16,771.98,385.99,565,1
3855,Communication Skills,Brian Garcia,2022-10-02,2022,10,Q4,Passed,0,1,1,1,8,157.94,157.94,673,1
3589,Communication Skills,Brian Graham,2023-01-07,2023,1,Q1,Incomplete,0,0,1,4,32,881.8,220.45,673,0
1719,Leadership Development,Brian Hawkins,2022-09-12,2022,9,Q3,Passed,0,1,1,3,24,442.1,147.37,574,1
3575,Technical Skills,Brian Hood,2022-12-12,2022,12,Q4,Incomplete,0,0,1,3,24,583.21,194.4,579,0
2370,Leadership Development,Brian Kelly,2023-06-07,2023,6,Q2,Incomplete,0,0,1,3,24,644.97,214.99,574,0
1849,Leadership Development,Brian Lee,2023-06-04,2023,6,Q2,Passed,0,1,1,4,32,332.12,83.03,574,1
2407,Project Management,Brian Lee,2022-11-15,2022,11,Q4,Completed,1,0,1,2,16,545.35,272.68,609,1
1042,Project Management,Brian Maynard,2022-10-05,2022,10,Q4,Passed,0,1,1,1,8,228.11,228.11,609,1
3029,Project Management,Brian Murphy,2023-07-03,2023,7,Q3,Incomplete,0,0,1,1,8,721.83,721.83,609,0
3999,Leadership Development,Brian Obrien,2023-07-02,2023,7,Q3,Incomplete,0,0,1,5,40,477.78,95.56,574,0
2092,Communication Skills,Brian Odom,2023-03-13,2023,3,Q1,Completed,1,0,1,5,40,246.13,49.23,673,1
1516,Communication Skills,Brian Powell,2022-11-18,2022,11,Q4,Failed,0,0,1,3,24,457.4,152.47,673,0
2516,Customer Service,Brian Powers,2023-01-31,2023,1,Q1,Completed,1,0,1,1,8,397.27,397.27,565,1
1408,Communication Skills,Brian Rocha,2022-12-24,2022,12,Q4,Passed,0,1,1,5,40,691.82,138.36,673,1
3890,Project Management,Brian Salazar II,2023-01-08,2023,1,Q1,Completed,1,0,1,4,32,596.62,149.16,609,1
1336,Leadership Development,Brian Sanchez,2022-12-19,2022,12,Q4,Passed,0,1,1,4,32,969.95,242.49,574,1
2394,Customer Service,Brian Schmidt,2022-09-22,2022,9,Q3,Completed,1,0,1,1,8,661.88,661.88,565,1
1932,Customer Service,Brian Terry,2023-03-19,2023,3,Q1,Failed,0,0,1,2,16,754.08,377.04,565,0
1215,Communication Skills,Brian Thompson,2022-09-13,2022,9,Q3,Passed,0,1,1,4,32,751.88,187.97,673,1
2218,Technical Skills,Brian Turner,2022-12-27,2022,12,Q4,Incomplete,0,0,1,5,40,222.99,44.6,579,0
2836,Customer Service,Brian Williams,2023-05-18,2023,5,Q2,Completed,1,0,1,5,40,410.04,82.01,565,1
1875,Project Management,Brianna Freeman,2023-03-19,2023,3,Q1,Failed,0,0,1,1,8,105.61,105.61,609,0
1775,Project Management,Brianna Williams,2023-05-08,2023,5,Q2,Failed,0,0,1,4,32,795.28,198.82,609,0
1002,Leadership Development,Brittany Chambers,2023-07-19,2023,7,Q3,Failed,0,0,1,2,16,582.37,291.19,574,0
3719,Project Management,Brittany Clark,2022-10-08,2022,10,Q4,Incomplete,0,0,1,3,24,727.75,242.58,609,0
3232,Communication Skills,Brittany Davis,2023-06-27,2023,6,Q2,Failed,0,0,1,5,40,318.34,63.67,673,0
1695,Leadership Development,Brittany Fuller,2023-01-03,2023,1,Q1,Passed,0,1,1,2,16,913.34,456.67,574,1
2450,Project Management,Brittany Garner,2023-01-18,2023,1,Q1,Completed,1,0,1,5,40,302.62,60.52,609,1
3361,Communication Skills,Brittany Gutierrez,2022-11-14,2022,11,Q4,Passed,0,1,1,1,8,921.81,921.81,673,1
1113,Technical Skills,Brittany Jones,2023-01-20,2023,1,Q1,Incomplete,0,0,1,2,16,956.92,478.46,579,0
1458,Technical Skills,Brittany Mack,2023-05-22,2023,5,Q2,Incomplete,0,0,1,1,8,429.49,429.49,579,0
1682,Project Management,Brittany Munoz,2022-09-19,2022,9,Q3,Failed,0,0,1,3,24,284.61,94.87,609,0
3320,Project Management,Brittany Rodriguez,2022-10-16,2022,10,Q4,Completed,1,0,1,3,24,678.77,226.26,609,1
3489,Project Management,Brittany Savage,2023-07-02,2023,7,Q3,Passed,0,1,1,1,8,131.41,131.41,609,1
3267,Communication Skills,Brittany Trevino,2022-10-27,2022,10,Q4,Incomplete,0,0,1,1,8,980.78,980.78,673,0
3777,Project Management,Brittany Wilson,2022-10-13,2022,10,Q4,Completed,1,0,1,1,8,759.38,759.38,609,1
1624,Customer Service,Brittney Chapman,2023-04-21,2023,4,Q2,Failed,0,0,1,1,8,953.68,953.68,565,0
3275,Technical Skills,Brittney Lowe,2022-11-28,2022,11,Q4,Incomplete,0,0,1,3,24,942.66,314.22,579,0
3751,Customer Service,Brittney Miller,2022-11-10,2022,11,Q4,Incomplete,0,0,1,4,32,511.13,127.78,565,0
2023,Communication Skills,Brooke Murray,2022-11-25,2022,11,Q4,Incomplete,0,0,1,2,16,894.92,447.46,673,0
3211,Customer Service,Brooke Washington,2022-10-13,2022,10,Q4,Incomplete,0,0,1,4,32,513.76,128.44,565,0
2884,Technical Skills,Brooke White,2023-05-01,2023,5,Q2,Passed,0,1,1,4,32,974.28,243.57,579,1
1957,Customer Service,Bruce Ramirez,2023-04-14,2023,4,Q2,Failed,0,0,1,5,40,744.55,148.91,565,0
3747,Leadership Development,Bruce Sanford,2022-10-18,2022,10,Q4,Failed,0,0,1,5,40,725.6,145.12,574,0
2642,Project Management,Bruce Stanton,2023-07-01,2023,7,Q3,Completed,1,0,1,1,8,889.73,889.73,609,1
3112,Technical Skills,Bryan Gonzalez,2022-09-23,2022,9,Q3,Passed,0,1,1,5,40,168.79,33.76,579,1
1326,Leadership Development,Bryan Jones,2023-05-01,2023,5,Q2,Passed,0,1,1,5,40,505.4,101.08,574,1
3502,Customer Service,Bryan Kennedy PhD,2023-01-03,2023,1,Q1,Incomplete,0,0,1,3,24,427.12,142.37,565,0
1861,Customer Service,Bryan Reed,2023-06-18,2023,6,Q2,Completed,1,0,1,2,16,849.52,424.76,565,1
1453,Technical Skills,Bryan Sanchez,2023-04-05,2023,4,Q2,Passed,0,1,1,2,16,294.55,147.28,579,1
3945,Communication Skills,Bryan Young,2022-08-29,2022,8,Q3,Incomplete,0,0,1,2,16,864.5,432.25,673,0
2760,Leadership Development,Caitlin Chavez,2023-05-03,2023,5,Q2,Completed,1,0,1,3,24,287.59,95.86,574,1
2612,Customer Service,Caitlin Flores,2023-04-23,2023,4,Q2,Completed,1,0,1,3,24,301.02,100.34,565,1
1722,Technical Skills,Caleb Strickland,2023-05-14,2023,5,Q2,Incomplete,0,0,1,2,16,128.06,64.03,579,0
2164,Technical Skills,Calvin Johnson,2023-06-11,2023,6,Q2,Incomplete,0,0,1,2,16,978.55,489.27,579,0
1338,Leadership Development,Calvin Simmons,2022-10-30,2022,10,Q4,Incomplete,0,0,1,1,8,355.83,355.83,574,0
1830,Leadership Development,Calvin Smith,2023-03-29,2023,3,Q1,Passed,0,1,1,3,24,764.21,254.74,574,1
2917,Customer Service,Cameron Martin,2022-10-15,2022,10,Q4,Passed,0,1,1,3,24,636.37,212.12,565,1
2673,Customer Service,Candace Anderson,2023-05-11,2023,5,Q2,Incomplete,0,0,1,2,16,281.27,140.63,565,0
1375,Technical Skills,Candace Brown,2023-06-25,2023,6,Q2,Passed,0,1,1,3,24,880.9,293.63,579,1
1655,Communication Skills,Candice Williams,2023-06-15,2023,6,Q2,Completed,1,0,1,5,40,780.94,156.19,673,1
2122,Technical Skills,Carl Cooper,2023-01-02,2023,1,Q1,Passed,0,1,1,1,8,949.46,949.46,579,1
2428,Customer Service,Carl Edwards,2023-07-13,2023,7,Q3,Passed,0,1,1,4,32,549.8,137.45,565,1
2289,Technical Skills,Carl Mathis,2023-06-14,2023,6,Q2,Completed,1,0,1,3,24,353.58,117.86,579,1
2296,Technical Skills,Carl Peters,2022-11-09,2022,11,Q4,Passed,0,1,1,4,32,808.77,202.19,579,1
1534,Project Management,Carla Smith,2022-10-27,2022,10,Q4,Failed,0,0,1,1,8,857.19,857.19,609,0
2500,Project Management,Carlos Boyer MD,2023-07-08,2023,7,Q3,Completed,1,0,1,3,24,961.33,320.44,609,1
2132,Communication Skills,Carlos Finley,2022-09-15,2022,9,Q3,Passed,0,1,1,5,40,936.77,187.35,673,1
3036,Technical Skills,Carlos Leonard,2023-06-19,2023,6,Q2,Failed,0,0,1,3,24,516.4,172.13,579,0
1165,Communication Skills,Carlos Wilson,2022-09-27,2022,9,Q3,Passed,0,1,1,3,24,686.05,228.68,673,1
3165,Leadership Development,Carly Jacobs,2022-08-28,2022,8,Q3,Failed,0,0,1,4,32,972.9,243.22,574,0
3996,Customer Service,Carmen Cortez,2023-01-09,2023,1,Q1,Failed,0,0,1,2,16,808.51,404.25,565,0
2112,Customer Service,Caroline Williams,2022-09-17,2022,9,Q3,Failed,0,0,1,2,16,157.04,78.52,565,0
1134,Communication Skills,Carolyn Deleon,2022-12-09,2022,12,Q4,Passed,0,1,1,1,8,271.49,271.49,673,1
1216,Leadership Development,Carolyn Hamilton,2023-07-16,2023,7,Q3,Incomplete,0,0,1,1,8,136.48,136.48,574,0
3731,Project Management,Carolyn Sellers,2023-05-02,2023,5,Q2,Passed,0,1,1,5,40,773.63,154.73,609,1
3224,Project Management,Carolyn Ward,2022-09-14,2022,9,Q3,Completed,1,0,1,2,16,107.77,53.88,609,1
1270,Leadership Development,Carrie Anderson,2022-08-21,2022,8,Q3,Completed,1,0,1,2,16,360.02,180.01,574,1
3725,Customer Service,Carrie Stanton,2023-05-23,2023,5,Q2,Failed,0,0,1,3,24,135.18,45.06,565,0
2244,Leadership Development,Carrie Thompson,2022-12-14,2022,12,Q4,Passed,0,1,1,2,16,804.01,402,574,1
1919,Leadership Development,Carrie Walton,2023-06-18,2023,6,Q2,Failed,0,0,1,1,8,583.76,583.76,574,0
1786,Communication Skills,Casey Armstrong,2023-04-23,2023,4,Q2,Completed,1,0,1,2,16,942.28,471.14,673,1
3588,Communication Skills,Casey Johnston,2023-03-23,2023,3,Q1,Passed,0,1,1,1,8,538.83,538.83,673,1
2834,Technical Skills,Casey West,2023-06-10,2023,6,Q2,Completed,1,0,1,4,32,149.67,37.42,579,1
3558,Technical Skills,Cassandra Bell,2023-07-18,2023,7,Q3,Completed,1,0,1,1,8,941.54,941.54,579,1
2525,Leadership Development,Cassandra Bowen,2023-04-24,2023,4,Q2,Incomplete,0,0,1,3,24,450.81,150.27,574,0
2681,Leadership Development,Cassandra Davis,2023-01-26,2023,1,Q1,Completed,1,0,1,1,8,318.38,318.38,574,1
2920,Technical Skills,Cassandra Mendoza,2022-09-27,2022,9,Q3,Completed,1,0,1,2,16,140.27,70.14,579,1
2253,Communication Skills,Catherine Ellison,2023-01-07,2023,1,Q1,Incomplete,0,0,1,1,8,426.97,426.97,673,0
3675,Customer Service,Catherine Hardin,2022-09-07,2022,9,Q3,Passed,0,1,1,5,40,992.37,198.47,565,1
1237,Leadership Development,Catherine Henderson,2022-11-11,2022,11,Q4,Passed,0,1,1,2,16,762.82,381.41,574,1
1395,Communication Skills,Catherine Lewis,2022-12-28,2022,12,Q4,Failed,0,0,1,2,16,302.97,151.49,673,0
1507,Technical Skills,Catherine Whitehead,2022-09-21,2022,9,Q3,Completed,1,0,1,3,24,812.13,270.71,579,1
3493,Project Management,Cathy Fleming,2023-02-19,2023,2,Q1,Completed,1,0,1,3,24,400.95,133.65,609,1
2070,Technical Skills,Cathy Johnson,2023-04-12,2023,4,Q2,Completed,1,0,1,5,40,842.88,168.58,579,1
3617,Customer Service,Cathy Porter DVM,2023-04-09,2023,4,Q2,Completed,1,0,1,5,40,531.1,106.22,565,1
2759,Project Management,Cathy Velazquez,2023-06-30,2023,6,Q2,Incomplete,0,0,1,1,8,662.8,662.8,609,0
2364,Project Management,Cathy Wolf,2022-12-04,2022,12,Q4,Completed,1,0,1,3,24,123.81,41.27,609,1
3416,Leadership Development,Chad Gutierrez,2023-02-18,2023,2,Q1,Incomplete,0,0,1,5,40,488.05,97.61,574,0
1129,Technical Skills,Chad Mccall,2022-09-11,2022,9,Q3,Passed,0,1,1,2,16,768.06,384.03,579,1
3766,Technical Skills,Chad Payne,2023-03-27,2023,3,Q1,Incomplete,0,0,1,4,32,466.32,116.58,579,0
2304,Customer Service,Chad Snow,2022-10-19,2022,10,Q4,Passed,0,1,1,5,40,759.9,151.98,565,1
2144,Communication Skills,Chad Taylor,2023-01-26,2023,1,Q1,Completed,1,0,1,4,32,474.09,118.52,673,1
3698,Leadership Development,Chad Watts,2022-12-24,2022,12,Q4,Passed,0,1,1,2,16,830.36,415.18,574,1
3229,Technical Skills,Charles Bender,2022-12-30,2022,12,Q4,Incomplete,0,0,1,3,24,757.48,252.49,579,0
2929,Project Management,Charles Brandt,2022-09-23,2022,9,Q3,Passed,0,1,1,5,40,120.14,24.03,609,1
1244,Technical Skills,Charles Farrell,2023-02-18,2023,2,Q1,Incomplete,0,0,1,5,40,170.62,34.12,579,0
2489,Communication Skills,Charles Garcia,2023-03-30,2023,3,Q1,Incomplete,0,0,1,4,32,168.1,42.02,673,0.5
3022,Communication Skills,Charles Garcia,2022-12-15,2022,12,Q4,Completed,1,0,1,3,24,848.52,282.84,673,0.5
2210,Technical Skills,Charles Garner,2023-07-17,2023,7,Q3,Completed,1,0,1,5,40,220.14,44.03,579,1
3179,Leadership Development,Charles Hurley,2023-05-03,2023,5,Q2,Passed,0,1,1,2,16,376.96,188.48,574,1
2973,Technical Skills,Charles Jones,2023-07-13,2023,7,Q3,Failed,0,0,1,5,40,458.81,91.76,579,0
1379,Communication Skills,Charles Lee,2023-03-06,2023,3,Q1,Passed,0,1,1,1,8,397.48,397.48,673,1
1287,Technical Skills,Charles Olson,2023-03-31,2023,3,Q1,Completed,1,0,1,1,8,342.57,342.57,579,1
1877,Technical Skills,Charles Parker,2023-05-01,2023,5,Q2,Passed,0,1,1,1,8,845.17,845.17,579,1
2051,Project Management,Charles Robles,2023-03-17,2023,3,Q1,Incomplete,0,0,1,2,16,761.28,380.64,609,0
2817,Technical Skills,Charles Rubio,2023-01-13,2023,1,Q1,Failed,0,0,1,2,16,314,157,579,0
2175,Communication Skills,Charles Rush,2023-02-22,2023,2,Q1,Completed,1,0,1,2,16,512.6,256.3,673,1
2052,Project Management,Charles Spencer,2022-11-06,2022,11,Q4,Completed,1,0,1,4,32,507.49,126.87,609,1
3063,Project Management,Charlotte Goodwin,2022-09-28,2022,9,Q3,Failed,0,0,1,3,24,767.52,255.84,609,0
2348,Technical Skills,Chase Carter,2023-04-13,2023,4,Q2,Passed,0,1,1,1,8,927.52,927.52,579,1
2563,Customer Service,Chelsea Bullock,2023-08-03,2023,8,Q3,Passed,0,1,1,5,40,416.37,83.27,565,1
3154,Customer Service,Chelsea Davis,2023-05-25,2023,5,Q2,Passed,0,1,1,4,32,418.08,104.52,565,1
3136,Project Management,Chelsea Stokes,2022-11-22,2022,11,Q4,Failed,0,0,1,2,16,386.95,193.47,609,0
3143,Project Management,Chelsey Long,2023-05-22,2023,5,Q2,Incomplete,0,0,1,3,24,330.04,110.01,609,0
3133,Communication Skills,Cheryl Greene,2022-10-10,2022,10,Q4,Incomplete,0,0,1,3,24,946.99,315.66,673,0
2049,Project Management,Cheryl Middleton,2023-03-28,2023,3,Q1,Failed,0,0,1,4,32,765.68,191.42,609,0
3865,Project Management,Cheryl Ortiz,2022-11-03,2022,11,Q4,Completed,1,0,1,2,16,399.26,199.63,609,1
3767,Leadership Development,Cheryl Schultz,2022-10-12,2022,10,Q4,Completed,1,0,1,4,32,840.46,210.12,574,1
3303,Customer Service,Cheryl Watts,2023-07-19,2023,7,Q3,Incomplete,0,0,1,2,16,249.76,124.88,565,0
1249,Communication Skills,Cheyenne Rice,2022-08-15,2022,8,Q3,Completed,1,0,1,4,32,371.27,92.82,673,1
3839,Communication Skills,Chris Beasley,2023-06-12,2023,6,Q2,Failed,0,0,1,4,32,403,100.75,673,0
1276,Communication Skills,Chris Clark,2023-07-15,2023,7,Q3,Failed,0,0,1,1,8,572.45,572.45,673,0
2018,Customer Service,Chris Walker,2022-08-21,2022,8,Q3,Incomplete,0,0,1,5,40,739.74,147.95,565,0
1508,Customer Service,Christian Abbott,2023-05-12,2023,5,Q2,Passed,0,1,1,2,16,675.02,337.51,565,1
3495,Customer Service,Christian Higgins,2022-12-21,2022,12,Q4,Passed,0,1,1,1,8,701.55,701.55,565,1
2559,Communication Skills,Christian Ramsey,2022-09-19,2022,9,Q3,Passed,0,1,1,3,24,449.84,149.95,673,1
3705,Technical Skills,Christina Bautista,2023-04-17,2023,4,Q2,Completed,1,0,1,5,40,983.59,196.72,579,1
3912,Leadership Development,Christina Garcia,2022-08-09,2022,8,Q3,Passed,0,1,1,4,32,615.7,153.93,574,1
2608,Project Management,Christina Moore,2023-01-21,2023,1,Q1,Incomplete,0,0,1,2,16,525.41,262.7,609,0.5
1635,Leadership Development,Christina Moore,2023-05-15,2023,5,Q2,Completed,1,0,1,3,24,619.86,206.62,574,0.5
2177,Customer Service,Christina Nguyen,2023-07-07,2023,7,Q3,Passed,0,1,1,4,32,616.66,154.16,565,1
3981,Communication Skills,Christina Ruiz,2022-12-22,2022,12,Q4,Passed,0,1,1,2,16,869.96,434.98,673,1
2548,Project Management,Christina Thompson,2023-01-14,2023,1,Q1,Failed,0,0,1,3,24,670.58,223.53,609,0
1166,Communication Skills,Christina Waters,2022-08-10,2022,8,Q3,Passed,0,1,1,4,32,942.51,235.63,673,1
3277,Project Management,Christine Adams,2023-03-14,2023,3,Q1,Passed,0,1,1,1,8,997.87,997.87,609,1
3620,Technical Skills,Christine Carter,2022-12-20,2022,12,Q4,Completed,1,0,1,3,24,654.22,218.07,579,1
2196,Technical Skills,Christine Cook,2022-12-10,2022,12,Q4,Completed,1,0,1,2,16,572.11,286.06,579,1
3787,Project Management,Christine Escobar,2023-04-26,2023,4,Q2,Passed,0,1,1,4,32,140.03,35.01,609,1
2252,Communication Skills,Christine Kelly,2022-12-10,2022,12,Q4,Completed,1,0,1,1,8,648.23,648.23,673,1
2726,Customer Service,Christine Logan,2023-01-16,2023,1,Q1,Passed,0,1,1,3,24,502.39,167.46,565,1
1487,Customer Service,Christine Reed,2022-08-08,2022,8,Q3,Failed,0,0,1,3,24,385.82,128.61,565,0
1659,Leadership Development,Christine Rollins,2023-05-23,2023,5,Q2,Incomplete,0,0,1,1,8,579.06,579.06,574,0
2758,Technical Skills,Christine Stein,2023-05-17,2023,5,Q2,Incomplete,0,0,1,4,32,100.17,25.04,579,0
2207,Project Management,Christine Stevens,2023-06-26,2023,6,Q2,Incomplete,0,0,1,1,8,448.93,448.93,609,0
3089,Leadership Development,Christopher Adams,2023-01-02,2023,1,Q1,Failed,0,0,1,4,32,788.1,197.03,574,0
1927,Leadership Development,Christopher Avila,2023-02-23,2023,2,Q1,Completed,1,0,1,5,40,571.81,114.36,574,1
1992,Communication Skills,Christopher Bailey,2022-09-11,2022,9,Q3,Failed,0,0,1,2,16,827.05,413.52,673,0
1347,Communication Skills,Christopher Becker,2022-10-22,2022,10,Q4,Failed,0,0,1,5,40,792.72,158.54,673,0
1311,Leadership Development,Christopher Brown,2022-10-17,2022,10,Q4,Incomplete,0,0,1,1,8,546.94,546.94,574,0
3210,Project Management,Christopher Caldwell,2022-12-31,2022,12,Q4,Failed,0,0,1,2,16,128.89,64.44,609,0
3946,Leadership Development,Christopher Cannon,2023-07-15,2023,7,Q3,Passed,0,1,1,4,32,981.64,245.41,574,1
3716,Project Management,Christopher Carroll,2023-03-07,2023,3,Q1,Incomplete,0,0,1,4,32,959.78,239.94,609,0
3826,Communication Skills,Christopher Contreras,2022-11-21,2022,11,Q4,Completed,1,0,1,4,32,286.12,71.53,673,1
3553,Project Management,Christopher Curtis,2022-12-11,2022,12,Q4,Incomplete,0,0,1,5,40,689.48,137.9,609,0
1570,Project Management,Christopher Davidson,2023-03-28,2023,3,Q1,Passed,0,1,1,4,32,121.88,30.47,609,1
1656,Leadership Development,Christopher Drake,2023-03-19,2023,3,Q1,Completed,1,0,1,3,24,132.75,44.25,574,1
3286,Project Management,Christopher Dudley,2023-05-16,2023,5,Q2,Completed,1,0,1,1,8,692.96,692.96,609,1
2414,Technical Skills,Christopher Flynn,2022-09-01,2022,9,Q3,Failed,0,0,1,5,40,506.08,101.22,579,0
1444,Leadership Development,Christopher Garcia,2023-01-30,2023,1,Q1,Incomplete,0,0,1,2,16,561.14,280.57,574,0
1815,Leadership Development,Christopher George,2022-10-03,2022,10,Q4,Incomplete,0,0,1,5,40,758.21,151.64,574,0
1812,Leadership Development,Christopher Gibson,2023-03-04,2023,3,Q1,Incomplete,0,0,1,2,16,836.19,418.1,574,0
3530,Customer Service,Christopher Gonzalez,2023-01-18,2023,1,Q1,Passed,0,1,1,2,16,496.85,248.43,565,1
1762,Customer Service,Christopher Griffin,2022-09-02,2022,9,Q3,Incomplete,0,0,1,3,24,669.57,223.19,565,0
1588,Leadership Development,Christopher Hayes,2022-11-08,2022,11,Q4,Failed,0,0,1,1,8,293.85,293.85,574,0
3870,Technical Skills,Christopher Herring,2023-03-10,2023,3,Q1,Completed,1,0,1,1,8,919.25,919.25,579,1
2367,Project Management,Christopher Hughes,2023-04-27,2023,4,Q2,Completed,1,0,1,3,24,249.77,83.26,609,1
3609,Customer Service,Christopher Jackson,2022-09-23,2022,9,Q3,Passed,0,1,1,4,32,273.88,68.47,565,0.5
3735,Technical Skills,Christopher Jackson,2022-10-25,2022,10,Q4,Failed,0,0,1,1,8,473.1,473.1,579,0.5
3372,Technical Skills,Christopher Johnson,2023-05-05,2023,5,Q2,Passed,0,1,1,4,32,627.18,156.79,579,1
1243,Communication Skills,Christopher Jones,2023-02-05,2023,2,Q1,Incomplete,0,0,1,3,24,855.27,285.09,673,0
3663,Technical Skills,Christopher Long,2023-03-22,2023,3,Q1,Passed,0,1,1,3,24,816.64,272.21,579,1
2187,Communication Skills,Christopher Maxwell,2023-06-07,2023,6,Q2,Completed,1,0,1,1,8,575.77,575.77,673,1
1312,Communication Skills,Christopher Mcfarland,2023-04-29,2023,4,Q2,Completed,1,0,1,4,32,514.37,128.59,673,1
2748,Project Management,Christopher Mitchell,2023-01-14,2023,1,Q1,Completed,1,0,1,2,16,301.42,150.71,609,1
2886,Technical Skills,Christopher Mueller,2023-07-09,2023,7,Q3,Incomplete,0,0,1,4,32,263.04,65.76,579,0
1199,Leadership Development,Christopher Owen,2022-11-28,2022,11,Q4,Passed,0,1,1,2,16,663.19,331.6,574,1
1151,Project Management,Christopher Perry,2022-12-19,2022,12,Q4,Passed,0,1,1,4,32,707.59,176.9,609,1
1996,Communication Skills,Christopher Porter MD,2022-12-16,2022,12,Q4,Failed,0,0,1,5,40,250.11,50.02,673,0
2324,Communication Skills,Christopher Price,2023-04-29,2023,4,Q2,Incomplete,0,0,1,1,8,299.75,299.75,673,0
3312,Communication Skills,Christopher Ramirez,2022-11-11,2022,11,Q4,Failed,0,0,1,4,32,760.81,190.2,673,0
1845,Customer Service,Christopher Rowe,2022-12-31,2022,12,Q4,Passed,0,1,1,5,40,409.99,82,565,1
1029,Project Management,Christopher Rowland,2023-02-25,2023,2,Q1,Failed,0,0,1,5,40,729.41,145.88,609,0
2255,Customer Service,Christopher Ryan,2023-02-05,2023,2,Q1,Completed,1,0,1,1,8,357.69,357.69,565,1
3679,Leadership Development,Christopher Santos,2023-01-16,2023,1,Q1,Completed,1,0,1,1,8,815.52,815.52,574,1
3045,Communication Skills,Christopher Smith,2023-03-03,2023,3,Q1,Incomplete,0,0,1,2,16,290.75,145.38,673,0
1664,Project Management,Christopher Smith,2023-07-08,2023,7,Q3,Incomplete,0,0,1,1,8,137.87,137.87,609,0
3093,Communication Skills,Christopher Stephens,2023-04-25,2023,4,Q2,Passed,0,1,1,5,40,229.87,45.97,673,1
3440,Communication Skills,Christopher Underwood,2023-05-29,2023,5,Q2,Failed,0,0,1,1,8,649.03,649.03,673,0
2410,Technical Skills,Christopher Valenzuela,2022-09-24,2022,9,Q3,Failed,0,0,1,3,24,341.65,113.88,579,0
3337,Customer Service,Christopher Warren,2023-04-28,2023,4,Q2,Failed,0,0,1,3,24,933.76,311.25,565,0
2731,Technical Skills,Christopher White,2023-04-20,2023,4,Q2,Failed,0,0,1,1,8,897.96,897.96,579,0
1178,Project Management,Christopher Whitehead,2022-12-21,2022,12,Q4,Failed,0,0,1,1,8,361.52,361.52,609,0
2649,Communication Skills,Christopher Yates,2022-09-25,2022,9,Q3,Passed,0,1,1,1,8,836.76,836.76,673,1
2936,Leadership Development,Christopher Young,2022-12-23,2022,12,Q4,Completed,1,0,1,3,24,123.26,41.09,574,1
2723,Leadership Development,Christy Jones,2023-07-22,2023,7,Q3,Incomplete,0,0,1,3,24,763.23,254.41,574,0
3671,Communication Skills,Cindy Fletcher,2023-01-20,2023,1,Q1,Passed,0,1,1,4,32,381.94,95.48,673,1
1514,Leadership Development,Cindy Horn,2022-12-01,2022,12,Q4,Failed,0,0,1,5,40,434.39,86.88,574,0
1174,Project Management,Cindy King,2023-05-12,2023,5,Q2,Incomplete,0,0,1,3,24,454.23,151.41,609,0
2698,Project Management,Cindy Richard,2022-12-12,2022,12,Q4,Incomplete,0,0,1,3,24,152.78,50.93,609,0
1060,Project Management,Cindy Schultz,2022-09-06,2022,9,Q3,Completed,1,0,1,1,8,770.84,770.84,609,1
3762,Project Management,Claudia Clark,2023-06-15,2023,6,Q2,Failed,0,0,1,2,16,594.61,297.31,609,0
1429,Communication Skills,Claudia Williams,2022-11-26,2022,11,Q4,Failed,0,0,1,4,32,441.43,110.36,673,0
3935,Customer Service,Clifford Washington,2023-07-16,2023,7,Q3,Passed,0,1,1,5,40,223.6,44.72,565,1
3483,Project Management,Cody Adams,2022-08-10,2022,8,Q3,Passed,0,1,1,4,32,111.96,27.99,609,1
1258,Project Management,Cody Brown,2023-06-30,2023,6,Q2,Incomplete,0,0,1,1,8,732.02,732.02,609,0
1851,Communication Skills,Cody Daugherty,2022-09-04,2022,9,Q3,Passed,0,1,1,4,32,997.13,249.28,673,1
2043,Project Management,Cody Dickson,2022-10-08,2022,10,Q4,Passed,0,1,1,5,40,809.68,161.94,609,1
3850,Communication Skills,Cody Flores,2022-11-01,2022,11,Q4,Completed,1,0,1,1,8,355.75,355.75,673,1
1841,Communication Skills,Cody Moses DDS,2022-08-13,2022,8,Q3,Failed,0,0,1,4,32,683.42,170.85,673,0
1818,Leadership Development,Cody Murray,2023-03-20,2023,3,Q1,Incomplete,0,0,1,5,40,909.47,181.89,574,0
3091,Project Management,Cody Wheeler,2022-11-10,2022,11,Q4,Completed,1,0,1,5,40,872.29,174.46,609,1
3094,Project Management,Colleen Barrett,2023-03-01,2023,3,Q1,Failed,0,0,1,2,16,544.31,272.15,609,0
3859,Communication Skills,Colleen Miller,2023-06-05,2023,6,Q2,Completed,1,0,1,1,8,838.69,838.69,673,1
3554,Project Management,Collin Santiago,2023-06-05,2023,6,Q2,Completed,1,0,1,4,32,283.33,70.83,609,1
2947,Project Management,Collin Turner,2022-08-13,2022,8,Q3,Incomplete,0,0,1,1,8,543.81,543.81,609,0
2487,Technical Skills,Colton Farmer,2022-11-26,2022,11,Q4,Failed,0,0,1,4,32,102.96,25.74,579,0
3348,Project Management,Colton Knight,2023-04-29,2023,4,Q2,Passed,0,1,1,2,16,922.33,461.17,609,1
2104,Technical Skills,Connie Mason,2022-10-14,2022,10,Q4,Completed,1,0,1,5,40,200.34,40.07,579,1
1491,Technical Skills,Corey Anthony,2022-08-10,2022,8,Q3,Failed,0,0,1,5,40,187.65,37.53,579,0
3548,Leadership Development,Corey Hernandez,2022-08-16,2022,8,Q3,Passed,0,1,1,3,24,368.8,122.93,574,1
2374,Customer Service,Corey Hines,2023-05-01,2023,5,Q2,Incomplete,0,0,1,2,16,650.48,325.24,565,0
3693,Project Management,Corey Morales,2023-01-24,2023,1,Q1,Completed,1,0,1,1,8,861.5,861.5,609,1
2614,Project Management,Corey Pennington,2022-11-09,2022,11,Q4,Completed,1,0,1,2,16,468.59,234.29,609,1
3942,Customer Service,Corey Taylor DDS,2023-01-28,2023,1,Q1,Completed,1,0,1,5,40,940.22,188.04,565,1
2307,Customer Service,Cory Garcia,2023-05-21,2023,5,Q2,Passed,0,1,1,2,16,856.15,428.07,565,1
3120,Project Management,Cory Russell,2023-07-05,2023,7,Q3,Incomplete,0,0,1,2,16,144.25,72.13,609,0
2873,Project Management,Courtney Gray,2023-06-05,2023,6,Q2,Failed,0,0,1,2,16,801.16,400.58,609,0
1204,Project Management,Courtney Mendez,2023-07-16,2023,7,Q3,Incomplete,0,0,1,1,8,610.96,610.96,609,0
2686,Project Management,Courtney Palmer,2022-11-12,2022,11,Q4,Completed,1,0,1,1,8,278.7,278.7,609,1
2305,Communication Skills,Courtney Smith,2023-04-24,2023,4,Q2,Incomplete,0,0,1,2,16,933.39,466.69,673,0
3379,Technical Skills,Craig Sullivan,2023-01-12,2023,1,Q1,Failed,0,0,1,3,24,849.25,283.08,579,0
1527,Customer Service,Cristina Shields,2023-06-03,2023,6,Q2,Incomplete,0,0,1,3,24,206.53,68.84,565,0
1432,Communication Skills,Crystal Baldwin,2022-08-06,2022,8,Q3,Completed,1,0,1,4,32,894.75,223.69,673,1
3100,Technical Skills,Crystal Barnett,2023-07-16,2023,7,Q3,Incomplete,0,0,1,4,32,136.94,34.23,579,0
3647,Technical Skills,Crystal Brown,2022-08-10,2022,8,Q3,Completed,1,0,1,4,32,199.55,49.89,579,1
2908,Leadership Development,Crystal Elliott,2022-11-28,2022,11,Q4,Passed,0,1,1,1,8,100.55,100.55,574,1
3930,Leadership Development,Crystal Henderson,2023-05-30,2023,5,Q2,Failed,0,0,1,5,40,522.86,104.57,574,0
2135,Technical Skills,Crystal Hughes,2022-11-21,2022,11,Q4,Completed,1,0,1,5,40,218.13,43.63,579,1
1021,Technical Skills,Crystal Nelson,2023-03-10,2023,3,Q1,Failed,0,0,1,1,8,647.16,647.16,579,0
3979,Communication Skills,Crystal Nelson,2023-08-03,2023,8,Q3,Failed,0,0,1,3,24,477.12,159.04,673,0
1427,Project Management,Crystal Norton,2023-04-25,2023,4,Q2,Passed,0,1,1,1,8,684.24,684.24,609,1
1461,Communication Skills,Crystal Roberts,2023-06-01,2023,6,Q2,Passed,0,1,1,1,8,302.52,302.52,673,1
3834,Technical Skills,Crystal Wallace,2023-01-04,2023,1,Q1,Passed,0,1,1,1,8,700.53,700.53,579,1
1274,Project Management,Curtis Price,2023-05-22,2023,5,Q2,Passed,0,1,1,2,16,448.48,224.24,609,1
2831,Communication Skills,Cynthia Allen,2023-02-09,2023,2,Q1,Incomplete,0,0,1,1,8,277.22,277.22,673,0
3321,Project Management,Cynthia Bailey,2022-08-23,2022,8,Q3,Passed,0,1,1,1,8,134.05,134.05,609,1
1032,Technical Skills,Cynthia Bradley,2022-12-07,2022,12,Q4,Completed,1,0,1,3,24,482.23,160.74,579,1
1034,Leadership Development,Cynthia Brown,2022-11-10,2022,11,Q4,Failed,0,0,1,1,8,570.62,570.62,574,0
2574,Technical Skills,Cynthia Lewis,2023-07-18,2023,7,Q3,Failed,0,0,1,1,8,376.59,376.59,579,0
1293,Project Management,Cynthia Patton,2023-03-12,2023,3,Q1,Passed,0,1,1,2,16,668.77,334.38,609,1
1054,Technical Skills,Cynthia Porter,2022-11-04,2022,11,Q4,Failed,0,0,1,3,24,533.97,177.99,579,0
2426,Leadership Development,Cynthia Stokes,2022-11-21,2022,11,Q4,Incomplete,0,0,1,4,32,107.48,26.87,574,0
1883,Customer Service,Cynthia Stone,2023-05-19,2023,5,Q2,Failed,0,0,1,1,8,483.43,483.43,565,0
3980,Communication Skills,Cynthia Wilson,2023-07-27,2023,7,Q3,Incomplete,0,0,1,1,8,695.56,695.56,673,0
2482,Customer Service,Dale Heath,2023-05-23,2023,5,Q2,Incomplete,0,0,1,4,32,688.55,172.14,565,0
2643,Project Management,Dale Wilkinson,2023-06-15,2023,6,Q2,Failed,0,0,1,2,16,357.94,178.97,609,0
3644,Technical Skills,Damon Ross,2023-02-06,2023,2,Q1,Incomplete,0,0,1,1,8,504.66,504.66,579,0
1339,Customer Service,Dana Adams,2022-11-24,2022,11,Q4,Incomplete,0,0,1,3,24,754.47,251.49,565,0
2272,Communication Skills,Dana Alvarez,2023-04-15,2023,4,Q2,Passed,0,1,1,5,40,233.42,46.68,673,1
3129,Technical Skills,Dana Johnson,2023-06-11,2023,6,Q2,Incomplete,0,0,1,4,32,277.31,69.33,579,0
1363,Project Management,Dana Martin,2022-12-15,2022,12,Q4,Completed,1,0,1,2,16,285.83,142.91,609,1
1288,Technical Skills,Dana Neal,2023-05-13,2023,5,Q2,Incomplete,0,0,1,5,40,948.31,189.66,579,0
3115,Technical Skills,Dana Price,2023-07-02,2023,7,Q3,Incomplete,0,0,1,3,24,386.26,128.75,579,0
1692,Project Management,Daniel Alvarez,2023-03-08,2023,3,Q1,Failed,0,0,1,1,8,705.24,705.24,609,0
1598,Technical Skills,Daniel Barnes,2023-06-17,2023,6,Q2,Incomplete,0,0,1,2,16,130.29,65.14,579,0
1690,Communication Skills,Daniel Barnett,2023-01-21,2023,1,Q1,Failed,0,0,1,3,24,504.34,168.11,673,0
1777,Customer Service,Daniel Barton,2023-04-24,2023,4,Q2,Incomplete,0,0,1,3,24,157.78,52.59,565,0
1633,Project Management,Daniel Benitez,2022-10-09,2022,10,Q4,Passed,0,1,1,3,24,300.12,100.04,609,1
2180,Technical Skills,Daniel Bennett,2023-02-05,2023,2,Q1,Incomplete,0,0,1,4,32,706.08,176.52,579,0
3861,Project Management,Daniel Brown,2023-04-29,2023,4,Q2,Passed,0,1,1,1,8,911.36,911.36,609,1
3603,Technical Skills,Daniel Daugherty,2022-10-02,2022,10,Q4,Incomplete,0,0,1,3,24,680.48,226.83,579,0
1558,Leadership Development,Daniel Edwards,2022-09-25,2022,9,Q3,Passed,0,1,1,2,16,839.12,419.56,574,1
3764,Communication Skills,Daniel Garrett,2022-08-30,2022,8,Q3,Incomplete,0,0,1,2,16,239.16,119.58,673,0
2718,Project Management,Daniel Green,2022-11-13,2022,11,Q4,Incomplete,0,0,1,5,40,760.24,152.05,609,0
1223,Project Management,Daniel Harrison,2022-08-30,2022,8,Q3,Completed,1,0,1,1,8,474.36,474.36,609,1
1242,Project Management,Daniel Holt,2023-03-14,2023,3,Q1,Passed,0,1,1,3,24,227.9,75.97,609,1
2490,Leadership Development,Daniel Hughes,2023-06-04,2023,6,Q2,Incomplete,0,0,1,1,8,886.63,886.63,574,0
2424,Customer Service,Daniel Johnson,2022-10-18,2022,10,Q4,Failed,0,0,1,1,8,292.85,292.85,565,0
3486,Project Management,Daniel Jones,2023-07-23,2023,7,Q3,Completed,1,0,1,5,40,812.59,162.52,609,1
3380,Technical Skills,Daniel Mendez,2022-10-26,2022,10,Q4,Incomplete,0,0,1,1,8,399.81,399.81,579,0
3452,Customer Service,Daniel Miller,2022-09-13,2022,9,Q3,Failed,0,0,1,1,8,691.04,691.04,565,0
2637,Communication Skills,Daniel Morris,2023-04-24,2023,4,Q2,Completed,1,0,1,1,8,709.79,709.79,673,0.5
2221,Technical Skills,Daniel Morris,2022-08-07,2022,8,Q3,Incomplete,0,0,1,1,8,737.04,737.04,579,0.5
1587,Customer Service,Daniel Perez,2023-03-10,2023,3,Q1,Completed,1,0,1,4,32,876.73,219.18,565,1
2991,Project Management,Daniel Ramos,2022-12-02,2022,12,Q4,Completed,1,0,1,3,24,722.92,240.97,609,1
2468,Communication Skills,Daniel Richardson,2023-02-24,2023,2,Q1,Passed,0,1,1,3,24,629.25,209.75,673,1
1706,Customer Service,Daniel Rivera,2022-09-21,2022,9,Q3,Incomplete,0,0,1,1,8,970.01,970.01,565,0
3289,Customer Service,Daniel Ross,2023-03-31,2023,3,Q1,Completed,1,0,1,5,40,923.23,184.65,565,1
2331,Technical Skills,Daniel Scott,2023-01-16,2023,1,Q1,Failed,0,0,1,3,24,108.2,36.07,579,0
3478,Technical Skills,Daniel Solomon,2022-10-05,2022,10,Q4,Incomplete,0,0,1,1,8,526.74,526.74,579,0
1637,Customer Service,Daniel Taylor,2022-10-04,2022,10,Q4,Failed,0,0,1,5,40,556.33,111.27,565,0
3592,Leadership Development,Daniel Wilson,2023-01-30,2023,1,Q1,Incomplete,0,0,1,1,8,734.68,734.68,574,0
3673,Customer Service,Daniel Wood,2023-03-21,2023,3,Q1,Passed,0,1,1,3,24,578.02,192.67,565,1
1154,Customer Service,Danielle Decker,2022-08-12,2022,8,Q3,Incomplete,0,0,1,3,24,338.48,112.83,565,0
3634,Technical Skills,Danielle Griffin,2022-09-15,2022,9,Q3,Incomplete,0,0,1,3,24,254.68,84.89,579,0
1484,Communication Skills,Danielle Maxwell,2023-07-29,2023,7,Q3,Incomplete,0,0,1,1,8,473.77,473.77,673,0
1431,Technical Skills,Danielle Peck,2022-10-15,2022,10,Q4,Failed,0,0,1,3,24,790.72,263.57,579,0
3299,Leadership Development,Danielle Santiago,2023-04-02,2023,4,Q2,Incomplete,0,0,1,4,32,721.03,180.26,574,0
2169,Customer Service,Danielle Valdez,2023-03-17,2023,3,Q1,Failed,0,0,1,1,8,200.13,200.13,565,0
1880,Customer Service,Danielle Wells,2022-08-10,2022,8,Q3,Incomplete,0,0,1,5,40,785.05,157.01,565,0
2071,Technical Skills,Danielle Wise,2023-02-09,2023,2,Q1,Incomplete,0,0,1,5,40,735.7,147.14,579,0
3720,Project Management,Danny Baker,2022-09-23,2022,9,Q3,Passed,0,1,1,2,16,845.21,422.61,609,1
2081,Customer Service,Danny Charles,2023-05-14,2023,5,Q2,Failed,0,0,1,4,32,744.4,186.1,565,0
2950,Technical Skills,Danny Clark,2023-03-19,2023,3,Q1,Completed,1,0,1,2,16,331.52,165.76,579,1
1378,Communication Skills,Danny Santiago,2023-01-28,2023,1,Q1,Failed,0,0,1,5,40,145.7,29.14,673,0
1136,Customer Service,Danny Smith,2022-12-25,2022,12,Q4,Completed,1,0,1,3,24,535.88,178.63,565,1
3862,Communication Skills,Darlene Harris,2022-09-22,2022,9,Q3,Passed,0,1,1,3,24,603.03,201.01,673,1
3555,Leadership Development,Darlene Vega,2023-03-04,2023,3,Q1,Passed,0,1,1,4,32,566.12,141.53,574,1
3857,Leadership Development,Darrell Davidson,2023-07-24,2023,7,Q3,Completed,1,0,1,1,8,601.2,601.2,574,1
2571,Technical Skills,Darren Harrell,2022-08-15,2022,8,Q3,Failed,0,0,1,2,16,919.95,459.98,579,0
1114,Communication Skills,Darren Huynh,2023-02-25,2023,2,Q1,Incomplete,0,0,1,1,8,912.27,912.27,673,0
3587,Leadership Development,Darren Lam,2023-03-22,2023,3,Q1,Completed,1,0,1,5,40,570.04,114.01,574,1
1125,Communication Skills,Darren Mccarthy,2022-12-14,2022,12,Q4,Incomplete,0,0,1,2,16,756.19,378.1,673,0
2064,Technical Skills,Daryl Mullins,2022-09-10,2022,9,Q3,Passed,0,1,1,2,16,343.22,171.61,579,1
2716,Leadership Development,Dave Williams,2023-01-16,2023,1,Q1,Completed,1,0,1,4,32,247.11,61.78,574,1
3801,Leadership Development,David Anderson,2023-04-01,2023,4,Q2,Incomplete,0,0,1,2,16,125.88,62.94,574,0.3333333333
1537,Communication Skills,David Anderson,2023-07-29,2023,7,Q3,Incomplete,0,0,1,2,16,430.09,215.04,673,0.3333333333
2209,Technical Skills,David Anderson,2022-11-02,2022,11,Q4,Completed,1,0,1,3,24,545.69,181.9,579,0.3333333333
3794,Communication Skills,David Black,2023-04-17,2023,4,Q2,Failed,0,0,1,2,16,645.11,322.56,673,0
3986,Technical Skills,David Brown,2022-10-15,2022,10,Q4,Passed,0,1,1,5,40,813.03,162.61,579,1
3181,Leadership Development,David Bush,2023-01-13,2023,1,Q1,Incomplete,0,0,1,4,32,900.21,225.05,574,0
3195,Customer Service,David Cobb,2023-06-28,2023,6,Q2,Failed,0,0,1,1,8,556.09,556.09,565,0
2167,Leadership Development,David Cooper,2023-03-28,2023,3,Q1,Completed,1,0,1,5,40,163.17,32.63,574,1
2821,Technical Skills,David Cunningham,2023-03-06,2023,3,Q1,Incomplete,0,0,1,5,40,841.22,168.24,579,0
2359,Technical Skills,David Davis,2023-05-30,2023,5,Q2,Failed,0,0,1,3,24,850.73,283.58,579,0
1400,Communication Skills,David Dennis,2022-08-06,2022,8,Q3,Failed,0,0,1,2,16,634.92,317.46,673,0
1385,Communication Skills,David Evans,2023-06-27,2023,6,Q2,Passed,0,1,1,1,8,678.07,678.07,673,1
1476,Technical Skills,David Evans,2023-03-08,2023,3,Q1,Completed,1,0,1,2,16,615.32,307.66,579,1
2212,Technical Skills,David Flores,2023-07-19,2023,7,Q3,Incomplete,0,0,1,1,8,160.81,160.81,579,0
3715,Leadership Development,David Garza,2023-01-11,2023,1,Q1,Incomplete,0,0,1,3,24,572.56,190.85,574,0
1735,Project Management,David Harris,2023-07-22,2023,7,Q3,Passed,0,1,1,1,8,203.04,203.04,609,1
1964,Customer Service,David Hart,2023-05-22,2023,5,Q2,Failed,0,0,1,1,8,540.96,540.96,565,0
1820,Customer Service,David Henson,2023-06-30,2023,6,Q2,Failed,0,0,1,1,8,742.26,742.26,565,0
1369,Communication Skills,David Hernandez,2023-01-31,2023,1,Q1,Incomplete,0,0,1,2,16,629.2,314.6,673,0
3151,Project Management,David Hoffman,2022-10-06,2022,10,Q4,Passed,0,1,1,2,16,978.88,489.44,609,1
2622,Leadership Development,David Jenkins,2022-12-08,2022,12,Q4,Passed,0,1,1,5,40,159.37,31.87,574,1
2372,Leadership Development,David Maldonado,2023-01-27,2023,1,Q1,Completed,1,0,1,2,16,784.93,392.46,574,1
2774,Communication Skills,David Martin,2023-08-05,2023,8,Q3,Passed,0,1,1,5,40,694.23,138.85,673,1
3423,Technical Skills,David Matthews,2022-10-14,2022,10,Q4,Completed,1,0,1,1,8,439.65,439.65,579,1
2470,Communication Skills,David Miller MD,2023-04-05,2023,4,Q2,Completed,1,0,1,2,16,999,499.5,673,1
3781,Customer Service,David Nash,2023-07-11,2023,7,Q3,Incomplete,0,0,1,1,8,124.77,124.77,565,0
2448,Customer Service,David Ramirez,2022-09-29,2022,9,Q3,Passed,0,1,1,5,40,633.54,126.71,565,1
2086,Communication Skills,David Ray,2023-04-03,2023,4,Q2,Completed,1,0,1,3,24,488.66,162.89,673,1
2300,Customer Service,David Reilly,2022-09-27,2022,9,Q3,Completed,1,0,1,2,16,668.1,334.05,565,1
2692,Communication Skills,David Roberts,2023-05-30,2023,5,Q2,Completed,1,0,1,1,8,614.11,614.11,673,1
1409,Customer Service,David Rodriguez,2022-08-23,2022,8,Q3,Passed,0,1,1,4,32,938.59,234.65,565,1
2786,Communication Skills,David Rogers,2023-06-16,2023,6,Q2,Incomplete,0,0,1,4,32,485.05,121.26,673,0
2185,Customer Service,David Ruiz,2023-08-01,2023,8,Q3,Incomplete,0,0,1,5,40,220.95,44.19,565,0
2953,Leadership Development,David Russell,2022-12-11,2022,12,Q4,Incomplete,0,0,1,4,32,925.16,231.29,574,0
3433,Customer Service,David Stewart,2022-08-06,2022,8,Q3,Passed,0,1,1,5,40,295.08,59.02,565,1
3678,Customer Service,David Underwood,2022-09-06,2022,9,Q3,Incomplete,0,0,1,2,16,288.16,144.08,565,0
2949,Communication Skills,David Velazquez,2023-03-09,2023,3,Q1,Passed,0,1,1,3,24,310.41,103.47,673,1
2714,Technical Skills,David Watkins,2023-01-08,2023,1,Q1,Incomplete,0,0,1,5,40,831.09,166.22,579,0
1625,Project Management,David Wood,2022-11-15,2022,11,Q4,Passed,0,1,1,5,40,101.56,20.31,609,1
2826,Customer Service,David Wright,2023-07-13,2023,7,Q3,Failed,0,0,1,2,16,656.05,328.02,565,0
2800,Customer Service,David Young,2022-12-20,2022,12,Q4,Incomplete,0,0,1,1,8,729.03,729.03,565,0
3820,Project Management,Dawn Dunn,2022-08-19,2022,8,Q3,Incomplete,0,0,1,2,16,333.8,166.9,609,0
3218,Leadership Development,Dawn Gardner,2023-01-21,2023,1,Q1,Incomplete,0,0,1,2,16,526.6,263.3,574,0
2151,Leadership Development,Dawn Lara,2023-03-10,2023,3,Q1,Failed,0,0,1,3,24,845.94,281.98,574,0
2683,Technical Skills,Dawn Moon,2022-08-26,2022,8,Q3,Passed,0,1,1,2,16,412.34,206.17,579,1
3841,Customer Service,Dean Grimes,2023-01-24,2023,1,Q1,Passed,0,1,1,4,32,872.91,218.23,565,1
3026,Customer Service,Debbie Adkins,2022-11-02,2022,11,Q4,Passed,0,1,1,3,24,864.03,288.01,565,1
2799,Communication Skills,Debbie Arnold,2023-07-28,2023,7,Q3,Incomplete,0,0,1,1,8,543.46,543.46,673,0
3260,Customer Service,Debbie Mccormick,2022-12-03,2022,12,Q4,Failed,0,0,1,2,16,681.18,340.59,565,0
1190,Project Management,Debbie Miller,2023-05-21,2023,5,Q2,Failed,0,0,1,4,32,727.81,181.95,609,0
2242,Project Management,Debbie Salas,2022-12-17,2022,12,Q4,Failed,0,0,1,1,8,627.11,627.11,609,0
2102,Communication Skills,Debbie Young,2023-05-04,2023,5,Q2,Passed,0,1,1,1,8,598.51,598.51,673,1
2486,Technical Skills,Deborah Ball,2023-05-11,2023,5,Q2,Passed,0,1,1,4,32,703.29,175.82,579,1
2024,Communication Skills,Deborah Oliver,2023-06-11,2023,6,Q2,Failed,0,0,1,1,8,222.56,222.56,673,0
2145,Project Management,Deborah Reed,2022-12-05,2022,12,Q4,Failed,0,0,1,4,32,251.83,62.96,609,0
3034,Leadership Development,Deborah White,2022-11-25,2022,11,Q4,Passed,0,1,1,2,16,947.76,473.88,574,1
1567,Project Management,Debra Bailey,2023-05-13,2023,5,Q2,Failed,0,0,1,1,8,177.99,177.99,609,0
1743,Project Management,Debra Barton,2023-07-13,2023,7,Q3,Passed,0,1,1,4,32,954.37,238.59,609,1
2575,Communication Skills,Debra Smith,2023-02-26,2023,2,Q1,Incomplete,0,0,1,2,16,157.17,78.58,673,0
3683,Project Management,Debra Williams,2022-12-28,2022,12,Q4,Completed,1,0,1,1,8,990.69,990.69,609,1
3078,Leadership Development,Denise Adams,2023-03-05,2023,3,Q1,Completed,1,0,1,1,8,548.95,548.95,574,1
2240,Communication Skills,Denise Carter,2023-03-17,2023,3,Q1,Incomplete,0,0,1,4,32,980.41,245.1,673,0
2484,Communication Skills,Denise Chandler,2023-04-03,2023,4,Q2,Failed,0,0,1,3,24,163.61,54.54,673,0
1761,Technical Skills,Denise Guzman,2022-11-07,2022,11,Q4,Completed,1,0,1,4,32,905.6,226.4,579,1
1368,Project Management,Denise Lopez,2022-10-19,2022,10,Q4,Incomplete,0,0,1,4,32,271.9,67.97,609,0
3526,Customer Service,Denise Wilkerson,2022-10-15,2022,10,Q4,Passed,0,1,1,2,16,360.5,180.25,565,1
2717,Communication Skills,Dennis Davis,2023-03-25,2023,3,Q1,Passed,0,1,1,5,40,866.13,173.23,673,1
3864,Leadership Development,Dennis Decker,2022-11-02,2022,11,Q4,Incomplete,0,0,1,4,32,976.03,244.01,574,0
2734,Communication Skills,Dennis Lucas,2023-02-22,2023,2,Q1,Completed,1,0,1,5,40,953.92,190.78,673,1
2992,Leadership Development,Dennis Robbins,2023-02-03,2023,2,Q1,Passed,0,1,1,1,8,125.34,125.34,574,1
2828,Communication Skills,Dennis Romero,2023-01-30,2023,1,Q1,Completed,1,0,1,3,24,915.92,305.31,673,1
1124,Communication Skills,Derek Harrell,2022-11-03,2022,11,Q4,Failed,0,0,1,1,8,256.21,256.21,673,0
2750,Customer Service,Derek Johnston,2023-02-27,2023,2,Q1,Passed,0,1,1,1,8,462.45,462.45,565,1
3804,Customer Service,Derek Mason,2023-02-15,2023,2,Q1,Incomplete,0,0,1,4,32,414.55,103.64,565,0
1947,Communication Skills,Derek Smith,2022-11-14,2022,11,Q4,Failed,0,0,1,3,24,147.4,49.13,673,0
3971,Project Management,Derek Walker,2022-08-16,2022,8,Q3,Passed,0,1,1,5,40,482.47,96.49,609,1
1699,Customer Service,Derek Wilson,2023-07-24,2023,7,Q3,Incomplete,0,0,1,3,24,730.86,243.62,565,0
2615,Leadership Development,Derrick Hernandez,2023-03-10,2023,3,Q1,Completed,1,0,1,5,40,689.87,137.97,574,1
3139,Communication Skills,Derrick Walker,2023-04-23,2023,4,Q2,Completed,1,0,1,4,32,649.64,162.41,673,1
1732,Project Management,Derrick Wallace,2023-07-06,2023,7,Q3,Completed,1,0,1,1,8,562.06,562.06,609,1
2464,Leadership Development,Derrick Young,2023-07-14,2023,7,Q3,Passed,0,1,1,1,8,795.5,795.5,574,1
3928,Leadership Development,Devin Clark MD,2022-09-11,2022,9,Q3,Failed,0,0,1,1,8,799.99,799.99,574,0
1396,Communication Skills,Diana Benton,2022-09-13,2022,9,Q3,Completed,1,0,1,3,24,632.28,210.76,673,1
1494,Customer Service,Diana Johnson,2023-02-01,2023,2,Q1,Passed,0,1,1,5,40,978.89,195.78,565,1
2586,Customer Service,Diana Walsh,2022-08-05,2022,8,Q3,Completed,1,0,1,5,40,222.04,44.41,565,1
1434,Project Management,Diane Alvarado,2023-04-27,2023,4,Q2,Incomplete,0,0,1,2,16,746.99,373.5,609,0
2022,Leadership Development,Diane Carlson,2022-10-09,2022,10,Q4,Incomplete,0,0,1,3,24,742.84,247.61,574,0
3015,Customer Service,Diane Duran,2022-11-18,2022,11,Q4,Completed,1,0,1,1,8,108.95,108.95,565,1
3038,Customer Service,Diane Freeman,2022-08-17,2022,8,Q3,Incomplete,0,0,1,5,40,244.22,48.84,565,0
1662,Technical Skills,Diane Lam,2023-02-18,2023,2,Q1,Failed,0,0,1,3,24,241.19,80.4,579,0
2230,Project Management,Diane Larson,2023-08-03,2023,8,Q3,Passed,0,1,1,3,24,634.34,211.45,609,1
2021,Project Management,Dominic Spencer,2023-04-29,2023,4,Q2,Incomplete,0,0,1,4,32,646.72,161.68,609,0
3950,Technical Skills,Dominique Gordon,2023-04-22,2023,4,Q2,Completed,1,0,1,2,16,119.24,59.62,579,1
2514,Technical Skills,Dominique Hughes,2023-06-14,2023,6,Q2,Incomplete,0,0,1,3,24,538.16,179.39,579,0
1306,Technical Skills,Donald Anderson,2023-07-13,2023,7,Q3,Failed,0,0,1,4,32,443.99,111,579,0
3000,Technical Skills,Donald Crane,2023-05-11,2023,5,Q2,Incomplete,0,0,1,2,16,172.72,86.36,579,0
1904,Leadership Development,Donald Franklin,2022-10-20,2022,10,Q4,Failed,0,0,1,1,8,576.1,576.1,574,0
1262,Communication Skills,Donald Gregory,2023-01-17,2023,1,Q1,Passed,0,1,1,2,16,711.8,355.9,673,1
3431,Technical Skills,Donald Martinez,2023-07-13,2023,7,Q3,Failed,0,0,1,5,40,399.03,79.81,579,0
1592,Communication Skills,Donald Rogers,2023-06-20,2023,6,Q2,Incomplete,0,0,1,1,8,590.82,590.82,673,0
1554,Project Management,Donald Wong,2022-09-17,2022,9,Q3,Completed,1,0,1,2,16,892.06,446.03,609,1
1278,Technical Skills,Donna Barr,2023-02-04,2023,2,Q1,Incomplete,0,0,1,1,8,331.46,331.46,579,0
2727,Communication Skills,Donna Cain PhD,2022-12-31,2022,12,Q4,Incomplete,0,0,1,2,16,687.99,344,673,0
3987,Project Management,Donna Cook,2022-08-24,2022,8,Q3,Passed,0,1,1,1,8,962.54,962.54,609,1
3510,Technical Skills,Donna Diaz,2022-10-27,2022,10,Q4,Completed,1,0,1,4,32,473.23,118.31,579,1
3119,Leadership Development,Donna Flores,2023-02-26,2023,2,Q1,Passed,0,1,1,1,8,899.2,899.2,574,1
2849,Technical Skills,Donna Gonzalez,2023-05-06,2023,5,Q2,Failed,0,0,1,3,24,706.23,235.41,579,0
1727,Technical Skills,Donna Guzman,2023-02-16,2023,2,Q1,Failed,0,0,1,5,40,252.22,50.44,579,0
2922,Technical Skills,Donna Joseph,2023-05-19,2023,5,Q2,Incomplete,0,0,1,1,8,713.3,713.3,579,0
3368,Leadership Development,Donna Webster MD,2022-11-28,2022,11,Q4,Incomplete,0,0,1,5,40,970.35,194.07,574,0
2026,Project Management,Dorothy Gould,2022-08-08,2022,8,Q3,Incomplete,0,0,1,3,24,124.93,41.64,609,0
1360,Leadership Development,Douglas Barton,2022-09-20,2022,9,Q3,Passed,0,1,1,2,16,538.02,269.01,574,1
1811,Customer Service,Douglas Brown,2023-07-25,2023,7,Q3,Incomplete,0,0,1,3,24,819.87,273.29,565,0
1231,Project Management,Douglas Dean,2022-08-06,2022,8,Q3,Passed,0,1,1,1,8,896.8,896.8,609,1
1314,Project Management,Douglas Green,2023-03-18,2023,3,Q1,Passed,0,1,1,4,32,852.21,213.05,609,1
1572,Customer Service,Douglas Greer,2022-10-08,2022,10,Q4,Completed,1,0,1,2,16,738.65,369.32,565,1
2168,Customer Service,Douglas Harris,2023-08-01,2023,8,Q3,Incomplete,0,0,1,2,16,851.51,425.75,565,0
1573,Technical Skills,Douglas Johnson,2022-12-15,2022,12,Q4,Incomplete,0,0,1,2,16,159.42,79.71,579,0
1225,Customer Service,Douglas Norton,2022-08-14,2022,8,Q3,Completed,1,0,1,5,40,557.02,111.4,565,1
3790,Communication Skills,Douglas Phillips,2023-03-18,2023,3,Q1,Completed,1,0,1,2,16,676.95,338.48,673,1
3730,Leadership Development,Douglas Robinson,2022-08-29,2022,8,Q3,Incomplete,0,0,1,1,8,161.47,161.47,574,0
2495,Project Management,Douglas Silva,2022-08-27,2022,8,Q3,Incomplete,0,0,1,3,24,180.44,60.15,609,0
3886,Technical Skills,Dr. Allison Reese,2022-11-28,2022,11,Q4,Passed,0,1,1,4,32,298.1,74.53,579,1
2358,Project Management,Dr. Christina Dickerson,2023-04-14,2023,4,Q2,Incomplete,0,0,1,3,24,164.22,54.74,609,0
1665,Project Management,Dr. Christina Johnson,2022-11-15,2022,11,Q4,Passed,0,1,1,3,24,999.83,333.28,609,1
2756,Communication Skills,Dr. Craig Baker,2023-04-04,2023,4,Q2,Completed,1,0,1,5,40,120.79,24.16,673,1
3721,Technical Skills,Dr. Dana Wells,2022-12-22,2022,12,Q4,Incomplete,0,0,1,4,32,327.82,81.95,579,0
3322,Communication Skills,Dr. Derek Shaffer,2023-05-11,2023,5,Q2,Failed,0,0,1,5,40,371.76,74.35,673,0
1696,Project Management,Dr. Eric Reynolds,2023-05-29,2023,5,Q2,Completed,1,0,1,1,8,754.78,754.78,609,1
1561,Leadership Development,Dr. Heather Osborne,2022-10-19,2022,10,Q4,Incomplete,0,0,1,3,24,924.06,308.02,574,0
1428,Technical Skills,Dr. Jennifer Jones,2022-08-30,2022,8,Q3,Failed,0,0,1,5,40,956.11,191.22,579,0
2329,Leadership Development,Dr. John Moore,2023-01-21,2023,1,Q1,Incomplete,0,0,1,2,16,209.86,104.93,574,0
3631,Customer Service,Dr. Joseph Graham,2023-04-10,2023,4,Q2,Completed,1,0,1,1,8,691.12,691.12,565,1
2383,Customer Service,Dr. Krista Hatfield,2022-08-09,2022,8,Q3,Incomplete,0,0,1,1,8,374.73,374.73,565,0
2634,Project Management,Dr. Lisa Bishop MD,2023-05-26,2023,5,Q2,Completed,1,0,1,1,8,532.85,532.85,609,1
3476,Leadership Development,Dr. Margaret Allen,2022-11-18,2022,11,Q4,Incomplete,0,0,1,4,32,533.5,133.38,574,0
2080,Project Management,Dr. Melanie Kennedy,2023-06-09,2023,6,Q2,Failed,0,0,1,1,8,605.05,605.05,609,0
1907,Technical Skills,Dr. Michael Day,2022-11-10,2022,11,Q4,Completed,1,0,1,2,16,203.44,101.72,579,1
2812,Leadership Development,Dr. Natalie Pacheco,2022-11-25,2022,11,Q4,Incomplete,0,0,1,4,32,663.36,165.84,574,0
2641,Technical Skills,Dr. Oscar White DDS,2022-08-25,2022,8,Q3,Passed,0,1,1,5,40,637.84,127.57,579,1
1049,Leadership Development,Dr. Patricia Johnson,2022-11-20,2022,11,Q4,Completed,1,0,1,2,16,518.54,259.27,574,1
1802,Customer Service,Dr. Reginald Chavez,2023-07-16,2023,7,Q3,Failed,0,0,1,5,40,131.92,26.38,565,0
2013,Leadership Development,Dr. Steven Walker,2023-02-21,2023,2,Q1,Failed,0,0,1,2,16,962.76,481.38,574,0
1700,Customer Service,Dr. Taylor Davis,2022-09-19,2022,9,Q3,Completed,1,0,1,4,32,203.34,50.84,565,1
3109,Customer Service,Drew Delacruz,2023-06-12,2023,6,Q2,Failed,0,0,1,1,8,260.84,260.84,565,0
3487,Project Management,Duane Trevino,2023-07-17,2023,7,Q3,Completed,1,0,1,5,40,132.97,26.59,609,1
1663,Communication Skills,Dustin Alexander,2023-07-13,2023,7,Q3,Passed,0,1,1,5,40,271.37,54.27,673,1
3782,Technical Skills,Dustin Anderson,2022-12-11,2022,12,Q4,Passed,0,1,1,5,40,506.4,101.28,579,1
2781,Leadership Development,Dustin Haley,2022-11-12,2022,11,Q4,Completed,1,0,1,5,40,437.26,87.45,574,1
1874,Leadership Development,Dustin Lewis,2022-12-25,2022,12,Q4,Passed,0,1,1,1,8,902.01,902.01,574,0.5
3215,Communication Skills,Dustin Lewis,2023-07-06,2023,7,Q3,Failed,0,0,1,3,24,183.77,61.26,673,0.5
1321,Customer Service,Dustin Morgan,2023-01-19,2023,1,Q1,Passed,0,1,1,5,40,308.77,61.75,565,1
2662,Project Management,Dustin Phillips,2023-03-10,2023,3,Q1,Completed,1,0,1,5,40,406.1,81.22,609,1
2332,Communication Skills,Dustin Ramsey,2022-11-29,2022,11,Q4,Completed,1,0,1,3,24,144.68,48.23,673,1
2893,Leadership Development,Dustin Smith,2023-06-05,2023,6,Q2,Completed,1,0,1,5,40,205.24,41.05,574,1
3390,Leadership Development,Dwayne Allen,2022-11-06,2022,11,Q4,Failed,0,0,1,3,24,765.2,255.07,574,0
1356,Technical Skills,Dwayne Day,2023-04-06,2023,4,Q2,Incomplete,0,0,1,3,24,301.39,100.46,579,0
1943,Technical Skills,Eddie Foster,2023-05-13,2023,5,Q2,Passed,0,1,1,3,24,453.4,151.13,579,1
1998,Technical Skills,Eddie King,2022-12-01,2022,12,Q4,Completed,1,0,1,2,16,186.77,93.39,579,1
2533,Communication Skills,Eduardo Foster,2023-07-22,2023,7,Q3,Completed,1,0,1,1,8,226.93,226.93,673,1
3854,Communication Skills,Edward Campbell,2022-10-17,2022,10,Q4,Incomplete,0,0,1,5,40,913.62,182.72,673,0
2687,Technical Skills,Edward Davis,2023-07-20,2023,7,Q3,Incomplete,0,0,1,1,8,272.22,272.22,579,0
3080,Technical Skills,Edward Gibson,2023-03-25,2023,3,Q1,Incomplete,0,0,1,5,40,121.62,24.32,579,0
3628,Leadership Development,Edward Morris,2022-09-25,2022,9,Q3,Incomplete,0,0,1,4,32,858.62,214.66,574,0
2224,Customer Service,Edward Wood,2022-09-23,2022,9,Q3,Failed,0,0,1,2,16,914.52,457.26,565,0
2818,Technical Skills,Edwin Brown,2023-02-27,2023,2,Q1,Completed,1,0,1,5,40,453.51,90.7,579,1
2105,Technical Skills,Edwin Gomez,2022-11-10,2022,11,Q4,Completed,1,0,1,3,24,365.03,121.68,579,1
2147,Technical Skills,Edwin Valencia,2023-01-25,2023,1,Q1,Passed,0,1,1,3,24,535.19,178.4,579,1
2005,Leadership Development,Elijah Henson,2023-04-22,2023,4,Q2,Completed,1,0,1,2,16,458.78,229.39,574,1
3686,Project Management,Elizabeth Allen,2023-07-05,2023,7,Q3,Incomplete,0,0,1,3,24,878.11,292.7,609,0
3648,Leadership Development,Elizabeth Barr,2023-02-26,2023,2,Q1,Completed,1,0,1,2,16,325.78,162.89,574,1
3515,Customer Service,Elizabeth Cook,2023-02-04,2023,2,Q1,Completed,1,0,1,1,8,143.96,143.96,565,1
2310,Leadership Development,Elizabeth Crane,2022-12-27,2022,12,Q4,Incomplete,0,0,1,4,32,581.95,145.49,574,0
3690,Technical Skills,Elizabeth Davis,2023-04-03,2023,4,Q2,Completed,1,0,1,5,40,589.5,117.9,579,1
2042,Customer Service,Elizabeth Elliott,2023-02-14,2023,2,Q1,Passed,0,1,1,1,8,651.4,651.4,565,1
2206,Technical Skills,Elizabeth Fischer,2022-09-16,2022,9,Q3,Completed,1,0,1,3,24,274.22,91.41,579,1
2409,Customer Service,Elizabeth Frank,2023-04-07,2023,4,Q2,Passed,0,1,1,1,8,949.78,949.78,565,1
2664,Project Management,Elizabeth Lloyd,2022-09-13,2022,9,Q3,Incomplete,0,0,1,3,24,355.84,118.61,609,0
3346,Leadership Development,Elizabeth Lopez,2022-10-27,2022,10,Q4,Incomplete,0,0,1,1,8,608.47,608.47,574,0
3161,Customer Service,Elizabeth Miller,2022-09-15,2022,9,Q3,Passed,0,1,1,3,24,398.98,132.99,565,1
3606,Project Management,Elizabeth Powell,2022-10-31,2022,10,Q4,Passed,0,1,1,2,16,255.6,127.8,609,1
1529,Communication Skills,Elizabeth Robinson,2023-04-14,2023,4,Q2,Incomplete,0,0,1,5,40,304.06,60.81,673,0
2420,Project Management,Elizabeth Russell,2023-01-29,2023,1,Q1,Passed,0,1,1,3,24,684.64,228.21,609,1
1934,Leadership Development,Elizabeth Sanchez,2023-05-08,2023,5,Q2,Incomplete,0,0,1,2,16,993.7,496.85,574,0
2109,Project Management,Elizabeth Sawyer,2023-04-18,2023,4,Q2,Failed,0,0,1,3,24,869.94,289.98,609,0
1141,Technical Skills,Ellen Anderson,2023-05-17,2023,5,Q2,Incomplete,0,0,1,1,8,635.31,635.31,579,0
3706,Customer Service,Emily Baker,2023-06-07,2023,6,Q2,Completed,1,0,1,1,8,304.9,304.9,565,1
3670,Project Management,Emily Davis,2022-09-25,2022,9,Q3,Completed,1,0,1,5,40,942.09,188.42,609,1
1609,Project Management,Emily Fisher,2023-04-22,2023,4,Q2,Failed,0,0,1,3,24,455.52,151.84,609,0
2130,Project Management,Emily Gonzalez,2022-11-21,2022,11,Q4,Completed,1,0,1,4,32,444.22,111.06,609,1
1352,Communication Skills,Emily Harmon,2022-11-01,2022,11,Q4,Completed,1,0,1,4,32,218.93,54.73,673,1
3024,Technical Skills,Emily Henderson,2022-12-21,2022,12,Q4,Passed,0,1,1,4,32,957.12,239.28,579,1
2123,Project Management,Emily Hernandez,2022-09-23,2022,9,Q3,Failed,0,0,1,4,32,169.71,42.43,609,0
3778,Customer Service,Emily Johnson,2022-09-13,2022,9,Q3,Completed,1,0,1,5,40,341.74,68.35,565,1
1209,Communication Skills,Emily Pierce,2023-06-18,2023,6,Q2,Failed,0,0,1,2,16,197.78,98.89,673,0
3667,Leadership Development,Emily Robinson,2023-02-03,2023,2,Q1,Completed,1,0,1,3,24,860.31,286.77,574,1
1230,Communication Skills,Emily Tate,2023-04-30,2023,4,Q2,Completed,1,0,1,1,8,635.71,635.71,673,1
2406,Communication Skills,Emily Turner,2023-05-19,2023,5,Q2,Failed,0,0,1,1,8,100.04,100.04,673,0
3314,Customer Service,Emma Moran,2023-06-10,2023,6,Q2,Incomplete,0,0,1,2,16,651.52,325.76,565,0
2803,Leadership Development,Emma Wright,2023-01-29,2023,1,Q1,Failed,0,0,1,4,32,106.21,26.55,574,0
1969,Communication Skills,Eric Allen,2022-08-29,2022,8,Q3,Incomplete,0,0,1,4,32,967.94,241.99,673,0
1371,Leadership Development,Eric Bradley,2022-10-01,2022,10,Q4,Passed,0,1,1,1,8,321.25,321.25,574,1
1557,Customer Service,Eric Bullock,2023-06-06,2023,6,Q2,Incomplete,0,0,1,5,40,256.57,51.31,565,0
2968,Customer Service,Eric Charles,2022-11-20,2022,11,Q4,Failed,0,0,1,3,24,764.74,254.91,565,0
1217,Customer Service,Eric Clark,2023-04-17,2023,4,Q2,Completed,1,0,1,1,8,857.42,857.42,565,1
2079,Leadership Development,Eric Contreras,2023-01-15,2023,1,Q1,Completed,1,0,1,4,32,444.96,111.24,574,1
3722,Communication Skills,Eric Contreras,2023-01-15,2023,1,Q1,Passed,0,1,1,1,8,512.55,512.55,673,1
1112,Communication Skills,Eric Davis,2022-09-30,2022,9,Q3,Failed,0,0,1,3,24,668.05,222.68,673,0
1038,Customer Service,Eric Davis,2023-07-28,2023,7,Q3,Failed,0,0,1,2,16,516.89,258.44,565,0
1988,Project Management,Eric Gallegos,2023-05-18,2023,5,Q2,Completed,1,0,1,4,32,903.8,225.95,609,1
2291,Project Management,Eric Gonzales,2023-07-01,2023,7,Q3,Incomplete,0,0,1,5,40,973.53,194.71,609,0
1063,Technical Skills,Eric Harris,2022-10-15,2022,10,Q4,Completed,1,0,1,1,8,523.82,523.82,579,1
2193,Technical Skills,Eric Jarvis,2023-07-16,2023,7,Q3,Incomplete,0,0,1,2,16,704.42,352.21,579,0
1016,Communication Skills,Eric Johnson,2023-04-30,2023,4,Q2,Completed,1,0,1,2,16,606.68,303.34,673,1
3223,Communication Skills,Eric Lucas,2023-03-14,2023,3,Q1,Incomplete,0,0,1,4,32,158.97,39.74,673,0
3114,Technical Skills,Eric Miranda,2023-01-10,2023,1,Q1,Passed,0,1,1,5,40,569.5,113.9,579,1
2249,Customer Service,Eric Moore,2023-07-06,2023,7,Q3,Failed,0,0,1,2,16,705.36,352.68,565,0
2636,Communication Skills,Eric Shaw,2023-07-14,2023,7,Q3,Passed,0,1,1,4,32,483.54,120.89,673,1
2382,Project Management,Eric Smith,2023-08-01,2023,8,Q3,Completed,1,0,1,1,8,751.78,751.78,609,1
3691,Leadership Development,Eric Snyder,2023-03-06,2023,3,Q1,Completed,1,0,1,3,24,311.28,103.76,574,1
3414,Project Management,Eric Vaughn,2023-07-23,2023,7,Q3,Incomplete,0,0,1,2,16,616.09,308.05,609,0
3358,Customer Service,Eric Webb,2022-08-28,2022,8,Q3,Failed,0,0,1,5,40,806.4,161.28,565,0
1819,Customer Service,Eric Weiss,2022-10-19,2022,10,Q4,Passed,0,1,1,3,24,649.51,216.5,565,1
3866,Customer Service,Erica Brewer,2022-12-04,2022,12,Q4,Incomplete,0,0,1,4,32,993.08,248.27,565,0
3632,Technical Skills,Erica Johnson,2023-06-23,2023,6,Q2,Completed,1,0,1,2,16,174.85,87.42,579,1
1008,Technical Skills,Erica Maxwell,2023-08-02,2023,8,Q3,Incomplete,0,0,1,2,16,758.18,379.09,579,0
1999,Technical Skills,Erica Wilson,2023-05-08,2023,5,Q2,Passed,0,1,1,4,32,633.67,158.42,579,1
1218,Leadership Development,Erica Winters,2023-01-30,2023,1,Q1,Failed,0,0,1,3,24,733.16,244.39,574,0
2898,Leadership Development,Erik Marsh,2023-06-22,2023,6,Q2,Completed,1,0,1,1,8,832.37,832.37,574,1
3582,Communication Skills,Erik Reeves,2022-09-09,2022,9,Q3,Completed,1,0,1,4,32,875.02,218.75,673,1
3466,Customer Service,Erika Jackson,2022-12-07,2022,12,Q4,Passed,0,1,1,3,24,447.66,149.22,565,1
1053,Communication Skills,Erika Roberts,2022-12-19,2022,12,Q4,Passed,0,1,1,4,32,704.7,176.18,673,1
2896,Technical Skills,Erin Day,2023-07-01,2023,7,Q3,Passed,0,1,1,5,40,794.92,158.98,579,1
2900,Customer Service,Erin Everett,2023-01-16,2023,1,Q1,Passed,0,1,1,4,32,255.02,63.76,565,1
3893,Leadership Development,Erin Jones,2022-09-16,2022,9,Q3,Failed,0,0,1,1,8,242.36,242.36,574,0
3728,Customer Service,Erin Keller DVM,2023-07-10,2023,7,Q3,Completed,1,0,1,5,40,419.79,83.96,565,1
2604,Leadership Development,Erin Mills,2022-11-01,2022,11,Q4,Failed,0,0,1,5,40,990.59,198.12,574,0
1348,Technical Skills,Ernest Walter,2023-08-01,2023,8,Q3,Completed,1,0,1,4,32,594.15,148.54,579,1
3040,Technical Skills,Ethan Brown,2022-12-30,2022,12,Q4,Passed,0,1,1,5,40,321.03,64.21,579,1
1545,Leadership Development,Ethan Golden,2023-02-05,2023,2,Q1,Passed,0,1,1,3,24,566,188.67,574,1
1958,Communication Skills,Ethan Williams,2023-05-23,2023,5,Q2,Incomplete,0,0,1,2,16,141.91,70.95,673,0
2793,Project Management,Evan Adams,2022-10-09,2022,10,Q4,Incomplete,0,0,1,1,8,774.44,774.44,609,0
1705,Communication Skills,Evan Davis,2022-10-22,2022,10,Q4,Passed,0,1,1,1,8,663.08,663.08,673,1
3815,Project Management,Evan Hart,2023-02-05,2023,2,Q1,Failed,0,0,1,1,8,910.09,910.09,609,0
3840,Technical Skills,Evelyn Gray,2022-11-06,2022,11,Q4,Failed,0,0,1,4,32,170.61,42.65,579,0
2062,Project Management,Evelyn Hart,2023-05-20,2023,5,Q2,Passed,0,1,1,1,8,842.36,842.36,609,1
3773,Project Management,Evelyn Hayes,2022-11-15,2022,11,Q4,Failed,0,0,1,2,16,374.02,187.01,609,0
3065,Project Management,Evelyn Hill,2023-06-11,2023,6,Q2,Incomplete,0,0,1,1,8,997.24,997.24,609,0
2376,Communication Skills,Faith Ortega,2023-04-26,2023,4,Q2,Completed,1,0,1,5,40,755.69,151.14,673,1
3523,Leadership Development,Felicia Berg,2023-07-10,2023,7,Q3,Incomplete,0,0,1,2,16,451.18,225.59,574,0
1488,Technical Skills,Felicia Hart,2023-07-23,2023,7,Q3,Incomplete,0,0,1,5,40,428.44,85.69,579,0
1334,Project Management,Felicia Johnson,2023-04-01,2023,4,Q2,Failed,0,0,1,1,8,297.12,297.12,609,0
2455,Customer Service,Frances Hansen,2023-06-08,2023,6,Q2,Completed,1,0,1,4,32,218.61,54.65,565,1
3573,Customer Service,Francis Cox,2022-10-06,2022,10,Q4,Completed,1,0,1,4,32,386.07,96.52,565,1
2829,Customer Service,Francis Rosales,2022-10-26,2022,10,Q4,Passed,0,1,1,3,24,487.27,162.42,565,1
1610,Communication Skills,Francisco Hines,2023-03-29,2023,3,Q1,Completed,1,0,1,4,32,815.24,203.81,673,1
2462,Customer Service,Francisco Walker,2023-02-05,2023,2,Q1,Completed,1,0,1,3,24,758.62,252.87,565,1
3473,Communication Skills,Frank Harris,2022-12-06,2022,12,Q4,Failed,0,0,1,5,40,789.99,158,673,0
3098,Leadership Development,Frank Jackson,2022-10-04,2022,10,Q4,Passed,0,1,1,1,8,801.69,801.69,574,1
3471,Customer Service,Frank Joyce,2023-03-23,2023,3,Q1,Passed,0,1,1,3,24,109.98,36.66,565,1
3035,Customer Service,Frank Mitchell,2023-05-09,2023,5,Q2,Completed,1,0,1,1,8,498.19,498.19,565,1
1781,Technical Skills,Frank Perez,2023-07-04,2023,7,Q3,Failed,0,0,1,4,32,892.3,223.07,579,0
3621,Leadership Development,Frank Perry,2023-07-15,2023,7,Q3,Passed,0,1,1,3,24,879.89,293.3,574,1
1941,Leadership Development,Frank Rhodes,2023-02-04,2023,2,Q1,Failed,0,0,1,3,24,158.79,52.93,574,0
3846,Leadership Development,Frank Rogers,2023-04-11,2023,4,Q2,Incomplete,0,0,1,4,32,607.97,151.99,574,0
2108,Customer Service,Franklin Hunter,2022-09-05,2022,9,Q3,Completed,1,0,1,5,40,804.37,160.87,565,1
3934,Project Management,Frederick White,2023-02-16,2023,2,Q1,Completed,1,0,1,5,40,219.78,43.96,609,1
2672,Project Management,Gabriel Miller,2023-07-18,2023,7,Q3,Incomplete,0,0,1,2,16,118.43,59.22,609,0
1779,Project Management,Gabriela Rodriguez,2022-11-27,2022,11,Q4,Passed,0,1,1,3,24,188.56,62.85,609,1
2866,Project Management,Gabriella Salazar,2023-04-11,2023,4,Q2,Passed,0,1,1,5,40,792.46,158.49,609,1
1850,Communication Skills,Gabrielle Matthews,2023-05-02,2023,5,Q2,Completed,1,0,1,1,8,950.45,950.45,673,1
2863,Customer Service,Gabrielle Pierce,2022-12-08,2022,12,Q4,Completed,1,0,1,4,32,422.27,105.57,565,1
1245,Communication Skills,Garrett Johnson,2023-06-29,2023,6,Q2,Incomplete,0,0,1,4,32,392.14,98.03,673,0
3823,Communication Skills,Gary Hill,2022-09-21,2022,9,Q3,Completed,1,0,1,4,32,516.9,129.22,673,1
3802,Leadership Development,Gary Jackson,2023-01-24,2023,1,Q1,Passed,0,1,1,1,8,493.72,493.72,574,1
2009,Customer Service,Gary Johnson,2023-01-20,2023,1,Q1,Incomplete,0,0,1,1,8,319.94,319.94,565,0
2425,Technical Skills,Gary Love,2023-04-23,2023,4,Q2,Failed,0,0,1,3,24,136.76,45.59,579,0
3876,Leadership Development,Gary Park,2022-11-10,2022,11,Q4,Failed,0,0,1,1,8,946.23,946.23,574,0
1918,Communication Skills,Gary Rocha,2023-08-03,2023,8,Q3,Incomplete,0,0,1,2,16,226.7,113.35,673,0
1714,Project Management,Gary Smith,2023-07-24,2023,7,Q3,Passed,0,1,1,3,24,374.58,124.86,609,1
3966,Customer Service,Gary Thompson,2022-10-13,2022,10,Q4,Failed,0,0,1,2,16,726.74,363.37,565,0
3443,Technical Skills,Gary Thornton,2023-02-18,2023,2,Q1,Failed,0,0,1,3,24,402.13,134.04,579,0
3407,Leadership Development,George Boone,2023-02-06,2023,2,Q1,Incomplete,0,0,1,1,8,501.87,501.87,574,0
1121,Leadership Development,George Brown,2022-09-19,2022,9,Q3,Failed,0,0,1,1,8,428.9,428.9,574,0
1093,Customer Service,George Burns,2023-07-07,2023,7,Q3,Failed,0,0,1,5,40,995.52,199.1,565,0
2099,Customer Service,George Hopkins,2023-02-28,2023,2,Q1,Completed,1,0,1,2,16,829.08,414.54,565,1
1654,Technical Skills,George Morris,2023-05-01,2023,5,Q2,Failed,0,0,1,2,16,641.09,320.55,579,0
3182,Technical Skills,George Norris,2023-05-02,2023,5,Q2,Passed,0,1,1,2,16,825.61,412.81,579,1
3672,Project Management,George Orozco,2022-08-29,2022,8,Q3,Failed,0,0,1,1,8,358.73,358.73,609,0
1617,Leadership Development,George Stevenson,2023-02-06,2023,2,Q1,Completed,1,0,1,3,24,586.5,195.5,574,1
1438,Customer Service,George Swanson,2023-05-12,2023,5,Q2,Passed,0,1,1,2,16,996.18,498.09,565,1
3944,Technical Skills,Gerald Barnes,2022-08-19,2022,8,Q3,Completed,1,0,1,1,8,627.14,627.14,579,1
2775,Technical Skills,Gerald Gonzales,2022-11-05,2022,11,Q4,Incomplete,0,0,1,1,8,703.45,703.45,579,0
3147,Project Management,Gerald Reynolds,2022-12-20,2022,12,Q4,Completed,1,0,1,4,32,820.65,205.16,609,1
2632,Customer Service,Gerald White,2023-04-19,2023,4,Q2,Incomplete,0,0,1,2,16,209.47,104.73,565,0
1236,Customer Service,Gerald Wilson,2023-04-17,2023,4,Q2,Passed,0,1,1,2,16,244.25,122.13,565,1
1028,Technical Skills,Gina Moore,2023-01-19,2023,1,Q1,Incomplete,0,0,1,3,24,804.06,268.02,579,0
3610,Customer Service,Gina Morris,2023-02-15,2023,2,Q1,Incomplete,0,0,1,4,32,217.57,54.39,565,0
2239,Technical Skills,Gina Smith,2023-04-11,2023,4,Q2,Passed,0,1,1,4,32,273.84,68.46,579,1
1271,Customer Service,Gina White,2023-02-15,2023,2,Q1,Completed,1,0,1,3,24,692.71,230.9,565,1
1454,Customer Service,Gina Williams,2022-12-14,2022,12,Q4,Completed,1,0,1,1,8,832.86,832.86,565,1
3481,Technical Skills,Glenda Ryan,2023-05-29,2023,5,Q2,Incomplete,0,0,1,5,40,758.95,151.79,579,0
1478,Leadership Development,Glenn Jensen,2023-08-03,2023,8,Q3,Failed,0,0,1,5,40,453.86,90.77,574,0
1760,Technical Skills,Glenn Jimenez,2023-01-20,2023,1,Q1,Passed,0,1,1,3,24,378.51,126.17,579,1
1104,Communication Skills,Gloria Phillips,2022-08-11,2022,8,Q3,Completed,1,0,1,4,32,766.77,191.69,673,1
1389,Communication Skills,Grace Archer,2023-01-16,2023,1,Q1,Incomplete,0,0,1,3,24,425.34,141.78,673,0
2669,Project Management,Grace Davis,2023-03-17,2023,3,Q1,Completed,1,0,1,3,24,912.22,304.07,609,1
1380,Communication Skills,Grace Wheeler,2023-05-26,2023,5,Q2,Failed,0,0,1,3,24,326.7,108.9,673,0
2695,Customer Service,Grant Long,2023-01-25,2023,1,Q1,Passed,0,1,1,2,16,123.83,61.91,565,1
1158,Customer Service,Grant Rodriguez,2022-09-14,2022,9,Q3,Completed,1,0,1,3,24,154.71,51.57,565,1
3012,Technical Skills,Gregg Foster,2022-09-22,2022,9,Q3,Failed,0,0,1,3,24,494.02,164.67,579,0
2702,Communication Skills,Gregg Jacobs,2022-09-05,2022,9,Q3,Completed,1,0,1,1,8,328.74,328.74,673,1
1315,Communication Skills,Gregory Davis,2023-07-29,2023,7,Q3,Failed,0,0,1,4,32,761.63,190.41,673,0
2404,Project Management,Gregory Fowler,2023-04-21,2023,4,Q2,Failed,0,0,1,3,24,561.63,187.21,609,0
2056,Technical Skills,Gregory Garcia,2023-02-02,2023,2,Q1,Failed,0,0,1,1,8,190.55,190.55,579,0
1886,Customer Service,Gregory Henderson,2023-06-10,2023,6,Q2,Completed,1,0,1,1,8,349.8,349.8,565,1
1834,Technical Skills,Gregory Kline,2023-03-11,2023,3,Q1,Incomplete,0,0,1,1,8,845.82,845.82,579,0
3516,Technical Skills,Gregory Kramer,2023-06-22,2023,6,Q2,Incomplete,0,0,1,1,8,570.42,570.42,579,0
1227,Communication Skills,Gregory Pratt,2023-05-15,2023,5,Q2,Failed,0,0,1,3,24,669.19,223.06,673,0
2128,Project Management,Gregory Smith,2022-12-22,2022,12,Q4,Passed,0,1,1,2,16,168.47,84.23,609,1
2103,Technical Skills,Gregory Wells,2022-09-06,2022,9,Q3,Incomplete,0,0,1,3,24,958.29,319.43,579,0
1313,Leadership Development,Gregory Woodward,2022-10-25,2022,10,Q4,Incomplete,0,0,1,5,40,786.98,157.4,574,0
3342,Leadership Development,Guy Cuevas,2022-11-15,2022,11,Q4,Failed,0,0,1,4,32,583.66,145.91,574,0
3832,Leadership Development,Gwendolyn Keller,2023-01-10,2023,1,Q1,Incomplete,0,0,1,4,32,770.38,192.59,574,0
1412,Project Management,Gwendolyn Sullivan,2022-08-24,2022,8,Q3,Incomplete,0,0,1,4,32,544.19,136.05,609,0
2551,Communication Skills,Hannah Berry,2023-08-02,2023,8,Q3,Completed,1,0,1,2,16,985,492.5,673,1
1916,Technical Skills,Hannah Cortez,2022-09-28,2022,9,Q3,Incomplete,0,0,1,1,8,331.66,331.66,579,0
3185,Communication Skills,Hannah Hernandez,2022-11-28,2022,11,Q4,Passed,0,1,1,3,24,491.87,163.96,673,1
3072,Project Management,Hannah Le,2023-01-19,2023,1,Q1,Failed,0,0,1,1,8,230.6,230.6,609,0
1929,Customer Service,Hannah Mays,2023-08-04,2023,8,Q3,Failed,0,0,1,3,24,312.56,104.19,565,0
2954,Project Management,Hannah Mitchell,2022-10-23,2022,10,Q4,Passed,0,1,1,2,16,833.13,416.56,609,1
3086,Communication Skills,Hannah Ortiz,2023-06-27,2023,6,Q2,Incomplete,0,0,1,2,16,288.09,144.04,673,0
2125,Communication Skills,Hannah Smith,2022-08-19,2022,8,Q3,Incomplete,0,0,1,2,16,486.63,243.31,673,0
3744,Communication Skills,Hannah Trevino,2023-05-23,2023,5,Q2,Completed,1,0,1,1,8,716.39,716.39,673,1
2738,Communication Skills,Harold Harper,2022-10-01,2022,10,Q4,Incomplete,0,0,1,5,40,880.42,176.08,673,0
2339,Leadership Development,Harold Miller,2022-12-02,2022,12,Q4,Failed,0,0,1,5,40,369.94,73.99,574,0
2197,Technical Skills,Harry Gibson,2023-03-17,2023,3,Q1,Passed,0,1,1,2,16,724.83,362.42,579,1
2980,Customer Service,Harry Hernandez,2023-02-17,2023,2,Q1,Passed,0,1,1,4,32,970.09,242.52,565,1
2909,Technical Skills,Heather Baker,2023-05-12,2023,5,Q2,Passed,0,1,1,4,32,818.39,204.6,579,1
2396,Project Management,Heather Barrett,2022-11-22,2022,11,Q4,Completed,1,0,1,5,40,887.46,177.49,609,1
1442,Technical Skills,Heather Butler,2023-02-21,2023,2,Q1,Incomplete,0,0,1,3,24,367.56,122.52,579,0
2975,Leadership Development,Heather Cruz,2023-07-12,2023,7,Q3,Completed,1,0,1,5,40,551.76,110.35,574,1
3463,Technical Skills,Heather Edwards,2022-08-29,2022,8,Q3,Incomplete,0,0,1,4,32,926.19,231.55,579,0
1092,Communication Skills,Heather Gutierrez,2022-09-20,2022,9,Q3,Completed,1,0,1,5,40,971.46,194.29,673,1
3913,Technical Skills,Heather Hahn,2022-11-28,2022,11,Q4,Failed,0,0,1,4,32,387.35,96.84,579,0
2566,Project Management,Heather Henry,2023-07-29,2023,7,Q3,Incomplete,0,0,1,5,40,327.37,65.47,609,0
3332,Technical Skills,Heather Hoover,2023-02-09,2023,2,Q1,Completed,1,0,1,5,40,385.68,77.14,579,1
1565,Customer Service,Heather Jones,2022-12-03,2022,12,Q4,Completed,1,0,1,3,24,337.52,112.51,565,1
1150,Project Management,Heather Murillo,2023-06-03,2023,6,Q2,Incomplete,0,0,1,5,40,797.35,159.47,609,0
2050,Communication Skills,Heather Nunez,2022-12-13,2022,12,Q4,Completed,1,0,1,3,24,904.54,301.51,673,1
1456,Customer Service,Heather Peters,2022-09-30,2022,9,Q3,Incomplete,0,0,1,3,24,456.95,152.32,565,0
1441,Customer Service,Heather Price,2022-10-23,2022,10,Q4,Incomplete,0,0,1,4,32,758.41,189.6,565,0
1005,Communication Skills,Heather Shaffer,2023-05-12,2023,5,Q2,Passed,0,1,1,4,32,145.99,36.5,673,1
1039,Customer Service,Heather Silva,2023-01-24,2023,1,Q1,Passed,0,1,1,5,40,520.41,104.08,565,1
1538,Leadership Development,Heather Tucker,2022-10-21,2022,10,Q4,Failed,0,0,1,3,24,854.47,284.82,574,0
1977,Leadership Development,Heather Tucker,2023-05-26,2023,5,Q2,Incomplete,0,0,1,5,40,781.27,156.25,574,0
1715,Leadership Development,Hector Hinton,2023-02-17,2023,2,Q1,Incomplete,0,0,1,3,24,788.64,262.88,574,0
2017,Communication Skills,Heidi Chavez,2022-12-03,2022,12,Q4,Incomplete,0,0,1,4,32,397.01,99.25,673,0
3031,Technical Skills,Heidi Cole,2022-12-31,2022,12,Q4,Incomplete,0,0,1,2,16,783.36,391.68,579,0
2658,Technical Skills,Henry Brown,2023-06-29,2023,6,Q2,Passed,0,1,1,1,8,471.89,471.89,579,1
2942,Technical Skills,Henry Fowler,2023-02-20,2023,2,Q1,Incomplete,0,0,1,2,16,858.29,429.14,579,0
3689,Communication Skills,Henry Hines,2023-02-25,2023,2,Q1,Passed,0,1,1,1,8,734.94,734.94,673,1
2418,Technical Skills,Henry Kelly,2023-01-27,2023,1,Q1,Failed,0,0,1,5,40,966.19,193.24,579,0
2517,Technical Skills,Herbert Perez,2023-04-01,2023,4,Q2,Incomplete,0,0,1,5,40,826.65,165.33,579,0
3430,Project Management,Holly Elliott,2022-12-15,2022,12,Q4,Completed,1,0,1,3,24,663.78,221.26,609,1
1778,Project Management,Holly Roth,2022-09-01,2022,9,Q3,Passed,0,1,1,3,24,803.94,267.98,609,1
3432,Project Management,Holly Sloan,2023-04-18,2023,4,Q2,Passed,0,1,1,2,16,820.33,410.17,609,1
3905,Project Management,Holly Stewart,2022-12-18,2022,12,Q4,Failed,0,0,1,3,24,233.22,77.74,609,0
2323,Project Management,Hunter Garcia,2022-12-30,2022,12,Q4,Incomplete,0,0,1,3,24,964.4,321.47,609,0
3178,Communication Skills,Ian Baker,2023-05-02,2023,5,Q2,Incomplete,0,0,1,3,24,708.78,236.26,673,0
3643,Leadership Development,Ian Bennett,2023-03-27,2023,3,Q1,Completed,1,0,1,4,32,712.43,178.11,574,1
3262,Communication Skills,Ian Brown,2023-05-10,2023,5,Q2,Passed,0,1,1,4,32,959.73,239.93,673,1
2222,Project Management,Ian Martin,2023-06-04,2023,6,Q2,Failed,0,0,1,3,24,303.01,101,609,0
3594,Leadership Development,Ian Martinez,2023-05-05,2023,5,Q2,Passed,0,1,1,5,40,472.64,94.53,574,1
2869,Leadership Development,Ian Simon,2023-05-04,2023,5,Q2,Completed,1,0,1,2,16,422.63,211.31,574,1
2784,Customer Service,Ian Snow,2022-09-08,2022,9,Q3,Completed,1,0,1,5,40,427.99,85.6,565,1
1806,Communication Skills,Isaac Baker,2023-07-27,2023,7,Q3,Passed,0,1,1,3,24,176.2,58.73,673,1
1107,Technical Skills,Isaac Burke,2023-01-26,2023,1,Q1,Failed,0,0,1,2,16,231.28,115.64,579,0
3723,Communication Skills,Isabel Little,2022-09-06,2022,9,Q3,Completed,1,0,1,1,8,457.17,457.17,673,1
2667,Leadership Development,Isaiah Oconnell DDS,2023-02-05,2023,2,Q1,Passed,0,1,1,4,32,821.39,205.35,574,1
2502,Technical Skills,Ivan Garcia,2022-08-08,2022,8,Q3,Passed,0,1,1,3,24,971.57,323.86,579,1
1504,Technical Skills,Ivan Patton,2023-06-20,2023,6,Q2,Failed,0,0,1,4,32,684.08,171.02,579,0
1206,Technical Skills,Jackie Johnson,2023-07-20,2023,7,Q3,Passed,0,1,1,5,40,391.85,78.37,579,1
1179,Technical Skills,Jackson Stanley,2023-02-11,2023,2,Q1,Passed,0,1,1,2,16,229.05,114.53,579,1
2795,Customer Service,Jaclyn Cordova,2023-04-30,2023,4,Q2,Failed,0,0,1,4,32,457.74,114.44,565,0
3925,Leadership Development,Jacob Forbes,2023-02-12,2023,2,Q1,Failed,0,0,1,1,8,386.55,386.55,574,0
3702,Leadership Development,Jacob Fox,2023-02-15,2023,2,Q1,Failed,0,0,1,3,24,346.28,115.43,574,0
2591,Customer Service,Jacob Johnson,2022-10-06,2022,10,Q4,Completed,1,0,1,2,16,745.31,372.65,565,1
3585,Communication Skills,Jacob Lee,2023-02-14,2023,2,Q1,Completed,1,0,1,4,32,107.48,26.87,673,1
2651,Customer Service,Jacob Moore,2023-06-12,2023,6,Q2,Completed,1,0,1,3,24,236.69,78.9,565,1
3106,Communication Skills,Jacob Reese,2023-05-06,2023,5,Q2,Incomplete,0,0,1,3,24,957.31,319.1,673,0
2868,Leadership Development,Jacob Richards,2023-06-17,2023,6,Q2,Failed,0,0,1,5,40,866.79,173.36,574,0
3729,Customer Service,Jacob Roach,2022-12-12,2022,12,Q4,Failed,0,0,1,1,8,693.56,693.56,565,0
3957,Communication Skills,Jacob Soto,2023-06-22,2023,6,Q2,Passed,0,1,1,3,24,724.95,241.65,673,1
3638,Customer Service,Jacob White,2023-01-01,2023,1,Q1,Completed,1,0,1,3,24,370.79,123.6,565,1
1774,Customer Service,Jacob Wilson,2023-06-08,2023,6,Q2,Failed,0,0,1,5,40,643.22,128.64,565,0
1064,Leadership Development,Jacqueline Barton,2022-10-06,2022,10,Q4,Passed,0,1,1,1,8,819.86,819.86,574,1
1839,Leadership Development,Jacqueline Kelly,2022-08-16,2022,8,Q3,Incomplete,0,0,1,2,16,645.16,322.58,574,0
2000,Technical Skills,Jacqueline Maxwell,2023-03-20,2023,3,Q1,Incomplete,0,0,1,3,24,236.34,78.78,579,0
1505,Leadership Development,Jacqueline Mclaughlin,2023-05-08,2023,5,Q2,Passed,0,1,1,2,16,204.1,102.05,574,1
3116,Project Management,Jacqueline Thornton,2022-08-23,2022,8,Q3,Failed,0,0,1,4,32,323.12,80.78,609,0
2158,Communication Skills,Jaime Brown,2023-04-06,2023,4,Q2,Failed,0,0,1,1,8,989.3,989.3,673,0
3780,Customer Service,James Allen,2023-08-02,2023,8,Q3,Failed,0,0,1,2,16,658.27,329.13,565,0
3307,Leadership Development,James Benton,2023-01-28,2023,1,Q1,Passed,0,1,1,5,40,837.16,167.43,574,1
1687,Customer Service,James Brown,2023-02-24,2023,2,Q1,Failed,0,0,1,4,32,455.1,113.78,565,0
2477,Leadership Development,James Dixon,2022-10-26,2022,10,Q4,Passed,0,1,1,4,32,961.47,240.37,574,1
1346,Technical Skills,James Dominguez,2023-07-02,2023,7,Q3,Failed,0,0,1,2,16,501.64,250.82,579,0
3240,Project Management,James Evans,2022-10-15,2022,10,Q4,Passed,0,1,1,3,24,801.31,267.1,609,1
2211,Leadership Development,James Fox,2022-11-21,2022,11,Q4,Completed,1,0,1,3,24,906.62,302.21,574,1
1437,Leadership Development,James Garcia,2022-12-28,2022,12,Q4,Passed,0,1,1,3,24,537.12,179.04,574,1
2540,Project Management,James Gibson,2022-10-12,2022,10,Q4,Failed,0,0,1,2,16,602.26,301.13,609,0
3696,Technical Skills,James Gonzalez,2023-01-13,2023,1,Q1,Passed,0,1,1,2,16,299.59,149.79,579,1
3737,Customer Service,James Green DVM,2022-11-17,2022,11,Q4,Failed,0,0,1,1,8,157.8,157.8,565,0
1981,Leadership Development,James Gross,2022-08-10,2022,8,Q3,Passed,0,1,1,1,8,676.42,676.42,574,1
3117,Communication Skills,James Haley,2023-04-16,2023,4,Q2,Passed,0,1,1,5,40,461.57,92.31,673,1
3198,Communication Skills,James Haynes,2023-06-01,2023,6,Q2,Completed,1,0,1,2,16,445.34,222.67,673,1
3150,Customer Service,James Hudson,2023-01-28,2023,1,Q1,Failed,0,0,1,4,32,781.04,195.26,565,0
3411,Customer Service,James Johnson,2023-05-31,2023,5,Q2,Incomplete,0,0,1,5,40,961.53,192.31,565,0.5
2243,Leadership Development,James Johnson,2022-12-30,2022,12,Q4,Passed,0,1,1,4,32,242.22,60.55,574,0.5
1809,Communication Skills,James Kelley,2022-08-15,2022,8,Q3,Incomplete,0,0,1,5,40,488.94,97.79,673,0
1185,Project Management,James Larson,2022-09-22,2022,9,Q3,Failed,0,0,1,5,40,957.9,191.58,609,0
3668,Customer Service,James Lee,2022-11-28,2022,11,Q4,Completed,1,0,1,4,32,265.55,66.39,565,1
3636,Communication Skills,James Lopez,2022-08-26,2022,8,Q3,Passed,0,1,1,3,24,795.72,265.24,673,1
1725,Customer Service,James Mccormick,2023-01-16,2023,1,Q1,Completed,1,0,1,1,8,743.28,743.28,565,1
3339,Customer Service,James Mclean,2023-02-02,2023,2,Q1,Failed,0,0,1,4,32,986.69,246.67,565,0
3401,Project Management,James Owens,2023-04-25,2023,4,Q2,Passed,0,1,1,5,40,605.29,121.06,609,1
2590,Leadership Development,James Pearson,2023-06-14,2023,6,Q2,Incomplete,0,0,1,3,24,606.76,202.25,574,0
3077,Project Management,James Peck,2022-10-31,2022,10,Q4,Failed,0,0,1,3,24,726.88,242.29,609,0
3988,Project Management,James Perez,2023-02-01,2023,2,Q1,Passed,0,1,1,5,40,190.07,38.01,609,0.6666666667
1128,Communication Skills,James Perez,2023-05-17,2023,5,Q2,Incomplete,0,0,1,1,8,773.8,773.8,673,0.6666666667
3494,Technical Skills,James Perez,2023-02-11,2023,2,Q1,Completed,1,0,1,2,16,910.45,455.23,579,0.6666666667
1047,Project Management,James Phelps,2022-11-27,2022,11,Q4,Passed,0,1,1,2,16,606.63,303.31,609,1
1050,Customer Service,James Reed,2023-08-03,2023,8,Q3,Completed,1,0,1,1,8,846.43,846.43,565,1
2689,Project Management,James Reid,2023-07-12,2023,7,Q3,Passed,0,1,1,1,8,812.6,812.6,609,1
3743,Leadership Development,James Riley,2022-11-17,2022,11,Q4,Passed,0,1,1,3,24,439.3,146.43,574,1
2445,Leadership Development,James Spencer Jr.,2023-05-11,2023,5,Q2,Failed,0,0,1,1,8,833.89,833.89,574,0
3938,Technical Skills,James Vasquez,2023-07-30,2023,7,Q3,Completed,1,0,1,2,16,892.83,446.42,579,1
1639,Communication Skills,James Wagner,2023-01-21,2023,1,Q1,Completed,1,0,1,5,40,359.87,71.97,673,1
1423,Communication Skills,James Welch,2023-03-15,2023,3,Q1,Passed,0,1,1,3,24,255.55,85.18,673,1
2131,Project Management,James Williams,2023-01-21,2023,1,Q1,Passed,0,1,1,5,40,591.83,118.37,609,1
3615,Communication Skills,James Young,2022-12-17,2022,12,Q4,Passed,0,1,1,4,32,701.34,175.34,673,1
1370,Leadership Development,Jamie Davis MD,2022-09-06,2022,9,Q3,Incomplete,0,0,1,1,8,850.28,850.28,574,0
3533,Leadership Development,Jamie Dougherty,2023-05-11,2023,5,Q2,Completed,1,0,1,4,32,418.4,104.6,574,1
2458,Customer Service,Jamie Frazier,2023-05-20,2023,5,Q2,Failed,0,0,1,5,40,912.62,182.52,565,0
2804,Leadership Development,Jamie Kim,2023-01-26,2023,1,Q1,Completed,1,0,1,5,40,483.07,96.61,574,1
1987,Communication Skills,Jamie Mays,2023-06-27,2023,6,Q2,Failed,0,0,1,2,16,844.93,422.46,673,0
1670,Leadership Development,Jamie Riley,2023-02-01,2023,2,Q1,Failed,0,0,1,5,40,939.02,187.8,574,0
3936,Communication Skills,Jamie Taylor,2023-05-14,2023,5,Q2,Completed,1,0,1,4,32,283.29,70.82,673,1
3164,Project Management,Jane Romero,2023-02-10,2023,2,Q1,Passed,0,1,1,3,24,981.17,327.06,609,1
3061,Technical Skills,Janet Brady,2022-09-10,2022,9,Q3,Incomplete,0,0,1,5,40,602.56,120.51,579,0
1452,Technical Skills,Janet Schneider,2022-09-04,2022,9,Q3,Passed,0,1,1,4,32,320.38,80.09,579,1
3537,Leadership Development,Janice Leblanc,2023-02-06,2023,2,Q1,Completed,1,0,1,4,32,853.77,213.44,574,1
3733,Communication Skills,Jared Martin,2023-06-04,2023,6,Q2,Incomplete,0,0,1,1,8,246.16,246.16,673,0
3708,Customer Service,Jared Mcclain,2023-01-03,2023,1,Q1,Passed,0,1,1,4,32,136.15,34.04,565,1
3616,Customer Service,Jared Moses,2023-01-30,2023,1,Q1,Incomplete,0,0,1,4,32,134.93,33.73,565,0
1756,Communication Skills,Jared Spence,2023-04-22,2023,4,Q2,Failed,0,0,1,1,8,849.36,849.36,673,0
1255,Customer Service,Jasmin Flynn,2022-10-23,2022,10,Q4,Passed,0,1,1,2,16,693.25,346.63,565,1
1089,Technical Skills,Jasmin Walker,2023-05-27,2023,5,Q2,Passed,0,1,1,2,16,697.28,348.64,579,1
1282,Leadership Development,Jasmine Conner,2023-02-20,2023,2,Q1,Passed,0,1,1,4,32,376,94,574,1
2972,Leadership Development,Jasmine George,2023-03-01,2023,3,Q1,Passed,0,1,1,1,8,788.69,788.69,574,1
2183,Communication Skills,Jasmine Parks,2023-04-23,2023,4,Q2,Completed,1,0,1,3,24,287.3,95.77,673,1
3074,Leadership Development,Jason Brewer,2023-07-03,2023,7,Q3,Passed,0,1,1,1,8,356.98,356.98,574,1
3748,Customer Service,Jason Chan,2022-12-23,2022,12,Q4,Failed,0,0,1,5,40,588.88,117.78,565,0
2923,Technical Skills,Jason Clayton,2022-10-15,2022,10,Q4,Failed,0,0,1,4,32,632.73,158.18,579,0
1873,Technical Skills,Jason Faulkner,2023-03-02,2023,3,Q1,Incomplete,0,0,1,3,24,373.67,124.56,579,0
3562,Project Management,Jason Gallegos,2023-01-02,2023,1,Q1,Failed,0,0,1,3,24,808.05,269.35,609,0
2236,Customer Service,Jason Garcia,2023-07-13,2023,7,Q3,Passed,0,1,1,2,16,144.74,72.37,565,1
1483,Communication Skills,Jason Gibson,2022-08-22,2022,8,Q3,Incomplete,0,0,1,4,32,168.71,42.18,673,0
1391,Leadership Development,Jason Jones,2023-02-05,2023,2,Q1,Completed,1,0,1,3,24,146.48,48.83,574,1
3732,Technical Skills,Jason Lane,2022-12-09,2022,12,Q4,Incomplete,0,0,1,5,40,695.42,139.08,579,0
1451,Communication Skills,Jason Leonard,2022-10-25,2022,10,Q4,Completed,1,0,1,2,16,387.11,193.56,673,1
1622,Communication Skills,Jason Martinez,2022-12-17,2022,12,Q4,Passed,0,1,1,4,32,344.06,86.02,673,1
2523,Customer Service,Jason Mcmahon,2023-06-28,2023,6,Q2,Incomplete,0,0,1,4,32,391.4,97.85,565,0
3845,Project Management,Jason Mendoza,2022-08-17,2022,8,Q3,Passed,0,1,1,5,40,546.24,109.25,609,1
1629,Leadership Development,Jason Moore,2023-07-18,2023,7,Q3,Failed,0,0,1,2,16,615.28,307.64,574,0
1046,Leadership Development,Jason Morgan,2023-07-28,2023,7,Q3,Failed,0,0,1,2,16,211.39,105.69,574,0
2019,Technical Skills,Jason Morris,2022-10-06,2022,10,Q4,Completed,1,0,1,2,16,789.2,394.6,579,1
2654,Communication Skills,Jason Parker,2023-03-18,2023,3,Q1,Passed,0,1,1,3,24,428.13,142.71,673,1
2283,Leadership Development,Jason Salas,2023-04-23,2023,4,Q2,Failed,0,0,1,1,8,183.88,183.88,574,0
3069,Technical Skills,Jason Smith,2023-05-10,2023,5,Q2,Incomplete,0,0,1,1,8,767.33,767.33,579,0
3599,Leadership Development,Jason Taylor,2023-03-02,2023,3,Q1,Completed,1,0,1,5,40,918.86,183.77,574,1
2609,Communication Skills,Jason Velez,2022-09-04,2022,9,Q3,Passed,0,1,1,1,8,484.08,484.08,673,1
3774,Leadership Development,Jason Wells,2023-02-04,2023,2,Q1,Passed,0,1,1,5,40,569.42,113.88,574,1
1604,Communication Skills,Jason Williams,2023-02-08,2023,2,Q1,Passed,0,1,1,3,24,999.97,333.32,673,1
3204,Communication Skills,Javier Cohen,2022-08-09,2022,8,Q3,Passed,0,1,1,1,8,291.9,291.9,673,1
2530,Technical Skills,Jay Ball,2022-12-11,2022,12,Q4,Failed,0,0,1,4,32,723.57,180.89,579,0
2919,Technical Skills,Jay Lopez,2023-04-23,2023,4,Q2,Failed,0,0,1,1,8,195.63,195.63,579,0
1045,Customer Service,Jay Wilkins,2023-06-11,2023,6,Q2,Completed,1,0,1,2,16,690.41,345.2,565,1
1974,Project Management,Jean Lee,2022-10-08,2022,10,Q4,Incomplete,0,0,1,2,16,677.45,338.73,609,0
1497,Technical Skills,Jeanette Kirby,2022-08-23,2022,8,Q3,Completed,1,0,1,3,24,140.78,46.93,579,1
3646,Communication Skills,Jeanne Turner,2023-07-22,2023,7,Q3,Failed,0,0,1,4,32,533.61,133.4,673,0
2644,Customer Service,Jeff Martin,2023-04-01,2023,4,Q2,Incomplete,0,0,1,1,8,150.96,150.96,565,0
1157,Technical Skills,Jeffery Brown,2022-10-11,2022,10,Q4,Passed,0,1,1,1,8,276.47,276.47,579,1
2515,Technical Skills,Jeffery Johnston,2023-07-19,2023,7,Q3,Passed,0,1,1,1,8,190.1,190.1,579,1
3763,Technical Skills,Jeffery Kim,2022-11-13,2022,11,Q4,Incomplete,0,0,1,1,8,775.59,775.59,579,0
3066,Communication Skills,Jeffery Phillips,2022-10-18,2022,10,Q4,Failed,0,0,1,3,24,258.73,86.24,673,0
3795,Project Management,Jeffrey Edwards,2023-01-25,2023,1,Q1,Passed,0,1,1,1,8,954.02,954.02,609,1
3754,Technical Skills,Jeffrey Gonzales,2023-03-08,2023,3,Q1,Incomplete,0,0,1,4,32,132.52,33.13,579,0
3256,Customer Service,Jeffrey Gutierrez,2023-04-01,2023,4,Q2,Failed,0,0,1,4,32,202.81,50.7,565,0
1224,Project Management,Jeffrey Harvey,2023-03-18,2023,3,Q1,Incomplete,0,0,1,5,40,598.72,119.74,609,0
1161,Technical Skills,Jeffrey Hester,2022-11-13,2022,11,Q4,Passed,0,1,1,5,40,926.85,185.37,579,1
3313,Technical Skills,Jeffrey Higgins,2023-03-30,2023,3,Q1,Failed,0,0,1,1,8,705.95,705.95,579,0
1196,Communication Skills,Jeffrey Marshall,2023-02-28,2023,2,Q1,Completed,1,0,1,5,40,355.3,71.06,673,1
3658,Leadership Development,Jeffrey Moreno,2022-08-18,2022,8,Q3,Incomplete,0,0,1,2,16,799.88,399.94,574,0
3659,Leadership Development,Jeffrey Olson,2023-01-27,2023,1,Q1,Passed,0,1,1,5,40,242.87,48.57,574,1
3904,Project Management,Jeffrey Roberts,2023-06-17,2023,6,Q2,Passed,0,1,1,5,40,339.73,67.95,609,1
3222,Communication Skills,Jeffrey Robinson,2022-09-25,2022,9,Q3,Completed,1,0,1,3,24,433.67,144.56,673,1
1707,Customer Service,Jeffrey Williams,2023-05-26,2023,5,Q2,Passed,0,1,1,3,24,496.31,165.44,565,1
1842,Communication Skills,Jenna Parks,2023-07-19,2023,7,Q3,Completed,1,0,1,3,24,129.49,43.16,673,1
3475,Customer Service,Jenna Sherman,2022-11-02,2022,11,Q4,Passed,0,1,1,2,16,648.76,324.38,565,1
3018,Communication Skills,Jenna Waters,2023-04-02,2023,4,Q2,Passed,0,1,1,1,8,980.49,980.49,673,1
3605,Communication Skills,Jennifer Armstrong,2022-11-17,2022,11,Q4,Passed,0,1,1,2,16,102.92,51.46,673,1
2432,Customer Service,Jennifer Austin,2022-08-17,2022,8,Q3,Failed,0,0,1,1,8,353.71,353.71,565,0
1091,Customer Service,Jennifer Bailey,2022-10-20,2022,10,Q4,Incomplete,0,0,1,2,16,213.91,106.95,565,0
1183,Technical Skills,Jennifer Beasley,2023-07-16,2023,7,Q3,Incomplete,0,0,1,4,32,351.35,87.84,579,0
1640,Communication Skills,Jennifer Bell,2023-02-01,2023,2,Q1,Completed,1,0,1,1,8,881.51,881.51,673,1
2913,Communication Skills,Jennifer Bray,2022-12-01,2022,12,Q4,Completed,1,0,1,3,24,989.75,329.92,673,1
3482,Technical Skills,Jennifer Brown,2023-03-03,2023,3,Q1,Failed,0,0,1,1,8,627.11,627.11,579,0
2934,Technical Skills,Jennifer Castro,2023-03-14,2023,3,Q1,Passed,0,1,1,4,32,927.08,231.77,579,1
2292,Communication Skills,Jennifer Cline MD,2023-03-11,2023,3,Q1,Completed,1,0,1,3,24,894.38,298.13,673,1
1729,Technical Skills,Jennifer Diaz,2023-03-22,2023,3,Q1,Incomplete,0,0,1,2,16,386.87,193.44,579,0
1446,Communication Skills,Jennifer Estrada,2023-02-06,2023,2,Q1,Passed,0,1,1,3,24,207.17,69.06,673,1
1411,Technical Skills,Jennifer Ferguson,2022-12-14,2022,12,Q4,Incomplete,0,0,1,1,8,690.75,690.75,579,0
2453,Technical Skills,Jennifer Fox,2022-11-28,2022,11,Q4,Incomplete,0,0,1,3,24,285.55,95.18,579,0
1903,Project Management,Jennifer Garcia,2023-05-27,2023,5,Q2,Completed,1,0,1,4,32,699.97,174.99,609,1
1571,Project Management,Jennifer Gonzales,2023-03-15,2023,3,Q1,Completed,1,0,1,2,16,379.68,189.84,609,1
2521,Project Management,Jennifer Gutierrez,2022-11-18,2022,11,Q4,Completed,1,0,1,1,8,599.41,599.41,609,1
1198,Project Management,Jennifer Hayes,2023-06-19,2023,6,Q2,Failed,0,0,1,1,8,140.82,140.82,609,0
2413,Communication Skills,Jennifer Henderson,2022-09-01,2022,9,Q3,Failed,0,0,1,1,8,193.51,193.51,673,0
3753,Project Management,Jennifer Hunter,2022-09-19,2022,9,Q3,Failed,0,0,1,1,8,741.95,741.95,609,0
1350,Leadership Development,Jennifer Jimenez,2023-01-29,2023,1,Q1,Incomplete,0,0,1,2,16,610.06,305.03,574,0
2268,Communication Skills,Jennifer Johnston,2022-11-26,2022,11,Q4,Failed,0,0,1,2,16,677.84,338.92,673,0
2371,Customer Service,Jennifer Jones,2023-04-19,2023,4,Q2,Passed,0,1,1,4,32,133.56,33.39,565,1
2073,Project Management,Jennifer Juarez,2023-08-03,2023,8,Q3,Incomplete,0,0,1,3,24,760.53,253.51,609,0
3697,Technical Skills,Jennifer Lopez,2023-04-24,2023,4,Q2,Failed,0,0,1,2,16,982.33,491.17,579,0
1680,Customer Service,Jennifer Mclaughlin,2022-10-04,2022,10,Q4,Completed,1,0,1,3,24,882.76,294.25,565,1
1829,Customer Service,Jennifer Miller,2023-04-21,2023,4,Q2,Completed,1,0,1,4,32,333.8,83.45,565,0.6666666667
2635,Communication Skills,Jennifer Miller,2023-02-03,2023,2,Q1,Passed,0,1,1,2,16,136.6,68.3,673,0.6666666667
1203,Project Management,Jennifer Miller,2022-10-12,2022,10,Q4,Incomplete,0,0,1,5,40,308.09,61.62,609,0.6666666667
3283,Communication Skills,Jennifer Myers,2023-03-03,2023,3,Q1,Incomplete,0,0,1,2,16,353.7,176.85,673,0
1015,Leadership Development,Jennifer Olson,2023-05-13,2023,5,Q2,Passed,0,1,1,1,8,539,539,574,1
1795,Leadership Development,Jennifer Peterson,2023-02-24,2023,2,Q1,Passed,0,1,1,2,16,145.47,72.73,574,1
2676,Leadership Development,Jennifer Reed,2022-10-11,2022,10,Q4,Failed,0,0,1,3,24,188.07,62.69,574,0
3159,Technical Skills,Jennifer Reed,2023-04-19,2023,4,Q2,Failed,0,0,1,2,16,913.36,456.68,579,0
1467,Technical Skills,Jennifer Richmond,2023-01-13,2023,1,Q1,Completed,1,0,1,2,16,177.66,88.83,579,1
1925,Communication Skills,Jennifer Roberts,2023-05-12,2023,5,Q2,Completed,1,0,1,3,24,882.06,294.02,673,1
1026,Communication Skills,Jennifer Robinson,2023-04-17,2023,4,Q2,Incomplete,0,0,1,4,32,431.57,107.89,673,0
1309,Technical Skills,Jennifer Rodriguez,2022-09-09,2022,9,Q3,Failed,0,0,1,3,24,517.74,172.58,579,0
2767,Customer Service,Jennifer Thomas,2023-01-21,2023,1,Q1,Passed,0,1,1,2,16,972.3,486.15,565,1
1302,Project Management,Jennifer Thornton,2022-08-20,2022,8,Q3,Passed,0,1,1,2,16,758.79,379.39,609,1
1233,Customer Service,Jennifer Turner MD,2022-11-29,2022,11,Q4,Failed,0,0,1,3,24,460.59,153.53,565,0
3174,Communication Skills,Jennifer White,2022-12-09,2022,12,Q4,Completed,1,0,1,4,32,860.91,215.23,673,1
3583,Communication Skills,Jennifer Woods,2023-03-18,2023,3,Q1,Incomplete,0,0,1,4,32,116.4,29.1,673,0
2739,Customer Service,Jenny Peters,2022-08-21,2022,8,Q3,Completed,1,0,1,1,8,457.71,457.71,565,1
1486,Customer Service,Jenny Stewart,2023-05-30,2023,5,Q2,Incomplete,0,0,1,2,16,176.63,88.31,565,0
2100,Communication Skills,Jeremiah Herring,2023-04-29,2023,4,Q2,Incomplete,0,0,1,2,16,710.31,355.15,673,0
3420,Project Management,Jeremy Andrews,2022-12-15,2022,12,Q4,Passed,0,1,1,2,16,489.02,244.51,609,1
3457,Customer Service,Jeremy Garcia,2023-04-15,2023,4,Q2,Completed,1,0,1,4,32,485.73,121.43,565,1
3818,Leadership Development,Jeremy Lee,2022-11-07,2022,11,Q4,Incomplete,0,0,1,4,32,313.5,78.38,574,0
1962,Leadership Development,Jeremy Little,2022-10-02,2022,10,Q4,Completed,1,0,1,5,40,555.6,111.12,574,1
2762,Leadership Development,Jeremy Mendez,2023-04-26,2023,4,Q2,Failed,0,0,1,3,24,254.85,84.95,574,0
2728,Project Management,Jeremy Morris,2023-01-27,2023,1,Q1,Completed,1,0,1,5,40,877.47,175.49,609,1
3340,Technical Skills,Jeremy Paul,2023-07-09,2023,7,Q3,Failed,0,0,1,4,32,965.82,241.46,579,0
2333,Technical Skills,Jeremy Ramirez,2023-04-01,2023,4,Q2,Failed,0,0,1,4,32,769.76,192.44,579,0
2153,Customer Service,Jeremy Robinson,2023-02-24,2023,2,Q1,Completed,1,0,1,2,16,190.07,95.03,565,1
1095,Customer Service,Jeremy Schneider,2022-08-17,2022,8,Q3,Passed,0,1,1,4,32,715.87,178.97,565,1
3877,Communication Skills,Jeremy Townsend,2023-06-04,2023,6,Q2,Passed,0,1,1,1,8,888.55,888.55,673,1
1418,Project Management,Jermaine Coleman,2023-06-24,2023,6,Q2,Failed,0,0,1,1,8,840.76,840.76,609,0
3042,Technical Skills,Jerome Moss,2023-02-03,2023,2,Q1,Incomplete,0,0,1,2,16,513.54,256.77,579,0
2858,Project Management,Jerry Berry,2022-11-10,2022,11,Q4,Failed,0,0,1,3,24,851.72,283.91,609,0
3924,Customer Service,Jerry Carter,2022-09-08,2022,9,Q3,Passed,0,1,1,2,16,715.98,357.99,565,1
2526,Technical Skills,Jerry Davis,2023-06-23,2023,6,Q2,Passed,0,1,1,2,16,265.46,132.73,579,1
2550,Project Management,Jerry Ortiz,2022-10-09,2022,10,Q4,Incomplete,0,0,1,5,40,997.89,199.58,609,0
2507,Technical Skills,Jesse Acosta,2022-12-06,2022,12,Q4,Incomplete,0,0,1,2,16,680.09,340.05,579,0
1827,Communication Skills,Jesse Flores,2023-04-28,2023,4,Q2,Incomplete,0,0,1,5,40,962.02,192.4,673,0
3576,Project Management,Jesse Sullivan,2023-02-02,2023,2,Q1,Completed,1,0,1,5,40,398.65,79.73,609,1
1435,Leadership Development,Jessica Alexander,2022-09-21,2022,9,Q3,Passed,0,1,1,4,32,360.38,90.09,574,1
3206,Leadership Development,Jessica Ashley,2023-04-01,2023,4,Q2,Passed,0,1,1,2,16,143.32,71.66,574,1
2822,Communication Skills,Jessica Berry,2022-09-18,2022,9,Q3,Failed,0,0,1,4,32,912.5,228.13,673,0
1887,Customer Service,Jessica Brown,2022-12-23,2022,12,Q4,Passed,0,1,1,4,32,547.76,136.94,565,1
2905,Leadership Development,Jessica Caldwell,2022-10-14,2022,10,Q4,Passed,0,1,1,5,40,846.88,169.38,574,1
3717,Communication Skills,Jessica Cortez,2022-08-22,2022,8,Q3,Passed,0,1,1,3,24,363.02,121.01,673,1
3246,Technical Skills,Jessica Crawford,2023-01-31,2023,1,Q1,Failed,0,0,1,1,8,325.19,325.19,579,0
2556,Customer Service,Jessica Cunningham,2022-08-19,2022,8,Q3,Passed,0,1,1,5,40,283.57,56.71,565,1
1898,Project Management,Jessica Evans,2023-07-10,2023,7,Q3,Completed,1,0,1,3,24,673.38,224.46,609,1
1399,Customer Service,Jessica Garcia,2023-05-02,2023,5,Q2,Incomplete,0,0,1,2,16,695.11,347.56,565,0
2879,Customer Service,Jessica Golden,2023-06-15,2023,6,Q2,Failed,0,0,1,3,24,118.94,39.65,565,0
3396,Leadership Development,Jessica Greer,2023-04-15,2023,4,Q2,Passed,0,1,1,4,32,743.92,185.98,574,1
3816,Communication Skills,Jessica Hicks,2022-12-20,2022,12,Q4,Passed,0,1,1,5,40,912.1,182.42,673,1
1122,Communication Skills,Jessica Hodges,2023-01-21,2023,1,Q1,Passed,0,1,1,3,24,444.4,148.13,673,1
2984,Project Management,Jessica Hudson,2023-05-24,2023,5,Q2,Incomplete,0,0,1,1,8,671.21,671.21,609,0
1959,Project Management,Jessica Johnston,2022-09-13,2022,9,Q3,Completed,1,0,1,2,16,883.34,441.67,609,1
1928,Communication Skills,Jessica Jones,2023-02-23,2023,2,Q1,Failed,0,0,1,3,24,900.89,300.3,673,0.5
3788,Customer Service,Jessica Jones,2023-03-21,2023,3,Q1,Completed,1,0,1,2,16,796.95,398.48,565,0.5
1594,Communication Skills,Jessica King,2023-04-04,2023,4,Q2,Failed,0,0,1,1,8,684.45,684.45,673,0
3542,Project Management,Jessica Lopez,2022-08-22,2022,8,Q3,Failed,0,0,1,4,32,511.42,127.86,609,0
2066,Customer Service,Jessica Malone DDS,2022-09-03,2022,9,Q3,Passed,0,1,1,5,40,107.29,21.46,565,1
3248,Customer Service,Jessica Miller,2023-01-28,2023,1,Q1,Completed,1,0,1,2,16,222.11,111.06,565,1
3627,Leadership Development,Jessica Mills,2022-08-30,2022,8,Q3,Incomplete,0,0,1,5,40,113.89,22.78,574,0
1810,Project Management,Jessica Moses,2023-02-22,2023,2,Q1,Failed,0,0,1,1,8,603.57,603.57,609,0
1172,Communication Skills,Jessica Odom,2023-03-30,2023,3,Q1,Passed,0,1,1,5,40,202.09,40.42,673,1
3201,Leadership Development,Jessica Pratt,2023-06-05,2023,6,Q2,Failed,0,0,1,2,16,758.46,379.23,574,0
1181,Communication Skills,Jessica Quinn,2022-12-31,2022,12,Q4,Incomplete,0,0,1,1,8,483.82,483.82,673,0
3929,Technical Skills,Jessica Reyes,2023-07-11,2023,7,Q3,Failed,0,0,1,3,24,617.52,205.84,579,0
2557,Technical Skills,Jessica Robinson,2022-08-20,2022,8,Q3,Completed,1,0,1,1,8,908.5,908.5,579,1
1824,Leadership Development,Jessica Spencer,2022-09-16,2022,9,Q3,Completed,1,0,1,5,40,136.33,27.27,574,1
1176,Leadership Development,Jessica Taylor,2023-02-14,2023,2,Q1,Completed,1,0,1,2,16,644.72,322.36,574,1
1357,Project Management,Jessica Turner,2023-05-26,2023,5,Q2,Incomplete,0,0,1,3,24,231.65,77.22,609,0
3524,Communication Skills,Jessica Vazquez,2023-01-02,2023,1,Q1,Completed,1,0,1,5,40,124.65,24.93,673,1
1285,Project Management,Jessica Wallace,2022-11-08,2022,11,Q4,Completed,1,0,1,4,32,469.03,117.26,609,1
3551,Communication Skills,Jesus Daniel,2022-10-27,2022,10,Q4,Incomplete,0,0,1,1,8,570.13,570.13,673,0
2259,Communication Skills,Jesus Holmes,2023-05-03,2023,5,Q2,Failed,0,0,1,3,24,754.61,251.54,673,0
1367,Project Management,Jesus Jackson,2022-09-20,2022,9,Q3,Incomplete,0,0,1,5,40,438.44,87.69,609,0
2400,Communication Skills,Jesus Wiggins,2023-07-23,2023,7,Q3,Completed,1,0,1,4,32,872.57,218.14,673,1
1232,Leadership Development,Jill Fox DVM,2022-11-30,2022,11,Q4,Incomplete,0,0,1,4,32,857.61,214.4,574,0
2146,Leadership Development,Jill Gibson,2023-03-09,2023,3,Q1,Completed,1,0,1,1,8,386.89,386.89,574,1
3958,Technical Skills,Jill Macdonald,2022-12-21,2022,12,Q4,Completed,1,0,1,5,40,332.9,66.58,579,1
1908,Project Management,Jill Martin,2023-07-21,2023,7,Q3,Incomplete,0,0,1,2,16,359.08,179.54,609,0
3408,Leadership Development,Jillian Rodriguez,2022-08-13,2022,8,Q3,Failed,0,0,1,5,40,877.62,175.52,574,0
1632,Leadership Development,Jim Adams,2023-03-26,2023,3,Q1,Completed,1,0,1,4,32,196.31,49.08,574,1
2946,Leadership Development,Jimmy Collins,2023-07-12,2023,7,Q3,Failed,0,0,1,4,32,655.83,163.96,574,0
3355,Leadership Development,Jimmy Day,2023-06-14,2023,6,Q2,Passed,0,1,1,4,32,492.21,123.05,574,1
3514,Leadership Development,Jimmy Lucero,2023-02-21,2023,2,Q1,Incomplete,0,0,1,3,24,975.46,325.15,574,0
3756,Technical Skills,Jimmy Roach,2023-03-27,2023,3,Q1,Failed,0,0,1,4,32,521.51,130.38,579,0
3419,Project Management,Joan Reeves,2023-05-18,2023,5,Q2,Passed,0,1,1,3,24,999.72,333.24,609,1
3203,Project Management,Joan Roach,2022-09-01,2022,9,Q3,Passed,0,1,1,2,16,317.06,158.53,609,1
2411,Project Management,Joan Williams,2023-02-27,2023,2,Q1,Failed,0,0,1,4,32,798.7,199.68,609,0
2384,Communication Skills,Joann Williamson,2022-10-03,2022,10,Q4,Failed,0,0,1,3,24,166.1,55.37,673,0
2577,Communication Skills,Joanna Dixon,2023-07-04,2023,7,Q3,Failed,0,0,1,5,40,928.48,185.7,673,0
2345,Project Management,Joanna Long,2022-10-09,2022,10,Q4,Incomplete,0,0,1,3,24,379.57,126.52,609,0
3308,Project Management,Joanna Rivers PhD,2023-04-05,2023,4,Q2,Passed,0,1,1,4,32,864.47,216.12,609,1
3593,Project Management,Joanne Ward,2023-06-15,2023,6,Q2,Incomplete,0,0,1,3,24,258.07,86.02,609,0
1668,Customer Service,Jocelyn Lee,2023-06-23,2023,6,Q2,Failed,0,0,1,5,40,673.27,134.65,565,0
1734,Project Management,Jodi Davis,2023-01-16,2023,1,Q1,Completed,1,0,1,2,16,391.39,195.69,609,1
1253,Customer Service,Jodi Gibson DDS,2023-06-03,2023,6,Q2,Completed,1,0,1,2,16,793.86,396.93,565,1
2473,Leadership Development,Jodi Lyons,2022-11-02,2022,11,Q4,Completed,1,0,1,5,40,938.63,187.73,574,1
3202,Customer Service,Jodi Mitchell,2022-08-30,2022,8,Q3,Passed,0,1,1,3,24,194.06,64.69,565,1
1335,Leadership Development,Joe Anderson,2023-02-20,2023,2,Q1,Incomplete,0,0,1,2,16,384.43,192.22,574,0
1900,Communication Skills,Joe Flores,2023-04-27,2023,4,Q2,Passed,0,1,1,4,32,140.83,35.21,673,1
3264,Leadership Development,Joe Garcia,2022-09-01,2022,9,Q3,Failed,0,0,1,4,32,506.18,126.55,574,0
3522,Communication Skills,Joe Gonzalez,2023-05-05,2023,5,Q2,Completed,1,0,1,5,40,394.04,78.81,673,1
3426,Leadership Development,Joel Brooks,2023-05-02,2023,5,Q2,Failed,0,0,1,5,40,675.37,135.07,574,0
3212,Customer Service,Joel Brown,2023-01-20,2023,1,Q1,Failed,0,0,1,2,16,944.89,472.44,565,0
2703,Leadership Development,Joel Romero,2023-03-31,2023,3,Q1,Passed,0,1,1,2,16,775.58,387.79,574,1
1728,Customer Service,Joel Thomas,2022-12-31,2022,12,Q4,Completed,1,0,1,2,16,103.07,51.53,565,1
3220,Technical Skills,John Alexander,2022-11-11,2022,11,Q4,Failed,0,0,1,4,32,839.86,209.97,579,0
2494,Customer Service,John Allen,2022-11-06,2022,11,Q4,Incomplete,0,0,1,2,16,203.97,101.98,565,0
3559,Project Management,John Allen,2022-11-30,2022,11,Q4,Failed,0,0,1,2,16,959.81,479.9,609,0
3710,Leadership Development,John Anderson,2023-06-02,2023,6,Q2,Completed,1,0,1,1,8,791.78,791.78,574,1
2381,Technical Skills,John Baker,2023-01-27,2023,1,Q1,Passed,0,1,1,1,8,404.78,404.78,579,1
2025,Technical Skills,John Branch,2023-01-17,2023,1,Q1,Passed,0,1,1,2,16,699.76,349.88,579,1
3435,Customer Service,John Brown,2023-07-19,2023,7,Q3,Passed,0,1,1,3,24,798.4,266.13,565,1
2796,Communication Skills,John Choi,2022-10-19,2022,10,Q4,Incomplete,0,0,1,2,16,840.27,420.13,673,0
1485,Leadership Development,John Daniel,2023-07-02,2023,7,Q3,Completed,1,0,1,5,40,654.35,130.87,574,1
3328,Technical Skills,John Faulkner,2022-11-26,2022,11,Q4,Failed,0,0,1,1,8,391.22,391.22,579,0
2897,Leadership Development,John Gallagher,2022-11-26,2022,11,Q4,Passed,0,1,1,2,16,926.17,463.08,574,1
3566,Communication Skills,John Gamble,2022-09-05,2022,9,Q3,Failed,0,0,1,2,16,578.81,289.4,673,0
1498,Project Management,John Garza,2023-08-05,2023,8,Q3,Passed,0,1,1,3,24,598.07,199.36,609,1
1490,Communication Skills,John Gonzalez,2023-07-23,2023,7,Q3,Incomplete,0,0,1,4,32,849.95,212.49,673,0
1721,Project Management,John Graham,2023-02-16,2023,2,Q1,Failed,0,0,1,2,16,730.31,365.15,609,0
3833,Leadership Development,John Guerra,2023-06-23,2023,6,Q2,Completed,1,0,1,2,16,409.16,204.58,574,1
3549,Communication Skills,John Gutierrez DDS,2022-11-02,2022,11,Q4,Failed,0,0,1,5,40,788.67,157.73,673,0
3245,Project Management,John Higgins,2023-04-29,2023,4,Q2,Incomplete,0,0,1,1,8,163.79,163.79,609,0
2015,Leadership Development,John Hobbs,2022-09-30,2022,9,Q3,Passed,0,1,1,1,8,561.89,561.89,574,1
3960,Communication Skills,John Holden,2023-03-19,2023,3,Q1,Completed,1,0,1,1,8,430.46,430.46,673,1
1754,Project Management,John Jones,2023-01-30,2023,1,Q1,Failed,0,0,1,1,8,980.65,980.65,609,0
2957,Project Management,John King,2022-08-30,2022,8,Q3,Failed,0,0,1,1,8,550.42,550.42,609,0
2178,Communication Skills,John Lowe,2023-05-08,2023,5,Q2,Completed,1,0,1,5,40,368.55,73.71,673,1
1407,Communication Skills,John Mercado,2022-11-23,2022,11,Q4,Completed,1,0,1,3,24,249.66,83.22,673,1
3552,Leadership Development,John Miller,2022-11-26,2022,11,Q4,Failed,0,0,1,4,32,480.87,120.22,574,0
2582,Leadership Development,John Ortega,2023-03-17,2023,3,Q1,Incomplete,0,0,1,2,16,360.65,180.32,574,0
3227,Technical Skills,John Ortiz,2023-01-05,2023,1,Q1,Incomplete,0,0,1,2,16,431.12,215.56,579,0
3909,Project Management,John Patel,2023-01-04,2023,1,Q1,Failed,0,0,1,4,32,436.23,109.06,609,0
1752,Leadership Development,John Ramirez,2022-10-09,2022,10,Q4,Incomplete,0,0,1,3,24,560.55,186.85,574,0
1867,Project Management,John Reid,2023-05-04,2023,5,Q2,Passed,0,1,1,3,24,114.45,38.15,609,1
3060,Customer Service,John Richards,2022-08-30,2022,8,Q3,Failed,0,0,1,3,24,165.67,55.22,565,0
2971,Project Management,John Russell,2023-04-12,2023,4,Q2,Incomplete,0,0,1,2,16,141.14,70.57,609,0
1844,Project Management,John Santos,2022-08-19,2022,8,Q3,Failed,0,0,1,5,40,668.2,133.64,609,0
3975,Leadership Development,John Sawyer,2023-05-08,2023,5,Q2,Completed,1,0,1,2,16,669.81,334.9,574,1
2597,Communication Skills,John Smith,2022-10-22,2022,10,Q4,Passed,0,1,1,3,24,242.28,80.76,673,1
3695,Project Management,John Ward,2023-01-08,2023,1,Q1,Failed,0,0,1,4,32,492.2,123.05,609,0
1652,Leadership Development,John Watson,2022-12-09,2022,12,Q4,Completed,1,0,1,4,32,740.51,185.13,574,1
2352,Communication Skills,John Whitaker,2022-09-11,2022,9,Q3,Completed,1,0,1,4,32,889.07,222.27,673,1
1119,Communication Skills,John Williams,2023-07-08,2023,7,Q3,Incomplete,0,0,1,5,40,440.28,88.06,673,0
2890,Technical Skills,John Williams DDS,2022-10-10,2022,10,Q4,Completed,1,0,1,5,40,838.84,167.77,579,1
1364,Project Management,John Wilson,2022-12-28,2022,12,Q4,Incomplete,0,0,1,4,32,818.6,204.65,609,0
1220,Leadership Development,Johnathan Doyle,2023-06-29,2023,6,Q2,Passed,0,1,1,1,8,920.41,920.41,574,1
3630,Technical Skills,Johnathan Rodriguez,2022-09-24,2022,9,Q3,Failed,0,0,1,5,40,507.58,101.52,579,0
1447,Technical Skills,Johnny Austin,2023-05-26,2023,5,Q2,Completed,1,0,1,4,32,784.89,196.22,579,1
1586,Communication Skills,Johnny Moore,2022-12-06,2022,12,Q4,Passed,0,1,1,3,24,643.9,214.63,673,1
3740,Leadership Development,Johnny Walls,2022-09-11,2022,9,Q3,Completed,1,0,1,5,40,916.21,183.24,574,1
1513,Technical Skills,Jon Braun,2022-11-10,2022,11,Q4,Failed,0,0,1,4,32,746.57,186.64,579,0
1019,Project Management,Jon Garcia,2022-10-26,2022,10,Q4,Passed,0,1,1,5,40,436.98,87.4,609,1
2483,Communication Skills,Jon Reed,2022-10-22,2022,10,Q4,Failed,0,0,1,4,32,889.91,222.48,673,0
1986,Communication Skills,Jon Roberts,2023-02-21,2023,2,Q1,Failed,0,0,1,3,24,800.81,266.94,673,0
2757,Technical Skills,Jonathan Alvarez,2022-12-19,2022,12,Q4,Failed,0,0,1,1,8,519.35,519.35,579,0
2963,Customer Service,Jonathan Anderson,2023-06-08,2023,6,Q2,Completed,1,0,1,5,40,629.24,125.85,565,1
3662,Customer Service,Jonathan Bowen,2023-05-20,2023,5,Q2,Passed,0,1,1,1,8,535.93,535.93,565,1
3454,Communication Skills,Jonathan Brady,2023-02-07,2023,2,Q1,Passed,0,1,1,3,24,184.9,61.63,673,1
2114,Communication Skills,Jonathan Davis,2023-02-26,2023,2,Q1,Completed,1,0,1,2,16,326.98,163.49,673,1
3373,Customer Service,Jonathan Flores,2022-12-29,2022,12,Q4,Incomplete,0,0,1,1,8,575.42,575.42,565,0
1406,Technical Skills,Jonathan French,2023-05-03,2023,5,Q2,Incomplete,0,0,1,5,40,930.1,186.02,579,0
2629,Communication Skills,Jonathan Garcia,2023-01-05,2023,1,Q1,Completed,1,0,1,4,32,750.65,187.66,673,1
1931,Leadership Development,Jonathan Hunt,2023-05-14,2023,5,Q2,Failed,0,0,1,5,40,381.36,76.27,574,0
2979,Leadership Development,Jonathan Lozano,2023-06-10,2023,6,Q2,Failed,0,0,1,4,32,257.87,64.47,574,0
1791,Project Management,Jonathan Perry,2022-11-26,2022,11,Q4,Failed,0,0,1,5,40,282.85,56.57,609,0
3506,Leadership Development,Jonathan Peterson,2023-05-21,2023,5,Q2,Completed,1,0,1,1,8,781.81,781.81,574,1
1328,Customer Service,Jonathan Rodriguez,2023-03-24,2023,3,Q1,Failed,0,0,1,3,24,656.38,218.79,565,0
2741,Technical Skills,Jonathan Sparks,2022-09-26,2022,9,Q3,Failed,0,0,1,5,40,573.08,114.62,579,0
2065,Leadership Development,Jonathan Stewart,2023-05-15,2023,5,Q2,Failed,0,0,1,1,8,283.86,283.86,574,0
2773,Communication Skills,Jonathan Todd,2023-02-02,2023,2,Q1,Completed,1,0,1,4,32,697.67,174.42,673,1
3714,Leadership Development,Jonathan Williams,2023-05-18,2023,5,Q2,Passed,0,1,1,5,40,448.57,89.71,574,1
1891,Leadership Development,Jonathon Obrien,2023-07-13,2023,7,Q3,Incomplete,0,0,1,1,8,961.55,961.55,574,0
3932,Technical Skills,Jonathon Smith,2023-02-27,2023,2,Q1,Completed,1,0,1,5,40,898.93,179.79,579,1
2938,Communication Skills,Jordan Green,2023-05-18,2023,5,Q2,Passed,0,1,1,2,16,478.07,239.03,673,1
1590,Leadership Development,Jordan Jarvis,2023-03-16,2023,3,Q1,Failed,0,0,1,2,16,187.35,93.67,574,0
1938,Communication Skills,Jordan Stanley,2022-08-24,2022,8,Q3,Passed,0,1,1,5,40,316.61,63.32,673,1
3931,Customer Service,Jordan Trevino,2022-11-12,2022,11,Q4,Failed,0,0,1,5,40,685.82,137.16,565,0
3389,Project Management,Jordan Williams,2022-10-18,2022,10,Q4,Completed,1,0,1,5,40,812.22,162.44,609,1
2111,Customer Service,Jordan Wilson,2022-11-17,2022,11,Q4,Passed,0,1,1,4,32,470.24,117.56,565,1
3771,Communication Skills,Jorge Rice,2023-03-26,2023,3,Q1,Incomplete,0,0,1,5,40,769.97,153.99,673,0
1496,Customer Service,Jose Bell,2022-09-07,2022,9,Q3,Completed,1,0,1,3,24,768.55,256.18,565,1
1162,Communication Skills,Jose Boyd,2022-09-02,2022,9,Q3,Incomplete,0,0,1,1,8,846.55,846.55,673,0
1382,Communication Skills,Jose Gates,2023-02-21,2023,2,Q1,Passed,0,1,1,5,40,162.46,32.49,673,1
1751,Project Management,Jose Guzman,2022-12-10,2022,12,Q4,Incomplete,0,0,1,5,40,719.54,143.91,609,0
2003,Technical Skills,Jose King,2022-12-12,2022,12,Q4,Completed,1,0,1,4,32,148.97,37.24,579,1
1279,Technical Skills,Jose Mcdaniel,2022-11-23,2022,11,Q4,Incomplete,0,0,1,4,32,704.93,176.23,579,0
2638,Technical Skills,Jose Warren,2023-05-28,2023,5,Q2,Passed,0,1,1,2,16,152.85,76.42,579,1
2596,Communication Skills,Jose Webster,2023-02-22,2023,2,Q1,Incomplete,0,0,1,2,16,114.28,57.14,673,0
1300,Technical Skills,Jose Young,2023-04-29,2023,4,Q2,Passed,0,1,1,4,32,588.64,147.16,579,1
2194,Customer Service,Joseph Bell,2023-03-08,2023,3,Q1,Incomplete,0,0,1,5,40,164.41,32.88,565,0
2129,Communication Skills,Joseph Blankenship,2023-03-03,2023,3,Q1,Incomplete,0,0,1,4,32,951.82,237.96,673,0
2280,Customer Service,Joseph Campbell,2023-04-05,2023,4,Q2,Passed,0,1,1,3,24,493.98,164.66,565,1
2033,Leadership Development,Joseph Carlson,2023-03-11,2023,3,Q1,Passed,0,1,1,1,8,358.65,358.65,574,1
3752,Communication Skills,Joseph Chambers,2023-05-31,2023,5,Q2,Completed,1,0,1,1,8,158.86,158.86,673,1
2095,Leadership Development,Joseph Crawford,2022-11-14,2022,11,Q4,Passed,0,1,1,3,24,773.16,257.72,574,1
2353,Technical Skills,Joseph Day,2023-07-18,2023,7,Q3,Failed,0,0,1,3,24,198.56,66.19,579,0
3449,Communication Skills,Joseph Faulkner,2022-10-02,2022,10,Q4,Completed,1,0,1,3,24,242.21,80.74,673,1
1317,Communication Skills,Joseph Flowers,2022-08-20,2022,8,Q3,Passed,0,1,1,5,40,414.75,82.95,673,1
2429,Communication Skills,Joseph Gray,2022-12-09,2022,12,Q4,Completed,1,0,1,5,40,308.1,61.62,673,1
1512,Project Management,Joseph Hayden,2023-05-28,2023,5,Q2,Failed,0,0,1,5,40,305.09,61.02,609,0
1646,Customer Service,Joseph Hill,2022-08-07,2022,8,Q3,Completed,1,0,1,5,40,380.22,76.04,565,1
2506,Communication Skills,Joseph Kennedy,2023-02-13,2023,2,Q1,Passed,0,1,1,3,24,811.4,270.47,673,1
1067,Project Management,Joseph Long,2023-06-24,2023,6,Q2,Completed,1,0,1,5,40,857.65,171.53,609,1
2087,Leadership Development,Joseph Marquez,2023-04-02,2023,4,Q2,Completed,1,0,1,3,24,450.94,150.31,574,1
2228,Technical Skills,Joseph Mays,2023-02-21,2023,2,Q1,Passed,0,1,1,3,24,713.03,237.68,579,1
1017,Technical Skills,Joseph Mcintyre,2022-11-14,2022,11,Q4,Passed,0,1,1,3,24,265.73,88.58,579,1
1035,Communication Skills,Joseph Mendoza,2023-03-11,2023,3,Q1,Completed,1,0,1,2,16,724.14,362.07,673,1
2419,Project Management,Joseph Morales,2023-07-05,2023,7,Q3,Completed,1,0,1,4,32,433.85,108.46,609,1
3145,Leadership Development,Joseph Morris,2023-05-30,2023,5,Q2,Passed,0,1,1,4,32,773.76,193.44,574,1
2846,Communication Skills,Joseph Nelson,2022-09-02,2022,9,Q3,Incomplete,0,0,1,2,16,326.54,163.27,673,0
3528,Technical Skills,Joseph Phillips,2023-03-02,2023,3,Q1,Passed,0,1,1,1,8,465.96,465.96,579,1
1749,Leadership Development,Joseph Potter,2023-07-21,2023,7,Q3,Incomplete,0,0,1,3,24,148.69,49.56,574,0
3059,Communication Skills,Joseph Powell,2023-07-10,2023,7,Q3,Completed,1,0,1,1,8,164.35,164.35,673,1
1730,Customer Service,Joseph Russo,2023-03-20,2023,3,Q1,Incomplete,0,0,1,3,24,718.21,239.4,565,0
3067,Communication Skills,Joseph Smith,2022-09-01,2022,9,Q3,Completed,1,0,1,1,8,483.26,483.26,673,1
1642,Customer Service,Joseph Steele,2023-07-18,2023,7,Q3,Passed,0,1,1,3,24,226.92,75.64,565,1
2149,Technical Skills,Joseph Taylor,2023-05-08,2023,5,Q2,Failed,0,0,1,2,16,747.63,373.81,579,0
3459,Communication Skills,Joseph Thomas,2023-06-14,2023,6,Q2,Passed,0,1,1,4,32,168.32,42.08,673,1
3458,Communication Skills,Joseph Ward,2022-12-02,2022,12,Q4,Failed,0,0,1,2,16,409.27,204.63,673,0
1120,Leadership Development,Joshua Bell,2023-03-10,2023,3,Q1,Incomplete,0,0,1,4,32,553.83,138.46,574,0
1726,Technical Skills,Joshua Brewer,2022-10-19,2022,10,Q4,Completed,1,0,1,4,32,435.18,108.8,579,1
1415,Customer Service,Joshua David,2022-12-28,2022,12,Q4,Incomplete,0,0,1,3,24,633.96,211.32,565,0
2674,Customer Service,Joshua Deleon,2023-04-05,2023,4,Q2,Incomplete,0,0,1,5,40,283.65,56.73,565,0
1365,Leadership Development,Joshua Gallagher,2023-04-10,2023,4,Q2,Incomplete,0,0,1,1,8,610.97,610.97,574,0
2675,Customer Service,Joshua Harrington,2022-10-07,2022,10,Q4,Completed,1,0,1,3,24,475.75,158.58,565,1
3798,Project Management,Joshua Kennedy,2022-08-22,2022,8,Q3,Passed,0,1,1,5,40,303.44,60.69,609,1
1077,Project Management,Joshua Kirk,2022-12-21,2022,12,Q4,Incomplete,0,0,1,1,8,947.17,947.17,609,0
3538,Technical Skills,Joshua Mcguire,2022-10-06,2022,10,Q4,Failed,0,0,1,4,32,141.07,35.27,579,0
2091,Leadership Development,Joshua Middleton,2023-07-20,2023,7,Q3,Incomplete,0,0,1,3,24,102.77,34.26,574,0
3994,Customer Service,Joshua Orr,2023-02-11,2023,2,Q1,Failed,0,0,1,1,8,861.91,861.91,565,0
3970,Technical Skills,Joshua Pierce,2023-02-25,2023,2,Q1,Incomplete,0,0,1,4,32,216.73,54.18,579,0
1169,Technical Skills,Joshua Salas,2023-06-30,2023,6,Q2,Incomplete,0,0,1,1,8,487.66,487.66,579,0
2512,Communication Skills,Joshua Santos,2023-02-19,2023,2,Q1,Failed,0,0,1,5,40,802.2,160.44,673,0
2136,Communication Skills,Joy Meyers,2022-11-28,2022,11,Q4,Incomplete,0,0,1,1,8,659.25,659.25,673,0
3602,Technical Skills,Joyce Williams,2023-04-09,2023,4,Q2,Incomplete,0,0,1,1,8,632.59,632.59,579,0
2290,Communication Skills,Juan Dennis,2023-04-23,2023,4,Q2,Failed,0,0,1,4,32,575.55,143.89,673,0
1677,Technical Skills,Juan Hall,2022-12-02,2022,12,Q4,Incomplete,0,0,1,2,16,836.37,418.19,579,0
1862,Communication Skills,Juan Meyer,2022-12-21,2022,12,Q4,Incomplete,0,0,1,1,8,180.61,180.61,673,0
3511,Technical Skills,Juan Peck,2023-04-07,2023,4,Q2,Completed,1,0,1,3,24,344.44,114.81,579,1
2471,Leadership Development,Judith Ramsey,2022-08-06,2022,8,Q3,Passed,0,1,1,3,24,489.29,163.1,574,1
3402,Customer Service,Judy Barajas,2023-07-05,2023,7,Q3,Incomplete,0,0,1,2,16,783.25,391.63,565,0
3272,Leadership Development,Julia George,2023-01-30,2023,1,Q1,Passed,0,1,1,2,16,419.09,209.54,574,1
3345,Project Management,Julia Hernandez,2022-12-28,2022,12,Q4,Incomplete,0,0,1,5,40,127.93,25.59,609,0
2518,Customer Service,Julia Price,2022-10-29,2022,10,Q4,Completed,1,0,1,4,32,732.18,183.04,565,1
2699,Technical Skills,Julia Smith,2023-01-31,2023,1,Q1,Incomplete,0,0,1,2,16,717.16,358.58,579,0
1881,Communication Skills,Julian Ward,2023-06-30,2023,6,Q2,Passed,0,1,1,4,32,584.92,146.23,673,1
3385,Technical Skills,Julie Allen,2023-02-10,2023,2,Q1,Failed,0,0,1,5,40,553.4,110.68,579,0
3424,Project Management,Julie Bell,2022-08-18,2022,8,Q3,Completed,1,0,1,5,40,981.13,196.23,609,1
1056,Leadership Development,Julie Cole,2023-02-16,2023,2,Q1,Completed,1,0,1,2,16,442.06,221.03,574,1
3529,Project Management,Julie Hoffman,2022-09-04,2022,9,Q3,Incomplete,0,0,1,1,8,515.56,515.56,609,0
1580,Project Management,Julie James,2023-03-29,2023,3,Q1,Passed,0,1,1,3,24,527.93,175.98,609,1
1965,Leadership Development,Julie Kennedy,2022-10-16,2022,10,Q4,Failed,0,0,1,3,24,444.23,148.08,574,0
1416,Customer Service,Julie Lewis,2022-10-27,2022,10,Q4,Passed,0,1,1,2,16,638.69,319.35,565,1
1373,Leadership Development,Julie Sanders,2022-09-08,2022,9,Q3,Failed,0,0,1,4,32,847.2,211.8,574,0
2894,Customer Service,Julie Williams,2023-06-30,2023,6,Q2,Completed,1,0,1,5,40,203.06,40.61,565,1
3539,Project Management,Justin Adams,2023-03-17,2023,3,Q1,Failed,0,0,1,4,32,234.77,58.69,609,0
3033,Customer Service,Justin Arellano,2023-01-08,2023,1,Q1,Incomplete,0,0,1,4,32,714.64,178.66,565,0
3484,Project Management,Justin Barton,2023-06-27,2023,6,Q2,Passed,0,1,1,1,8,795.7,795.7,609,1
2964,Communication Skills,Justin Bonilla,2022-10-14,2022,10,Q4,Incomplete,0,0,1,2,16,614.06,307.03,673,0
3759,Project Management,Justin Carter,2022-08-11,2022,8,Q3,Completed,1,0,1,2,16,790.71,395.36,609,1
2940,Communication Skills,Justin Clements,2023-06-14,2023,6,Q2,Passed,0,1,1,2,16,490.26,245.13,673,1
2508,Technical Skills,Justin Fowler,2023-04-25,2023,4,Q2,Completed,1,0,1,3,24,133.88,44.63,579,1
1783,Technical Skills,Justin Frazier,2022-12-24,2022,12,Q4,Passed,0,1,1,2,16,595.5,297.75,579,1
3357,Technical Skills,Justin Henson,2023-07-12,2023,7,Q3,Failed,0,0,1,2,16,621.3,310.65,579,0
1366,Technical Skills,Justin Herrera,2022-11-18,2022,11,Q4,Completed,1,0,1,1,8,762.83,762.83,579,1
1341,Project Management,Justin Ingram,2023-02-14,2023,2,Q1,Passed,0,1,1,3,24,268.78,89.59,609,1
3403,Communication Skills,Justin Johnson,2023-06-08,2023,6,Q2,Completed,1,0,1,5,40,406.68,81.34,673,1
2914,Communication Skills,Justin Long,2022-10-15,2022,10,Q4,Failed,0,0,1,1,8,194.13,194.13,673,0
3990,Technical Skills,Justin Macdonald,2022-10-10,2022,10,Q4,Failed,0,0,1,2,16,475.04,237.52,579,0
3977,Technical Skills,Justin Martin,2022-10-13,2022,10,Q4,Completed,1,0,1,2,16,157.4,78.7,579,1
2433,Technical Skills,Justin Murphy,2023-04-20,2023,4,Q2,Completed,1,0,1,4,32,580.82,145.21,579,1
3273,Technical Skills,Justin Reynolds,2022-11-04,2022,11,Q4,Passed,0,1,1,3,24,484.19,161.4,579,1
1613,Leadership Development,Justin Rivera,2023-01-28,2023,1,Q1,Completed,1,0,1,1,8,868.8,868.8,574,1
3474,Customer Service,Justin Rodriguez,2022-09-01,2022,9,Q3,Incomplete,0,0,1,5,40,155.51,31.1,565,0
1188,Technical Skills,Justin Soto,2023-01-07,2023,1,Q1,Passed,0,1,1,4,32,899.13,224.78,579,1
3020,Project Management,Justin Stanton,2023-06-19,2023,6,Q2,Completed,1,0,1,2,16,367.74,183.87,609,1
3417,Project Management,Justin Stone,2023-03-10,2023,3,Q1,Incomplete,0,0,1,5,40,906.21,181.24,609,0
1661,Technical Skills,Justin Thompson,2023-07-20,2023,7,Q3,Failed,0,0,1,5,40,633.36,126.67,579,0
3982,Technical Skills,Justin Winters,2022-12-09,2022,12,Q4,Completed,1,0,1,1,8,189.91,189.91,579,1
3125,Leadership Development,Justin Young,2023-07-10,2023,7,Q3,Passed,0,1,1,2,16,459.53,229.76,574,1
3219,Communication Skills,Kaitlin Lynn,2023-03-28,2023,3,Q1,Passed,0,1,1,2,16,771.06,385.53,673,1
1383,Customer Service,Kara English MD,2023-01-15,2023,1,Q1,Completed,1,0,1,3,24,924.64,308.21,565,1
1065,Technical Skills,Kara Frazier MD,2022-12-09,2022,12,Q4,Passed,0,1,1,4,32,486.01,121.5,579,1
3746,Project Management,Kara Kemp,2023-02-22,2023,2,Q1,Passed,0,1,1,3,24,337.15,112.38,609,1
2606,Leadership Development,Kara King,2022-11-15,2022,11,Q4,Incomplete,0,0,1,1,8,587.34,587.34,574,0
2270,Technical Skills,Karen Bailey,2023-05-11,2023,5,Q2,Passed,0,1,1,2,16,781.35,390.68,579,1
1421,Customer Service,Karen Brown,2022-12-08,2022,12,Q4,Completed,1,0,1,5,40,835.97,167.19,565,0.5
2274,Customer Service,Karen Brown,2023-06-03,2023,6,Q2,Failed,0,0,1,2,16,255.54,127.77,565,0.5
1989,Leadership Development,Karen Fox,2022-12-04,2022,12,Q4,Incomplete,0,0,1,4,32,329.3,82.33,574,0
1591,Leadership Development,Karen Gonzalez,2023-06-09,2023,6,Q2,Passed,0,1,1,5,40,340.01,68,574,1
1555,Technical Skills,Karen Ramos MD,2023-02-26,2023,2,Q1,Passed,0,1,1,5,40,757.78,151.56,579,1
1299,Project Management,Karen Ritter,2023-01-21,2023,1,Q1,Completed,1,0,1,3,24,358.81,119.6,609,1
2378,Leadership Development,Karen Shaw,2023-04-07,2023,4,Q2,Passed,0,1,1,3,24,751.79,250.6,574,1
1283,Customer Service,Karen Thomas,2023-01-17,2023,1,Q1,Failed,0,0,1,2,16,106.54,53.27,565,0
2074,Project Management,Karen Thompson,2022-09-20,2022,9,Q3,Passed,0,1,1,5,40,640.97,128.19,609,1
3236,Communication Skills,Karen Whitehead,2022-12-17,2022,12,Q4,Completed,1,0,1,5,40,209.99,42,673,1
2186,Leadership Development,Kari Davis,2022-09-21,2022,9,Q3,Failed,0,0,1,5,40,747.61,149.52,574,0
1420,Communication Skills,Kari Finley,2023-02-16,2023,2,Q1,Completed,1,0,1,5,40,889.57,177.91,673,1
3032,Technical Skills,Kari Sanchez,2022-10-28,2022,10,Q4,Passed,0,1,1,1,8,709.78,709.78,579,1
2097,Technical Skills,Kari Smith,2022-11-26,2022,11,Q4,Incomplete,0,0,1,3,24,426.55,142.18,579,0
3153,Communication Skills,Karla Ramirez,2023-07-11,2023,7,Q3,Passed,0,1,1,5,40,897.64,179.53,673,1
1009,Customer Service,Katelyn Hartman,2022-08-21,2022,8,Q3,Incomplete,0,0,1,2,16,101.21,50.6,565,0
1213,Project Management,Katelyn Ruiz,2023-02-15,2023,2,Q1,Failed,0,0,1,4,32,485.39,121.35,609,0
2115,Leadership Development,Katherine Chapman,2022-09-24,2022,9,Q3,Incomplete,0,0,1,5,40,752.82,150.56,574,0
2573,Customer Service,Katherine Morgan MD,2022-09-27,2022,9,Q3,Passed,0,1,1,2,16,806.47,403.24,565,1
3824,Leadership Development,Katherine Neal,2022-10-18,2022,10,Q4,Completed,1,0,1,5,40,200.23,40.05,574,1
2568,Leadership Development,Katherine Nelson,2022-12-15,2022,12,Q4,Passed,0,1,1,5,40,477.46,95.49,574,1
1600,Project Management,Katherine Ramos,2022-08-15,2022,8,Q3,Passed,0,1,1,5,40,851.93,170.39,609,1
3535,Technical Skills,Katherine Valentine,2023-06-25,2023,6,Q2,Incomplete,0,0,1,1,8,936.96,936.96,579,0
2960,Project Management,Katherine Vasquez,2022-12-16,2022,12,Q4,Incomplete,0,0,1,4,32,449.66,112.42,609,0
1577,Customer Service,Katherine Ward,2022-10-26,2022,10,Q4,Failed,0,0,1,5,40,413.08,82.62,565,0
1559,Project Management,Katherine Wilson,2023-04-08,2023,4,Q2,Passed,0,1,1,1,8,281.94,281.94,609,1
3076,Communication Skills,Kathleen Anderson,2022-11-14,2022,11,Q4,Passed,0,1,1,5,40,547.83,109.57,673,1
3534,Customer Service,Kathleen Bailey,2023-05-21,2023,5,Q2,Completed,1,0,1,3,24,900.96,300.32,565,1
3701,Communication Skills,Kathleen Cole,2022-08-21,2022,8,Q3,Failed,0,0,1,4,32,480.17,120.04,673,0
1246,Communication Skills,Kathleen Dixon,2022-12-25,2022,12,Q4,Completed,1,0,1,1,8,206.93,206.93,673,1
2028,Project Management,Kathleen Fletcher,2023-02-18,2023,2,Q1,Passed,0,1,1,2,16,862.82,431.41,609,1
2931,Leadership Development,Kathleen Lee,2023-07-23,2023,7,Q3,Passed,0,1,1,1,8,485.84,485.84,574,1
3137,Technical Skills,Kathleen Martin,2023-06-11,2023,6,Q2,Passed,0,1,1,4,32,641.68,160.42,579,1
2855,Technical Skills,Kathleen Valenzuela,2022-09-05,2022,9,Q3,Passed,0,1,1,1,8,596.23,596.23,579,1
1995,Communication Skills,Kathryn Higgins,2022-08-23,2022,8,Q3,Passed,0,1,1,3,24,658.54,219.51,673,1
1207,Communication Skills,Kathryn Stephens,2022-12-07,2022,12,Q4,Completed,1,0,1,5,40,682.36,136.47,673,1
2539,Communication Skills,Kathy Jenkins,2022-11-10,2022,11,Q4,Passed,0,1,1,4,32,703.84,175.96,673,1
1797,Project Management,Kathy Myers DDS,2022-12-24,2022,12,Q4,Failed,0,0,1,5,40,581.43,116.29,609,0
2004,Leadership Development,Kathy Norris,2023-02-27,2023,2,Q1,Completed,1,0,1,1,8,628.83,628.83,574,1
3613,Customer Service,Kathy Pearson,2022-10-08,2022,10,Q4,Incomplete,0,0,1,1,8,354.22,354.22,565,0
2925,Communication Skills,Katie Bullock,2023-04-14,2023,4,Q2,Failed,0,0,1,4,32,689.93,172.48,673,0
2978,Communication Skills,Katie Chandler,2022-11-02,2022,11,Q4,Failed,0,0,1,1,8,470.62,470.62,673,0
3393,Leadership Development,Katie Davis,2023-07-30,2023,7,Q3,Passed,0,1,1,5,40,538.8,107.76,574,1
3513,Communication Skills,Katie Harrington,2023-06-03,2023,6,Q2,Completed,1,0,1,1,8,599,599,673,1
2278,Leadership Development,Katie Mccarthy,2023-03-05,2023,3,Q1,Completed,1,0,1,4,32,544.43,136.11,574,1
3470,Project Management,Katie Wong MD,2022-09-26,2022,9,Q3,Passed,0,1,1,1,8,986.96,986.96,609,1
3597,Technical Skills,Katrina Maldonado,2023-03-03,2023,3,Q1,Incomplete,0,0,1,4,32,505.59,126.4,579,0
3997,Project Management,Katrina Parker,2022-09-19,2022,9,Q3,Failed,0,0,1,4,32,629.16,157.29,609,0
1298,Project Management,Kayla Cruz,2023-05-16,2023,5,Q2,Passed,0,1,1,3,24,411.17,137.06,609,1
2106,Customer Service,Kayla Hall,2023-07-15,2023,7,Q3,Passed,0,1,1,4,32,782.43,195.61,565,1
2691,Project Management,Kayla Peterson,2022-12-29,2022,12,Q4,Failed,0,0,1,3,24,934.3,311.43,609,0
1798,Communication Skills,Kayla Schwartz,2022-12-11,2022,12,Q4,Incomplete,0,0,1,1,8,725.94,725.94,673,0
1024,Project Management,Keith Curtis,2022-10-11,2022,10,Q4,Completed,1,0,1,5,40,868.98,173.8,609,1
2538,Leadership Development,Keith Dean,2023-04-06,2023,4,Q2,Passed,0,1,1,3,24,418.25,139.42,574,1
3167,Leadership Development,Keith Lewis,2023-01-15,2023,1,Q1,Passed,0,1,1,1,8,975.21,975.21,574,1
1307,Technical Skills,Keith Mcconnell,2022-11-16,2022,11,Q4,Incomplete,0,0,1,3,24,609.9,203.3,579,0
1088,Leadership Development,Keith Richardson,2023-05-17,2023,5,Q2,Failed,0,0,1,2,16,235.15,117.58,574,0
2798,Leadership Development,Keith Scott,2023-04-24,2023,4,Q2,Completed,1,0,1,1,8,840.65,840.65,574,1
3324,Technical Skills,Keith Smith,2023-06-16,2023,6,Q2,Failed,0,0,1,3,24,468.78,156.26,579,0
3842,Project Management,Keith Thomas,2022-09-22,2022,9,Q3,Completed,1,0,1,5,40,584.99,117,609,1
2116,Leadership Development,Kelli Lamb MD,2022-08-26,2022,8,Q3,Completed,1,0,1,2,16,990.89,495.44,574,1
1544,Communication Skills,Kelly Bennett,2022-10-23,2022,10,Q4,Passed,0,1,1,3,24,811.24,270.41,673,1
1501,Customer Service,Kelly Bruce,2023-07-29,2023,7,Q3,Completed,1,0,1,2,16,491.99,246,565,1
3388,Leadership Development,Kelly Castaneda,2022-11-03,2022,11,Q4,Failed,0,0,1,2,16,278.04,139.02,574,0
3844,Project Management,Kelly Diaz,2023-07-09,2023,7,Q3,Failed,0,0,1,5,40,603.67,120.73,609,0
1152,Customer Service,Kelly Golden,2023-03-29,2023,3,Q1,Incomplete,0,0,1,2,16,564.48,282.24,565,0
2391,Technical Skills,Kelly Hughes,2022-12-10,2022,12,Q4,Failed,0,0,1,3,24,363.35,121.12,579,0
3124,Customer Service,Kelly Lawson,2022-09-02,2022,9,Q3,Passed,0,1,1,2,16,965.62,482.81,565,1
2578,Customer Service,Kelly Mays,2022-10-10,2022,10,Q4,Incomplete,0,0,1,1,8,812.01,812.01,565,0
3268,Project Management,Kelly Miller,2023-06-24,2023,6,Q2,Failed,0,0,1,5,40,988.08,197.62,609,0
2553,Project Management,Kelly Morris,2022-10-03,2022,10,Q4,Failed,0,0,1,2,16,414.08,207.04,609,0
3428,Customer Service,Kelly Patterson DDS,2022-09-12,2022,9,Q3,Incomplete,0,0,1,4,32,673.02,168.25,565,0
3580,Communication Skills,Kelly Rodriguez,2022-11-04,2022,11,Q4,Failed,0,0,1,5,40,940.2,188.04,673,0
1398,Communication Skills,Kelly Rogers,2023-01-04,2023,1,Q1,Passed,0,1,1,3,24,191.99,64,673,0.5
2083,Project Management,Kelly Rogers,2022-12-21,2022,12,Q4,Incomplete,0,0,1,5,40,569.44,113.89,609,0.5
3148,Communication Skills,Kelly Smith,2023-04-10,2023,4,Q2,Completed,1,0,1,2,16,727.06,363.53,673,1
1202,Technical Skills,Kelly Thompson DDS,2022-12-08,2022,12,Q4,Incomplete,0,0,1,1,8,344.74,344.74,579,0
2653,Technical Skills,Kelly Walker,2023-01-24,2023,1,Q1,Incomplete,0,0,1,3,24,139.71,46.57,579,0
2308,Communication Skills,Kelsey Garcia,2022-09-08,2022,9,Q3,Completed,1,0,1,4,32,751.86,187.97,673,1
2769,Project Management,Kelsey Scott,2023-07-17,2023,7,Q3,Completed,1,0,1,1,8,747.74,747.74,609,1
1211,Leadership Development,Kendra Rodriguez,2023-07-30,2023,7,Q3,Passed,0,1,1,3,24,557.34,185.78,574,1
3366,Project Management,Kenneth Ferguson,2022-09-20,2022,9,Q3,Passed,0,1,1,1,8,546.47,546.47,609,1
3761,Customer Service,Kenneth Gonzalez,2022-08-18,2022,8,Q3,Failed,0,0,1,1,8,947.57,947.57,565,0
1191,Customer Service,Kenneth Kim,2022-09-23,2022,9,Q3,Completed,1,0,1,2,16,820.39,410.19,565,1
3745,Technical Skills,Kenneth Mcneil,2022-10-11,2022,10,Q4,Failed,0,0,1,5,40,300.33,60.07,579,0
2493,Communication Skills,Kenneth Miller,2023-01-07,2023,1,Q1,Completed,1,0,1,2,16,443.46,221.73,673,1
3418,Technical Skills,Kenneth Parker,2023-06-15,2023,6,Q2,Completed,1,0,1,4,32,397.08,99.27,579,1
1256,Project Management,Kenneth Rodriguez,2023-05-26,2023,5,Q2,Completed,1,0,1,4,32,926.76,231.69,609,1
2041,Technical Skills,Kenneth Thompson,2022-09-25,2022,9,Q3,Completed,1,0,1,5,40,970.6,194.12,579,1
3186,Technical Skills,Kenneth Williams,2023-04-10,2023,4,Q2,Failed,0,0,1,4,32,927.48,231.87,579,0
3640,Communication Skills,Kerry Harrison,2023-01-31,2023,1,Q1,Passed,0,1,1,1,8,699.48,699.48,673,1
3023,Project Management,Kevin Brown,2023-05-04,2023,5,Q2,Passed,0,1,1,5,40,321.61,64.32,609,1
2053,Leadership Development,Kevin Carter,2023-05-13,2023,5,Q2,Incomplete,0,0,1,5,40,862.9,172.58,574,0
2656,Communication Skills,Kevin Decker,2023-02-25,2023,2,Q1,Failed,0,0,1,1,8,877.57,877.57,673,0
2902,Project Management,Kevin Deleon,2023-03-31,2023,3,Q1,Incomplete,0,0,1,2,16,778.36,389.18,609,0
1832,Customer Service,Kevin Gibson,2023-07-30,2023,7,Q3,Failed,0,0,1,2,16,716.62,358.31,565,0
3197,Customer Service,Kevin Lin,2022-11-10,2022,11,Q4,Failed,0,0,1,4,32,694.79,173.7,565,0
3010,Project Management,Kevin Lyons,2022-09-11,2022,9,Q3,Failed,0,0,1,3,24,299.13,99.71,609,0
3079,Communication Skills,Kevin Martinez,2023-06-28,2023,6,Q2,Completed,1,0,1,4,32,519.81,129.95,673,1
2020,Leadership Development,Kevin Miller,2022-08-18,2022,8,Q3,Failed,0,0,1,3,24,428.51,142.84,574,0.5
1394,Leadership Development,Kevin Miller,2023-02-13,2023,2,Q1,Passed,0,1,1,5,40,370.26,74.05,574,0.5
3852,Technical Skills,Kevin Mitchell,2023-03-28,2023,3,Q1,Completed,1,0,1,3,24,372.76,124.25,579,1
2854,Project Management,Kevin Moore,2023-04-18,2023,4,Q2,Incomplete,0,0,1,4,32,670.82,167.71,609,0
2139,Technical Skills,Kevin Navarro,2023-05-21,2023,5,Q2,Passed,0,1,1,2,16,935.49,467.75,579,1
1022,Project Management,Kevin Nichols,2023-01-12,2023,1,Q1,Failed,0,0,1,1,8,664.23,664.23,609,0
1648,Project Management,Kevin Palmer,2023-01-11,2023,1,Q1,Passed,0,1,1,1,8,699.81,699.81,609,1
3144,Communication Skills,Kevin Palmer MD,2023-07-15,2023,7,Q3,Passed,0,1,1,3,24,848.99,283,673,1
3888,Project Management,Kevin Paul,2022-12-21,2022,12,Q4,Completed,1,0,1,4,32,287.18,71.8,609,1
3241,Communication Skills,Kevin Ramirez,2022-10-14,2022,10,Q4,Completed,1,0,1,5,40,674.84,134.97,673,1
3383,Leadership Development,Kevin Reyes,2022-11-16,2022,11,Q4,Failed,0,0,1,4,32,750.79,187.7,574,0
3391,Communication Skills,Kevin Robinson,2023-04-01,2023,4,Q2,Incomplete,0,0,1,2,16,374.13,187.06,673,0
3141,Leadership Development,Kevin Roth,2023-04-01,2023,4,Q2,Incomplete,0,0,1,3,24,311.92,103.97,574,0
1747,Project Management,Kevin Snow,2023-03-02,2023,3,Q1,Passed,0,1,1,3,24,853.43,284.48,609,1
2927,Technical Skills,Kevin Turner,2022-10-15,2022,10,Q4,Failed,0,0,1,4,32,597.54,149.38,579,0
2882,Leadership Development,Kevin Vasquez,2023-04-21,2023,4,Q2,Failed,0,0,1,4,32,835.35,208.84,574,0
1194,Communication Skills,Kevin Welch,2023-05-07,2023,5,Q2,Completed,1,0,1,2,16,430.92,215.46,673,1
3937,Communication Skills,Kevin Wilkinson,2023-04-02,2023,4,Q2,Completed,1,0,1,2,16,935.28,467.64,673,1
2666,Project Management,Kiara Davenport,2023-02-02,2023,2,Q1,Failed,0,0,1,2,16,460.62,230.31,609,0
1693,Project Management,Kim James,2023-03-10,2023,3,Q1,Passed,0,1,1,5,40,928.81,185.76,609,1
1933,Customer Service,Kim Lee,2022-10-17,2022,10,Q4,Incomplete,0,0,1,5,40,837.19,167.44,565,0
3653,Customer Service,Kim Moss,2023-01-20,2023,1,Q1,Failed,0,0,1,1,8,791.72,791.72,565,0
2794,Customer Service,Kim Shea,2023-01-10,2023,1,Q1,Incomplete,0,0,1,3,24,644.38,214.79,565,0
2288,Communication Skills,Kimberly Atkinson,2022-09-25,2022,9,Q3,Failed,0,0,1,2,16,187.85,93.92,673,0
1968,Customer Service,Kimberly Becker,2022-11-25,2022,11,Q4,Incomplete,0,0,1,2,16,283.06,141.53,565,0
1414,Customer Service,Kimberly Blankenship,2023-01-21,2023,1,Q1,Failed,0,0,1,3,24,997.2,332.4,565,0
1879,Leadership Development,Kimberly Choi,2023-04-29,2023,4,Q2,Passed,0,1,1,2,16,227.51,113.75,574,1
3447,Customer Service,Kimberly Doyle,2023-04-02,2023,4,Q2,Incomplete,0,0,1,3,24,353.21,117.74,565,0
3285,Project Management,Kimberly Fisher,2023-05-07,2023,5,Q2,Incomplete,0,0,1,2,16,698.54,349.27,609,0
3439,Technical Skills,Kimberly Garcia,2023-03-09,2023,3,Q1,Incomplete,0,0,1,1,8,421.07,421.07,579,0
1443,Leadership Development,Kimberly Gray,2023-05-03,2023,5,Q2,Failed,0,0,1,5,40,582.49,116.5,574,0
3775,Customer Service,Kimberly Howard DVM,2022-11-14,2022,11,Q4,Completed,1,0,1,1,8,172.82,172.82,565,1
2630,Technical Skills,Kimberly Lopez,2022-09-07,2022,9,Q3,Incomplete,0,0,1,4,32,424.19,106.05,579,0
1522,Technical Skills,Kimberly Martin,2023-05-17,2023,5,Q2,Incomplete,0,0,1,3,24,791.99,264,579,0
2770,Customer Service,Kimberly Martinez,2023-07-07,2023,7,Q3,Passed,0,1,1,5,40,451.03,90.21,565,1
1212,Project Management,Kimberly May,2023-05-03,2023,5,Q2,Failed,0,0,1,5,40,817.92,163.58,609,0
2301,Technical Skills,Kimberly Mitchell,2023-02-27,2023,2,Q1,Incomplete,0,0,1,4,32,475.03,118.76,579,0
1628,Customer Service,Kimberly Owens,2023-05-20,2023,5,Q2,Completed,1,0,1,1,8,781.52,781.52,565,1
3138,Project Management,Kimberly Petersen,2023-07-26,2023,7,Q3,Failed,0,0,1,2,16,295.67,147.84,609,0
3992,Project Management,Kimberly Peterson,2022-09-13,2022,9,Q3,Completed,1,0,1,3,24,323.25,107.75,609,1
1865,Project Management,Kimberly Reed,2022-11-13,2022,11,Q4,Completed,1,0,1,3,24,802.75,267.58,609,1
1838,Communication Skills,Kimberly Richardson,2023-01-14,2023,1,Q1,Incomplete,0,0,1,5,40,582.7,116.54,673,0
2633,Project Management,Kimberly Robinson,2023-02-09,2023,2,Q1,Completed,1,0,1,2,16,859.39,429.69,609,1
3349,Project Management,Kimberly Ross,2022-08-31,2022,8,Q3,Incomplete,0,0,1,5,40,306.01,61.2,609,0
1098,Leadership Development,Kimberly Smith,2023-05-13,2023,5,Q2,Failed,0,0,1,5,40,666.67,133.33,574,0
3564,Technical Skills,Kimberly Thomas,2022-12-10,2022,12,Q4,Incomplete,0,0,1,4,32,106.14,26.54,579,0
3341,Technical Skills,Krista Estrada,2023-07-19,2023,7,Q3,Failed,0,0,1,1,8,933.59,933.59,579,0
1817,Leadership Development,Krista Fields,2022-08-20,2022,8,Q3,Completed,1,0,1,3,24,375.86,125.29,574,1
3952,Project Management,Krista Maldonado,2023-07-16,2023,7,Q3,Incomplete,0,0,1,5,40,625.95,125.19,609,0
1449,Customer Service,Kristen Brown,2022-10-09,2022,10,Q4,Passed,0,1,1,5,40,675.71,135.14,565,0.5
1742,Communication Skills,Kristen Brown,2023-04-19,2023,4,Q2,Incomplete,0,0,1,1,8,206.72,206.72,673,0.5
3531,Leadership Development,Kristen Harris,2022-11-30,2022,11,Q4,Completed,1,0,1,3,24,629.46,209.82,574,1
1533,Leadership Development,Kristen Mills,2022-12-24,2022,12,Q4,Passed,0,1,1,2,16,278.33,139.16,574,1
2220,Leadership Development,Kristen Oliver,2023-06-02,2023,6,Q2,Completed,1,0,1,4,32,938.01,234.5,574,1
2010,Communication Skills,Kristen Rogers,2022-08-22,2022,8,Q3,Passed,0,1,1,2,16,601.66,300.83,673,1
3976,Leadership Development,Kristi Davis,2023-04-22,2023,4,Q2,Completed,1,0,1,1,8,645.02,645.02,574,1
2904,Technical Skills,Kristi Hampton,2023-05-06,2023,5,Q2,Failed,0,0,1,4,32,986.01,246.5,579,0
3101,Technical Skills,Kristi Hernandez,2023-05-21,2023,5,Q2,Completed,1,0,1,4,32,849.63,212.41,579,1
3779,Project Management,Kristi Jackson,2023-05-29,2023,5,Q2,Incomplete,0,0,1,3,24,733.04,244.35,609,0
1939,Communication Skills,Kristi Lee,2022-10-27,2022,10,Q4,Completed,1,0,1,3,24,531.73,177.24,673,1
3772,Communication Skills,Kristin Freeman,2023-01-01,2023,1,Q1,Completed,1,0,1,1,8,894.66,894.66,673,1
3540,Communication Skills,Kristin Rodriguez,2022-10-26,2022,10,Q4,Incomplete,0,0,1,2,16,903.46,451.73,673,0.5
2365,Communication Skills,Kristin Rodriguez,2022-08-11,2022,8,Q3,Passed,0,1,1,5,40,355.8,71.16,673,0.5
1666,Technical Skills,Kristin Scott,2023-02-21,2023,2,Q1,Failed,0,0,1,5,40,597.62,119.52,579,0
3477,Leadership Development,Kristin Terry,2022-11-07,2022,11,Q4,Failed,0,0,1,5,40,429.48,85.9,574,0
1790,Communication Skills,Kristin Watson,2022-08-19,2022,8,Q3,Incomplete,0,0,1,4,32,631.98,158,673,0
1384,Leadership Development,Kristina Nelson,2022-10-04,2022,10,Q4,Passed,0,1,1,4,32,628.48,157.12,574,1
1515,Communication Skills,Kristopher Turner,2023-04-03,2023,4,Q2,Completed,1,0,1,3,24,765.84,255.28,673,1
3874,Project Management,Kristy Rodriguez,2022-10-03,2022,10,Q4,Passed,0,1,1,2,16,421.93,210.97,609,1
2646,Project Management,Kyle Brown,2023-07-15,2023,7,Q3,Failed,0,0,1,3,24,378.6,126.2,609,0
3880,Communication Skills,Kyle Davis,2022-09-25,2022,9,Q3,Completed,1,0,1,3,24,934.92,311.64,673,1
2388,Project Management,Kyle Escobar,2023-06-30,2023,6,Q2,Completed,1,0,1,4,32,949.32,237.33,609,1
1153,Communication Skills,Kyle Hernandez,2022-12-02,2022,12,Q4,Failed,0,0,1,4,32,555.35,138.84,673,0
3230,Project Management,Kyle Horton,2022-10-14,2022,10,Q4,Completed,1,0,1,5,40,466.81,93.36,609,1
3897,Technical Skills,Kyle Wilson,2023-08-04,2023,8,Q3,Incomplete,0,0,1,3,24,380.61,126.87,579,0
2084,Project Management,Kylie Gonzalez,2023-02-02,2023,2,Q1,Passed,0,1,1,1,8,677.67,677.67,609,1
3784,Communication Skills,Kylie Tran,2022-10-12,2022,10,Q4,Completed,1,0,1,2,16,671.12,335.56,673,1
1703,Customer Service,Lance Steele,2022-10-06,2022,10,Q4,Completed,1,0,1,2,16,987.43,493.71,565,1
3601,Project Management,Larry Clark,2023-01-03,2023,1,Q1,Completed,1,0,1,1,8,865.58,865.58,609,1
1564,Communication Skills,Larry Johnson,2023-04-20,2023,4,Q2,Completed,1,0,1,4,32,430.3,107.58,673,1
3500,Leadership Development,Larry Morales,2023-06-15,2023,6,Q2,Incomplete,0,0,1,4,32,779.79,194.95,574,0
1263,Communication Skills,Larry Yang,2023-03-03,2023,3,Q1,Failed,0,0,1,5,40,784.1,156.82,673,0
2408,Project Management,Latoya Schaefer,2022-09-04,2022,9,Q3,Failed,0,0,1,1,8,968.87,968.87,609,0
2624,Customer Service,Laura Baker,2022-11-04,2022,11,Q4,Incomplete,0,0,1,2,16,227.91,113.95,565,0
2537,Project Management,Laura Berg,2023-03-19,2023,3,Q1,Failed,0,0,1,5,40,475.8,95.16,609,0
2299,Customer Service,Laura Brooks DVM,2023-04-13,2023,4,Q2,Failed,0,0,1,4,32,922.03,230.51,565,0
2140,Project Management,Laura Burns,2023-04-27,2023,4,Q2,Completed,1,0,1,3,24,264.84,88.28,609,1
3618,Leadership Development,Laura Carpenter,2022-12-26,2022,12,Q4,Passed,0,1,1,3,24,609.3,203.1,574,1
3374,Communication Skills,Laura Cowan,2022-11-27,2022,11,Q4,Completed,1,0,1,4,32,123.64,30.91,673,1
3450,Technical Skills,Laura Davis,2023-01-12,2023,1,Q1,Completed,1,0,1,4,32,186.07,46.52,579,1
1036,Customer Service,Laura Gonzalez,2022-12-10,2022,12,Q4,Failed,0,0,1,3,24,305.98,101.99,565,0
3899,Customer Service,Laura Hahn,2022-09-23,2022,9,Q3,Failed,0,0,1,2,16,662.56,331.28,565,0
2511,Technical Skills,Laura Hammond,2023-04-20,2023,4,Q2,Incomplete,0,0,1,4,32,830.45,207.61,579,0
3415,Leadership Development,Laura Hanson,2022-09-16,2022,9,Q3,Completed,1,0,1,4,32,103.35,25.84,574,1
1563,Leadership Development,Laura Harper,2022-12-09,2022,12,Q4,Incomplete,0,0,1,3,24,721.86,240.62,574,0
1611,Leadership Development,Laura Jones,2022-10-01,2022,10,Q4,Failed,0,0,1,5,40,534.82,106.96,574,0
2225,Project Management,Laura Li,2022-12-09,2022,12,Q4,Passed,0,1,1,3,24,789.98,263.33,609,1
3791,Leadership Development,Laura Mathis,2023-02-12,2023,2,Q1,Failed,0,0,1,2,16,348.89,174.44,574,0
2039,Customer Service,Laura Meadows,2023-05-24,2023,5,Q2,Incomplete,0,0,1,1,8,738.69,738.69,565,0
3214,Project Management,Laura Moore,2023-01-25,2023,1,Q1,Incomplete,0,0,1,4,32,521.05,130.26,609,0
2839,Customer Service,Laura Palmer,2022-08-07,2022,8,Q3,Incomplete,0,0,1,2,16,837.22,418.61,565,0
1889,Leadership Development,Laura Patterson,2023-02-09,2023,2,Q1,Incomplete,0,0,1,1,8,993.76,993.76,574,0
3386,Leadership Development,Laura Sharp,2022-08-26,2022,8,Q3,Incomplete,0,0,1,1,8,348.3,348.3,574,0
1953,Leadership Development,Laura Smith,2022-08-13,2022,8,Q3,Passed,0,1,1,4,32,275.62,68.91,574,1
2273,Leadership Development,Laura Snyder,2023-04-01,2023,4,Q2,Passed,0,1,1,4,32,301.15,75.29,574,1
2279,Technical Skills,Laura Thomas,2023-03-23,2023,3,Q1,Passed,0,1,1,4,32,230.57,57.64,579,1
3140,Technical Skills,Laura Tucker,2022-12-12,2022,12,Q4,Failed,0,0,1,1,8,402.77,402.77,579,0
2743,Technical Skills,Laura Walker,2023-04-20,2023,4,Q2,Failed,0,0,1,3,24,437.36,145.79,579,0
1746,Communication Skills,Lauren Andrews,2022-11-18,2022,11,Q4,Incomplete,0,0,1,2,16,787.19,393.6,673,0
3334,Project Management,Lauren Brown,2022-10-23,2022,10,Q4,Completed,1,0,1,5,40,583.4,116.68,609,1
1923,Project Management,Lauren Dixon,2022-11-17,2022,11,Q4,Failed,0,0,1,3,24,868.74,289.58,609,0
1826,Technical Skills,Lauren Malone,2023-07-24,2023,7,Q3,Passed,0,1,1,4,32,485.39,121.35,579,1
2765,Customer Service,Lauren Matthews,2023-03-30,2023,3,Q1,Incomplete,0,0,1,2,16,529.91,264.95,565,0
2269,Technical Skills,Lauren Miller,2022-12-09,2022,12,Q4,Incomplete,0,0,1,1,8,109.33,109.33,579,0
2841,Customer Service,Lauren Parker,2023-04-22,2023,4,Q2,Completed,1,0,1,2,16,405.48,202.74,565,1
1585,Technical Skills,Lauren Rogers PhD,2023-02-06,2023,2,Q1,Incomplete,0,0,1,5,40,843.28,168.66,579,0
1994,Technical Skills,Laurie Bird,2023-04-20,2023,4,Q2,Passed,0,1,1,4,32,360.61,90.15,579,1
1864,Project Management,Laurie Miller,2022-08-06,2022,8,Q3,Completed,1,0,1,4,32,850.57,212.64,609,1
3655,Technical Skills,Lawrence Edwards,2023-01-04,2023,1,Q1,Passed,0,1,1,1,8,735.72,735.72,579,1
3959,Communication Skills,Leah Holland,2023-01-30,2023,1,Q1,Incomplete,0,0,1,5,40,116.9,23.38,673,0
2389,Technical Skills,Leah Thomas,2023-07-28,2023,7,Q3,Completed,1,0,1,1,8,718.39,718.39,579,1
3025,Communication Skills,Leah Woods,2022-08-27,2022,8,Q3,Incomplete,0,0,1,3,24,177.63,59.21,673,0
3353,Project Management,Lee Holt,2023-03-14,2023,3,Q1,Incomplete,0,0,1,3,24,749.47,249.82,609,0
2778,Project Management,Leonard Garner,2022-10-06,2022,10,Q4,Failed,0,0,1,5,40,594.73,118.95,609,0
2697,Project Management,Leonard Hancock,2023-02-19,2023,2,Q1,Completed,1,0,1,4,32,714.81,178.7,609,1
1477,Technical Skills,Leonard Miller,2023-03-12,2023,3,Q1,Failed,0,0,1,5,40,410.36,82.07,579,0
1291,Technical Skills,Leslie Clark,2022-09-12,2022,9,Q3,Passed,0,1,1,3,24,913.62,304.54,579,1
3914,Leadership Development,Leslie Dyer,2023-02-24,2023,2,Q1,Failed,0,0,1,1,8,559.86,559.86,574,0
1716,Communication Skills,Leslie Hall,2023-02-13,2023,2,Q1,Incomplete,0,0,1,2,16,234.05,117.03,673,0
1651,Customer Service,Leslie Howell,2022-12-20,2022,12,Q4,Passed,0,1,1,5,40,595.83,119.17,565,1
2385,Technical Skills,Leslie Jacobs,2023-03-31,2023,3,Q1,Incomplete,0,0,1,1,8,574.91,574.91,579,0
2325,Project Management,Leslie Miller,2023-01-04,2023,1,Q1,Completed,1,0,1,2,16,745.68,372.84,609,1
1301,Communication Skills,Linda Bell,2022-09-22,2022,9,Q3,Incomplete,0,0,1,1,8,472.18,472.18,673,0
1099,Project Management,Linda Carter,2022-10-30,2022,10,Q4,Incomplete,0,0,1,5,40,797.05,159.41,609,0
3335,Project Management,Linda Cunningham,2023-03-17,2023,3,Q1,Incomplete,0,0,1,5,40,388.61,77.72,609,0
3901,Customer Service,Linda Harris,2023-05-11,2023,5,Q2,Failed,0,0,1,1,8,876.73,876.73,565,0
3376,Project Management,Linda Lee,2023-02-20,2023,2,Q1,Incomplete,0,0,1,4,32,410.54,102.64,609,0
3669,Project Management,Linda Moore,2023-08-03,2023,8,Q3,Completed,1,0,1,1,8,183.85,183.85,609,1
3504,Communication Skills,Linda Pena,2023-06-02,2023,6,Q2,Completed,1,0,1,5,40,963.23,192.65,673,1
3294,Communication Skills,Linda Serrano,2023-07-09,2023,7,Q3,Incomplete,0,0,1,3,24,582.07,194.02,673,0
1643,Technical Skills,Linda Strong,2023-07-13,2023,7,Q3,Completed,1,0,1,3,24,674.14,224.71,579,1
2736,Technical Skills,Linda Weaver,2023-03-05,2023,3,Q1,Passed,0,1,1,1,8,297.94,297.94,579,1
2966,Project Management,Linda White,2022-10-17,2022,10,Q4,Passed,0,1,1,5,40,197.73,39.55,609,1
1221,Customer Service,Linda Wood,2022-08-25,2022,8,Q3,Passed,0,1,1,4,32,167.69,41.92,565,1
1796,Customer Service,Lindsay Adams,2022-10-27,2022,10,Q4,Failed,0,0,1,1,8,727.51,727.51,565,0
1581,Project Management,Lindsay Allison,2023-01-10,2023,1,Q1,Failed,0,0,1,2,16,480.2,240.1,609,0
3062,Leadership Development,Lindsay Butler,2023-07-26,2023,7,Q3,Passed,0,1,1,1,8,312.91,312.91,574,1
3521,Communication Skills,Lindsay Matthews,2023-02-28,2023,2,Q1,Incomplete,0,0,1,5,40,723.5,144.7,673,0
1644,Customer Service,Lindsay Parker,2022-12-13,2022,12,Q4,Failed,0,0,1,4,32,383.95,95.99,565,0
2012,Communication Skills,Lindsay Reid,2022-09-18,2022,9,Q3,Incomplete,0,0,1,2,16,138.67,69.33,673,0
1386,Technical Skills,Lindsay Rogers,2023-06-29,2023,6,Q2,Passed,0,1,1,1,8,106.91,106.91,579,1
3448,Communication Skills,Lindsay Williams,2023-05-16,2023,5,Q2,Completed,1,0,1,4,32,911.05,227.76,673,1
1920,Customer Service,Lindsey Johnson,2023-04-04,2023,4,Q2,Failed,0,0,1,3,24,646.65,215.55,565,0
1502,Technical Skills,Lindsey Maldonado,2023-03-08,2023,3,Q1,Failed,0,0,1,4,32,245,61.25,579,0
2213,Technical Skills,Lindsey Warner,2023-04-09,2023,4,Q2,Passed,0,1,1,1,8,196.03,196.03,579,1
3469,Communication Skills,Lisa Barnes,2022-08-15,2022,8,Q3,Failed,0,0,1,2,16,552.54,276.27,673,0
2231,Technical Skills,Lisa Edwards,2023-04-20,2023,4,Q2,Failed,0,0,1,3,24,352.54,117.51,579,0
2076,Communication Skills,Lisa Freeman,2022-11-08,2022,11,Q4,Completed,1,0,1,3,24,350.22,116.74,673,1
3550,Project Management,Lisa Gibbs,2023-04-09,2023,4,Q2,Completed,1,0,1,4,32,363.11,90.78,609,1
2569,Project Management,Lisa Gomez,2023-01-15,2023,1,Q1,Completed,1,0,1,2,16,694.21,347.11,609,1
1739,Communication Skills,Lisa Hahn,2023-07-04,2023,7,Q3,Incomplete,0,0,1,1,8,388.07,388.07,673,0
1226,Customer Service,Lisa Hall,2023-05-20,2023,5,Q2,Completed,1,0,1,3,24,939.92,313.31,565,1
2780,Communication Skills,Lisa Harrell,2022-12-24,2022,12,Q4,Incomplete,0,0,1,3,24,625.69,208.56,673,0
1575,Leadership Development,Lisa Harris,2023-04-14,2023,4,Q2,Incomplete,0,0,1,5,40,981.36,196.27,574,0
1789,Leadership Development,Lisa Harrison,2023-01-08,2023,1,Q1,Incomplete,0,0,1,2,16,700.97,350.49,574,0
2819,Leadership Development,Lisa Hebert,2023-07-31,2023,7,Q3,Failed,0,0,1,2,16,595.4,297.7,574,0
3989,Communication Skills,Lisa Hensley,2023-01-22,2023,1,Q1,Passed,0,1,1,5,40,866.51,173.3,673,1
2499,Project Management,Lisa Higgins,2022-10-12,2022,10,Q4,Failed,0,0,1,2,16,190.49,95.25,609,0
3318,Leadership Development,Lisa Hill,2022-09-16,2022,9,Q3,Incomplete,0,0,1,2,16,728.28,364.14,574,0
3158,Communication Skills,Lisa Huffman,2022-12-19,2022,12,Q4,Passed,0,1,1,5,40,266.62,53.32,673,1
1330,Project Management,Lisa Jenkins,2022-11-20,2022,11,Q4,Incomplete,0,0,1,3,24,633.72,211.24,609,0
2344,Technical Skills,Lisa Johnson,2023-03-13,2023,3,Q1,Completed,1,0,1,2,16,967.05,483.52,579,1
1924,Customer Service,Lisa Johnston,2023-07-14,2023,7,Q3,Failed,0,0,1,4,32,250.41,62.6,565,0
1649,Leadership Development,Lisa Kennedy MD,2022-11-24,2022,11,Q4,Passed,0,1,1,5,40,452.38,90.48,574,1
2258,Technical Skills,Lisa Malone,2023-07-03,2023,7,Q3,Failed,0,0,1,2,16,675.95,337.98,579,0
3821,Project Management,Lisa Mitchell,2022-11-30,2022,11,Q4,Passed,0,1,1,2,16,866.63,433.31,609,1
2337,Project Management,Lisa Payne,2023-07-15,2023,7,Q3,Incomplete,0,0,1,2,16,366.82,183.41,609,0
2652,Customer Service,Lisa Rodgers,2022-10-23,2022,10,Q4,Incomplete,0,0,1,1,8,424.44,424.44,565,0
2965,Project Management,Lisa Ross,2023-03-07,2023,3,Q1,Completed,1,0,1,3,24,426.26,142.09,609,1
3503,Technical Skills,Lisa Shelton,2023-02-20,2023,2,Q1,Completed,1,0,1,4,32,996.35,249.09,579,1
2867,Leadership Development,Lisa Snyder,2023-02-21,2023,2,Q1,Incomplete,0,0,1,4,32,317.26,79.31,574,0
3654,Project Management,Lisa Solis,2023-04-11,2023,4,Q2,Incomplete,0,0,1,4,32,553.86,138.47,609,0
2742,Communication Skills,Lisa Stevens,2022-09-05,2022,9,Q3,Incomplete,0,0,1,4,32,785.39,196.35,673,0
3625,Technical Skills,Lisa Suarez,2023-03-26,2023,3,Q1,Incomplete,0,0,1,2,16,617.27,308.63,579,0
2941,Customer Service,Lisa Thomas DDS,2022-11-11,2022,11,Q4,Completed,1,0,1,3,24,828.68,276.23,565,1
3770,Project Management,Lisa Tran,2023-07-05,2023,7,Q3,Incomplete,0,0,1,2,16,536.2,268.1,609,0
2510,Customer Service,Lisa Williams,2022-08-22,2022,8,Q3,Completed,1,0,1,2,16,580.84,290.42,565,1
2318,Communication Skills,Lisa Zuniga,2023-06-22,2023,6,Q2,Incomplete,0,0,1,2,16,303.8,151.9,673,0
3660,Leadership Development,Logan Nelson,2023-05-19,2023,5,Q2,Passed,0,1,1,4,32,849.77,212.44,574,1
2990,Project Management,Logan Smith,2023-05-14,2023,5,Q2,Passed,0,1,1,3,24,494.03,164.68,609,1
3073,Customer Service,Loretta Greene,2023-01-28,2023,1,Q1,Completed,1,0,1,1,8,681.4,681.4,565,1
2171,Communication Skills,Loretta Hunter,2023-06-19,2023,6,Q2,Passed,0,1,1,3,24,243.07,81.02,673,1
3875,Leadership Development,Loretta Reynolds,2023-06-10,2023,6,Q2,Incomplete,0,0,1,2,16,860.22,430.11,574,0
3099,Technical Skills,Lori Brown,2023-05-31,2023,5,Q2,Passed,0,1,1,4,32,355.34,88.83,579,1
2435,Communication Skills,Lori Bush,2023-03-26,2023,3,Q1,Incomplete,0,0,1,5,40,150.58,30.12,673,0
3087,Communication Skills,Lori Cox,2023-07-08,2023,7,Q3,Passed,0,1,1,2,16,776.34,388.17,673,1
3800,Customer Service,Lori Kane,2022-10-14,2022,10,Q4,Completed,1,0,1,4,32,886.12,221.53,565,1
2060,Project Management,Lori Mckee,2023-07-23,2023,7,Q3,Failed,0,0,1,3,24,442.39,147.46,609,0
2864,Leadership Development,Lori Miles,2023-06-16,2023,6,Q2,Failed,0,0,1,4,32,242.25,60.56,574,0
2601,Communication Skills,Lori Miller,2023-06-29,2023,6,Q2,Failed,0,0,1,5,40,944.24,188.85,673,0
1343,Customer Service,Lori Smith,2022-09-02,2022,9,Q3,Completed,1,0,1,5,40,924.85,184.97,565,1
2214,Leadership Development,Lori Stout,2023-03-16,2023,3,Q1,Passed,0,1,1,4,32,973.62,243.41,574,1
2789,Project Management,Lori Wall,2023-06-06,2023,6,Q2,Completed,1,0,1,4,32,899.17,224.79,609,1
3234,Leadership Development,Lorraine Rodriguez,2022-11-03,2022,11,Q4,Completed,1,0,1,3,24,185.58,61.86,574,1
3656,Project Management,Louis Fox,2023-06-14,2023,6,Q2,Failed,0,0,1,4,32,867.03,216.76,609,0
2141,Customer Service,Louis Mccall,2023-06-07,2023,6,Q2,Completed,1,0,1,1,8,619.72,619.72,565,1
3694,Leadership Development,Louis Todd,2023-05-19,2023,5,Q2,Completed,1,0,1,2,16,649.18,324.59,574,1
2320,Communication Skills,Lucas Hernandez,2023-07-25,2023,7,Q3,Incomplete,0,0,1,5,40,509.71,101.94,673,0
3907,Technical Skills,Lucas King,2022-12-06,2022,12,Q4,Incomplete,0,0,1,3,24,281.7,93.9,579,0
3090,Technical Skills,Lucas Larson,2022-11-24,2022,11,Q4,Incomplete,0,0,1,4,32,284.29,71.07,579,0
3377,Communication Skills,Luis Greer,2022-10-24,2022,10,Q4,Completed,1,0,1,2,16,485.17,242.59,673,1
2704,Leadership Development,Luis Ingram,2022-12-10,2022,12,Q4,Incomplete,0,0,1,2,16,499.97,249.99,574,0
1410,Project Management,Luis Reynolds,2022-11-25,2022,11,Q4,Completed,1,0,1,1,8,746.8,746.8,609,1
2771,Technical Skills,Luis Wiley,2022-12-11,2022,12,Q4,Incomplete,0,0,1,5,40,255.16,51.03,579,0
1772,Technical Skills,Lydia Campbell,2022-08-20,2022,8,Q3,Passed,0,1,1,2,16,205.64,102.82,579,1
1322,Customer Service,Lynn Cuevas,2023-02-24,2023,2,Q1,Incomplete,0,0,1,1,8,891.25,891.25,565,0
1608,Customer Service,Lynn Duncan,2022-11-06,2022,11,Q4,Incomplete,0,0,1,1,8,820.96,820.96,565,0
3734,Communication Skills,Lynn Fleming,2023-03-05,2023,3,Q1,Failed,0,0,1,2,16,702.69,351.35,673,0
3097,Project Management,Lynn Green,2022-12-30,2022,12,Q4,Incomplete,0,0,1,5,40,166.08,33.22,609,0
2546,Customer Service,Lynn Hart,2023-05-22,2023,5,Q2,Completed,1,0,1,3,24,463.57,154.52,565,1
2621,Project Management,Lynn Jones,2023-03-03,2023,3,Q1,Incomplete,0,0,1,2,16,451.56,225.78,609,0
3252,Communication Skills,Lynn Nielsen,2022-11-08,2022,11,Q4,Incomplete,0,0,1,5,40,102.7,20.54,673,0
3649,Leadership Development,Madeline Wallace,2022-12-18,2022,12,Q4,Completed,1,0,1,4,32,336.33,84.08,574,1
1702,Communication Skills,Madison Rogers,2023-03-19,2023,3,Q1,Completed,1,0,1,5,40,733.92,146.78,673,1
2999,Customer Service,Makayla Hart,2023-06-14,2023,6,Q2,Passed,0,1,1,5,40,800.21,160.04,565,1
3838,Communication Skills,Mallory Johnson,2023-04-19,2023,4,Q2,Failed,0,0,1,2,16,510.23,255.12,673,0
2096,Communication Skills,Mandy Dunn,2023-04-25,2023,4,Q2,Completed,1,0,1,3,24,838.65,279.55,673,1
3556,Customer Service,Mandy Morrison,2023-02-11,2023,2,Q1,Incomplete,0,0,1,1,8,513.92,513.92,565,0
3330,Project Management,Manuel Byrd,2023-04-22,2023,4,Q2,Incomplete,0,0,1,2,16,713.22,356.61,609,0
3037,Leadership Development,Marc Burns,2023-05-01,2023,5,Q2,Failed,0,0,1,5,40,374.69,74.94,574,0
1799,Technical Skills,Marc Price,2022-10-27,2022,10,Q4,Passed,0,1,1,1,8,338.36,338.36,579,1
2670,Project Management,Marc Smith,2023-06-28,2023,6,Q2,Completed,1,0,1,4,32,144.83,36.21,609,1
1351,Project Management,Marcia Johnson,2022-12-20,2022,12,Q4,Passed,0,1,1,2,16,278.16,139.08,609,1
2625,Technical Skills,Marcus Davis,2022-10-01,2022,10,Q4,Failed,0,0,1,3,24,379.25,126.42,579,0
1701,Technical Skills,Marcus Harris,2023-06-18,2023,6,Q2,Passed,0,1,1,1,8,460.53,460.53,579,0.5
3819,Leadership Development,Marcus Harris,2022-12-29,2022,12,Q4,Incomplete,0,0,1,3,24,906.45,302.15,574,0.5
2443,Project Management,Marcus Leonard,2022-12-30,2022,12,Q4,Completed,1,0,1,5,40,300.21,60.04,609,1
3793,Project Management,Margaret Best,2022-11-24,2022,11,Q4,Completed,1,0,1,2,16,552.67,276.33,609,1
3797,Technical Skills,Margaret Cox,2023-03-09,2023,3,Q1,Completed,1,0,1,2,16,279.38,139.69,579,1
3049,Project Management,Margaret Fitzgerald,2023-01-20,2023,1,Q1,Incomplete,0,0,1,4,32,510.95,127.74,609,0
1187,Communication Skills,Margaret Martinez,2022-10-25,2022,10,Q4,Incomplete,0,0,1,4,32,443.55,110.89,673,0
2281,Technical Skills,Margaret Morrison,2022-11-29,2022,11,Q4,Failed,0,0,1,4,32,761.7,190.43,579,0
2047,Technical Skills,Margaret Padilla,2022-08-15,2022,8,Q3,Failed,0,0,1,1,8,942.72,942.72,579,0
2321,Communication Skills,Margaret Perkins,2022-09-06,2022,9,Q3,Incomplete,0,0,1,3,24,781.95,260.65,673,0
3916,Communication Skills,Margaret Walker,2023-03-16,2023,3,Q1,Passed,0,1,1,4,32,343.6,85.9,673,1
3135,Communication Skills,Maria Barrett,2023-01-28,2023,1,Q1,Passed,0,1,1,5,40,142.21,28.44,673,1
1750,Project Management,Maria Gonzalez,2022-08-20,2022,8,Q3,Incomplete,0,0,1,1,8,523.44,523.44,609,0
2256,Leadership Development,Maria Johnson,2023-01-13,2023,1,Q1,Completed,1,0,1,1,8,312.42,312.42,574,1
1079,Communication Skills,Maria Jones,2023-04-15,2023,4,Q2,Incomplete,0,0,1,5,40,861.1,172.22,673,0
1922,Technical Skills,Maria Le,2022-11-14,2022,11,Q4,Passed,0,1,1,3,24,636.38,212.13,579,1
1568,Communication Skills,Maria Ramos,2023-04-07,2023,4,Q2,Incomplete,0,0,1,5,40,586.71,117.34,673,0
3216,Leadership Development,Maria Rios,2023-03-17,2023,3,Q1,Passed,0,1,1,5,40,143.08,28.62,574,1
2027,Technical Skills,Mariah Jones,2022-08-08,2022,8,Q3,Incomplete,0,0,1,5,40,664.12,132.82,579,0
2250,Communication Skills,Mariah Larsen,2023-04-08,2023,4,Q2,Failed,0,0,1,5,40,565.78,113.16,673,0
3536,Leadership Development,Marissa Dean,2022-11-23,2022,11,Q4,Passed,0,1,1,5,40,269.03,53.81,574,1
3054,Leadership Development,Marissa Harris,2023-06-07,2023,6,Q2,Incomplete,0,0,1,5,40,144.66,28.93,574,0
1344,Technical Skills,Marissa Johnson,2022-11-01,2022,11,Q4,Incomplete,0,0,1,5,40,284.38,56.88,579,0
1631,Customer Service,Marissa Mcintyre,2023-01-14,2023,1,Q1,Incomplete,0,0,1,1,8,464.49,464.49,565,0
1847,Leadership Development,Marissa Parker,2023-02-14,2023,2,Q1,Completed,1,0,1,1,8,777.95,777.95,574,1
2393,Project Management,Mark Bailey,2023-02-27,2023,2,Q1,Completed,1,0,1,5,40,803.82,160.76,609,1
1966,Communication Skills,Mark Baker,2023-05-19,2023,5,Q2,Failed,0,0,1,5,40,497.54,99.51,673,0
2058,Customer Service,Mark Bowen,2022-12-31,2022,12,Q4,Passed,0,1,1,1,8,338.16,338.16,565,1
2611,Customer Service,Mark Burton,2022-10-29,2022,10,Q4,Failed,0,0,1,3,24,793.77,264.59,565,0
1616,Leadership Development,Mark Cisneros,2023-07-18,2023,7,Q3,Completed,1,0,1,2,16,206.73,103.36,574,1
1459,Project Management,Mark Cooper,2022-10-18,2022,10,Q4,Failed,0,0,1,3,24,798.97,266.32,609,0
2306,Communication Skills,Mark Cordova,2023-02-28,2023,2,Q1,Failed,0,0,1,2,16,217.33,108.67,673,0
2860,Leadership Development,Mark Flores,2022-09-13,2022,9,Q3,Passed,0,1,1,3,24,587.16,195.72,574,1
2314,Communication Skills,Mark Francis,2022-11-18,2022,11,Q4,Failed,0,0,1,1,8,725.98,725.98,673,0
2576,Leadership Development,Mark Hammond,2023-02-23,2023,2,Q1,Incomplete,0,0,1,2,16,608.82,304.41,574,0
3163,Project Management,Mark Johnson,2022-10-01,2022,10,Q4,Passed,0,1,1,4,32,807.32,201.83,609,1
1975,Customer Service,Mark Lam,2023-03-12,2023,3,Q1,Failed,0,0,1,5,40,664.61,132.92,565,0
3887,Communication Skills,Mark Lewis,2023-07-25,2023,7,Q3,Failed,0,0,1,1,8,181.23,181.23,673,0
3284,Technical Skills,Mark Lloyd,2022-10-20,2022,10,Q4,Incomplete,0,0,1,5,40,538.22,107.64,579,0
2782,Leadership Development,Mark Lopez,2022-10-17,2022,10,Q4,Passed,0,1,1,2,16,134.99,67.5,574,1
1673,Project Management,Mark Miller,2023-01-04,2023,1,Q1,Incomplete,0,0,1,2,16,981.06,490.53,609,0
3235,Project Management,Mark Moore,2023-02-08,2023,2,Q1,Failed,0,0,1,3,24,667.23,222.41,609,0
1051,Leadership Development,Mark Morgan,2022-10-13,2022,10,Q4,Passed,0,1,1,3,24,572.94,190.98,574,1
1177,Customer Service,Mark Perez,2022-09-17,2022,9,Q3,Passed,0,1,1,3,24,436.86,145.62,565,1
1473,Leadership Development,Mark Ramirez,2023-02-11,2023,2,Q1,Passed,0,1,1,4,32,336.08,84.02,574,1
1003,Technical Skills,Mark Roberson,2023-02-24,2023,2,Q1,Incomplete,0,0,1,4,32,777.06,194.26,579,0
2421,Customer Service,Mark Roberts,2023-07-08,2023,7,Q3,Completed,1,0,1,3,24,442.48,147.49,565,1
2618,Communication Skills,Mark Smith,2023-01-23,2023,1,Q1,Passed,0,1,1,3,24,399.63,133.21,673,1
2970,Leadership Development,Mark Williams,2023-01-16,2023,1,Q1,Failed,0,0,1,4,32,689.49,172.37,574,0
1353,Communication Skills,Mark Zamora,2022-12-16,2022,12,Q4,Incomplete,0,0,1,5,40,179.21,35.84,673,0
3889,Technical Skills,Martha Clements,2023-08-02,2023,8,Q3,Incomplete,0,0,1,1,8,292.8,292.8,579,0
3923,Project Management,Martin Brown,2022-12-27,2022,12,Q4,Failed,0,0,1,2,16,378.39,189.19,609,0
2997,Communication Skills,Martin Ingram,2023-02-16,2023,2,Q1,Completed,1,0,1,4,32,433.14,108.28,673,1
3421,Customer Service,Martin Ross,2023-01-22,2023,1,Q1,Passed,0,1,1,1,8,786.71,786.71,565,1
1426,Project Management,Mary Baker,2022-12-02,2022,12,Q4,Completed,1,0,1,3,24,938.04,312.68,609,1
1359,Customer Service,Mary Bonilla,2023-02-14,2023,2,Q1,Incomplete,0,0,1,4,32,729.91,182.48,565,0
1184,Customer Service,Mary Coleman,2023-01-31,2023,1,Q1,Completed,1,0,1,3,24,512.51,170.84,565,1
1358,Communication Skills,Mary Galloway,2022-08-10,2022,8,Q3,Completed,1,0,1,2,16,994.81,497.4,673,1
3316,Communication Skills,Mary Gibson,2022-08-17,2022,8,Q3,Failed,0,0,1,1,8,780.12,780.12,673,0
3622,Project Management,Mary Little,2023-05-11,2023,5,Q2,Completed,1,0,1,1,8,977.23,977.23,609,1
3858,Project Management,Mary Morris,2023-06-13,2023,6,Q2,Failed,0,0,1,4,32,478.88,119.72,609,0
1402,Communication Skills,Mary Ramirez,2022-10-14,2022,10,Q4,Passed,0,1,1,3,24,602.33,200.78,673,1
2752,Customer Service,Mary Robinson,2022-12-06,2022,12,Q4,Incomplete,0,0,1,5,40,450.64,90.13,565,0
2660,Project Management,Mary Villanueva,2022-09-07,2022,9,Q3,Passed,0,1,1,1,8,788.33,788.33,609,1
3598,Technical Skills,Matthew Alvarado,2022-10-11,2022,10,Q4,Passed,0,1,1,3,24,373.87,124.62,579,1
2437,Customer Service,Matthew Barrera,2023-05-02,2023,5,Q2,Completed,1,0,1,2,16,669.99,335,565,1
3253,Communication Skills,Matthew Bennett,2023-04-21,2023,4,Q2,Failed,0,0,1,2,16,869.46,434.73,673,0
1636,Technical Skills,Matthew Benson,2022-08-31,2022,8,Q3,Completed,1,0,1,1,8,943.84,943.84,579,1
1905,Leadership Development,Matthew Brooks,2022-11-24,2022,11,Q4,Passed,0,1,1,2,16,958.46,479.23,574,1
2098,Project Management,Matthew Brown,2022-09-25,2022,9,Q3,Incomplete,0,0,1,2,16,254.35,127.17,609,0
1979,Communication Skills,Matthew Carter,2023-05-19,2023,5,Q2,Failed,0,0,1,1,8,656.46,656.46,673,0
2888,Customer Service,Matthew Cox,2023-03-17,2023,3,Q1,Completed,1,0,1,4,32,119.5,29.88,565,0.5
1708,Customer Service,Matthew Cox,2023-06-20,2023,6,Q2,Incomplete,0,0,1,5,40,640.01,128,565,0.5
3092,Leadership Development,Matthew Davis,2022-10-07,2022,10,Q4,Passed,0,1,1,1,8,372.99,372.99,574,1
3110,Technical Skills,Matthew Fitzpatrick,2022-10-29,2022,10,Q4,Completed,1,0,1,3,24,299.97,99.99,579,1
2387,Communication Skills,Matthew Garner,2023-03-05,2023,3,Q1,Failed,0,0,1,2,16,459.27,229.63,673,0
1852,Customer Service,Matthew Goodman,2022-10-16,2022,10,Q4,Completed,1,0,1,1,8,917.56,917.56,565,1
2361,Customer Service,Matthew Jones,2022-09-08,2022,9,Q3,Failed,0,0,1,4,32,148.29,37.07,565,0
2993,Communication Skills,Matthew Kemp,2022-11-03,2022,11,Q4,Incomplete,0,0,1,3,24,559.24,186.41,673,0
2204,Customer Service,Matthew Lee,2022-11-27,2022,11,Q4,Passed,0,1,1,3,24,284.05,94.68,565,1
1101,Communication Skills,Matthew Mason,2023-03-31,2023,3,Q1,Passed,0,1,1,5,40,426.82,85.36,673,1
3472,Technical Skills,Matthew Meyer,2023-02-12,2023,2,Q1,Completed,1,0,1,5,40,537.24,107.45,579,1
2755,Technical Skills,Matthew Mueller,2022-12-21,2022,12,Q4,Completed,1,0,1,4,32,118.68,29.67,579,1
1623,Project Management,Matthew Nelson,2022-11-26,2022,11,Q4,Passed,0,1,1,3,24,232.5,77.5,609,1
2713,Technical Skills,Matthew Parker,2023-04-09,2023,4,Q2,Completed,1,0,1,3,24,193.48,64.49,579,1
3343,Technical Skills,Matthew Patterson,2023-07-05,2023,7,Q3,Failed,0,0,1,2,16,819.62,409.81,579,0
3680,Leadership Development,Matthew Peterson,2023-05-15,2023,5,Q2,Completed,1,0,1,4,32,461.06,115.27,574,1
3570,Project Management,Matthew Ramirez,2023-03-29,2023,3,Q1,Failed,0,0,1,2,16,796.88,398.44,609,0
3027,Communication Skills,Matthew Ramirez,2023-07-05,2023,7,Q3,Incomplete,0,0,1,4,32,707.06,176.76,673,0
3371,Communication Skills,Matthew Rios,2022-12-01,2022,12,Q4,Passed,0,1,1,2,16,210.15,105.08,673,0.5
3758,Leadership Development,Matthew Rios,2023-01-16,2023,1,Q1,Failed,0,0,1,4,32,917.17,229.29,574,0.5
1675,Technical Skills,Matthew Robertson,2023-03-07,2023,3,Q1,Failed,0,0,1,4,32,904.68,226.17,579,0
2505,Communication Skills,Matthew Rodriguez,2022-11-23,2022,11,Q4,Completed,1,0,1,5,40,508.85,101.77,673,1
3013,Leadership Development,Matthew Sanders,2023-05-23,2023,5,Q2,Incomplete,0,0,1,4,32,776.3,194.07,574,0
2872,Communication Skills,Matthew Shaffer,2023-03-20,2023,3,Q1,Passed,0,1,1,3,24,573.84,191.28,673,1
2085,Project Management,Matthew Stephens MD,2023-03-29,2023,3,Q1,Incomplete,0,0,1,1,8,963.42,963.42,609,0
1972,Leadership Development,Matthew Watson,2023-04-26,2023,4,Q2,Incomplete,0,0,1,4,32,349.48,87.37,574,0
2067,Leadership Development,Maureen Harris,2023-05-10,2023,5,Q2,Failed,0,0,1,4,32,320.87,80.22,574,0
3011,Leadership Development,Maurice Cole,2022-10-11,2022,10,Q4,Incomplete,0,0,1,3,24,935.75,311.92,574,0
2157,Leadership Development,Maurice Gonzales,2022-10-02,2022,10,Q4,Incomplete,0,0,1,1,8,152.69,152.69,574,0
2875,Project Management,Maurice Green,2022-09-17,2022,9,Q3,Incomplete,0,0,1,1,8,892.56,892.56,609,0
3319,Technical Skills,Maurice Rivera,2023-06-27,2023,6,Q2,Completed,1,0,1,2,16,141.88,70.94,579,1
2467,Customer Service,Maxwell Moore,2023-03-08,2023,3,Q1,Passed,0,1,1,1,8,832.16,832.16,565,1
3047,Customer Service,Mckenzie Myers,2023-06-13,2023,6,Q2,Passed,0,1,1,1,8,507.74,507.74,565,1
1892,Technical Skills,Meagan Glenn,2023-02-09,2023,2,Q1,Incomplete,0,0,1,3,24,192.73,64.24,579,0
3132,Communication Skills,Megan Aguilar,2023-03-16,2023,3,Q1,Incomplete,0,0,1,3,24,134.92,44.97,673,0
3949,Communication Skills,Megan Chan,2023-06-03,2023,6,Q2,Incomplete,0,0,1,2,16,843.66,421.83,673,0
3189,Leadership Development,Megan Espinoza,2022-09-11,2022,9,Q3,Passed,0,1,1,5,40,574.76,114.95,574,1
2732,Customer Service,Megan Hill,2023-02-23,2023,2,Q1,Completed,1,0,1,3,24,147.28,49.09,565,1
2981,Communication Skills,Megan Reynolds,2023-06-25,2023,6,Q2,Completed,1,0,1,2,16,197.96,98.98,673,1
2338,Customer Service,Megan Smith,2023-06-18,2023,6,Q2,Completed,1,0,1,2,16,819.8,409.9,565,1
3436,Leadership Development,Megan Wilson,2023-04-09,2023,4,Q2,Failed,0,0,1,5,40,192.61,38.52,574,0
2303,Customer Service,Meghan Robinson,2023-01-13,2023,1,Q1,Passed,0,1,1,2,16,813.39,406.69,565,1
3359,Project Management,Meghan Romero,2023-04-13,2023,4,Q2,Passed,0,1,1,5,40,886.07,177.21,609,1
3111,Leadership Development,Melanie Fernandez,2023-06-06,2023,6,Q2,Incomplete,0,0,1,1,8,374.9,374.9,574,0
2833,Leadership Development,Melanie Harris,2022-08-24,2022,8,Q3,Incomplete,0,0,1,3,24,182.84,60.95,574,0
1222,Leadership Development,Melanie Johnson,2023-03-10,2023,3,Q1,Passed,0,1,1,2,16,931.45,465.73,574,1
1239,Project Management,Melanie Middleton,2023-04-28,2023,4,Q2,Incomplete,0,0,1,3,24,726.03,242.01,609,0
1266,Project Management,Melissa Brown,2023-03-30,2023,3,Q1,Incomplete,0,0,1,5,40,465.72,93.14,609,0
1072,Technical Skills,Melissa Campos,2023-05-19,2023,5,Q2,Passed,0,1,1,5,40,179.91,35.98,579,1
3166,Project Management,Melissa Carson,2023-01-27,2023,1,Q1,Incomplete,0,0,1,4,32,928.71,232.18,609,0
1683,Project Management,Melissa Carter,2023-06-28,2023,6,Q2,Failed,0,0,1,1,8,599.74,599.74,609,0
1816,Communication Skills,Melissa Chambers,2023-06-05,2023,6,Q2,Incomplete,0,0,1,2,16,253.51,126.75,673,0
3172,Customer Service,Melissa Faulkner,2022-12-25,2022,12,Q4,Failed,0,0,1,5,40,742.18,148.44,565,0
2985,Customer Service,Melissa Jackson,2022-10-25,2022,10,Q4,Failed,0,0,1,4,32,813.43,203.36,565,0
2509,Communication Skills,Melissa Kerr,2023-02-08,2023,2,Q1,Completed,1,0,1,1,8,433.69,433.69,673,1
2059,Customer Service,Melissa Marshall,2023-05-06,2023,5,Q2,Completed,1,0,1,3,24,969.03,323.01,565,1
2366,Project Management,Melissa Martinez,2022-08-16,2022,8,Q3,Incomplete,0,0,1,3,24,184.59,61.53,609,0
1711,Technical Skills,Melissa Martinez,2022-09-30,2022,9,Q3,Failed,0,0,1,3,24,102.19,34.06,579,0
1127,Communication Skills,Melissa Miles,2022-09-04,2022,9,Q3,Incomplete,0,0,1,2,16,500.83,250.41,673,0
2814,Leadership Development,Melissa Morgan,2023-07-31,2023,7,Q3,Passed,0,1,1,2,16,809.89,404.94,574,1
3557,Project Management,Melissa Oliver,2023-02-04,2023,2,Q1,Failed,0,0,1,1,8,210.38,210.38,609,0
2198,Leadership Development,Melissa Perkins,2022-08-14,2022,8,Q3,Failed,0,0,1,5,40,198.35,39.67,574,0
3082,Project Management,Melissa Peters,2023-05-15,2023,5,Q2,Incomplete,0,0,1,4,32,696.51,174.13,609,0
3626,Communication Skills,Melissa Powell PhD,2022-09-25,2022,9,Q3,Failed,0,0,1,2,16,559.78,279.89,673,0
2479,Technical Skills,Melissa Savage,2023-06-18,2023,6,Q2,Passed,0,1,1,2,16,439.17,219.59,579,1
2478,Customer Service,Melissa Schmidt,2022-09-26,2022,9,Q3,Passed,0,1,1,4,32,548.18,137.04,565,1
2887,Communication Skills,Melissa Shah,2023-04-15,2023,4,Q2,Completed,1,0,1,5,40,411.52,82.3,673,1
2504,Communication Skills,Melissa Stark,2022-09-02,2022,9,Q3,Failed,0,0,1,5,40,108.02,21.6,673,0
3057,Leadership Development,Melissa Villegas,2023-05-28,2023,5,Q2,Completed,1,0,1,4,32,961.84,240.46,574,1
1755,Communication Skills,Melissa Whitehead,2022-11-22,2022,11,Q4,Incomplete,0,0,1,2,16,367.76,183.88,673,0
1647,Communication Skills,Melissa Wood,2022-09-15,2022,9,Q3,Passed,0,1,1,5,40,719.1,143.82,673,1
2595,Customer Service,Melvin Porter,2022-08-12,2022,8,Q3,Failed,0,0,1,4,32,920.91,230.23,565,0
2959,Customer Service,Mercedes Garcia,2023-07-06,2023,7,Q3,Incomplete,0,0,1,5,40,657.64,131.53,565,0
2357,Leadership Development,Meredith Miller,2023-05-17,2023,5,Q2,Failed,0,0,1,3,24,483.49,161.16,574,0
3412,Leadership Development,Michael Bailey,2022-10-07,2022,10,Q4,Incomplete,0,0,1,2,16,966.67,483.33,574,0
2720,Customer Service,Michael Bailey,2023-05-09,2023,5,Q2,Failed,0,0,1,2,16,960.4,480.2,565,0
1425,Technical Skills,Michael Barnes,2023-03-13,2023,3,Q1,Failed,0,0,1,1,8,850.15,850.15,579,0
3326,Project Management,Michael Bell,2022-11-06,2022,11,Q4,Completed,1,0,1,3,24,115.27,38.42,609,1
2298,Communication Skills,Michael Berry,2023-03-02,2023,3,Q1,Failed,0,0,1,1,8,145.08,145.08,673,0
1552,Leadership Development,Michael Brown,2022-09-28,2022,9,Q3,Passed,0,1,1,4,32,616.86,154.22,574,0.6666666667
2607,Technical Skills,Michael Brown,2022-12-26,2022,12,Q4,Completed,1,0,1,3,24,918.96,306.32,579,0.6666666667
3175,Technical Skills,Michael Brown,2023-05-22,2023,5,Q2,Failed,0,0,1,4,32,686.77,171.69,579,0.6666666667
1234,Leadership Development,Michael Butler,2023-02-19,2023,2,Q1,Passed,0,1,1,1,8,504.82,504.82,574,1
1440,Communication Skills,Michael Carlson,2022-11-13,2022,11,Q4,Failed,0,0,1,5,40,490.33,98.07,673,0
2572,Technical Skills,Michael Carroll,2022-09-02,2022,9,Q3,Completed,1,0,1,5,40,797.82,159.56,579,1
3485,Customer Service,Michael Chase,2022-08-07,2022,8,Q3,Passed,0,1,1,2,16,796.45,398.23,565,1
3507,Project Management,Michael Copeland,2023-05-25,2023,5,Q2,Passed,0,1,1,4,32,651.77,162.94,609,1
1320,Leadership Development,Michael Cummings,2022-08-25,2022,8,Q3,Completed,1,0,1,3,24,948.71,316.24,574,1
3479,Communication Skills,Michael Dixon,2023-01-18,2023,1,Q1,Passed,0,1,1,3,24,443.45,147.82,673,1
1006,Project Management,Michael Duke,2023-05-08,2023,5,Q2,Failed,0,0,1,2,16,838.07,419.04,609,0
2142,Leadership Development,Michael Fletcher,2023-01-11,2023,1,Q1,Failed,0,0,1,3,24,248.83,82.94,574,0
1808,Customer Service,Michael Frazier,2022-10-12,2022,10,Q4,Passed,0,1,1,1,8,147.08,147.08,565,1
3468,Customer Service,Michael Garcia,2023-05-10,2023,5,Q2,Completed,1,0,1,3,24,180.63,60.21,565,0.5
3956,Customer Service,Michael Garcia,2022-10-21,2022,10,Q4,Failed,0,0,1,4,32,611.15,152.79,565,0.5
1296,Communication Skills,Michael Gray,2023-03-05,2023,3,Q1,Passed,0,1,1,2,16,694.27,347.13,673,1
3338,Project Management,Michael Hill,2023-06-23,2023,6,Q2,Incomplete,0,0,1,3,24,796.62,265.54,609,0
1553,Leadership Development,Michael Hoffman,2023-03-19,2023,3,Q1,Completed,1,0,1,3,24,528.55,176.18,574,1
3290,Customer Service,Michael Howard,2023-01-24,2023,1,Q1,Completed,1,0,1,5,40,406.19,81.24,565,1
2885,Communication Skills,Michael Johnson,2022-12-29,2022,12,Q4,Passed,0,1,1,1,8,176.13,176.13,673,1
3118,Technical Skills,Michael Kane,2022-11-06,2022,11,Q4,Incomplete,0,0,1,2,16,543.74,271.87,579,0
3217,Customer Service,Michael Kemp,2023-06-09,2023,6,Q2,Passed,0,1,1,3,24,723.2,241.07,565,1
1323,Customer Service,Michael Kramer,2023-03-30,2023,3,Q1,Passed,0,1,1,2,16,659.9,329.95,565,1
2967,Customer Service,Michael Larson,2023-07-21,2023,7,Q3,Incomplete,0,0,1,3,24,145.68,48.56,565,0
1620,Project Management,Michael Lee,2023-01-18,2023,1,Q1,Completed,1,0,1,5,40,986.14,197.23,609,1
1736,Leadership Development,Michael Lopez,2023-03-09,2023,3,Q1,Incomplete,0,0,1,4,32,717.29,179.32,574,0
2700,Technical Skills,Michael Lynch,2023-06-29,2023,6,Q2,Failed,0,0,1,1,8,272.59,272.59,579,0
2810,Technical Skills,Michael Lyons,2023-04-05,2023,4,Q2,Incomplete,0,0,1,3,24,964.33,321.44,579,0
1013,Project Management,Michael Marks,2023-04-08,2023,4,Q2,Incomplete,0,0,1,2,16,657.85,328.93,609,0
2152,Communication Skills,Michael May,2022-10-15,2022,10,Q4,Completed,1,0,1,4,32,606.89,151.72,673,1
4000,Leadership Development,Michael Mckenzie,2022-10-06,2022,10,Q4,Completed,1,0,1,4,32,951.27,237.82,574,1
2754,Project Management,Michael Mckinney,2023-04-04,2023,4,Q2,Failed,0,0,1,1,8,823.08,823.08,609,0
3266,Project Management,Michael Mercado,2022-11-17,2022,11,Q4,Incomplete,0,0,1,5,40,157.85,31.57,609,0
3836,Technical Skills,Michael Miller,2023-04-29,2023,4,Q2,Incomplete,0,0,1,3,24,830.78,276.93,579,0
2176,Communication Skills,Michael Montgomery,2023-04-19,2023,4,Q2,Completed,1,0,1,5,40,357.52,71.5,673,1
1401,Communication Skills,Michael Murillo,2023-07-03,2023,7,Q3,Incomplete,0,0,1,5,40,873.98,174.8,673,0
3205,Customer Service,Michael Nelson,2023-06-04,2023,6,Q2,Incomplete,0,0,1,3,24,407.29,135.76,565,0
3769,Project Management,Michael Nelson,2022-10-12,2022,10,Q4,Incomplete,0,0,1,2,16,647.7,323.85,609,0
3518,Customer Service,Michael Parker,2023-06-27,2023,6,Q2,Completed,1,0,1,3,24,826.58,275.53,565,1
1676,Project Management,Michael Patel,2022-12-07,2022,12,Q4,Failed,0,0,1,5,40,104.66,20.93,609,0
3972,Leadership Development,Michael Patterson,2023-04-25,2023,4,Q2,Incomplete,0,0,1,5,40,853.57,170.71,574,0
1155,Technical Skills,Michael Price,2022-09-10,2022,9,Q3,Failed,0,0,1,1,8,339.01,339.01,579,0
3704,Technical Skills,Michael Ramirez,2022-10-07,2022,10,Q4,Incomplete,0,0,1,2,16,669.3,334.65,579,0
3128,Communication Skills,Michael Richardson,2023-02-28,2023,2,Q1,Completed,1,0,1,1,8,830.63,830.63,673,1
1149,Leadership Development,Michael Roberts,2023-07-31,2023,7,Q3,Failed,0,0,1,5,40,483.99,96.8,574,0
3682,Communication Skills,Michael Robinson,2022-10-17,2022,10,Q4,Incomplete,0,0,1,3,24,336.69,112.23,673,0
1876,Leadership Development,Michael Romero,2023-03-14,2023,3,Q1,Completed,1,0,1,5,40,445.28,89.06,574,1
3344,Communication Skills,Michael Schultz,2022-11-20,2022,11,Q4,Failed,0,0,1,5,40,925,185,673,0
3113,Leadership Development,Michael Shannon,2022-11-19,2022,11,Q4,Passed,0,1,1,5,40,236.27,47.25,574,1
2733,Leadership Development,Michael Smith,2023-02-12,2023,2,Q1,Completed,1,0,1,5,40,612.96,122.59,574,0.75
2282,Leadership Development,Michael Smith,2022-10-20,2022,10,Q4,Incomplete,0,0,1,5,40,454.55,90.91,574,0.75
1260,Leadership Development,Michael Smith,2022-11-21,2022,11,Q4,Completed,1,0,1,2,16,786.57,393.29,574,0.75
3298,Customer Service,Michael Smith,2023-04-15,2023,4,Q2,Completed,1,0,1,1,8,549.56,549.56,565,0.75
2113,Project Management,Michael Sullivan,2022-08-18,2022,8,Q3,Passed,0,1,1,2,16,394.54,197.27,609,1
2659,Customer Service,Michael Wheeler,2022-08-30,2022,8,Q3,Failed,0,0,1,3,24,957.63,319.21,565,0
2899,Leadership Development,Michael Wilcox,2023-03-26,2023,3,Q1,Completed,1,0,1,5,40,128.8,25.76,574,1
1156,Customer Service,Michael Williams,2022-09-04,2022,9,Q3,Incomplete,0,0,1,5,40,939.49,187.9,565,0
1691,Customer Service,Michael Williamson,2022-09-21,2022,9,Q3,Failed,0,0,1,3,24,120.37,40.12,565,0
2002,Project Management,Michael Wright,2022-10-26,2022,10,Q4,Incomplete,0,0,1,1,8,217.86,217.86,609,0
3157,Project Management,Michael Wright,2023-05-26,2023,5,Q2,Incomplete,0,0,1,3,24,401.9,133.97,609,0
2788,Project Management,Michaela Diaz,2023-01-21,2023,1,Q1,Incomplete,0,0,1,5,40,161.15,32.23,609,0
3650,Communication Skills,Michaela Wells,2023-01-09,2023,1,Q1,Passed,0,1,1,4,32,242.71,60.68,673,1
3464,Customer Service,Michaela Wright,2022-11-13,2022,11,Q4,Passed,0,1,1,2,16,290.47,145.24,565,1
3830,Technical Skills,Micheal Bishop,2023-03-15,2023,3,Q1,Completed,1,0,1,3,24,142.42,47.47,579,1
3461,Technical Skills,Micheal Munoz,2023-01-05,2023,1,Q1,Completed,1,0,1,2,16,948.43,474.21,579,1
3712,Project Management,Michele Harding,2022-10-31,2022,10,Q4,Incomplete,0,0,1,4,32,214.12,53.53,609,0
2476,Technical Skills,Michele Johnson,2023-06-29,2023,6,Q2,Completed,1,0,1,3,24,350.21,116.74,579,1
2541,Communication Skills,Michele Mendoza,2022-08-11,2022,8,Q3,Passed,0,1,1,2,16,517.83,258.92,673,1
1489,Leadership Development,Michele Ward,2022-10-01,2022,10,Q4,Completed,1,0,1,5,40,112.64,22.53,574,1
2328,Communication Skills,Michelle Alvarado,2023-03-01,2023,3,Q1,Passed,0,1,1,3,24,960.9,320.3,673,1
3590,Leadership Development,Michelle Baker,2023-04-02,2023,4,Q2,Completed,1,0,1,1,8,274.33,274.33,574,1
3964,Project Management,Michelle Carlson,2023-06-08,2023,6,Q2,Completed,1,0,1,5,40,639.13,127.83,609,1
3963,Customer Service,Michelle Castillo,2023-04-15,2023,4,Q2,Completed,1,0,1,2,16,381.88,190.94,565,1
3043,Customer Service,Michelle Davila,2023-02-21,2023,2,Q1,Completed,1,0,1,5,40,658.12,131.62,565,1
2555,Technical Skills,Michelle Gonzalez,2023-01-18,2023,1,Q1,Passed,0,1,1,3,24,650.08,216.69,579,1
3160,Leadership Development,Michelle Hernandez,2023-01-11,2023,1,Q1,Failed,0,0,1,3,24,619.29,206.43,574,0
2715,Customer Service,Michelle Hicks,2022-10-14,2022,10,Q4,Completed,1,0,1,5,40,573.56,114.71,565,1
1272,Technical Skills,Michelle Holmes,2023-02-24,2023,2,Q1,Failed,0,0,1,3,24,233.12,77.71,579,0
2564,Leadership Development,Michelle Johnson,2023-07-18,2023,7,Q3,Completed,1,0,1,4,32,624.9,156.22,574,0.5
3651,Leadership Development,Michelle Johnson,2023-05-14,2023,5,Q2,Failed,0,0,1,4,32,651.28,162.82,574,0.5
2766,Technical Skills,Michelle Lara,2023-03-25,2023,3,Q1,Completed,1,0,1,1,8,440.14,440.14,579,1
3633,Communication Skills,Michelle Lewis,2022-12-01,2022,12,Q4,Incomplete,0,0,1,3,24,699.39,233.13,673,0
3707,Leadership Development,Michelle Lopez,2022-12-24,2022,12,Q4,Passed,0,1,1,3,24,778.72,259.57,574,1
2547,Leadership Development,Michelle Mcdonald,2022-09-07,2022,9,Q3,Completed,1,0,1,4,32,372.08,93.02,574,1
2461,Communication Skills,Michelle Moody,2023-07-13,2023,7,Q3,Completed,1,0,1,2,16,103.04,51.52,673,1
2740,Communication Skills,Michelle Moreno,2023-05-17,2023,5,Q2,Completed,1,0,1,3,24,200.27,66.76,673,1
1944,Technical Skills,Michelle Rosales,2022-10-26,2022,10,Q4,Completed,1,0,1,5,40,742.31,148.46,579,1
3282,Project Management,Michelle Salas,2023-05-09,2023,5,Q2,Failed,0,0,1,2,16,939.86,469.93,609,0
2848,Customer Service,Michelle Sullivan,2023-07-21,2023,7,Q3,Failed,0,0,1,2,16,510.12,255.06,565,0
2313,Project Management,Michelle Travis,2023-02-04,2023,2,Q1,Passed,0,1,1,1,8,802.99,802.99,609,1
2561,Technical Skills,Miguel Cole,2022-12-19,2022,12,Q4,Failed,0,0,1,4,32,289.37,72.34,579,0
1724,Customer Service,Miguel Villarreal,2023-04-11,2023,4,Q2,Failed,0,0,1,5,40,733.63,146.73,565,0
3639,Communication Skills,Mike Becker,2023-03-30,2023,3,Q1,Completed,1,0,1,3,24,160.86,53.62,673,1
2117,Customer Service,Mike Stevenson,2023-05-27,2023,5,Q2,Incomplete,0,0,1,4,32,531.69,132.92,565,0
1318,Communication Skills,Mindy Saunders PhD,2022-10-17,2022,10,Q4,Completed,1,0,1,4,32,344.55,86.14,673,1
1182,Communication Skills,Miranda Brown,2022-10-19,2022,10,Q4,Passed,0,1,1,5,40,623.64,124.73,673,1
3030,Technical Skills,Miranda Kennedy,2022-12-24,2022,12,Q4,Passed,0,1,1,2,16,287.34,143.67,579,1
1942,Customer Service,Miranda Wilson,2023-04-15,2023,4,Q2,Completed,1,0,1,3,24,250.51,83.5,565,1
1857,Project Management,Miss Jamie Miller,2023-06-14,2023,6,Q2,Incomplete,0,0,1,5,40,278.62,55.72,609,0
1596,Project Management,Misty Burns,2023-02-03,2023,2,Q1,Incomplete,0,0,1,4,32,683.34,170.84,609,0
3213,Communication Skills,Misty Holmes,2023-04-09,2023,4,Q2,Passed,0,1,1,2,16,494.29,247.15,673,1
1413,Technical Skills,Misty Miranda,2023-02-17,2023,2,Q1,Completed,1,0,1,5,40,918.34,183.67,579,1
1991,Technical Skills,Misty Trevino,2023-01-24,2023,1,Q1,Failed,0,0,1,2,16,643.63,321.81,579,0
2205,Leadership Development,Mitchell Rogers,2023-06-23,2023,6,Q2,Incomplete,0,0,1,1,8,271.69,271.69,574,0
2163,Communication Skills,Molly Bush,2023-01-19,2023,1,Q1,Failed,0,0,1,3,24,665.2,221.73,673,0
3257,Project Management,Molly Gutierrez,2023-06-24,2023,6,Q2,Completed,1,0,1,3,24,309.86,103.29,609,1
1083,Project Management,Molly Hughes,2022-11-18,2022,11,Q4,Completed,1,0,1,4,32,869.89,217.47,609,1
2824,Project Management,Molly Miranda,2022-09-07,2022,9,Q3,Incomplete,0,0,1,1,8,224.09,224.09,609,0
2709,Technical Skills,Molly Nguyen,2022-10-15,2022,10,Q4,Failed,0,0,1,2,16,415.45,207.72,579,0
1142,Leadership Development,Molly Scott,2023-07-17,2023,7,Q3,Completed,1,0,1,3,24,675.04,225.01,574,1
2188,Leadership Development,Monica Fox,2023-06-17,2023,6,Q2,Incomplete,0,0,1,2,16,754.8,377.4,574,0
3545,Customer Service,Monica Jimenez,2023-05-04,2023,5,Q2,Incomplete,0,0,1,5,40,581.12,116.22,565,0
3895,Technical Skills,Monica Johnson,2023-04-22,2023,4,Q2,Completed,1,0,1,1,8,983.77,983.77,579,1
3496,Project Management,Monica Keller,2023-02-16,2023,2,Q1,Incomplete,0,0,1,1,8,806.87,806.87,609,0
3954,Leadership Development,Monica Ramirez,2023-05-11,2023,5,Q2,Completed,1,0,1,1,8,497.09,497.09,574,1
2233,Customer Service,Monica Roberts,2023-06-13,2023,6,Q2,Passed,0,1,1,1,8,893.71,893.71,565,1
1978,Leadership Development,Monica Shaw,2023-01-18,2023,1,Q1,Failed,0,0,1,5,40,983.61,196.72,574,0
2347,Communication Skills,Monica Wilson,2022-12-14,2022,12,Q4,Passed,0,1,1,1,8,780.53,780.53,673,1
3247,Communication Skills,Monique Howard,2023-02-26,2023,2,Q1,Completed,1,0,1,1,8,834.12,834.12,673,1
2764,Communication Skills,Monique Wang,2023-06-14,2023,6,Q2,Incomplete,0,0,1,5,40,755.77,151.15,673,0
1137,Communication Skills,Monique Williams DVM,2022-09-09,2022,9,Q3,Passed,0,1,1,5,40,270.92,54.18,673,1
2688,Customer Service,Morgan Carlson,2022-11-18,2022,11,Q4,Completed,1,0,1,2,16,638.6,319.3,565,1
1337,Project Management,Morgan Haas,2023-01-17,2023,1,Q1,Failed,0,0,1,5,40,719.7,143.94,609,0
1084,Leadership Development,Morgan Thomas,2022-12-17,2022,12,Q4,Completed,1,0,1,3,24,295.4,98.47,574,1
2617,Project Management,Morgan Wallace,2023-07-24,2023,7,Q3,Completed,1,0,1,2,16,806.47,403.24,609,1
3456,Technical Skills,Morgan Wright,2023-06-08,2023,6,Q2,Passed,0,1,1,2,16,336.82,168.41,579,1
1130,Leadership Development,Mr. Brandon Turner,2022-11-09,2022,11,Q4,Completed,1,0,1,3,24,777.7,259.23,574,1
2532,Leadership Development,Mr. Casey Gonzales,2023-05-18,2023,5,Q2,Incomplete,0,0,1,2,16,119.48,59.74,574,0
2744,Technical Skills,Mr. Christopher Howard II,2022-10-29,2022,10,Q4,Incomplete,0,0,1,5,40,955.17,191.03,579,0
1926,Leadership Development,Mr. Donald Shepard,2023-06-30,2023,6,Q2,Passed,0,1,1,1,8,350.88,350.88,574,1
2160,Customer Service,Mr. Dustin Miranda MD,2023-06-16,2023,6,Q2,Completed,1,0,1,5,40,329.65,65.93,565,1
3517,Technical Skills,Mr. Frederick Fuentes,2022-09-17,2022,9,Q3,Failed,0,0,1,3,24,391.31,130.44,579,0
3016,Communication Skills,Mr. James Barnes,2023-01-26,2023,1,Q1,Completed,1,0,1,4,32,550.9,137.72,673,1
1685,Customer Service,Mr. James Mills,2023-01-01,2023,1,Q1,Passed,0,1,1,1,8,650.07,650.07,565,1
3577,Communication Skills,Mr. John Singh,2023-01-26,2023,1,Q1,Passed,0,1,1,5,40,931.46,186.29,673,1
2226,Project Management,Mr. Justin Hardy,2022-09-10,2022,9,Q3,Completed,1,0,1,3,24,125.06,41.69,609,1
3951,Project Management,Mr. Kenneth Warren DVM,2023-04-08,2023,4,Q2,Completed,1,0,1,5,40,532.41,106.48,609,1
2584,Technical Skills,Mr. Mike Rivera,2023-03-16,2023,3,Q1,Incomplete,0,0,1,4,32,746.93,186.73,579,0
1911,Communication Skills,Mr. Paul Morales,2022-11-12,2022,11,Q4,Passed,0,1,1,5,40,333.08,66.62,673,1
2046,Technical Skills,Mr. Philip Sullivan,2022-12-25,2022,12,Q4,Incomplete,0,0,1,1,8,787.98,787.98,579,0
1027,Communication Skills,Mr. Robert Byrd MD,2023-03-16,2023,3,Q1,Incomplete,0,0,1,4,32,357.57,89.39,673,0
2543,Communication Skills,Mr. Scott Gomez,2022-09-04,2022,9,Q3,Passed,0,1,1,1,8,100.45,100.45,673,1
2238,Communication Skills,Mr. Tyler Daniels,2023-04-14,2023,4,Q2,Completed,1,0,1,5,40,905.56,181.11,673,1
2501,Communication Skills,Mrs. Amanda Nicholson,2022-09-20,2022,9,Q3,Completed,1,0,1,2,16,608.46,304.23,673,1
1897,Communication Skills,Mrs. Amy Foster,2023-03-16,2023,3,Q1,Completed,1,0,1,2,16,491.71,245.85,673,1
2631,Customer Service,Mrs. Amy Riley,2022-10-11,2022,10,Q4,Incomplete,0,0,1,4,32,775.32,193.83,565,0
1457,Project Management,Mrs. Brittany Avila,2023-05-11,2023,5,Q2,Passed,0,1,1,5,40,988.47,197.69,609,1
3387,Technical Skills,Mrs. Crystal White DVM,2022-10-16,2022,10,Q4,Completed,1,0,1,3,24,912.09,304.03,579,1
1159,Leadership Development,Mrs. Elizabeth Murray DDS,2022-12-27,2022,12,Q4,Failed,0,0,1,3,24,674.24,224.75,574,0
3001,Communication Skills,Mrs. Elizabeth Salazar,2022-12-26,2022,12,Q4,Passed,0,1,1,5,40,346.93,69.39,673,1
2522,Communication Skills,Mrs. Erica Martinez MD,2023-06-30,2023,6,Q2,Passed,0,1,1,4,32,839.04,209.76,673,1
2593,Communication Skills,Mrs. Jasmine Heath,2022-08-16,2022,8,Q3,Failed,0,0,1,3,24,659.82,219.94,673,0
2926,Technical Skills,Mrs. Jessica Alvarado MD,2023-03-17,2023,3,Q1,Failed,0,0,1,3,24,459.59,153.2,579,0
1566,Communication Skills,Mrs. Jordan Lee,2023-05-05,2023,5,Q2,Failed,0,0,1,1,8,692.71,692.71,673,0
2567,Communication Skills,Mrs. Kathryn Leon,2022-10-24,2022,10,Q4,Failed,0,0,1,2,16,660.4,330.2,673,0
1535,Customer Service,Mrs. Kelly Rich PhD,2022-10-09,2022,10,Q4,Failed,0,0,1,3,24,442.86,147.62,565,0
2988,Customer Service,Mrs. Kristi Thornton,2023-01-03,2023,1,Q1,Failed,0,0,1,4,32,312.8,78.2,565,0
3652,Communication Skills,Mrs. Lydia Riley,2023-01-31,2023,1,Q1,Incomplete,0,0,1,3,24,962.45,320.82,673,0
2820,Project Management,Mrs. Margaret Moon DDS,2022-10-23,2022,10,Q4,Completed,1,0,1,2,16,606.3,303.15,609,1
3681,Customer Service,Mrs. Maria Cantrell MD,2023-03-22,2023,3,Q1,Incomplete,0,0,1,2,16,580.16,290.08,565,0
3544,Leadership Development,Mrs. Nicole Simon,2023-05-02,2023,5,Q2,Passed,0,1,1,3,24,842.93,280.98,574,1
1741,Leadership Development,Mrs. Sandra Howard DDS,2022-11-08,2022,11,Q4,Completed,1,0,1,5,40,625.76,125.15,574,1
2719,Leadership Development,Mrs. Stacey Martinez,2023-07-25,2023,7,Q3,Passed,0,1,1,5,40,992.93,198.59,574,1
1745,Leadership Development,Mrs. Stephanie Miller,2022-09-05,2022,9,Q3,Completed,1,0,1,1,8,996.01,996.01,574,1
2035,Customer Service,Mrs. Stephanie Silva,2023-02-17,2023,2,Q1,Failed,0,0,1,2,16,565.81,282.9,565,0
2463,Leadership Development,Mrs. Tiffany Horton,2023-06-02,2023,6,Q2,Passed,0,1,1,3,24,792.67,264.22,574,1
2729,Leadership Development,Mrs. Tracey Martinez,2023-07-06,2023,7,Q3,Passed,0,1,1,2,16,700.04,350.02,574,1
3437,Technical Skills,Mrs. Valerie Brown,2022-10-20,2022,10,Q4,Failed,0,0,1,1,8,455.68,455.68,579,0
1147,Leadership Development,Ms. Diamond Knox,2023-01-25,2023,1,Q1,Failed,0,0,1,2,16,247.58,123.79,574,0
1116,Communication Skills,Ms. Jeanette Webster DDS,2023-05-16,2023,5,Q2,Incomplete,0,0,1,4,32,557.68,139.42,673,0
3829,Project Management,Ms. Mary Smith,2022-10-24,2022,10,Q4,Incomplete,0,0,1,5,40,233.67,46.73,609,0
2110,Communication Skills,Ms. Rebecca Conley,2022-12-30,2022,12,Q4,Passed,0,1,1,4,32,399.55,99.89,673,1
3765,Customer Service,Nancy Harrison,2022-11-25,2022,11,Q4,Completed,1,0,1,5,40,275.94,55.19,565,1
3187,Leadership Development,Nancy Hughes,2023-07-26,2023,7,Q3,Completed,1,0,1,3,24,831.15,277.05,574,1
3064,Project Management,Nancy Jones,2023-07-31,2023,7,Q3,Incomplete,0,0,1,5,40,166.35,33.27,609,0
3878,Customer Service,Nancy Lewis,2022-12-28,2022,12,Q4,Passed,0,1,1,5,40,749.69,149.94,565,1
3068,Customer Service,Nancy Lowe,2022-11-18,2022,11,Q4,Completed,1,0,1,3,24,261.81,87.27,565,1
2685,Project Management,Nancy Mills,2023-02-07,2023,2,Q1,Passed,0,1,1,4,32,231.34,57.84,609,1
2166,Technical Skills,Nancy Park,2022-10-02,2022,10,Q4,Passed,0,1,1,2,16,953.59,476.8,579,1
2234,Communication Skills,Nancy Reyes,2023-02-04,2023,2,Q1,Completed,1,0,1,3,24,693.52,231.17,673,1
1859,Technical Skills,Nancy Taylor,2022-10-07,2022,10,Q4,Completed,1,0,1,4,32,764.64,191.16,579,1
1011,Communication Skills,Natalie Fields,2022-11-06,2022,11,Q4,Completed,1,0,1,1,8,803.98,803.98,673,1
1770,Customer Service,Natalie Ross,2022-09-04,2022,9,Q3,Incomplete,0,0,1,2,16,257.2,128.6,565,0
1856,Leadership Development,Natalie Skinner,2023-07-04,2023,7,Q3,Failed,0,0,1,4,32,687.77,171.94,574,0
2449,Project Management,Natalie Spears,2023-01-18,2023,1,Q1,Passed,0,1,1,4,32,485.29,121.32,609,1
2924,Technical Skills,Natalie Thomas,2022-10-31,2022,10,Q4,Failed,0,0,1,1,8,244.84,244.84,579,0
1388,Communication Skills,Natasha Lewis,2023-04-18,2023,4,Q2,Completed,1,0,1,1,8,918.34,918.34,673,1
2895,Project Management,Nathan Hill,2022-11-15,2022,11,Q4,Incomplete,0,0,1,4,32,555.6,138.9,609,0
3578,Project Management,Nathan Jones,2022-12-01,2022,12,Q4,Completed,1,0,1,5,40,115.06,23.01,609,1
3785,Project Management,Nathan Juarez,2022-10-01,2022,10,Q4,Passed,0,1,1,1,8,257.8,257.8,609,1
2536,Leadership Development,Nathan Kline,2022-08-26,2022,8,Q3,Completed,1,0,1,1,8,243.63,243.63,574,1
3993,Communication Skills,Nathan Lewis,2023-01-27,2023,1,Q1,Failed,0,0,1,2,16,229,114.5,673,0
1061,Project Management,Nathan Mitchell,2023-08-01,2023,8,Q3,Incomplete,0,0,1,2,16,862.33,431.17,609,0
2201,Leadership Development,Nathan Williams,2023-03-15,2023,3,Q1,Completed,1,0,1,4,32,863.83,215.96,574,1
1479,Project Management,Nathaniel Blevins,2023-01-23,2023,1,Q1,Failed,0,0,1,1,8,975.27,975.27,609,0
1971,Leadership Development,Nathaniel Rasmussen,2022-12-20,2022,12,Q4,Incomplete,0,0,1,1,8,331.8,331.8,574,0
3305,Project Management,Nathaniel Thomas,2022-12-01,2022,12,Q4,Completed,1,0,1,1,8,149.24,149.24,609,1
2961,Leadership Development,Neil Miller,2023-01-19,2023,1,Q1,Passed,0,1,1,5,40,587.25,117.45,574,1
2029,Project Management,Nicholas Briggs,2022-11-14,2022,11,Q4,Passed,0,1,1,1,8,813.01,813.01,609,1
1548,Communication Skills,Nicholas Bryant,2023-04-12,2023,4,Q2,Passed,0,1,1,4,32,206.75,51.69,673,1
2037,Leadership Development,Nicholas Carter,2023-07-16,2023,7,Q3,Failed,0,0,1,1,8,519.43,519.43,574,0
1950,Project Management,Nicholas Daugherty,2023-02-21,2023,2,Q1,Passed,0,1,1,2,16,801.28,400.64,609,1
2696,Technical Skills,Nicholas King,2023-03-29,2023,3,Q1,Incomplete,0,0,1,2,16,932.48,466.24,579,0
2531,Communication Skills,Nicholas Larson,2022-11-01,2022,11,Q4,Incomplete,0,0,1,1,8,725.34,725.34,673,0
1913,Project Management,Nicholas Mathis,2023-02-02,2023,2,Q1,Failed,0,0,1,3,24,195.29,65.1,609,0
2267,Technical Skills,Nicholas Powell,2022-11-11,2022,11,Q4,Passed,0,1,1,1,8,518.79,518.79,579,1
1248,Communication Skills,Nicholas Ryan,2022-08-24,2022,8,Q3,Passed,0,1,1,4,32,165.05,41.26,673,1
3121,Leadership Development,Nicholas Scott,2023-04-22,2023,4,Q2,Failed,0,0,1,1,8,854.54,854.54,574,0
1144,Communication Skills,Nicholas Thompson,2023-01-10,2023,1,Q1,Completed,1,0,1,4,32,750.25,187.56,673,1
1517,Customer Service,Nicholas Wallace,2023-01-12,2023,1,Q1,Passed,0,1,1,3,24,615.84,205.28,565,1
2011,Leadership Development,Nichole Crawford,2023-04-30,2023,4,Q2,Completed,1,0,1,1,8,999.96,999.96,574,1
3351,Communication Skills,Nicole Hernandez,2023-02-17,2023,2,Q1,Incomplete,0,0,1,1,8,388.02,388.02,673,0
1645,Technical Skills,Nicole Horn,2022-08-12,2022,8,Q3,Completed,1,0,1,1,8,122.81,122.81,579,1
1205,Communication Skills,Nicole Kelley,2023-08-01,2023,8,Q3,Failed,0,0,1,3,24,201.83,67.28,673,0
2805,Project Management,Nicole Medina,2023-07-18,2023,7,Q3,Passed,0,1,1,2,16,515.31,257.65,609,1
3356,Leadership Development,Nicole Rodgers,2022-08-08,2022,8,Q3,Completed,1,0,1,5,40,890.94,178.19,574,1
3903,Communication Skills,Nicole Sampson,2023-06-01,2023,6,Q2,Incomplete,0,0,1,4,32,153.15,38.29,673,0
1740,Project Management,Nicole Sanders,2023-02-18,2023,2,Q1,Completed,1,0,1,2,16,350.26,175.13,609,1
2436,Project Management,Nicole Smith,2023-05-09,2023,5,Q2,Failed,0,0,1,5,40,985.02,197,609,0
1020,Technical Skills,Nicole Taylor,2022-12-30,2022,12,Q4,Passed,0,1,1,4,32,578.58,144.65,579,1
1582,Leadership Development,Nicole Thompson,2022-11-01,2022,11,Q4,Completed,1,0,1,5,40,323.79,64.76,574,1
2126,Communication Skills,Nina Ramos,2023-01-24,2023,1,Q1,Failed,0,0,1,2,16,692.5,346.25,673,0
1025,Project Management,Nina Rodriguez,2023-01-13,2023,1,Q1,Incomplete,0,0,1,5,40,761.95,152.39,609,0
1853,Project Management,Noah Herrera,2022-08-10,2022,8,Q3,Failed,0,0,1,4,32,220.2,55.05,609,0
2613,Leadership Development,Noah Morales,2022-10-28,2022,10,Q4,Failed,0,0,1,3,24,253.86,84.62,574,0
1863,Communication Skills,Norman Chapman,2023-06-21,2023,6,Q2,Passed,0,1,1,3,24,559.52,186.51,673,1
2535,Project Management,Norman Paul,2022-10-02,2022,10,Q4,Incomplete,0,0,1,2,16,369.68,184.84,609,0
3446,Technical Skills,Olivia Holland,2022-12-11,2022,12,Q4,Failed,0,0,1,5,40,701.13,140.23,579,0
2057,Customer Service,Omar Shepherd MD,2023-01-01,2023,1,Q1,Failed,0,0,1,3,24,605.36,201.79,565,0
1506,Leadership Development,Oscar Briggs,2022-11-01,2022,11,Q4,Failed,0,0,1,1,8,789.33,789.33,574,0
3635,Technical Skills,Oscar Gonzalez,2023-06-13,2023,6,Q2,Failed,0,0,1,2,16,534.55,267.27,579,0
2245,Project Management,Oscar Rodriguez,2023-04-04,2023,4,Q2,Incomplete,0,0,1,1,8,968.2,968.2,609,0
2156,Customer Service,Paige Duncan,2023-01-19,2023,1,Q1,Failed,0,0,1,2,16,763.44,381.72,565,0
3425,Technical Skills,Paige Figueroa,2023-05-19,2023,5,Q2,Completed,1,0,1,3,24,184.27,61.42,579,1
3871,Technical Skills,Pamela Acosta,2023-04-15,2023,4,Q2,Completed,1,0,1,5,40,979.98,196,579,1
1499,Customer Service,Pamela Fuentes,2023-01-18,2023,1,Q1,Incomplete,0,0,1,5,40,543.52,108.7,565,0
1595,Leadership Development,Pamela Hernandez,2023-05-07,2023,5,Q2,Passed,0,1,1,4,32,571.48,142.87,574,1
2356,Technical Skills,Pamela Mclaughlin,2023-05-25,2023,5,Q2,Passed,0,1,1,4,32,668.66,167.16,579,1
2845,Customer Service,Pamela Myers,2023-02-06,2023,2,Q1,Completed,1,0,1,2,16,764.22,382.11,565,1
2368,Technical Skills,Pamela Richards,2023-03-30,2023,3,Q1,Completed,1,0,1,4,32,285.54,71.39,579,1
1465,Leadership Development,Pamela Rodriguez,2022-12-06,2022,12,Q4,Incomplete,0,0,1,4,32,770.23,192.56,574,0
1976,Communication Skills,Pamela Sanchez,2022-11-16,2022,11,Q4,Completed,1,0,1,5,40,405.13,81.03,673,1
1593,Leadership Development,Pamela Sharp,2023-05-08,2023,5,Q2,Failed,0,0,1,1,8,321.08,321.08,574,0
1607,Customer Service,Pamela Stevens,2022-11-30,2022,11,Q4,Completed,1,0,1,3,24,961.1,320.37,565,1
2072,Customer Service,Patricia Bailey,2023-06-17,2023,6,Q2,Passed,0,1,1,5,40,974.31,194.86,565,1
3263,Project Management,Patricia Boone,2023-04-11,2023,4,Q2,Passed,0,1,1,5,40,320.26,64.05,609,1
1576,Communication Skills,Patricia Daugherty,2023-07-06,2023,7,Q3,Completed,1,0,1,4,32,104.34,26.09,673,1
2246,Project Management,Patricia Ford,2023-02-10,2023,2,Q1,Completed,1,0,1,2,16,364.36,182.18,609,1
3127,Project Management,Patricia Gross,2023-02-19,2023,2,Q1,Failed,0,0,1,5,40,309.74,61.95,609,0
3803,Project Management,Patricia Hernandez,2023-02-12,2023,2,Q1,Passed,0,1,1,4,32,993.68,248.42,609,0.5
2809,Technical Skills,Patricia Hernandez,2022-12-21,2022,12,Q4,Failed,0,0,1,2,16,856.23,428.12,579,0.5
2190,Technical Skills,Patricia King,2023-04-29,2023,4,Q2,Completed,1,0,1,2,16,623.98,311.99,579,1
2647,Project Management,Patricia Lester,2023-01-28,2023,1,Q1,Completed,1,0,1,5,40,162.93,32.59,609,1
1118,Communication Skills,Patricia Morris,2022-12-16,2022,12,Q4,Completed,1,0,1,2,16,299.68,149.84,673,1
3805,Communication Skills,Patricia Nelson,2022-08-31,2022,8,Q3,Incomplete,0,0,1,1,8,391.88,391.88,673,0
3612,Leadership Development,Patricia Phillips,2023-07-03,2023,7,Q3,Failed,0,0,1,2,16,614.11,307.06,574,0
2090,Leadership Development,Patricia Simpson,2022-10-23,2022,10,Q4,Incomplete,0,0,1,1,8,189.64,189.64,574,0
1678,Leadership Development,Patricia Smith,2023-04-14,2023,4,Q2,Completed,1,0,1,1,8,749.64,749.64,574,1
2154,Project Management,Patricia Spencer,2023-03-11,2023,3,Q1,Failed,0,0,1,4,32,795.38,198.84,609,0
1086,Leadership Development,Patrick Andrews,2023-07-15,2023,7,Q3,Completed,1,0,1,2,16,641.69,320.85,574,1
1078,Project Management,Patrick Bryant,2023-03-24,2023,3,Q1,Passed,0,1,1,1,8,597.64,597.64,609,1
2951,Leadership Development,Patrick Cruz,2022-09-07,2022,9,Q3,Passed,0,1,1,3,24,973.96,324.65,574,1
1833,Technical Skills,Patrick Gomez,2023-03-26,2023,3,Q1,Failed,0,0,1,2,16,712.9,356.45,579,0
1766,Customer Service,Patrick Gray,2023-07-07,2023,7,Q3,Incomplete,0,0,1,3,24,637.61,212.54,565,0
2768,Project Management,Patrick Jones,2022-10-24,2022,10,Q4,Incomplete,0,0,1,5,40,176.6,35.32,609,0
3953,Customer Service,Patrick Maddox,2023-05-31,2023,5,Q2,Passed,0,1,1,2,16,779.08,389.54,565,1
3519,Leadership Development,Patrick Reeves,2022-12-11,2022,12,Q4,Incomplete,0,0,1,4,32,930.69,232.67,574,0
3397,Project Management,Patrick Soto,2022-10-05,2022,10,Q4,Incomplete,0,0,1,2,16,826.58,413.29,609,0
3614,Leadership Development,Paul Bradley,2023-06-04,2023,6,Q2,Passed,0,1,1,3,24,868.85,289.62,574,1
1686,Communication Skills,Paul Cook,2022-11-11,2022,11,Q4,Completed,1,0,1,2,16,851.38,425.69,673,1
3422,Communication Skills,Paul Davis,2023-03-13,2023,3,Q1,Failed,0,0,1,1,8,707.96,707.96,673,0.5
1901,Project Management,Paul Davis,2022-09-22,2022,9,Q3,Passed,0,1,1,1,8,113.47,113.47,609,0.5
1860,Project Management,Paul Farrell,2022-08-20,2022,8,Q3,Passed,0,1,1,3,24,551.45,183.82,609,1
1688,Project Management,Paul Harrington,2022-12-21,2022,12,Q4,Completed,1,0,1,3,24,880.67,293.56,609,1
1201,Communication Skills,Paul Henderson,2022-10-10,2022,10,Q4,Passed,0,1,1,2,16,145.39,72.69,673,1
1167,Project Management,Paul James,2023-02-23,2023,2,Q1,Failed,0,0,1,4,32,782.82,195.71,609,0
3726,Communication Skills,Paul Johnson,2023-01-13,2023,1,Q1,Failed,0,0,1,3,24,911.12,303.71,673,0
1267,Technical Skills,Paul Martin,2023-02-27,2023,2,Q1,Failed,0,0,1,1,8,507.43,507.43,579,0
2503,Technical Skills,Paul Page,2023-05-14,2023,5,Q2,Incomplete,0,0,1,3,24,354.28,118.09,579,0
3813,Technical Skills,Paul Robinson,2023-07-21,2023,7,Q3,Failed,0,0,1,1,8,169.79,169.79,579,0
1387,Communication Skills,Paul Simon,2022-12-20,2022,12,Q4,Incomplete,0,0,1,1,8,195.95,195.95,673,0
1180,Technical Skills,Paul Terry,2022-11-17,2022,11,Q4,Completed,1,0,1,3,24,787.85,262.62,579,1
1324,Project Management,Paul Torres,2022-09-30,2022,9,Q3,Failed,0,0,1,2,16,858.72,429.36,609,0
3750,Project Management,Paul Williams,2022-09-27,2022,9,Q3,Passed,0,1,1,5,40,283.05,56.61,609,1
2498,Project Management,Paul Young,2022-11-30,2022,11,Q4,Incomplete,0,0,1,4,32,825.58,206.4,609,0
1660,Communication Skills,Paula Choi,2023-07-25,2023,7,Q3,Failed,0,0,1,5,40,698.82,139.76,673,0
2797,Communication Skills,Paula Gill,2022-12-18,2022,12,Q4,Failed,0,0,1,1,8,559.59,559.59,673,0
2038,Technical Skills,Paula Roth,2022-08-13,2022,8,Q3,Passed,0,1,1,2,16,694.03,347.01,579,1
3291,Technical Skills,Pedro Elliott,2022-10-02,2022,10,Q4,Completed,1,0,1,2,16,394.74,197.37,579,1
1854,Technical Skills,Pedro Rodriguez,2023-05-18,2023,5,Q2,Failed,0,0,1,1,8,837.64,837.64,579,0
3184,Technical Skills,Penny Koch,2022-09-09,2022,9,Q3,Failed,0,0,1,3,24,441.79,147.26,579,0
1297,Project Management,Penny Lopez,2023-06-14,2023,6,Q2,Passed,0,1,1,3,24,352.75,117.58,609,1
1173,Customer Service,Penny Stevenson,2023-02-09,2023,2,Q1,Passed,0,1,1,4,32,901.42,225.35,565,1
3584,Technical Skills,Penny Taylor,2022-12-15,2022,12,Q4,Passed,0,1,1,5,40,341.78,68.36,579,1
2915,Technical Skills,Peter Stokes,2023-03-25,2023,3,Q1,Incomplete,0,0,1,2,16,993.79,496.89,579,0
3906,Project Management,Philip Flores,2023-02-19,2023,2,Q1,Completed,1,0,1,2,16,735.44,367.72,609,1
3623,Project Management,Philip James,2023-08-03,2023,8,Q3,Completed,1,0,1,2,16,763.37,381.69,609,1
1848,Communication Skills,Philip Smith,2023-02-15,2023,2,Q1,Completed,1,0,1,5,40,816.07,163.21,673,1
3596,Technical Skills,Philip Williams,2022-12-14,2022,12,Q4,Incomplete,0,0,1,2,16,289.68,144.84,579,0
1956,Communication Skills,Phillip Yates,2023-06-05,2023,6,Q2,Passed,0,1,1,4,32,590.97,147.74,673,1
2815,Project Management,Priscilla Andrews,2023-05-10,2023,5,Q2,Completed,1,0,1,5,40,224.58,44.92,609,1
2560,Communication Skills,Priscilla Walton,2023-08-03,2023,8,Q3,Failed,0,0,1,5,40,981.9,196.38,673,0
2138,Project Management,Rachael Hoffman,2022-08-17,2022,8,Q3,Completed,1,0,1,3,24,282.21,94.07,609,1
1813,Project Management,Rachel Barnes,2022-11-05,2022,11,Q4,Passed,0,1,1,5,40,879.94,175.99,609,1
2317,Customer Service,Rachel Bell,2023-02-09,2023,2,Q1,Failed,0,0,1,1,8,787.01,787.01,565,0
3103,Technical Skills,Rachel Bishop,2023-02-25,2023,2,Q1,Failed,0,0,1,1,8,141.25,141.25,579,0
3806,Customer Service,Rachel Blackburn,2022-09-09,2022,9,Q3,Passed,0,1,1,4,32,600.64,150.16,565,1
3843,Technical Skills,Rachel Brock,2023-08-04,2023,8,Q3,Passed,0,1,1,2,16,582.09,291.05,579,1
1836,Project Management,Rachel Daniels,2023-07-21,2023,7,Q3,Incomplete,0,0,1,1,8,760.41,760.41,609,0
2753,Communication Skills,Rachel Dixon,2022-10-18,2022,10,Q4,Completed,1,0,1,1,8,437.7,437.7,673,1
3569,Technical Skills,Rachel Foster,2022-11-09,2022,11,Q4,Incomplete,0,0,1,4,32,730.04,182.51,579,0
1404,Project Management,Rachel Harris,2022-10-02,2022,10,Q4,Completed,1,0,1,4,32,411.94,102.98,609,1
3629,Technical Skills,Rachel Hood,2023-07-30,2023,7,Q3,Incomplete,0,0,1,1,8,343.76,343.76,579,0
1014,Customer Service,Rachel Jones,2023-02-21,2023,2,Q1,Incomplete,0,0,1,2,16,895.49,447.75,565,0
1945,Customer Service,Rachel Juarez,2023-01-12,2023,1,Q1,Passed,0,1,1,5,40,341.94,68.39,565,1
1455,Leadership Development,Rachel Moore,2023-05-15,2023,5,Q2,Passed,0,1,1,5,40,223.34,44.67,574,1
2395,Customer Service,Rachel Parker,2023-03-29,2023,3,Q1,Completed,1,0,1,5,40,337.08,67.42,565,1
1759,Project Management,Rachel Phillips,2022-10-21,2022,10,Q4,Completed,1,0,1,4,32,220.06,55.02,609,1
3021,Customer Service,Rachel Roach,2023-08-04,2023,8,Q3,Passed,0,1,1,3,24,115.55,38.52,565,1
2336,Communication Skills,Rachel Rogers,2023-02-06,2023,2,Q1,Completed,1,0,1,3,24,301.03,100.34,673,1
1463,Customer Service,Ralph Chavez,2023-04-14,2023,4,Q2,Completed,1,0,1,2,16,399.05,199.53,565,1
1831,Project Management,Randall Donaldson,2022-12-11,2022,12,Q4,Failed,0,0,1,3,24,756.42,252.14,609,0
1805,Communication Skills,Randall Guzman,2023-02-11,2023,2,Q1,Incomplete,0,0,1,5,40,222.88,44.58,673,0
3384,Leadership Development,Randall Little,2022-11-19,2022,11,Q4,Passed,0,1,1,1,8,981.44,981.44,574,1
1684,Leadership Development,Randall Smith,2023-06-05,2023,6,Q2,Failed,0,0,1,5,40,700.99,140.2,574,0
3908,Project Management,Randy Baker,2022-09-20,2022,9,Q3,Failed,0,0,1,1,8,489.69,489.69,609,0
3392,Technical Skills,Randy Dixon,2023-01-23,2023,1,Q1,Completed,1,0,1,3,24,319.39,106.46,579,1
1948,Project Management,Randy Howell,2023-05-23,2023,5,Q2,Failed,0,0,1,4,32,884.26,221.06,609,0
3600,Leadership Development,Randy Lewis,2022-11-01,2022,11,Q4,Passed,0,1,1,4,32,299.7,74.92,574,1
2264,Communication Skills,Randy Logan,2023-05-06,2023,5,Q2,Failed,0,0,1,3,24,465.3,155.1,673,0
1914,Leadership Development,Randy Perkins,2023-01-11,2023,1,Q1,Passed,0,1,1,2,16,113.43,56.72,574,1
1771,Technical Skills,Randy Wilson,2023-02-27,2023,2,Q1,Incomplete,0,0,1,2,16,991.1,495.55,579,0
2203,Technical Skills,Raymond Chavez,2022-12-14,2022,12,Q4,Incomplete,0,0,1,2,16,333.27,166.63,579,0
3822,Technical Skills,Raymond Lee,2022-12-08,2022,12,Q4,Incomplete,0,0,1,5,40,357.58,71.52,579,0
3808,Technical Skills,Raymond Mitchell,2023-01-25,2023,1,Q1,Passed,0,1,1,4,32,254.26,63.56,579,1
2701,Leadership Development,Rebecca Ball,2023-04-20,2023,4,Q2,Incomplete,0,0,1,5,40,155.14,31.03,574,0
2349,Communication Skills,Rebecca Bradley,2023-04-22,2023,4,Q2,Completed,1,0,1,2,16,317.31,158.66,673,1
2529,Communication Skills,Rebecca Brewer,2022-10-16,2022,10,Q4,Failed,0,0,1,1,8,383.84,383.84,673,0
2851,Communication Skills,Rebecca Bullock,2023-07-16,2023,7,Q3,Failed,0,0,1,2,16,718.77,359.38,673,0
2856,Customer Service,Rebecca Frazier,2023-01-03,2023,1,Q1,Completed,1,0,1,2,16,842.67,421.33,565,1
3171,Leadership Development,Rebecca Gonzalez,2023-06-30,2023,6,Q2,Failed,0,0,1,4,32,248.66,62.16,574,0
2133,Technical Skills,Rebecca Hammond,2023-03-16,2023,3,Q1,Passed,0,1,1,4,32,797.13,199.28,579,1
2958,Technical Skills,Rebecca Mack,2023-02-09,2023,2,Q1,Incomplete,0,0,1,1,8,681.23,681.23,579,0
1804,Customer Service,Rebecca Olson,2022-08-22,2022,8,Q3,Failed,0,0,1,1,8,767.49,767.49,565,0
2986,Communication Skills,Rebecca Perez,2023-02-20,2023,2,Q1,Completed,1,0,1,1,8,501.89,501.89,673,1
3014,Leadership Development,Rebecca Robbins,2023-02-01,2023,2,Q1,Completed,1,0,1,3,24,326.37,108.79,574,1
2351,Communication Skills,Rebecca Romero,2023-03-11,2023,3,Q1,Incomplete,0,0,1,4,32,173.96,43.49,673,0
3130,Customer Service,Rebecca Smith,2023-03-21,2023,3,Q1,Incomplete,0,0,1,3,24,501.5,167.17,565,0
3962,Customer Service,Rebecca Stone,2022-11-04,2022,11,Q4,Failed,0,0,1,3,24,454.92,151.64,565,0
3053,Communication Skills,Rebecca Terry,2023-07-04,2023,7,Q3,Failed,0,0,1,2,16,588.35,294.18,673,0
2398,Technical Skills,Rebecca Wall,2022-12-13,2022,12,Q4,Incomplete,0,0,1,3,24,304.35,101.45,579,0
3560,Technical Skills,Rebecca Welch,2023-05-22,2023,5,Q2,Passed,0,1,1,1,8,738.92,738.92,579,1
3749,Technical Skills,Rebekah Campbell,2022-09-28,2022,9,Q3,Passed,0,1,1,4,32,742.98,185.75,579,1
2363,Communication Skills,Regina Blevins,2023-02-04,2023,2,Q1,Incomplete,0,0,1,3,24,282.26,94.09,673,0
1547,Leadership Development,Regina Brown,2023-04-04,2023,4,Q2,Incomplete,0,0,1,3,24,340.07,113.36,574,0
3664,Communication Skills,Regina Richardson PhD,2023-03-14,2023,3,Q1,Incomplete,0,0,1,1,8,210.44,210.44,673,0
3467,Technical Skills,Regina Robinson,2023-02-24,2023,2,Q1,Incomplete,0,0,1,1,8,759.7,759.7,579,0
3853,Leadership Development,Regina Sullivan,2022-10-06,2022,10,Q4,Failed,0,0,1,3,24,348.22,116.07,574,0
1471,Technical Skills,Reginald Shaw,2023-03-06,2023,3,Q1,Completed,1,0,1,3,24,488.68,162.89,579,1
1602,Project Management,Reginald Turner,2023-04-23,2023,4,Q2,Incomplete,0,0,1,4,32,175.5,43.88,609,0
3050,Project Management,Renee Bell,2022-11-06,2022,11,Q4,Completed,1,0,1,2,16,826.19,413.1,609,1
1186,Communication Skills,Renee Calderon,2023-06-12,2023,6,Q2,Failed,0,0,1,5,40,886.45,177.29,673,0
2327,Customer Service,Renee Curtis,2022-10-20,2022,10,Q4,Incomplete,0,0,1,1,8,802.98,802.98,565,0
2746,Project Management,Renee Mcdonald,2023-02-12,2023,2,Q1,Incomplete,0,0,1,5,40,399.23,79.85,609,0
2444,Project Management,Renee Sutton,2022-11-03,2022,11,Q4,Completed,1,0,1,1,8,851.57,851.57,609,1
3741,Project Management,Renee Williams,2022-10-05,2022,10,Q4,Completed,1,0,1,2,16,751.04,375.52,609,1
1010,Communication Skills,Rhonda Clark,2022-08-19,2022,8,Q3,Incomplete,0,0,1,5,40,332.25,66.45,673,0
1788,Leadership Development,Rhonda Ramirez,2022-12-23,2022,12,Q4,Completed,1,0,1,4,32,290.99,72.75,574,1
2747,Technical Skills,Rhonda Rivera,2022-10-15,2022,10,Q4,Failed,0,0,1,2,16,677.74,338.87,579,0
3104,Project Management,Rhonda Sanchez,2023-08-02,2023,8,Q3,Incomplete,0,0,1,3,24,852.79,284.26,609,0
2088,Communication Skills,Rhonda Thompson,2023-02-09,2023,2,Q1,Completed,1,0,1,3,24,407.99,136,673,1
2930,Technical Skills,Ricardo Reed,2023-02-23,2023,2,Q1,Failed,0,0,1,5,40,871.29,174.26,579,0
1175,Project Management,Richard Adkins,2023-01-04,2023,1,Q1,Passed,0,1,1,3,24,460.39,153.46,609,1
2475,Leadership Development,Richard Andrade,2022-11-30,2022,11,Q4,Failed,0,0,1,2,16,117.83,58.91,574,0
3796,Technical Skills,Richard Brock,2023-07-03,2023,7,Q3,Incomplete,0,0,1,5,40,255.74,51.15,579,0
2944,Communication Skills,Richard Clark,2023-02-17,2023,2,Q1,Passed,0,1,1,4,32,502.56,125.64,673,1
1004,Customer Service,Richard Fisher,2023-01-12,2023,1,Q1,Completed,1,0,1,2,16,824.3,412.15,565,0.5
2721,Project Management,Richard Fisher,2022-10-19,2022,10,Q4,Incomplete,0,0,1,4,32,173.54,43.38,609,0.5
1481,Communication Skills,Richard Flynn,2023-05-16,2023,5,Q2,Completed,1,0,1,5,40,142.57,28.51,673,1
2442,Communication Skills,Richard Graves,2023-01-18,2023,1,Q1,Failed,0,0,1,2,16,688.8,344.4,673,0
2712,Communication Skills,Richard Hammond,2023-01-30,2023,1,Q1,Passed,0,1,1,1,8,741.6,741.6,673,1
1460,Customer Service,Richard Harris,2023-03-06,2023,3,Q1,Incomplete,0,0,1,2,16,864.22,432.11,565,0
1103,Leadership Development,Richard Johnson,2023-07-05,2023,7,Q3,Passed,0,1,1,3,24,308.21,102.74,574,1
3367,Leadership Development,Richard Jones,2023-06-09,2023,6,Q2,Passed,0,1,1,2,16,448.21,224.1,574,0.5
2594,Communication Skills,Richard Jones,2022-12-01,2022,12,Q4,Failed,0,0,1,3,24,273.94,91.31,673,0.5
1895,Technical Skills,Richard Lopez,2022-09-12,2022,9,Q3,Completed,1,0,1,5,40,517.92,103.58,579,1
3254,Leadership Development,Richard Martin,2023-05-09,2023,5,Q2,Failed,0,0,1,2,16,823.95,411.98,574,0
1524,Communication Skills,Richard Martinez,2023-05-01,2023,5,Q2,Completed,1,0,1,2,16,928.81,464.4,673,1
1094,Communication Skills,Richard Mckee,2022-08-18,2022,8,Q3,Failed,0,0,1,4,32,161.4,40.35,673,0
2319,Customer Service,Richard Nguyen,2022-12-21,2022,12,Q4,Passed,0,1,1,3,24,832.15,277.38,565,1
1597,Customer Service,Richard Owen,2023-07-07,2023,7,Q3,Incomplete,0,0,1,2,16,865.57,432.79,565,0
2645,Technical Skills,Richard Ramos,2022-11-02,2022,11,Q4,Completed,1,0,1,2,16,933.2,466.6,579,1
3918,Communication Skills,Richard Rodriguez,2022-10-10,2022,10,Q4,Completed,1,0,1,3,24,701.83,233.94,673,1
1284,Communication Skills,Richard Rogers,2022-11-10,2022,11,Q4,Completed,1,0,1,1,8,852.87,852.87,673,1
1133,Customer Service,Richard Ross,2022-08-19,2022,8,Q3,Passed,0,1,1,3,24,107.14,35.71,565,1
1970,Leadership Development,Richard Thomas,2023-03-27,2023,3,Q1,Failed,0,0,1,1,8,398.23,398.23,574,0
1521,Project Management,Richard Warner,2023-06-02,2023,6,Q2,Passed,0,1,1,1,8,877.41,877.41,609,1
2377,Leadership Development,Rickey Smith,2022-12-25,2022,12,Q4,Failed,0,0,1,1,8,921.26,921.26,574,0
2386,Customer Service,Ricky Mora,2022-09-28,2022,9,Q3,Failed,0,0,1,3,24,390.96,130.32,565,0
3244,Communication Skills,Ricky Thomas,2022-12-01,2022,12,Q4,Failed,0,0,1,4,32,816.37,204.09,673,0
3692,Technical Skills,Robert Barnett,2023-03-29,2023,3,Q1,Passed,0,1,1,5,40,671.88,134.38,579,1
1657,Technical Skills,Robert Bartlett,2022-10-01,2022,10,Q4,Passed,0,1,1,1,8,838.52,838.52,579,1
3919,Customer Service,Robert Barton,2023-07-28,2023,7,Q3,Completed,1,0,1,5,40,229.03,45.81,565,1
3365,Communication Skills,Robert Blanchard,2022-08-23,2022,8,Q3,Incomplete,0,0,1,1,8,349.86,349.86,673,0
1758,Customer Service,Robert Campbell,2023-05-14,2023,5,Q2,Completed,1,0,1,5,40,296.24,59.25,565,1
3193,Project Management,Robert Chapman,2023-04-16,2023,4,Q2,Completed,1,0,1,3,24,240.94,80.31,609,0.5
1325,Project Management,Robert Chapman,2023-03-28,2023,3,Q1,Failed,0,0,1,5,40,380.24,76.05,609,0.5
3995,Project Management,Robert Cooley,2022-12-23,2022,12,Q4,Incomplete,0,0,1,3,24,803.73,267.91,609,0
2838,Communication Skills,Robert Flores,2023-05-18,2023,5,Q2,Completed,1,0,1,4,32,539.06,134.76,673,1
3007,Customer Service,Robert Gardner,2023-07-19,2023,7,Q3,Incomplete,0,0,1,5,40,147.35,29.47,565,0
3360,Customer Service,Robert George,2022-12-14,2022,12,Q4,Passed,0,1,1,3,24,740.89,246.96,565,1
3872,Communication Skills,Robert Gray,2023-02-26,2023,2,Q1,Completed,1,0,1,3,24,499.86,166.62,673,1
3608,Project Management,Robert Herrera,2023-03-14,2023,3,Q1,Completed,1,0,1,3,24,834.12,278.04,609,1
3480,Leadership Development,Robert Hill,2023-03-02,2023,3,Q1,Failed,0,0,1,1,8,887.15,887.15,574,0
2616,Customer Service,Robert Ingram,2023-04-16,2023,4,Q2,Failed,0,0,1,5,40,428.33,85.67,565,0
1040,Technical Skills,Robert Johnson,2022-12-01,2022,12,Q4,Completed,1,0,1,5,40,712.84,142.57,579,1
1589,Project Management,Robert Jones,2022-10-22,2022,10,Q4,Incomplete,0,0,1,4,32,328.06,82.02,609,0
3441,Project Management,Robert Kane,2023-01-08,2023,1,Q1,Passed,0,1,1,4,32,450.2,112.55,609,1
2655,Project Management,Robert Keller,2023-05-31,2023,5,Q2,Incomplete,0,0,1,3,24,972.66,324.22,609,0
3070,Communication Skills,Robert Kennedy,2022-12-05,2022,12,Q4,Failed,0,0,1,5,40,848.76,169.75,673,0
2294,Communication Skills,Robert Kidd,2023-04-09,2023,4,Q2,Failed,0,0,1,1,8,261.17,261.17,673,0
1869,Customer Service,Robert Lee,2022-12-23,2022,12,Q4,Failed,0,0,1,3,24,280.46,93.49,565,0
2237,Leadership Development,Robert Liu,2023-05-10,2023,5,Q2,Completed,1,0,1,3,24,240.77,80.26,574,1
2816,Project Management,Robert May,2023-03-17,2023,3,Q1,Incomplete,0,0,1,3,24,251.78,83.93,609,0
2016,Technical Skills,Robert Nelson,2022-09-13,2022,9,Q3,Incomplete,0,0,1,5,40,775.52,155.1,579,0
1280,Leadership Development,Robert Novak,2023-06-08,2023,6,Q2,Completed,1,0,1,4,32,450.65,112.66,574,1
2870,Project Management,Robert Ortiz,2023-02-24,2023,2,Q1,Passed,0,1,1,5,40,413.42,82.68,609,1
2265,Customer Service,Robert Phelps,2022-11-23,2022,11,Q4,Failed,0,0,1,4,32,680.88,170.22,565,0
2311,Leadership Development,Robert Powell,2023-04-04,2023,4,Q2,Passed,0,1,1,5,40,616.43,123.29,574,1
2001,Leadership Development,Robert Ramirez,2023-05-04,2023,5,Q2,Incomplete,0,0,1,4,32,504.62,126.16,574,0
2118,Leadership Development,Robert Smith,2023-04-21,2023,4,Q2,Completed,1,0,1,3,24,384.28,128.09,574,1
2334,Project Management,Robert Stevens,2023-03-21,2023,3,Q1,Failed,0,0,1,5,40,860.16,172.03,609,0
2241,Communication Skills,Robert Stevens,2023-01-26,2023,1,Q1,Failed,0,0,1,5,40,834.95,166.99,673,0
2373,Project Management,Robert Tapia,2023-02-16,2023,2,Q1,Completed,1,0,1,4,32,801.63,200.41,609,1
2722,Leadership Development,Robert Torres,2023-07-17,2023,7,Q3,Passed,0,1,1,1,8,334.08,334.08,574,1
2390,Customer Service,Robert Tyler,2023-07-19,2023,7,Q3,Completed,1,0,1,5,40,923.06,184.61,565,1
1825,Technical Skills,Robert Weaver,2022-08-05,2022,8,Q3,Completed,1,0,1,4,32,946.67,236.67,579,1
2889,Customer Service,Robert Yates,2022-10-13,2022,10,Q4,Passed,0,1,1,2,16,817.04,408.52,565,1
1123,Project Management,Robert Young,2023-01-31,2023,1,Q1,Completed,1,0,1,4,32,254.38,63.59,609,1
2457,Technical Skills,Roberta Jones,2023-05-19,2023,5,Q2,Incomplete,0,0,1,5,40,423.81,84.76,579,0
1235,Project Management,Roberto Brennan,2023-04-10,2023,4,Q2,Failed,0,0,1,3,24,737.91,245.97,609,0
3251,Leadership Development,Roberto Stone,2022-11-25,2022,11,Q4,Completed,1,0,1,4,32,719.24,179.81,574,1
2955,Project Management,Robin Banks,2023-06-04,2023,6,Q2,Failed,0,0,1,5,40,191.49,38.3,609,0
1052,Communication Skills,Robin Becker,2022-10-25,2022,10,Q4,Incomplete,0,0,1,4,32,234.76,58.69,673,0
2089,Communication Skills,Robin Berry,2023-01-04,2023,1,Q1,Completed,1,0,1,2,16,423.31,211.66,673,1
3271,Technical Skills,Robin Christensen,2023-03-15,2023,3,Q1,Passed,0,1,1,3,24,747.02,249.01,579,1
1294,Technical Skills,Robin Lewis,2022-08-15,2022,8,Q3,Passed,0,1,1,3,24,906.05,302.02,579,1
1163,Communication Skills,Robin Morgan,2023-02-23,2023,2,Q1,Passed,0,1,1,3,24,734.77,244.92,673,1
1884,Project Management,Robin Oneill,2022-09-09,2022,9,Q3,Incomplete,0,0,1,2,16,889.87,444.94,609,0
3520,Customer Service,Robin Sims,2022-09-11,2022,9,Q3,Incomplete,0,0,1,1,8,607.93,607.93,565,0
1915,Customer Service,Robin Smith MD,2022-11-11,2022,11,Q4,Incomplete,0,0,1,4,32,651.23,162.81,565,0
2048,Customer Service,Rodney Deleon,2022-11-02,2022,11,Q4,Failed,0,0,1,2,16,626.4,313.2,565,0
2403,Technical Skills,Roger David,2022-08-25,2022,8,Q3,Failed,0,0,1,5,40,766.04,153.21,579,0
3541,Customer Service,Ronald Butler,2023-05-22,2023,5,Q2,Passed,0,1,1,4,32,380.3,95.08,565,1
1871,Customer Service,Ronald Chang,2023-07-03,2023,7,Q3,Failed,0,0,1,4,32,643.07,160.77,565,0
2036,Communication Skills,Ronald Hughes,2022-09-24,2022,9,Q3,Completed,1,0,1,3,24,849.04,283.01,673,1
2191,Communication Skills,Ronald Jackson,2023-05-13,2023,5,Q2,Failed,0,0,1,3,24,774.02,258.01,673,0
3270,Leadership Development,Ronald Jones,2022-10-13,2022,10,Q4,Passed,0,1,1,1,8,147.59,147.59,574,1
1882,Leadership Development,Ronald Long,2023-04-11,2023,4,Q2,Incomplete,0,0,1,5,40,206.16,41.23,574,0
1954,Customer Service,Ronald Marsh,2022-08-14,2022,8,Q3,Passed,0,1,1,5,40,837.05,167.41,565,1
2401,Customer Service,Ronald Nunez,2022-11-01,2022,11,Q4,Failed,0,0,1,4,32,935.2,233.8,565,0
1075,Project Management,Ronald Ortiz,2023-05-16,2023,5,Q2,Passed,0,1,1,4,32,573.29,143.32,609,1
2075,Customer Service,Ronald Pearson,2022-10-27,2022,10,Q4,Incomplete,0,0,1,5,40,807.49,161.5,565,0
1048,Leadership Development,Ronald Rivera,2022-12-02,2022,12,Q4,Completed,1,0,1,5,40,503.99,100.8,574,1
1669,Project Management,Ronald Shaw,2023-01-10,2023,1,Q1,Passed,0,1,1,5,40,753.01,150.6,609,1
2466,Customer Service,Ronald Williamson,2022-11-04,2022,11,Q4,Failed,0,0,1,3,24,652.89,217.63,565,0
1618,Leadership Development,Rose Ortega DDS,2023-04-24,2023,4,Q2,Passed,0,1,1,2,16,779.69,389.85,574,1
3142,Communication Skills,Rose Schmidt,2023-01-09,2023,1,Q1,Incomplete,0,0,1,5,40,730.99,146.2,673,0
3102,Customer Service,Rose Smith,2023-04-09,2023,4,Q2,Incomplete,0,0,1,5,40,524.34,104.87,565,0
1776,Project Management,Roy Johnson,2022-09-07,2022,9,Q3,Failed,0,0,1,2,16,521.69,260.85,609,0
1973,Communication Skills,Roy Juarez,2023-04-01,2023,4,Q2,Failed,0,0,1,1,8,596.48,596.48,673,0
3894,Leadership Development,Roy Morales,2022-12-02,2022,12,Q4,Failed,0,0,1,4,32,533.27,133.32,574,0
2878,Project Management,Roy Stone,2022-12-01,2022,12,Q4,Incomplete,0,0,1,5,40,925.8,185.16,609,0
2650,Communication Skills,Ruben Gilbert,2022-08-29,2022,8,Q3,Passed,0,1,1,1,8,136.23,136.23,673,1
3208,Leadership Development,Ruben Lopez,2023-04-03,2023,4,Q2,Passed,0,1,1,2,16,955.32,477.66,574,1
2134,Technical Skills,Russell Boone,2022-10-20,2022,10,Q4,Completed,1,0,1,1,8,420.72,420.72,579,1
1541,Communication Skills,Russell Gutierrez,2023-02-17,2023,2,Q1,Passed,0,1,1,4,32,770.12,192.53,673,1
1254,Project Management,Ryan Adkins,2023-04-20,2023,4,Q2,Passed,0,1,1,3,24,252.53,84.18,609,1
3209,Project Management,Ryan Anderson,2023-03-06,2023,3,Q1,Incomplete,0,0,1,5,40,259.71,51.94,609,0
1097,Customer Service,Ryan Bradley,2022-08-11,2022,8,Q3,Completed,1,0,1,1,8,609.5,609.5,565,1
1528,Communication Skills,Ryan Carey,2022-12-10,2022,12,Q4,Incomplete,0,0,1,1,8,639.93,639.93,673,0
1403,Technical Skills,Ryan Craig,2023-06-08,2023,6,Q2,Failed,0,0,1,3,24,807.02,269.01,579,0
1087,Technical Skills,Ryan Crawford,2023-05-10,2023,5,Q2,Incomplete,0,0,1,5,40,197.34,39.47,579,0
2690,Technical Skills,Ryan Decker,2023-02-23,2023,2,Q1,Completed,1,0,1,1,8,134.11,134.11,579,1
3095,Communication Skills,Ryan Fitzgerald,2022-08-26,2022,8,Q3,Failed,0,0,1,4,32,461.79,115.45,673,0
1405,Customer Service,Ryan Flores,2022-09-15,2022,9,Q3,Completed,1,0,1,4,32,537.73,134.43,565,1
2472,Project Management,Ryan Fowler,2023-04-28,2023,4,Q2,Failed,0,0,1,1,8,942.75,942.75,609,0
2880,Project Management,Ryan Gray,2023-02-15,2023,2,Q1,Failed,0,0,1,4,32,932.34,233.09,609,0
1073,Project Management,Ryan Hunter,2022-10-03,2022,10,Q4,Failed,0,0,1,4,32,306.3,76.58,609,0
1257,Technical Skills,Ryan King,2023-05-23,2023,5,Q2,Failed,0,0,1,1,8,694.61,694.61,579,0
1626,Project Management,Ryan Morris,2023-05-05,2023,5,Q2,Failed,0,0,1,3,24,624.8,208.27,609,0
2874,Project Management,Ryan Powers,2022-09-27,2022,9,Q3,Passed,0,1,1,5,40,107.25,21.45,609,1
3604,Project Management,Ryan Russell,2023-03-23,2023,3,Q1,Failed,0,0,1,3,24,287.71,95.9,609,0
3943,Communication Skills,Ryan Zhang,2023-05-15,2023,5,Q2,Failed,0,0,1,3,24,282.37,94.12,673,0
2994,Project Management,Sabrina Delgado,2022-12-14,2022,12,Q4,Incomplete,0,0,1,1,8,936.24,936.24,609,0
1615,Technical Skills,Sabrina Hicks,2022-08-31,2022,8,Q3,Passed,0,1,1,1,8,874.1,874.1,579,1
2710,Customer Service,Samantha Benson,2023-07-20,2023,7,Q3,Failed,0,0,1,5,40,807.71,161.54,565,0
1345,Communication Skills,Samantha Chan,2022-11-30,2022,11,Q4,Passed,0,1,1,1,8,395.1,395.1,673,1
3362,Customer Service,Samantha Chase MD,2023-07-31,2023,7,Q3,Passed,0,1,1,2,16,348.84,174.42,565,1
3563,Leadership Development,Samantha Fisher,2023-04-06,2023,4,Q2,Passed,0,1,1,4,32,886.9,221.72,574,1
3453,Customer Service,Samantha Hodge,2022-08-25,2022,8,Q3,Completed,1,0,1,5,40,964.44,192.89,565,1
2680,Customer Service,Samantha Jackson,2023-05-11,2023,5,Q2,Failed,0,0,1,2,16,400.81,200.41,565,0
1713,Leadership Development,Samantha Mcguire,2023-03-11,2023,3,Q1,Incomplete,0,0,1,3,24,752.91,250.97,574,0
3565,Project Management,Samantha Nichols,2023-05-06,2023,5,Q2,Passed,0,1,1,4,32,684.35,171.09,609,1
2570,Customer Service,Samantha Randolph,2023-05-23,2023,5,Q2,Incomplete,0,0,1,2,16,737.84,368.92,565,0
1949,Customer Service,Samantha Thompson,2023-04-28,2023,4,Q2,Incomplete,0,0,1,5,40,592.96,118.59,565,0
2598,Customer Service,Samantha Vega,2022-12-14,2022,12,Q4,Completed,1,0,1,3,24,420.06,140.02,565,1
3490,Technical Skills,Samantha Williams,2023-07-19,2023,7,Q3,Failed,0,0,1,3,24,389.59,129.86,579,0
2199,Project Management,Samuel Henry,2023-06-19,2023,6,Q2,Passed,0,1,1,3,24,142.7,47.57,609,1
3561,Technical Skills,Samuel Lynch,2022-09-07,2022,9,Q3,Failed,0,0,1,5,40,445.04,89.01,579,0
2969,Customer Service,Samuel Miller,2022-10-18,2022,10,Q4,Passed,0,1,1,3,24,405.4,135.13,565,1
2492,Leadership Development,Samuel Moore,2022-11-14,2022,11,Q4,Completed,1,0,1,4,32,765.32,191.33,574,1
1464,Customer Service,Samuel Sparks,2023-06-25,2023,6,Q2,Completed,1,0,1,2,16,791.74,395.87,565,1
1310,Project Management,Samuel Ward,2022-10-16,2022,10,Q4,Incomplete,0,0,1,4,32,350.59,87.65,609,0
1081,Communication Skills,Samuel Wilson,2023-06-05,2023,6,Q2,Failed,0,0,1,3,24,526.08,175.36,673,0
2903,Customer Service,Sandra Andrade,2023-06-22,2023,6,Q2,Failed,0,0,1,2,16,906.63,453.31,565,0
1329,Project Management,Sandra Bates,2023-06-11,2023,6,Q2,Passed,0,1,1,5,40,692.63,138.53,609,1
2998,Customer Service,Sandra Bennett,2022-10-17,2022,10,Q4,Failed,0,0,1,1,8,764.14,764.14,565,0
3926,Customer Service,Sandra Ferrell,2023-07-25,2023,7,Q3,Incomplete,0,0,1,2,16,449.35,224.68,565,0
3134,Technical Skills,Sandra Fowler,2023-03-18,2023,3,Q1,Completed,1,0,1,4,32,945.68,236.42,579,1
3921,Customer Service,Sandra Haney,2023-06-04,2023,6,Q2,Completed,1,0,1,5,40,393.54,78.71,565,1
2628,Technical Skills,Sandra Herman,2022-09-05,2022,9,Q3,Passed,0,1,1,1,8,896.12,896.12,579,1
2737,Communication Skills,Sandra Jenkins,2023-04-18,2023,4,Q2,Failed,0,0,1,5,40,317.55,63.51,673,0
1080,Customer Service,Sandra Joseph,2023-04-22,2023,4,Q2,Passed,0,1,1,4,32,199.14,49.78,565,1
2451,Communication Skills,Sandra Li,2023-07-31,2023,7,Q3,Incomplete,0,0,1,1,8,510.72,510.72,673,0
3896,Technical Skills,Sandra Poole,2023-04-06,2023,4,Q2,Passed,0,1,1,4,32,293.64,73.41,579,1
3352,Project Management,Sandra Rodriguez,2023-04-26,2023,4,Q2,Failed,0,0,1,1,8,140.61,140.61,609,0
1277,Communication Skills,Sandra Russell,2023-03-27,2023,3,Q1,Passed,0,1,1,3,24,141.38,47.13,673,1
2694,Customer Service,Sandra Warren,2022-08-08,2022,8,Q3,Failed,0,0,1,2,16,167.34,83.67,565,0
2121,Project Management,Sara Johnson,2022-12-31,2022,12,Q4,Passed,0,1,1,2,16,459.39,229.69,609,1
2469,Project Management,Sara King,2022-09-15,2022,9,Q3,Completed,1,0,1,5,40,780.71,156.14,609,1
2341,Communication Skills,Sara Perry,2023-04-06,2023,4,Q2,Failed,0,0,1,2,16,121.05,60.52,673,0
3961,Leadership Development,Sara Ramirez,2023-02-05,2023,2,Q1,Passed,0,1,1,5,40,881.61,176.32,574,1
2402,Communication Skills,Sara Smith,2023-02-18,2023,2,Q1,Failed,0,0,1,1,8,478.73,478.73,673,0
3967,Customer Service,Sarah Benson,2023-05-16,2023,5,Q2,Failed,0,0,1,4,32,683.96,170.99,565,0
1550,Customer Service,Sarah Blake,2022-11-09,2022,11,Q4,Failed,0,0,1,3,24,354.19,118.06,565,0
1937,Leadership Development,Sarah Boone,2023-05-08,2023,5,Q2,Completed,1,0,1,4,32,774.74,193.69,574,1
1510,Technical Skills,Sarah Butler,2022-10-13,2022,10,Q4,Incomplete,0,0,1,5,40,986.78,197.36,579,0
2392,Customer Service,Sarah Cain,2022-12-17,2022,12,Q4,Failed,0,0,1,5,40,652.9,130.58,565,0.5
1100,Communication Skills,Sarah Cain,2023-02-25,2023,2,Q1,Completed,1,0,1,3,24,518.56,172.85,673,0.5
2155,Customer Service,Sarah Edwards,2023-03-21,2023,3,Q1,Passed,0,1,1,1,8,972.82,972.82,565,1
3973,Leadership Development,Sarah Gray,2022-11-14,2022,11,Q4,Passed,0,1,1,1,8,202.97,202.97,574,1
2982,Project Management,Sarah Harris,2022-10-31,2022,10,Q4,Failed,0,0,1,2,16,166.78,83.39,609,0
2415,Customer Service,Sarah Hernandez,2022-08-18,2022,8,Q3,Failed,0,0,1,4,32,938.18,234.54,565,0
2235,Customer Service,Sarah Mcpherson,2023-03-09,2023,3,Q1,Failed,0,0,1,1,8,162.62,162.62,565,0
3155,Communication Skills,Sarah Mitchell,2022-08-27,2022,8,Q3,Failed,0,0,1,5,40,336.64,67.33,673,0
1105,Technical Skills,Sarah Payne,2023-01-17,2023,1,Q1,Incomplete,0,0,1,4,32,172.19,43.05,579,0
1340,Leadership Development,Sarah Perkins,2023-02-06,2023,2,Q1,Incomplete,0,0,1,2,16,890.39,445.19,574,0
3354,Communication Skills,Sarah Ramirez,2022-11-19,2022,11,Q4,Incomplete,0,0,1,5,40,503.22,100.64,673,0
3192,Technical Skills,Sarah Rodriguez,2022-08-28,2022,8,Q3,Incomplete,0,0,1,1,8,752.12,752.12,579,0
2639,Project Management,Sarah Rojas,2023-02-19,2023,2,Q1,Completed,1,0,1,4,32,977.29,244.32,609,1
1704,Customer Service,Sarah Ryan,2023-05-13,2023,5,Q2,Completed,1,0,1,1,8,691.32,691.32,565,1
1525,Technical Skills,Sarah Smith,2022-12-10,2022,12,Q4,Incomplete,0,0,1,4,32,347.29,86.82,579,0
1963,Technical Skills,Sarah Stone,2023-06-13,2023,6,Q2,Incomplete,0,0,1,2,16,316.03,158.01,579,0
1281,Project Management,Sarah Walker,2023-01-31,2023,1,Q1,Completed,1,0,1,3,24,775.97,258.66,609,1
3860,Technical Skills,Sarah Walter,2022-10-10,2022,10,Q4,Completed,1,0,1,4,32,389.63,97.41,579,1
2776,Leadership Development,Sarah Willis,2023-07-09,2023,7,Q3,Incomplete,0,0,1,1,8,134.44,134.44,574,0
2626,Technical Skills,Scott Alvarado,2023-01-05,2023,1,Q1,Incomplete,0,0,1,3,24,197.3,65.77,579,0
3532,Technical Skills,Scott Anderson,2023-05-02,2023,5,Q2,Failed,0,0,1,2,16,771.61,385.81,579,0
3048,Customer Service,Scott Brooks,2023-01-08,2023,1,Q1,Completed,1,0,1,2,16,919.75,459.88,565,1
1621,Technical Skills,Scott Calhoun,2022-10-03,2022,10,Q4,Completed,1,0,1,2,16,264.74,132.37,579,1
2565,Communication Skills,Scott Cherry,2022-09-11,2022,9,Q3,Passed,0,1,1,2,16,559.06,279.53,673,1
1767,Project Management,Scott Everett,2022-10-25,2022,10,Q4,Passed,0,1,1,3,24,902.11,300.7,609,1
3370,Customer Service,Scott Gordon,2023-06-06,2023,6,Q2,Completed,1,0,1,2,16,264.88,132.44,565,1
1532,Technical Skills,Scott Griffin,2022-08-11,2022,8,Q3,Completed,1,0,1,5,40,746.17,149.23,579,1
2974,Project Management,Scott Howard,2023-04-27,2023,4,Q2,Passed,0,1,1,5,40,140.91,28.18,609,1
1744,Communication Skills,Scott Kline,2022-12-24,2022,12,Q4,Failed,0,0,1,4,32,728.77,182.19,673,0
2159,Customer Service,Scott Mathis,2023-01-24,2023,1,Q1,Completed,1,0,1,3,24,833.52,277.84,565,1
3302,Communication Skills,Scott Miranda,2023-03-16,2023,3,Q1,Incomplete,0,0,1,4,32,584.29,146.07,673,0
1143,Customer Service,Scott Nelson,2022-12-20,2022,12,Q4,Failed,0,0,1,3,24,563.38,187.79,565,0
3149,Customer Service,Scott Peck,2023-07-07,2023,7,Q3,Failed,0,0,1,2,16,858.12,429.06,565,0
2068,Leadership Development,Scott Rice,2023-02-03,2023,2,Q1,Incomplete,0,0,1,3,24,670.68,223.56,574,0
3527,Project Management,Scott Richardson,2023-01-06,2023,1,Q1,Failed,0,0,1,4,32,396.28,99.07,609,0
3088,Customer Service,Scott Rowe,2023-05-25,2023,5,Q2,Incomplete,0,0,1,3,24,732.88,244.29,565,0
2232,Customer Service,Scott Smith,2023-03-23,2023,3,Q1,Completed,1,0,1,4,32,128.25,32.06,565,1
2906,Technical Skills,Scott Williams,2022-12-06,2022,12,Q4,Incomplete,0,0,1,1,8,998.74,998.74,579,0
2355,Customer Service,Scott Young,2023-07-16,2023,7,Q3,Failed,0,0,1,3,24,945.93,315.31,565,0
2405,Technical Skills,Sean Casey,2023-03-19,2023,3,Q1,Completed,1,0,1,1,8,722.5,722.5,579,1
3126,Communication Skills,Sean Johnson,2023-07-21,2023,7,Q3,Passed,0,1,1,4,32,667.54,166.88,673,1
1208,Leadership Development,Sean Jones,2022-09-20,2022,9,Q3,Passed,0,1,1,3,24,492.39,164.13,574,1
3301,Customer Service,Sean Joyce,2023-02-03,2023,2,Q1,Incomplete,0,0,1,1,8,443.13,443.13,565,0
1738,Customer Service,Sean Mckee,2023-01-09,2023,1,Q1,Incomplete,0,0,1,5,40,802.66,160.53,565,0
2227,Project Management,Sean Padilla,2023-04-28,2023,4,Q2,Passed,0,1,1,2,16,894.09,447.05,609,1
2276,Customer Service,Sean Patterson,2023-05-17,2023,5,Q2,Completed,1,0,1,3,24,851.87,283.96,565,1
3309,Customer Service,Sean Sanchez,2022-09-15,2022,9,Q3,Completed,1,0,1,3,24,547.86,182.62,565,1
1424,Technical Skills,Sean Wallace,2023-03-05,2023,3,Q1,Incomplete,0,0,1,4,32,695.24,173.81,579,0
2369,Leadership Development,Sergio James,2023-07-26,2023,7,Q3,Failed,0,0,1,5,40,711.15,142.23,574,0
3927,Customer Service,Sergio Wheeler,2023-03-05,2023,3,Q1,Completed,1,0,1,2,16,878.67,439.33,565,1
3814,Communication Skills,Seth Bradley,2023-07-09,2023,7,Q3,Failed,0,0,1,5,40,655.68,131.14,673,0
2189,Customer Service,Seth Rice,2022-11-28,2022,11,Q4,Passed,0,1,1,2,16,585.65,292.82,565,1
1331,Communication Skills,Seth Smith,2022-09-14,2022,9,Q3,Failed,0,0,1,2,16,517.62,258.81,673,0
3848,Communication Skills,Shane James,2022-11-18,2022,11,Q4,Incomplete,0,0,1,2,16,443.56,221.78,673,0
3873,Project Management,Shane Jones,2023-03-10,2023,3,Q1,Completed,1,0,1,3,24,598.22,199.41,609,1
3940,Project Management,Shane Ortiz,2022-08-11,2022,8,Q3,Failed,0,0,1,5,40,305.31,61.06,609,0
2007,Communication Skills,Shane Quinn,2023-02-28,2023,2,Q1,Passed,0,1,1,1,8,211.17,211.17,673,1
3920,Customer Service,Shane Salazar,2023-06-04,2023,6,Q2,Failed,0,0,1,3,24,809.39,269.8,565,0
1108,Customer Service,Shane Short,2023-05-23,2023,5,Q2,Completed,1,0,1,5,40,124.54,24.91,565,1
1605,Customer Service,Shane Weaver,2023-04-08,2023,4,Q2,Passed,0,1,1,5,40,878.65,175.73,565,1
2620,Communication Skills,Shannon Flores,2023-01-24,2023,1,Q1,Passed,0,1,1,1,8,485.2,485.2,673,1
3300,Leadership Development,Shannon Knight,2023-04-24,2023,4,Q2,Incomplete,0,0,1,2,16,897.32,448.66,574,0
2179,Leadership Development,Shannon Norman,2022-09-08,2022,9,Q3,Passed,0,1,1,4,32,937.57,234.39,574,1
1910,Customer Service,Shannon Spencer,2022-10-12,2022,10,Q4,Passed,0,1,1,5,40,614.4,122.88,565,1
1286,Customer Service,Shannon Taylor,2023-05-28,2023,5,Q2,Incomplete,0,0,1,2,16,274.85,137.43,565,0
3006,Communication Skills,Shannon Turner,2023-05-13,2023,5,Q2,Passed,0,1,1,3,24,415.18,138.39,673,1
2354,Communication Skills,Shannon White,2023-06-13,2023,6,Q2,Completed,1,0,1,5,40,572.14,114.43,673,1
2657,Project Management,Sharon Cain,2023-05-08,2023,5,Q2,Failed,0,0,1,3,24,751.13,250.38,609,0
3863,Leadership Development,Sharon Decker,2022-09-16,2022,9,Q3,Incomplete,0,0,1,5,40,274.98,55,574,0
3438,Technical Skills,Sharon Flores DDS,2022-10-05,2022,10,Q4,Failed,0,0,1,2,16,208.17,104.08,579,0
2266,Leadership Development,Sharon Lee,2022-10-23,2022,10,Q4,Completed,1,0,1,5,40,898.01,179.6,574,1
2602,Leadership Development,Sharon Matthews,2022-12-25,2022,12,Q4,Failed,0,0,1,4,32,364.41,91.1,574,0.5
1468,Leadership Development,Sharon Matthews,2023-04-10,2023,4,Q2,Passed,0,1,1,5,40,429.38,85.88,574,0.5
3261,Project Management,Sharon Mcconnell,2023-04-17,2023,4,Q2,Failed,0,0,1,3,24,253.14,84.38,609,0
3574,Customer Service,Sharon Mcfarland,2022-09-05,2022,9,Q3,Completed,1,0,1,1,8,309.56,309.56,565,1
3512,Communication Skills,Sharon Miller,2022-11-25,2022,11,Q4,Failed,0,0,1,2,16,206.44,103.22,673,0
1273,Technical Skills,Sharon Park,2023-05-24,2023,5,Q2,Incomplete,0,0,1,1,8,881.48,881.48,579,0
1710,Communication Skills,Sharon Sanchez,2022-12-11,2022,12,Q4,Passed,0,1,1,2,16,300.52,150.26,673,1
3107,Leadership Development,Sharon Walker,2023-05-16,2023,5,Q2,Failed,0,0,1,1,8,855.26,855.26,574,0
2605,Project Management,Shaun Torres,2022-11-14,2022,11,Q4,Completed,1,0,1,4,32,549.19,137.3,609,1
2830,Project Management,Shawn Dillon,2022-12-06,2022,12,Q4,Completed,1,0,1,1,8,266.42,266.42,609,1
3288,Customer Service,Shawn Glass,2022-12-15,2022,12,Q4,Failed,0,0,1,1,8,523.79,523.79,565,0
1843,Project Management,Shawn Harris,2022-11-11,2022,11,Q4,Incomplete,0,0,1,5,40,349.46,69.89,609,0
3955,Technical Skills,Shawn Hernandez,2023-03-14,2023,3,Q1,Failed,0,0,1,1,8,762.36,762.36,579,0
2554,Communication Skills,Shawn Marks,2023-07-29,2023,7,Q3,Completed,1,0,1,5,40,889.09,177.82,673,1
1140,Customer Service,Shawn Martin,2022-09-27,2022,9,Q3,Passed,0,1,1,1,8,949.81,949.81,565,1
3711,Leadership Development,Shawn Newman,2022-10-19,2022,10,Q4,Incomplete,0,0,1,5,40,853.26,170.65,574,0
3902,Leadership Development,Shawn Rivera,2023-01-11,2023,1,Q1,Failed,0,0,1,4,32,768.05,192.01,574,0
2544,Communication Skills,Shawn Spencer,2023-01-27,2023,1,Q1,Completed,1,0,1,2,16,767.56,383.78,673,1
1698,Technical Skills,Shawn Williams,2022-11-23,2022,11,Q4,Passed,0,1,1,5,40,218.31,43.66,579,1
3085,Technical Skills,Sheila Gutierrez,2023-02-23,2023,2,Q1,Failed,0,0,1,2,16,855.84,427.92,579,0
2439,Project Management,Shelby Fields,2022-10-29,2022,10,Q4,Failed,0,0,1,4,32,816.24,204.06,609,0
3075,Leadership Development,Shelby Johnson,2023-02-20,2023,2,Q1,Completed,1,0,1,4,32,602.12,150.53,574,1
3274,Customer Service,Shelby Welch,2022-12-07,2022,12,Q4,Failed,0,0,1,3,24,293.34,97.78,565,0
2454,Leadership Development,Shelley Blackburn,2022-10-06,2022,10,Q4,Completed,1,0,1,1,8,524.51,524.51,574,1
2623,Leadership Development,Shelley Mccoy,2022-08-28,2022,8,Q3,Incomplete,0,0,1,4,32,310.28,77.57,574,0
1983,Customer Service,Shelly Baker,2022-12-28,2022,12,Q4,Failed,0,0,1,5,40,769.23,153.85,565,0
3108,Customer Service,Sheri Reed,2023-07-07,2023,7,Q3,Completed,1,0,1,1,8,755.13,755.13,565,1
2297,Leadership Development,Sherri Cole,2022-12-28,2022,12,Q4,Completed,1,0,1,5,40,691.71,138.34,574,1
3398,Project Management,Sherri Robertson,2022-08-24,2022,8,Q3,Passed,0,1,1,2,16,155.61,77.81,609,1
3837,Communication Skills,Sherri Snyder,2023-02-22,2023,2,Q1,Failed,0,0,1,3,24,320.34,106.78,673,0
1475,Technical Skills,Sherry Cortez,2022-11-04,2022,11,Q4,Passed,0,1,1,3,24,499.48,166.49,579,1
3983,Project Management,Sherry Peterson,2023-07-24,2023,7,Q3,Failed,0,0,1,5,40,407.96,81.59,609,0
1823,Leadership Development,Shirley Ali,2023-07-10,2023,7,Q3,Completed,1,0,1,4,32,977.99,244.5,574,1
2513,Communication Skills,Shirley Orr,2022-12-05,2022,12,Q4,Failed,0,0,1,4,32,337.06,84.27,673,0
1697,Leadership Development,Sierra Bishop,2022-10-14,2022,10,Q4,Passed,0,1,1,4,32,503.3,125.83,574,1
3939,Technical Skills,Sierra Liu,2023-05-18,2023,5,Q2,Passed,0,1,1,4,32,318.19,79.55,579,1
1539,Communication Skills,Sierra Mooney,2022-12-20,2022,12,Q4,Passed,0,1,1,5,40,899.57,179.91,673,1
3739,Customer Service,Sierra Oneill,2022-08-19,2022,8,Q3,Incomplete,0,0,1,5,40,752.97,150.59,565,0
3505,Leadership Development,Sophia Roberts,2022-09-13,2022,9,Q3,Failed,0,0,1,5,40,260.97,52.19,574,0
1917,Customer Service,Spencer Ford,2023-01-24,2023,1,Q1,Incomplete,0,0,1,3,24,419.83,139.94,565,0
3336,Leadership Development,Stacey Anderson,2023-04-02,2023,4,Q2,Incomplete,0,0,1,4,32,290.13,72.53,574,0
2534,Leadership Development,Stacey English,2022-08-22,2022,8,Q3,Passed,0,1,1,3,24,739.85,246.62,574,1
3462,Project Management,Stacey Esparza,2023-07-19,2023,7,Q3,Completed,1,0,1,1,8,320.01,320.01,609,1
2061,Technical Skills,Stacey Ford,2023-03-15,2023,3,Q1,Incomplete,0,0,1,1,8,952.69,952.69,579,0
1671,Customer Service,Stacey Sparks,2022-11-15,2022,11,Q4,Passed,0,1,1,2,16,680.45,340.23,565,1
3162,Technical Skills,Stacy Cole,2023-07-24,2023,7,Q3,Failed,0,0,1,5,40,569.76,113.95,579,0
3306,Project Management,Stacy Diaz,2023-01-13,2023,1,Q1,Incomplete,0,0,1,3,24,267.72,89.24,609,0
1138,Customer Service,Stacy Fisher,2022-09-10,2022,9,Q3,Failed,0,0,1,4,32,155.14,38.78,565,0
3173,Communication Skills,Stacy Henderson,2023-06-01,2023,6,Q2,Incomplete,0,0,1,3,24,573.31,191.1,673,0
1393,Technical Skills,Stacy Leonard,2023-04-02,2023,4,Q2,Failed,0,0,1,3,24,255.61,85.2,579,0
1240,Communication Skills,Stacy Morton,2023-01-04,2023,1,Q1,Passed,0,1,1,5,40,758.75,151.75,673,1
3807,Communication Skills,Stacy Smith,2023-03-26,2023,3,Q1,Passed,0,1,1,1,8,997.74,997.74,673,1
1268,Project Management,Stephanie Anderson,2023-05-25,2023,5,Q2,Passed,0,1,1,5,40,401.97,80.39,609,1
2441,Project Management,Stephanie Best,2022-10-17,2022,10,Q4,Passed,0,1,1,5,40,559.08,111.82,609,1
3046,Communication Skills,Stephanie Black,2023-01-14,2023,1,Q1,Passed,0,1,1,2,16,767.56,383.78,673,1
3152,Communication Skills,Stephanie Blake,2023-03-24,2023,3,Q1,Failed,0,0,1,4,32,955.95,238.99,673,0
2343,Customer Service,Stephanie Brown,2023-05-31,2023,5,Q2,Completed,1,0,1,5,40,959.22,191.84,565,1
1247,Customer Service,Stephanie Bruce,2022-12-09,2022,12,Q4,Completed,1,0,1,5,40,307.13,61.43,565,1
3122,Customer Service,Stephanie Combs,2023-01-16,2023,1,Q1,Completed,1,0,1,4,32,107.47,26.87,565,1
1397,Customer Service,Stephanie Cook,2023-03-01,2023,3,Q1,Incomplete,0,0,1,2,16,669.41,334.7,565,0
3019,Technical Skills,Stephanie Dixon,2022-11-18,2022,11,Q4,Failed,0,0,1,1,8,155.46,155.46,579,0
3317,Customer Service,Stephanie Edwards,2022-12-20,2022,12,Q4,Passed,0,1,1,1,8,870.15,870.15,565,1
2346,Customer Service,Stephanie Farmer,2022-10-02,2022,10,Q4,Completed,1,0,1,3,24,811.14,270.38,565,1
3434,Leadership Development,Stephanie Garza,2022-10-07,2022,10,Q4,Passed,0,1,1,3,24,790.15,263.38,574,1
1769,Leadership Development,Stephanie Good DVM,2023-03-27,2023,3,Q1,Passed,0,1,1,1,8,976.58,976.58,574,1
1709,Technical Skills,Stephanie Haney,2023-06-03,2023,6,Q2,Failed,0,0,1,4,32,858.8,214.7,579,0
1139,Customer Service,Stephanie Hill,2022-10-01,2022,10,Q4,Completed,1,0,1,1,8,930.06,930.06,565,1
2619,Technical Skills,Stephanie Hopkins,2022-12-30,2022,12,Q4,Completed,1,0,1,3,24,440.24,146.75,579,1
3546,Project Management,Stephanie Horton,2022-11-21,2022,11,Q4,Passed,0,1,1,4,32,426.45,106.61,609,1
1292,Customer Service,Stephanie Johnson,2023-02-22,2023,2,Q1,Completed,1,0,1,5,40,950.3,190.06,565,1
1828,Technical Skills,Stephanie Mullins,2023-05-29,2023,5,Q2,Failed,0,0,1,1,8,620.24,620.24,579,0
1044,Technical Skills,Stephanie Navarro,2022-09-13,2022,9,Q3,Incomplete,0,0,1,4,32,920.78,230.19,579,0
3315,Leadership Development,Stephanie Obrien,2023-02-03,2023,2,Q1,Incomplete,0,0,1,1,8,976.59,976.59,574,0
2671,Project Management,Stephanie Parrish,2023-01-14,2023,1,Q1,Passed,0,1,1,4,32,425.59,106.4,609,1
1546,Project Management,Stephanie Rogers,2023-02-26,2023,2,Q1,Incomplete,0,0,1,5,40,638.92,127.78,609,0
3688,Customer Service,Stephanie Saunders,2022-11-26,2022,11,Q4,Failed,0,0,1,4,32,269.88,67.47,565,0
3406,Customer Service,Stephanie Scott,2023-04-27,2023,4,Q2,Incomplete,0,0,1,1,8,538.94,538.94,565,0
1474,Project Management,Stephanie Stevens,2023-02-19,2023,2,Q1,Failed,0,0,1,1,8,798.37,798.37,609,0
3199,Technical Skills,Stephanie Stokes,2022-09-23,2022,9,Q3,Incomplete,0,0,1,5,40,609.18,121.84,579,0
1540,Communication Skills,Stephanie Zamora,2022-10-27,2022,10,Q4,Incomplete,0,0,1,1,8,686.34,686.34,673,0
3491,Project Management,Stephen Blair,2023-07-14,2023,7,Q3,Incomplete,0,0,1,3,24,442.56,147.52,609,0
1361,Project Management,Stephen Chandler,2022-10-09,2022,10,Q4,Failed,0,0,1,4,32,903.88,225.97,609,0
2861,Project Management,Stephen Estrada,2022-11-07,2022,11,Q4,Completed,1,0,1,2,16,828.48,414.24,609,1
3017,Technical Skills,Stephen Freeman,2022-08-19,2022,8,Q3,Incomplete,0,0,1,4,32,795.89,198.97,579,0
1930,Project Management,Stephen Graham,2023-06-30,2023,6,Q2,Incomplete,0,0,1,5,40,533.56,106.71,609,0
1955,Leadership Development,Stephen Henry,2023-07-22,2023,7,Q3,Incomplete,0,0,1,3,24,202.35,67.45,574,0
1265,Leadership Development,Stephen Mcdonald,2023-06-15,2023,6,Q2,Incomplete,0,0,1,4,32,494.96,123.74,574,0
1909,Technical Skills,Stephen Neal,2023-03-15,2023,3,Q1,Passed,0,1,1,3,24,653.23,217.74,579,1
1319,Project Management,Stephen Parker,2023-05-19,2023,5,Q2,Failed,0,0,1,1,8,777.46,777.46,609,0
2668,Project Management,Stephen Silva,2023-01-19,2023,1,Q1,Passed,0,1,1,3,24,968.31,322.77,609,1
1305,Technical Skills,Stephen West,2023-07-08,2023,7,Q3,Failed,0,0,1,3,24,784.22,261.41,579,0
1308,Leadership Development,Stephen Wheeler,2022-10-10,2022,10,Q4,Failed,0,0,1,5,40,742.16,148.43,574,0
2813,Technical Skills,Steven Blair,2023-04-20,2023,4,Q2,Completed,1,0,1,2,16,249.88,124.94,579,1
2481,Technical Skills,Steven Coleman,2022-11-11,2022,11,Q4,Incomplete,0,0,1,4,32,994.03,248.51,579,0
2928,Communication Skills,Steven Dominguez,2023-06-21,2023,6,Q2,Incomplete,0,0,1,2,16,175.63,87.81,673,0
3096,Technical Skills,Steven Gardner,2023-04-29,2023,4,Q2,Failed,0,0,1,1,8,108.99,108.99,579,0
1921,Technical Skills,Steven Golden,2023-05-28,2023,5,Q2,Incomplete,0,0,1,2,16,813.17,406.58,579,0
2315,Customer Service,Steven Greer III,2022-12-05,2022,12,Q4,Incomplete,0,0,1,1,8,252.59,252.59,565,0
1219,Communication Skills,Steven Gutierrez,2022-09-15,2022,9,Q3,Failed,0,0,1,5,40,761.31,152.26,673,0
2342,Communication Skills,Steven Hernandez,2023-05-30,2023,5,Q2,Completed,1,0,1,1,8,704.53,704.53,673,1
2182,Communication Skills,Steven Ingram,2023-07-22,2023,7,Q3,Completed,1,0,1,2,16,105.18,52.59,673,1
1603,Communication Skills,Steven Larson,2023-03-11,2023,3,Q1,Completed,1,0,1,2,16,784.15,392.07,673,1
1840,Project Management,Steven Lewis,2023-03-07,2023,3,Q1,Passed,0,1,1,5,40,310.44,62.09,609,1
2783,Technical Skills,Steven Miller,2023-05-20,2023,5,Q2,Incomplete,0,0,1,4,32,880.21,220.05,579,0
1289,Leadership Development,Steven Sanchez,2022-10-08,2022,10,Q4,Incomplete,0,0,1,3,24,900.52,300.17,574,0
2552,Customer Service,Steven Sanders,2022-09-21,2022,9,Q3,Completed,1,0,1,5,40,573.47,114.69,565,1
1803,Leadership Development,Steven Scott PhD,2022-09-20,2022,9,Q3,Passed,0,1,1,4,32,550.55,137.64,574,1
3738,Technical Skills,Steven Sharp,2022-09-01,2022,9,Q3,Completed,1,0,1,3,24,791.98,263.99,579,1
3350,Project Management,Steven Smith,2022-09-30,2022,9,Q3,Passed,0,1,1,2,16,963.95,481.98,609,1
2892,Technical Skills,Steven Terrell,2022-08-10,2022,8,Q3,Passed,0,1,1,5,40,990.52,198.1,579,1
1787,Project Management,Steven Villa,2022-08-31,2022,8,Q3,Passed,0,1,1,2,16,756.7,378.35,609,1
2763,Technical Skills,Steven Williams,2022-11-24,2022,11,Q4,Completed,1,0,1,4,32,430.35,107.59,579,1
3363,Customer Service,Steven Wood,2023-05-22,2023,5,Q2,Completed,1,0,1,2,16,826.15,413.07,565,1
2184,Communication Skills,Summer Brown,2022-09-25,2022,9,Q3,Failed,0,0,1,3,24,661.36,220.45,673,0
2143,Communication Skills,Susan Compton,2022-08-11,2022,8,Q3,Incomplete,0,0,1,2,16,322.33,161.16,673,0
3709,Leadership Development,Susan Fitzgerald,2023-04-07,2023,4,Q2,Incomplete,0,0,1,4,32,339.84,84.96,574,0
2808,Communication Skills,Susan Fowler,2022-09-23,2022,9,Q3,Passed,0,1,1,5,40,105.41,21.08,673,1
2592,Technical Skills,Susan Garcia,2023-02-10,2023,2,Q1,Incomplete,0,0,1,3,24,240.57,80.19,579,0
1241,Project Management,Susan Johnson,2023-02-01,2023,2,Q1,Failed,0,0,1,5,40,878.94,175.79,609,0
2995,Technical Skills,Susan Luna,2023-07-03,2023,7,Q3,Passed,0,1,1,1,8,440.35,440.35,579,1
2434,Leadership Development,Susan Morgan,2022-09-06,2022,9,Q3,Failed,0,0,1,4,32,810.59,202.65,574,0
1794,Leadership Development,Susan Murphy,2022-10-31,2022,10,Q4,Completed,1,0,1,3,24,208.13,69.38,574,1
1160,Leadership Development,Susan Myers,2022-11-07,2022,11,Q4,Failed,0,0,1,2,16,137.96,68.98,574,0
3304,Communication Skills,Susan Nelson,2023-06-15,2023,6,Q2,Incomplete,0,0,1,2,16,123.32,61.66,673,0
2208,Technical Skills,Susan Shelton,2022-09-02,2022,9,Q3,Incomplete,0,0,1,3,24,907.13,302.38,579,0
1316,Technical Skills,Susan Wilson,2023-04-20,2023,4,Q2,Passed,0,1,1,5,40,202.62,40.52,579,1
2063,Technical Skills,Suzanne Watson,2023-01-01,2023,1,Q1,Failed,0,0,1,5,40,333.78,66.76,579,0
2127,Leadership Development,Suzanne Young,2023-04-03,2023,4,Q2,Passed,0,1,1,5,40,119.71,23.94,574,1
1952,Leadership Development,Sydney Bryant,2023-03-05,2023,3,Q1,Passed,0,1,1,1,8,846.22,846.22,574,1
3497,Communication Skills,Sydney Johnson,2023-03-11,2023,3,Q1,Completed,1,0,1,2,16,184.21,92.11,673,1
2916,Technical Skills,Sylvia Obrien,2022-10-09,2022,10,Q4,Incomplete,0,0,1,2,16,932.4,466.2,579,0
2082,Customer Service,Sylvia Sweeney,2022-08-09,2022,8,Q3,Incomplete,0,0,1,1,8,230.77,230.77,565,0
1720,Project Management,Tamara Harris,2023-01-19,2023,1,Q1,Passed,0,1,1,2,16,396.81,198.41,609,1
3586,Communication Skills,Tamara Hayes,2022-09-30,2022,9,Q3,Completed,1,0,1,1,8,502.7,502.7,673,1
1148,Communication Skills,Tamara Lee,2022-09-01,2022,9,Q3,Passed,0,1,1,3,24,529,176.33,673,1
3008,Leadership Development,Tamara Perez,2023-03-15,2023,3,Q1,Incomplete,0,0,1,3,24,967.08,322.36,574,0
2375,Project Management,Tammie Williams,2022-11-20,2022,11,Q4,Failed,0,0,1,5,40,770.33,154.07,609,0
1381,Leadership Development,Tammy Bowen,2022-09-20,2022,9,Q3,Failed,0,0,1,4,32,718.16,179.54,574,0
2312,Leadership Development,Tammy Foster,2023-01-06,2023,1,Q1,Completed,1,0,1,3,24,623.75,207.92,574,1
1653,Technical Skills,Tammy Gaines,2023-07-24,2023,7,Q3,Incomplete,0,0,1,1,8,886.01,886.01,579,0
1982,Leadership Development,Tammy Jarvis,2023-01-29,2023,1,Q1,Passed,0,1,1,5,40,861.83,172.37,574,1
1733,Leadership Development,Tammy King,2023-01-08,2023,1,Q1,Incomplete,0,0,1,5,40,845.86,169.17,574,0
3196,Customer Service,Tammy Mejia,2023-06-06,2023,6,Q2,Passed,0,1,1,5,40,518.62,103.72,565,1
2309,Communication Skills,Tammy Norman,2023-07-20,2023,7,Q3,Incomplete,0,0,1,1,8,309.24,309.24,673,0
1614,Communication Skills,Tammy Paul,2023-07-22,2023,7,Q3,Passed,0,1,1,1,8,808.85,808.85,673,1
2360,Project Management,Tammy Sampson,2022-10-13,2022,10,Q4,Passed,0,1,1,1,8,400.62,400.62,609,1
1549,Project Management,Tammy Smith,2023-06-04,2023,6,Q2,Completed,1,0,1,1,8,759.56,759.56,609,1
3105,Technical Skills,Tammy Thomas,2022-08-30,2022,8,Q3,Failed,0,0,1,3,24,805.93,268.64,579,0
3293,Leadership Development,Tanya Avila,2023-01-19,2023,1,Q1,Incomplete,0,0,1,2,16,261.25,130.63,574,0
3131,Leadership Development,Tanya Cruz,2023-01-15,2023,1,Q1,Completed,1,0,1,3,24,937.85,312.62,574,1
2802,Technical Skills,Tanya Lozano,2023-04-21,2023,4,Q2,Passed,0,1,1,3,24,213.38,71.13,579,1
1518,Customer Service,Tanya Marshall,2022-12-08,2022,12,Q4,Completed,1,0,1,2,16,803.79,401.89,565,1
3571,Project Management,Tanya Melendez,2023-08-04,2023,8,Q3,Completed,1,0,1,3,24,834.44,278.15,609,1
1689,Customer Service,Tara Ballard,2022-09-15,2022,9,Q3,Passed,0,1,1,2,16,712.64,356.32,565,1
3281,Project Management,Tara Brown,2023-01-23,2023,1,Q1,Passed,0,1,1,3,24,104.8,34.93,609,1
3525,Leadership Development,Tara Christensen,2022-10-09,2022,10,Q4,Incomplete,0,0,1,4,32,237.75,59.44,574,0
2379,Communication Skills,Tara Moses,2022-08-24,2022,8,Q3,Completed,1,0,1,4,32,146.18,36.55,673,1
1041,Customer Service,Taylor Baker,2023-03-07,2023,3,Q1,Completed,1,0,1,3,24,871.12,290.37,565,1
1062,Technical Skills,Taylor Barron,2022-11-27,2022,11,Q4,Failed,0,0,1,5,40,702.84,140.57,579,0
3265,Customer Service,Taylor Bradley,2022-12-07,2022,12,Q4,Failed,0,0,1,1,8,721.96,721.96,565,0
3868,Project Management,Taylor Harrington,2022-09-27,2022,9,Q3,Completed,1,0,1,3,24,272.58,90.86,609,1
2663,Customer Service,Taylor Lopez,2022-12-17,2022,12,Q4,Passed,0,1,1,4,32,819.64,204.91,565,1
3427,Leadership Development,Taylor Rodriguez,2023-07-15,2023,7,Q3,Failed,0,0,1,2,16,606.11,303.06,574,0
3429,Leadership Development,Taylor Thomas,2022-08-13,2022,8,Q3,Failed,0,0,1,2,16,413.28,206.64,574,0
1606,Project Management,Teresa Dickerson PhD,2022-09-26,2022,9,Q3,Completed,1,0,1,5,40,937.89,187.58,609,1
2730,Project Management,Teresa Jenkins,2023-05-20,2023,5,Q2,Incomplete,0,0,1,5,40,486.43,97.29,609,0
1145,Technical Skills,Teresa Lee,2022-11-15,2022,11,Q4,Incomplete,0,0,1,2,16,401.53,200.76,579,0
3180,Project Management,Teresa Long,2023-07-03,2023,7,Q3,Completed,1,0,1,1,8,829.59,829.59,609,1
3279,Technical Skills,Teresa Morris,2022-10-30,2022,10,Q4,Incomplete,0,0,1,4,32,518.24,129.56,579,0
3776,Project Management,Teresa Reilly,2023-02-05,2023,2,Q1,Completed,1,0,1,4,32,585.84,146.46,609,1
3333,Customer Service,Teresa Rogers,2023-01-05,2023,1,Q1,Passed,0,1,1,4,32,995.4,248.85,565,1
3488,Communication Skills,Terrence Hopkins,2022-09-20,2022,9,Q3,Completed,1,0,1,1,8,308.19,308.19,673,1
3055,Technical Skills,Terri Christensen,2023-04-05,2023,4,Q2,Failed,0,0,1,3,24,833.23,277.74,579,0
3200,Communication Skills,Terri James,2023-03-18,2023,3,Q1,Completed,1,0,1,1,8,473.02,473.02,673,1
2397,Project Management,Terri Martin,2022-11-10,2022,11,Q4,Completed,1,0,1,5,40,514.94,102.99,609,1
3974,Communication Skills,Terry Gomez,2023-04-27,2023,4,Q2,Passed,0,1,1,1,8,487.4,487.4,673,1
3005,Communication Skills,Terry Green,2023-03-21,2023,3,Q1,Passed,0,1,1,5,40,997.4,199.48,673,1
2648,Project Management,Terry Maddox,2023-03-07,2023,3,Q1,Incomplete,0,0,1,3,24,294.91,98.3,609,0
1896,Customer Service,Terry Mcdonald,2023-02-22,2023,2,Q1,Completed,1,0,1,4,32,537.71,134.43,565,1
1980,Project Management,Terry Russell,2023-03-25,2023,3,Q1,Failed,0,0,1,1,8,446.07,446.07,609,0
3713,Customer Service,Terry Short,2023-05-17,2023,5,Q2,Incomplete,0,0,1,5,40,235.82,47.16,565,0
2545,Leadership Development,Theodore Holt,2023-06-27,2023,6,Q2,Completed,1,0,1,1,8,352.45,352.45,574,1
1110,Customer Service,Theodore Robles,2022-10-13,2022,10,Q4,Passed,0,1,1,2,16,764.36,382.18,565,1
1638,Customer Service,Theodore Torres,2022-12-27,2022,12,Q4,Completed,1,0,1,4,32,274.97,68.74,565,1
2862,Communication Skills,Theresa Burke,2023-04-11,2023,4,Q2,Incomplete,0,0,1,3,24,192.39,64.13,673,0
2162,Project Management,Theresa Grant,2023-06-03,2023,6,Q2,Incomplete,0,0,1,5,40,136.81,27.36,609,0
3347,Technical Skills,Theresa Martin,2023-01-24,2023,1,Q1,Incomplete,0,0,1,1,8,501.92,501.92,579,0
1012,Technical Skills,Theresa Martinez,2023-03-28,2023,3,Q1,Failed,0,0,1,3,24,887.08,295.69,579,0
2877,Customer Service,Theresa Mcclure,2022-12-10,2022,12,Q4,Failed,0,0,1,4,32,664.5,166.13,565,0
3170,Technical Skills,Theresa Yang,2022-08-28,2022,8,Q3,Failed,0,0,1,2,16,361.28,180.64,579,0
2285,Customer Service,Thomas Adams,2022-12-02,2022,12,Q4,Completed,1,0,1,4,32,679.57,169.89,565,1
1480,Leadership Development,Thomas Allen DDS,2023-04-18,2023,4,Q2,Failed,0,0,1,2,16,946.81,473.4,574,0
1210,Leadership Development,Thomas Baker,2023-01-09,2023,1,Q1,Incomplete,0,0,1,4,32,485.44,121.36,574,0
2137,Technical Skills,Thomas Castillo,2023-04-01,2023,4,Q2,Completed,1,0,1,1,8,187.31,187.31,579,1
2170,Leadership Development,Thomas Cunningham,2023-03-14,2023,3,Q1,Completed,1,0,1,2,16,347.4,173.7,574,1
2174,Technical Skills,Thomas Elliott,2022-11-13,2022,11,Q4,Incomplete,0,0,1,2,16,446.22,223.11,579,0
1878,Technical Skills,Thomas Erickson,2023-05-25,2023,5,Q2,Passed,0,1,1,5,40,932.44,186.49,579,1
2120,Project Management,Thomas Floyd,2023-05-22,2023,5,Q2,Incomplete,0,0,1,1,8,131.78,131.78,609,0
1450,Project Management,Thomas Frederick,2023-06-23,2023,6,Q2,Incomplete,0,0,1,5,40,436.63,87.33,609,0
2460,Communication Skills,Thomas French,2022-11-25,2022,11,Q4,Passed,0,1,1,5,40,637.58,127.52,673,1
3378,Technical Skills,Thomas Jensen,2023-07-08,2023,7,Q3,Passed,0,1,1,1,8,731.18,731.18,579,1
1520,Communication Skills,Thomas Johnson,2022-10-11,2022,10,Q4,Failed,0,0,1,5,40,104.48,20.9,673,0
3395,Communication Skills,Thomas Lee,2022-08-24,2022,8,Q3,Failed,0,0,1,3,24,745.69,248.56,673,0
2014,Technical Skills,Thomas Martinez,2023-03-02,2023,3,Q1,Incomplete,0,0,1,4,32,106.88,26.72,579,0
3827,Communication Skills,Thomas Mcknight,2023-02-01,2023,2,Q1,Failed,0,0,1,5,40,997.15,199.43,673,0
1430,Leadership Development,Thomas Moran,2022-08-26,2022,8,Q3,Passed,0,1,1,4,32,193.99,48.5,574,1
2558,Technical Skills,Thomas Nguyen,2022-11-07,2022,11,Q4,Failed,0,0,1,2,16,900.85,450.43,579,0
3817,Customer Service,Thomas Pena,2023-03-07,2023,3,Q1,Incomplete,0,0,1,4,32,456.65,114.16,565,0
3310,Project Management,Thomas Ray,2023-07-22,2023,7,Q3,Incomplete,0,0,1,3,24,514.23,171.41,609,0
1667,Leadership Development,Thomas Schmitt,2022-09-11,2022,9,Q3,Completed,1,0,1,1,8,697.89,697.89,574,1
3382,Project Management,Thomas Smith,2023-04-14,2023,4,Q2,Failed,0,0,1,2,16,815.35,407.68,609,0
3811,Technical Skills,Thomas Stevenson,2023-05-15,2023,5,Q2,Completed,1,0,1,2,16,484.02,242.01,579,1
2850,Technical Skills,Thomas Villarreal,2023-04-26,2023,4,Q2,Passed,0,1,1,2,16,634.36,317.18,579,1
1584,Leadership Development,Thomas Ware,2023-05-10,2023,5,Q2,Passed,0,1,1,4,32,265.22,66.31,574,1
2094,Leadership Development,Thomas Williams,2023-03-11,2023,3,Q1,Passed,0,1,1,4,32,739.32,184.83,574,1
1433,Customer Service,Tiffany Adams,2022-09-18,2022,9,Q3,Passed,0,1,1,4,32,863.73,215.93,565,1
3237,Leadership Development,Tiffany Barajas,2023-06-12,2023,6,Q2,Failed,0,0,1,5,40,114.81,22.96,574,0
2907,Communication Skills,Tiffany Cox,2023-02-12,2023,2,Q1,Completed,1,0,1,4,32,510.69,127.67,673,1
3280,Project Management,Tiffany Franco DVM,2022-09-24,2022,9,Q3,Incomplete,0,0,1,3,24,580.09,193.36,609,0
3849,Leadership Development,Tiffany Glover,2023-03-15,2023,3,Q1,Passed,0,1,1,3,24,436.47,145.49,574,1
1890,Communication Skills,Tiffany Gutierrez,2022-10-25,2022,10,Q4,Failed,0,0,1,2,16,998.32,499.16,673,0
2247,Communication Skills,Tiffany Johnson,2023-04-19,2023,4,Q2,Incomplete,0,0,1,3,24,803.16,267.72,673,0
2976,Communication Skills,Tiffany Kelley,2023-06-09,2023,6,Q2,Passed,0,1,1,5,40,720.1,144.02,673,1
3724,Communication Skills,Tiffany Perez,2023-06-28,2023,6,Q2,Incomplete,0,0,1,4,32,573.33,143.33,673,0
2078,Communication Skills,Tiffany Reed,2022-08-07,2022,8,Q3,Incomplete,0,0,1,5,40,737.61,147.52,673,0
2943,Communication Skills,Tiffany Rubio,2023-04-04,2023,4,Q2,Completed,1,0,1,3,24,494.19,164.73,673,1
2077,Communication Skills,Tiffany Smith,2023-04-07,2023,4,Q2,Completed,1,0,1,4,32,447.67,111.92,673,1
3685,Leadership Development,Tiffany Thornton,2023-01-06,2023,1,Q1,Passed,0,1,1,1,8,941.12,941.12,574,1
2790,Communication Skills,Tim Henderson,2022-09-20,2022,9,Q3,Incomplete,0,0,1,1,8,438.31,438.31,673,0
3081,Customer Service,Tim Hicks Jr.,2022-08-28,2022,8,Q3,Completed,1,0,1,2,16,316.38,158.19,565,1
3547,Technical Skills,Timothy Black,2023-04-24,2023,4,Q2,Failed,0,0,1,4,32,805.05,201.26,579,0
3684,Communication Skills,Timothy Coleman,2022-10-29,2022,10,Q4,Completed,1,0,1,2,16,939.39,469.69,673,1
2431,Customer Service,Timothy Ellis,2023-03-17,2023,3,Q1,Incomplete,0,0,1,3,24,730.23,243.41,565,0
1102,Project Management,Timothy Freeman,2022-12-31,2022,12,Q4,Failed,0,0,1,2,16,150.04,75.02,609,0
2340,Project Management,Timothy Jones,2023-05-05,2023,5,Q2,Failed,0,0,1,1,8,811.91,811.91,609,0
2008,Project Management,Timothy Lewis,2022-10-24,2022,10,Q4,Passed,0,1,1,2,16,478.95,239.47,609,1
2485,Communication Skills,Timothy Mckee,2022-08-30,2022,8,Q3,Completed,1,0,1,2,16,642.68,321.34,673,1
3455,Project Management,Timothy Moreno,2023-03-17,2023,3,Q1,Passed,0,1,1,1,8,220.41,220.41,609,1
3394,Leadership Development,Timothy Osborne,2022-09-12,2022,9,Q3,Incomplete,0,0,1,3,24,845.75,281.92,574,0
1492,Customer Service,Timothy Rice,2022-12-25,2022,12,Q4,Failed,0,0,1,1,8,285.56,285.56,565,0
3051,Leadership Development,Timothy Richard,2023-05-02,2023,5,Q2,Incomplete,0,0,1,1,8,992.48,992.48,574,0
1295,Communication Skills,Timothy Santos,2023-01-03,2023,1,Q1,Incomplete,0,0,1,5,40,689.77,137.95,673,0
3637,Project Management,Timothy Taylor,2023-03-21,2023,3,Q1,Completed,1,0,1,4,32,977.23,244.31,609,0.5
3657,Project Management,Timothy Taylor,2023-05-26,2023,5,Q2,Incomplete,0,0,1,1,8,710.14,710.14,609,0.5
2772,Leadership Development,Timothy Valdez,2023-02-06,2023,2,Q1,Passed,0,1,1,5,40,258.08,51.62,574,1
2322,Communication Skills,Timothy Valencia,2023-03-04,2023,3,Q1,Completed,1,0,1,3,24,178.4,59.47,673,1
3292,Leadership Development,Timothy Walker,2023-01-03,2023,1,Q1,Passed,0,1,1,5,40,237.3,47.46,574,1
3661,Customer Service,Timothy Wheeler,2023-05-06,2023,5,Q2,Passed,0,1,1,2,16,471.5,235.75,565,1
1574,Communication Skills,Timothy Wood,2023-06-23,2023,6,Q2,Passed,0,1,1,1,8,689.76,689.76,673,1
2229,Communication Skills,Tina Lee,2023-01-28,2023,1,Q1,Incomplete,0,0,1,5,40,897.51,179.5,673,0
1858,Technical Skills,Todd Clark,2022-12-16,2022,12,Q4,Failed,0,0,1,5,40,568.57,113.71,579,0
1355,Project Management,Todd Hansen,2023-03-13,2023,3,Q1,Completed,1,0,1,5,40,534.28,106.86,609,1
1043,Communication Skills,Todd Mason,2022-08-10,2022,8,Q3,Completed,1,0,1,2,16,289.93,144.97,673,1
1551,Project Management,Todd Medina,2022-08-22,2022,8,Q3,Incomplete,0,0,1,4,32,791.44,197.86,609,0
3581,Communication Skills,Todd Ramirez,2023-01-29,2023,1,Q1,Completed,1,0,1,1,8,122.07,122.07,673,1
1672,Technical Skills,Todd Shea,2022-09-14,2022,9,Q3,Completed,1,0,1,3,24,263.8,87.93,579,1
1269,Customer Service,Tommy Wilson,2022-12-23,2022,12,Q4,Passed,0,1,1,4,32,813.9,203.47,565,1
3666,Project Management,Toni Bridges,2023-08-02,2023,8,Q3,Completed,1,0,1,3,24,343.52,114.51,609,1
2257,Customer Service,Tony Burns,2023-03-25,2023,3,Q1,Incomplete,0,0,1,2,16,456.3,228.15,565,0
1822,Project Management,Tony Long,2023-07-29,2023,7,Q3,Incomplete,0,0,1,1,8,999.06,999.06,609,0
3188,Leadership Development,Tony Ray,2023-05-16,2023,5,Q2,Incomplete,0,0,1,3,24,976.9,325.63,574,0
2707,Customer Service,Tonya Austin,2022-11-16,2022,11,Q4,Incomplete,0,0,1,3,24,412.09,137.36,565,0
2837,Communication Skills,Tonya Stein,2023-06-08,2023,6,Q2,Incomplete,0,0,1,1,8,945.59,945.59,673,0
1362,Customer Service,Tonya Wiley,2022-08-29,2022,8,Q3,Passed,0,1,1,4,32,196.94,49.23,565,1
2937,Leadership Development,Tracey Taylor,2023-07-25,2023,7,Q3,Completed,1,0,1,3,24,198.45,66.15,574,1
2195,Project Management,Traci Costa,2023-05-08,2023,5,Q2,Failed,0,0,1,3,24,559.87,186.62,609,0
1543,Technical Skills,Tracie Hicks,2023-05-01,2023,5,Q2,Incomplete,0,0,1,2,16,734.87,367.44,579,0
1868,Leadership Development,Tracy Davis,2023-03-27,2023,3,Q1,Completed,1,0,1,4,32,599.79,149.95,574,1
2422,Leadership Development,Tracy English,2022-08-29,2022,8,Q3,Failed,0,0,1,1,8,400.73,400.73,574,0
2865,Customer Service,Tracy Gonzalez,2023-03-22,2023,3,Q1,Passed,0,1,1,4,32,653.99,163.5,565,1
1951,Leadership Development,Tracy Melton,2023-04-29,2023,4,Q2,Incomplete,0,0,1,2,16,717.95,358.98,574,0
3207,Technical Skills,Tracy Roberts,2023-02-17,2023,2,Q1,Passed,0,1,1,3,24,724.51,241.5,579,1
2901,Leadership Development,Tracy Russell,2023-07-13,2023,7,Q3,Incomplete,0,0,1,4,32,674.34,168.59,574,0
1090,Communication Skills,Tracy Sanchez,2023-03-21,2023,3,Q1,Completed,1,0,1,1,8,910.33,910.33,673,1
3169,Communication Skills,Tracy Simmons,2023-02-25,2023,2,Q1,Completed,1,0,1,4,32,109.96,27.49,673,1
3718,Communication Skills,Tracy Valenzuela,2023-05-02,2023,5,Q2,Completed,1,0,1,2,16,325.7,162.85,673,1
3221,Communication Skills,Tracy Watson,2023-05-11,2023,5,Q2,Failed,0,0,1,4,32,628.77,157.19,673,0
1731,Customer Service,Travis Cook,2023-02-27,2023,2,Q1,Failed,0,0,1,1,8,578.81,578.81,565,0
2326,Customer Service,Travis Cummings,2023-01-06,2023,1,Q1,Completed,1,0,1,5,40,263.21,52.64,565,1
1066,Communication Skills,Travis Knox,2023-06-14,2023,6,Q2,Completed,1,0,1,5,40,769.42,153.88,673,1
3799,Communication Skills,Travis Moore,2022-08-07,2022,8,Q3,Incomplete,0,0,1,4,32,809.38,202.34,673,0
1536,Communication Skills,Travis Ryan,2023-01-27,2023,1,Q1,Passed,0,1,1,4,32,382,95.5,673,1
2871,Communication Skills,Trevor Holmes,2022-10-16,2022,10,Q4,Incomplete,0,0,1,5,40,900.02,180,673,0
3465,Communication Skills,Trevor Perry,2023-06-04,2023,6,Q2,Incomplete,0,0,1,1,8,706.1,706.1,673,0
3755,Customer Service,Tricia Flowers,2023-06-27,2023,6,Q2,Completed,1,0,1,1,8,736.19,736.19,565,1
3242,Communication Skills,Tricia Nelson,2022-10-25,2022,10,Q4,Incomplete,0,0,1,2,16,364.55,182.28,673,0
3501,Project Management,Troy Adams,2023-06-09,2023,6,Q2,Passed,0,1,1,3,24,135.95,45.32,609,1
2459,Project Management,Troy Johnson,2022-11-27,2022,11,Q4,Failed,0,0,1,4,32,973.11,243.28,609,0
2883,Customer Service,Troy Turner,2023-05-11,2023,5,Q2,Completed,1,0,1,4,32,597.63,149.41,565,1
3742,Communication Skills,Troy Willis,2023-04-22,2023,4,Q2,Passed,0,1,1,3,24,620.63,206.88,673,1
2054,Leadership Development,Tyler Cordova,2023-06-06,2023,6,Q2,Incomplete,0,0,1,4,32,528.18,132.04,574,0
3058,Leadership Development,Tyler Farmer,2023-03-17,2023,3,Q1,Completed,1,0,1,1,8,193.58,193.58,574,1
2528,Communication Skills,Tyler Hill,2023-07-25,2023,7,Q3,Passed,0,1,1,3,24,760.34,253.45,673,1
1899,Leadership Development,Tyler Mcgee,2023-01-29,2023,1,Q1,Incomplete,0,0,1,2,16,724.87,362.44,574,0
2107,Communication Skills,Tyler Ortega,2023-03-05,2023,3,Q1,Passed,0,1,1,1,8,668.91,668.91,673,1
1333,Customer Service,Tyler Sanchez,2023-03-01,2023,3,Q1,Passed,0,1,1,2,16,605.12,302.56,565,1
2853,Leadership Development,Tyrone Fernandez,2023-01-01,2023,1,Q1,Passed,0,1,1,1,8,835.07,835.07,574,1
2456,Customer Service,Valerie Blair,2022-08-22,2022,8,Q3,Failed,0,0,1,2,16,263.3,131.65,565,0
1466,Project Management,Valerie Collins,2022-12-16,2022,12,Q4,Completed,1,0,1,3,24,746.05,248.68,609,1
3228,Customer Service,Valerie Gonzalez,2022-08-09,2022,8,Q3,Passed,0,1,1,3,24,272.77,90.92,565,1
2583,Customer Service,Valerie Tucker,2023-05-25,2023,5,Q2,Completed,1,0,1,5,40,892.97,178.59,565,1
3757,Technical Skills,Valerie Villegas,2022-10-21,2022,10,Q4,Incomplete,0,0,1,2,16,132.09,66.05,579,0
2488,Customer Service,Vanessa Johnson,2022-12-03,2022,12,Q4,Completed,1,0,1,5,40,278.96,55.79,565,1
2275,Technical Skills,Vanessa Lynch,2023-03-05,2023,3,Q1,Incomplete,0,0,1,5,40,138.4,27.68,579,0
1885,Customer Service,Vanessa Riley,2023-02-15,2023,2,Q1,Incomplete,0,0,1,3,24,503.04,167.68,565,0
2519,Technical Skills,Vanessa Rosario,2023-02-08,2023,2,Q1,Failed,0,0,1,2,16,564.38,282.19,579,0
1238,Leadership Development,Vanessa Valdez,2022-11-14,2022,11,Q4,Incomplete,0,0,1,2,16,640.14,320.07,574,0
1835,Communication Skills,Vanessa Villarreal,2023-03-01,2023,3,Q1,Passed,0,1,1,4,32,727.9,181.97,673,1
3400,Leadership Development,Veronica Knapp,2023-07-21,2023,7,Q3,Passed,0,1,1,1,8,639.06,639.06,574,1
2956,Customer Service,Veronica Ross,2022-10-13,2022,10,Q4,Passed,0,1,1,3,24,474.15,158.05,565,1
1448,Leadership Development,Vicki Cook,2022-08-06,2022,8,Q3,Failed,0,0,1,5,40,151.43,30.29,574,0
2480,Customer Service,Vickie Anderson,2023-01-11,2023,1,Q1,Passed,0,1,1,1,8,610.88,610.88,565,1
2251,Technical Skills,Vickie Fisher,2022-11-19,2022,11,Q4,Incomplete,0,0,1,5,40,593.14,118.63,579,0
3442,Project Management,Victoria Berry,2023-03-06,2023,3,Q1,Failed,0,0,1,4,32,286.87,71.72,609,0
1888,Technical Skills,Victoria Padilla,2022-12-23,2022,12,Q4,Completed,1,0,1,2,16,961.68,480.84,579,1
1526,Leadership Development,Victoria Patel,2023-05-26,2023,5,Q2,Completed,1,0,1,3,24,190.51,63.5,574,1
1960,Leadership Development,Victoria Richardson,2023-04-28,2023,4,Q2,Passed,0,1,1,4,32,176.82,44.2,574,1
2787,Technical Skills,Victoria Riley,2023-04-18,2023,4,Q2,Passed,0,1,1,5,40,720.07,144.01,579,1
2761,Project Management,Victoria Stevens,2022-11-26,2022,11,Q4,Incomplete,0,0,1,4,32,653.32,163.33,609,0
1059,Technical Skills,Victoria Vasquez,2022-09-16,2022,9,Q3,Incomplete,0,0,1,3,24,256.82,85.61,579,0
2581,Project Management,Victoria Whitehead,2023-05-13,2023,5,Q2,Passed,0,1,1,1,8,257.4,257.4,609,1
1556,Communication Skills,Vincent Lester,2023-06-10,2023,6,Q2,Completed,1,0,1,1,8,337.94,337.94,673,1
2286,Project Management,Vincent Lopez,2022-09-27,2022,9,Q3,Failed,0,0,1,5,40,107.64,21.53,609,0
1902,Customer Service,Vincent Spencer,2023-02-24,2023,2,Q1,Incomplete,0,0,1,1,8,604.93,604.93,565,0
1993,Customer Service,Vincent Wang,2023-05-02,2023,5,Q2,Failed,0,0,1,3,24,995.42,331.81,565,0
1007,Leadership Development,Virginia Clayton DVM,2023-05-14,2023,5,Q2,Failed,0,0,1,2,16,667.32,333.66,574,0
3809,Technical Skills,Virginia Johnson,2022-10-21,2022,10,Q4,Incomplete,0,0,1,3,24,786.62,262.21,579,0
1821,Communication Skills,Virginia Small,2022-10-12,2022,10,Q4,Passed,0,1,1,4,32,713.84,178.46,673,1
3991,Customer Service,Walter Daniels,2022-09-19,2022,9,Q3,Completed,1,0,1,4,32,716.52,179.13,565,1
1109,Leadership Development,Walter Frazier,2023-01-21,2023,1,Q1,Completed,1,0,1,5,40,898.37,179.67,574,1
2284,Technical Skills,Wanda Jones,2023-07-09,2023,7,Q3,Passed,0,1,1,3,24,839.16,279.72,579,1
3910,Leadership Development,Wayne Ferguson,2023-05-07,2023,5,Q2,Incomplete,0,0,1,5,40,248.85,49.77,574,0
1259,Leadership Development,Wayne Morgan,2023-01-04,2023,1,Q1,Completed,1,0,1,1,8,897.62,897.62,574,1
2277,Communication Skills,Wayne Williams,2022-12-22,2022,12,Q4,Completed,1,0,1,3,24,592.23,197.41,673,1
3915,Leadership Development,Wendy Curry,2023-04-01,2023,4,Q2,Completed,1,0,1,2,16,602.21,301.11,574,1
1030,Communication Skills,Wendy Gibson,2023-01-04,2023,1,Q1,Completed,1,0,1,1,8,169.46,169.46,673,1
3225,Communication Skills,Wendy Jimenez,2023-07-26,2023,7,Q3,Completed,1,0,1,1,8,374.1,374.1,673,1
1469,Leadership Development,Wendy Lopez,2022-08-25,2022,8,Q3,Incomplete,0,0,1,3,24,867.59,289.2,574,0
1718,Leadership Development,Wendy Short,2022-12-24,2022,12,Q4,Passed,0,1,1,3,24,527.62,175.87,574,1
1018,Project Management,Whitney Morgan DVM,2023-03-25,2023,3,Q1,Incomplete,0,0,1,2,16,673.29,336.64,609,0
3168,Leadership Development,Whitney Smith,2023-05-10,2023,5,Q2,Failed,0,0,1,5,40,613.58,122.72,574,0
1801,Technical Skills,William Alvarez,2023-06-22,2023,6,Q2,Incomplete,0,0,1,1,8,753.69,753.69,579,0
2945,Communication Skills,William Atkinson,2023-07-01,2023,7,Q3,Failed,0,0,1,5,40,826.82,165.36,673,0
2165,Project Management,William Bell,2023-07-23,2023,7,Q3,Failed,0,0,1,4,32,652.57,163.14,609,0
3258,Leadership Development,William Bowman,2023-07-16,2023,7,Q3,Completed,1,0,1,2,16,909.73,454.87,574,1
3812,Communication Skills,William Bridges,2023-06-02,2023,6,Q2,Failed,0,0,1,5,40,299.74,59.95,673,0
3831,Project Management,William Brooks,2023-03-22,2023,3,Q1,Failed,0,0,1,2,16,784.73,392.37,609,0
1737,Leadership Development,William Collins,2022-10-17,2022,10,Q4,Incomplete,0,0,1,5,40,719,143.8,574,0
3405,Customer Service,William Davenport,2023-04-05,2023,4,Q2,Completed,1,0,1,1,8,397.18,397.18,565,1
3296,Communication Skills,William Davis,2023-07-17,2023,7,Q3,Passed,0,1,1,2,16,602.7,301.35,673,1
2589,Communication Skills,William Dunn,2023-04-03,2023,4,Q2,Completed,1,0,1,4,32,919.1,229.78,673,1
1126,Technical Skills,William Farrell,2023-07-29,2023,7,Q3,Failed,0,0,1,4,32,500.45,125.11,579,0
1509,Project Management,William Ford,2023-06-29,2023,6,Q2,Incomplete,0,0,1,4,32,343.07,85.77,609,0
2684,Communication Skills,William Frank,2023-01-23,2023,1,Q1,Passed,0,1,1,5,40,776.58,155.32,673,1
2665,Communication Skills,William Graham,2022-09-03,2022,9,Q3,Completed,1,0,1,4,32,786.38,196.59,673,1
3009,Leadership Development,William Hensley,2022-11-20,2022,11,Q4,Incomplete,0,0,1,4,32,637.86,159.47,574,0
3325,Technical Skills,William Hernandez,2023-04-17,2023,4,Q2,Completed,1,0,1,4,32,747.42,186.85,579,1
1765,Leadership Development,William Johnson,2023-08-04,2023,8,Q3,Incomplete,0,0,1,1,8,393.88,393.88,574,0
1482,Customer Service,William Jones,2022-10-13,2022,10,Q4,Completed,1,0,1,5,40,186.57,37.31,565,1
3645,Leadership Development,William Lambert,2023-05-06,2023,5,Q2,Incomplete,0,0,1,5,40,398.36,79.67,574,0
2520,Customer Service,William Leonard,2023-02-07,2023,2,Q1,Incomplete,0,0,1,2,16,512.02,256.01,565,0
1694,Communication Skills,William Moore,2022-08-30,2022,8,Q3,Completed,1,0,1,5,40,638.07,127.61,673,1
1511,Leadership Development,William Nguyen,2022-08-25,2022,8,Q3,Failed,0,0,1,5,40,511.15,102.23,574,0
3624,Communication Skills,William Oconnor,2023-04-05,2023,4,Q2,Passed,0,1,1,5,40,962.13,192.43,673,1
3978,Project Management,William Paul,2023-05-15,2023,5,Q2,Failed,0,0,1,1,8,131.98,131.98,609,0
3041,Project Management,William Peterson,2023-07-28,2023,7,Q3,Completed,1,0,1,4,32,354.82,88.7,609,1
3948,Leadership Development,William Rios,2023-04-02,2023,4,Q2,Passed,0,1,1,5,40,350.68,70.14,574,1
3969,Technical Skills,William Rocha,2023-03-01,2023,3,Q1,Failed,0,0,1,4,32,701.87,175.47,579,0
1519,Leadership Development,William Rodriguez,2022-09-23,2022,9,Q3,Completed,1,0,1,2,16,586.89,293.44,574,1
3509,Leadership Development,William Smith,2023-03-04,2023,3,Q1,Completed,1,0,1,4,32,612.1,153.03,574,0.6666666667
1033,Communication Skills,William Smith,2023-06-20,2023,6,Q2,Incomplete,0,0,1,4,32,169.85,42.46,673,0.6666666667
3083,Technical Skills,William Smith,2023-05-08,2023,5,Q2,Completed,1,0,1,2,16,413.66,206.83,579,0.6666666667
2708,Leadership Development,William Stanley,2022-12-04,2022,12,Q4,Failed,0,0,1,5,40,294.23,58.85,574,0
3176,Leadership Development,William Thomas,2023-01-24,2023,1,Q1,Passed,0,1,1,5,40,638.26,127.65,574,1
3444,Technical Skills,William Willis,2022-11-02,2022,11,Q4,Failed,0,0,1,2,16,388.84,194.42,579,0
2497,Customer Service,William Wilson,2022-09-07,2022,9,Q3,Passed,0,1,1,4,32,833.99,208.5,565,1
3460,Communication Skills,Willie Hernandez,2023-07-08,2023,7,Q3,Incomplete,0,0,1,5,40,919.52,183.9,673,0
1619,Technical Skills,Willie Roth,2022-11-07,2022,11,Q4,Incomplete,0,0,1,4,32,506.99,126.75,579,0
3410,Leadership Development,Willie Smith,2023-03-05,2023,3,Q1,Failed,0,0,1,2,16,729.76,364.88,574,0
3786,Leadership Development,Wyatt Gray,2023-04-17,2023,4,Q2,Failed,0,0,1,4,32,280.06,70.02,574,0
1251,Communication Skills,Wyatt Hansen,2023-02-04,2023,2,Q1,Failed,0,0,1,5,40,205.92,41.18,673,0
2031,Technical Skills,Yolanda Wilson,2023-07-25,2023,7,Q3,Failed,0,0,1,1,8,244.5,244.5,579,0
3226,Leadership Development,Yvette Myers,2023-03-01,2023,3,Q1,Incomplete,0,0,1,2,16,471.42,235.71,574,0
1870,Communication Skills,Yvonne Anderson,2022-12-25,2022,12,Q4,Incomplete,0,0,1,3,24,969.98,323.33,673,0
1200,Project Management,Zachary Alvarez,2023-07-29,2023,7,Q3,Incomplete,0,0,1,2,16,996.77,498.38,609,0
1866,Customer Service,Zachary Chandler,2023-04-22,2023,4,Q2,Completed,1,0,1,3,24,587.63,195.88,565,1
2045,Customer Service,Zachary Cole,2023-05-04,2023,5,Q2,Incomplete,0,0,1,1,8,852.72,852.72,565,0
3369,Project Management,Zachary Ferrell,2022-10-01,2022,10,Q4,Completed,1,0,1,5,40,152.86,30.57,609,1
2806,Communication Skills,Zachary Jackson,2023-05-27,2023,5,Q2,Incomplete,0,0,1,5,40,290.8,58.16,673,0
3856,Technical Skills,Zachary Jennings,2023-07-12,2023,7,Q3,Completed,1,0,1,4,32,527.6,131.9,579,1
2417,Communication Skills,Zachary Jones,2022-10-31,2022,10,Q4,Passed,0,1,1,4,32,587.29,146.82,673,1
1070,Technical Skills,Zachary Wilson,2023-01-14,2023,1,Q1,Failed,0,0,1,1,8,943.8,943.8,579,0
1349,Technical Skills,Zoe Smith,2022-11-26,2022,11,Q4,Incomplete,0,0,1,3,24,870.01,290,579,0
1303,Leadership Development,Zoe Vasquez,2023-06-02,2023,6,Q2,Failed,0,0,1,3,24,921.81,307.27,574,0