Employee ID,Employee Name,Survey Date,Survey Year,Survey Month,Engagement Score,Rolling 3Month Engagement Avg,Previous Engagement Score,Engagement Improvement Score,Engagement Improving Level,Low Engagement Flag,Satisfaction Score,Previous_Satisfaction_Score,Satisfaction Improvement Score,Satisfaction Improvement Level,Work-Life Balance Score,Previous WLB Score,WLB Improvement Score,WLB Improvement Level,Composite Engagement Risk Score,Engagement Risk Level,Risk Employee Flag,Days Since Survey
1001,Susan Exantus,2022-10-10,2022,10,2,2,NULL,NULL,Stable,1,5,NULL,NULL,Stable,5,NULL,NULL,Stable,3.5,Needs monitoring,0,1141
1002,Sandra Martin,2023-08-03,2023,8,4,4,NULL,NULL,Stable,0,5,NULL,NULL,Stable,3,NULL,NULL,Stable,4.1,Employee is engaged,0,844
1003,Keyla Del Bosque,2023-01-03,2023,1,2,2,NULL,NULL,Stable,1,5,NULL,NULL,Stable,2,NULL,NULL,Stable,2.9,Employee At-Risk,1,1056
1004,Andrew Szabo,2023-07-30,2023,7,3,3,NULL,NULL,Stable,0,5,NULL,NULL,Stable,3,NULL,NULL,Stable,3.6,Needs monitoring,0,848
1005,Luke Patronick,2023-06-19,2023,6,2,2,NULL,NULL,Stable,1,4,NULL,NULL,Stable,5,NULL,NULL,Stable,3.2,Needs monitoring,0,889
1006,Colby Andreola,2023-05-03,2023,5,5,5,NULL,NULL,Stable,0,2,NULL,NULL,Stable,1,NULL,NULL,Stable,3.3,Needs monitoring,0,936
1007,Edward TRUE,2023-07-18,2023,7,2,2,NULL,NULL,Stable,1,1,NULL,NULL,Stable,5,NULL,NULL,Stable,2.3,Employee At-Risk,1,860
1008,Judith Carabbio,2023-06-21,2023,6,5,5,NULL,NULL,Stable,0,2,NULL,NULL,Stable,2,NULL,NULL,Stable,3.5,Needs monitoring,0,887
1009,Adell Saada,2023-06-06,2023,6,2,2,NULL,NULL,Stable,1,5,NULL,NULL,Stable,1,NULL,NULL,Stable,2.7,Employee At-Risk,1,902
1010,Kamari Hunter,2022-09-15,2022,9,2,2,NULL,NULL,Stable,1,4,NULL,NULL,Stable,2,NULL,NULL,Stable,2.6,Employee At-Risk,1,1166
1011,Sarah Malone,2022-12-08,2022,12,1,1,NULL,NULL,Stable,1,2,NULL,NULL,Stable,3,NULL,NULL,Stable,1.7,Employee At-Risk,1,1082
1012,Skyler Blackwell,2023-01-13,2023,1,3,3,NULL,NULL,Stable,0,5,NULL,NULL,Stable,4,NULL,NULL,Stable,3.8,Needs monitoring,0,1046
1013,Jasmin Shah,2022-12-13,2022,12,5,5,NULL,NULL,Stable,0,4,NULL,NULL,Stable,3,NULL,NULL,Stable,4.3,Employee is engaged,0,1077
1014,Kole Quinn,2023-06-28,2023,6,4,4,NULL,NULL,Stable,0,4,NULL,NULL,Stable,1,NULL,NULL,Stable,3.4,Needs monitoring,0,880
1015,Ansley Jackson,2023-07-11,2023,7,1,1,NULL,NULL,Stable,1,1,NULL,NULL,Stable,3,NULL,NULL,Stable,1.4,Employee At-Risk,1,867
1016,Jayda Reese,2022-12-09,2022,12,2,2,NULL,NULL,Stable,1,3,NULL,NULL,Stable,2,NULL,NULL,Stable,2.3,Employee At-Risk,1,1081
1017,Julien Whitehead,2023-07-16,2023,7,4,4,NULL,NULL,Stable,0,1,NULL,NULL,Stable,3,NULL,NULL,Stable,2.9,Employee At-Risk,1,862
1018,Alan Haynes,2023-06-21,2023,6,4,4,NULL,NULL,Stable,0,1,NULL,NULL,Stable,4,NULL,NULL,Stable,3.1,Needs monitoring,0,887
1019,Kamryn Herrera,2023-06-21,2023,6,1,1,NULL,NULL,Stable,1,3,NULL,NULL,Stable,5,NULL,NULL,Stable,2.4,Employee At-Risk,1,887
1020,Kelvin Foster,2023-08-01,2023,8,2,2,NULL,NULL,Stable,1,1,NULL,NULL,Stable,2,NULL,NULL,Stable,1.7,Employee At-Risk,1,846
1021,Joe Fletcher,2023-03-09,2023,3,5,5,NULL,NULL,Stable,0,1,NULL,NULL,Stable,4,NULL,NULL,Stable,3.6,Needs monitoring,0,991
1022,Frederick Howe,2023-02-12,2023,2,1,1,NULL,NULL,Stable,1,4,NULL,NULL,Stable,4,NULL,NULL,Stable,2.5,Employee At-Risk,1,1016
1023,Nickolas Davila,2023-01-17,2023,1,4,4,NULL,NULL,Stable,0,4,NULL,NULL,Stable,3,NULL,NULL,Stable,3.8,Needs monitoring,0,1042
1024,Kasey Boyer,2022-10-12,2022,10,5,5,NULL,NULL,Stable,0,3,NULL,NULL,Stable,1,NULL,NULL,Stable,3.6,Needs monitoring,0,1139
1025,Giovanni Jenkins,2023-01-24,2023,1,4,4,NULL,NULL,Stable,0,1,NULL,NULL,Stable,4,NULL,NULL,Stable,3.1,Needs monitoring,0,1035
1026,Alexis Moss,2022-10-09,2022,10,5,5,NULL,NULL,Stable,0,2,NULL,NULL,Stable,5,NULL,NULL,Stable,4.1,Employee is engaged,0,1142
1027,Joanna Murphy,2023-04-05,2023,4,2,2,NULL,NULL,Stable,1,3,NULL,NULL,Stable,5,NULL,NULL,Stable,2.9,Employee At-Risk,1,964
1028,Joseph Schmidt,2023-03-26,2023,3,5,5,NULL,NULL,Stable,0,5,NULL,NULL,Stable,4,NULL,NULL,Stable,4.8,Employee is engaged,0,974
1029,Brittany Hurley,2022-11-07,2022,11,3,3,NULL,NULL,Stable,0,5,NULL,NULL,Stable,4,NULL,NULL,Stable,3.8,Needs monitoring,0,1113
1030,Niko Hamilton,2023-01-03,2023,1,4,4,NULL,NULL,Stable,0,4,NULL,NULL,Stable,1,NULL,NULL,Stable,3.4,Needs monitoring,0,1056
1031,Ruben Martinez,2023-02-27,2023,2,5,5,NULL,NULL,Stable,0,3,NULL,NULL,Stable,2,NULL,NULL,Stable,3.8,Needs monitoring,0,1001
1032,Kiley Haynes,2023-05-22,2023,5,5,5,NULL,NULL,Stable,0,4,NULL,NULL,Stable,4,NULL,NULL,Stable,4.5,Employee is engaged,0,917
1033,Blaine Brooks,2023-07-02,2023,7,3,3,NULL,NULL,Stable,0,1,NULL,NULL,Stable,3,NULL,NULL,Stable,2.4,Employee At-Risk,1,876
1034,Dennis Livingston,2023-07-09,2023,7,2,2,NULL,NULL,Stable,1,5,NULL,NULL,Stable,1,NULL,NULL,Stable,2.7,Employee At-Risk,1,869
1035,Case Russell,2023-07-19,2023,7,1,1,NULL,NULL,Stable,1,5,NULL,NULL,Stable,5,NULL,NULL,Stable,3,Needs monitoring,0,859
1036,Kody Jimenez,2022-08-09,2022,8,5,5,NULL,NULL,Stable,0,2,NULL,NULL,Stable,1,NULL,NULL,Stable,3.3,Needs monitoring,0,1203
1037,Zoe Colon,2022-11-25,2022,11,5,5,NULL,NULL,Stable,0,1,NULL,NULL,Stable,4,NULL,NULL,Stable,3.6,Needs monitoring,0,1095
1038,Courtney Cowan,2023-03-10,2023,3,5,5,NULL,NULL,Stable,0,1,NULL,NULL,Stable,2,NULL,NULL,Stable,3.2,Needs monitoring,0,990
1039,Nolan Perez,2022-12-03,2022,12,2,2,NULL,NULL,Stable,1,4,NULL,NULL,Stable,5,NULL,NULL,Stable,3.2,Needs monitoring,0,1087
1040,Katrina Farrell,2022-09-27,2022,9,5,5,NULL,NULL,Stable,0,3,NULL,NULL,Stable,1,NULL,NULL,Stable,3.6,Needs monitoring,0,1154
1041,Camden Kelly,2023-01-19,2023,1,3,3,NULL,NULL,Stable,0,1,NULL,NULL,Stable,4,NULL,NULL,Stable,2.6,Employee At-Risk,1,1040
1042,Milo Hood,2023-02-17,2023,2,1,1,NULL,NULL,Stable,1,3,NULL,NULL,Stable,4,NULL,NULL,Stable,2.2,Employee At-Risk,1,1011
1043,Kale Lang,2023-02-25,2023,2,1,1,NULL,NULL,Stable,1,1,NULL,NULL,Stable,3,NULL,NULL,Stable,1.4,Employee At-Risk,1,1003
1044,Shyanne Stark,2022-11-26,2022,11,2,2,NULL,NULL,Stable,1,4,NULL,NULL,Stable,5,NULL,NULL,Stable,3.2,Needs monitoring,0,1094
1045,Elliott Ashley,2022-08-08,2022,8,1,1,NULL,NULL,Stable,1,4,NULL,NULL,Stable,1,NULL,NULL,Stable,1.9,Employee At-Risk,1,1204
1046,Genesis Todd,2023-02-18,2023,2,3,3,NULL,NULL,Stable,0,5,NULL,NULL,Stable,4,NULL,NULL,Stable,3.8,Needs monitoring,0,1010
1047,Sincere Jimenez,2023-05-12,2023,5,4,4,NULL,NULL,Stable,0,2,NULL,NULL,Stable,3,NULL,NULL,Stable,3.2,Needs monitoring,0,927
1048,Stephen Daugherty,2022-10-19,2022,10,3,3,NULL,NULL,Stable,0,1,NULL,NULL,Stable,4,NULL,NULL,Stable,2.6,Employee At-Risk,1,1132
1049,Demarion Morrow,2023-07-27,2023,7,3,3,NULL,NULL,Stable,0,5,NULL,NULL,Stable,2,NULL,NULL,Stable,3.4,Needs monitoring,0,851
1050,Steven Schneider,2023-07-03,2023,7,4,4,NULL,NULL,Stable,0,5,NULL,NULL,Stable,1,NULL,NULL,Stable,3.7,Needs monitoring,0,875
1051,Devon Hinton,2023-01-01,2023,1,2,2,NULL,NULL,Stable,1,4,NULL,NULL,Stable,5,NULL,NULL,Stable,3.2,Needs monitoring,0,1058
1052,Jacquelyn Johns,2022-11-19,2022,11,1,1,NULL,NULL,Stable,1,4,NULL,NULL,Stable,4,NULL,NULL,Stable,2.5,Employee At-Risk,1,1101
1053,Blaine Keith,2022-10-12,2022,10,2,2,NULL,NULL,Stable,1,1,NULL,NULL,Stable,4,NULL,NULL,Stable,2.1,Employee At-Risk,1,1139
1054,Phillip Salazar,2023-07-05,2023,7,1,1,NULL,NULL,Stable,1,5,NULL,NULL,Stable,2,NULL,NULL,Stable,2.4,Employee At-Risk,1,873
1055,Chaz Webb,2022-09-23,2022,9,3,3,NULL,NULL,Stable,0,4,NULL,NULL,Stable,1,NULL,NULL,Stable,2.9,Employee At-Risk,1,1158
1056,Desmond Anderson,2023-01-17,2023,1,4,4,NULL,NULL,Stable,0,2,NULL,NULL,Stable,2,NULL,NULL,Stable,3,Needs monitoring,0,1042
1057,Sophie Decker,2023-03-12,2023,3,3,3,NULL,NULL,Stable,0,2,NULL,NULL,Stable,5,NULL,NULL,Stable,3.1,Needs monitoring,0,988
1058,Lena Bryan,2023-03-06,2023,3,4,4,NULL,NULL,Stable,0,2,NULL,NULL,Stable,1,NULL,NULL,Stable,2.8,Employee At-Risk,1,994
1059,Kelsie Mccormick,2023-03-29,2023,3,4,4,NULL,NULL,Stable,0,3,NULL,NULL,Stable,3,NULL,NULL,Stable,3.5,Needs monitoring,0,971
1060,Frida Livingston,2023-07-01,2023,7,5,5,NULL,NULL,Stable,0,5,NULL,NULL,Stable,4,NULL,NULL,Stable,4.8,Employee is engaged,0,877
1061,Isai Alvarado,2023-02-05,2023,2,3,3,NULL,NULL,Stable,0,3,NULL,NULL,Stable,1,NULL,NULL,Stable,2.6,Employee At-Risk,1,1023
1062,Travis Vasquez,2023-01-03,2023,1,3,3,NULL,NULL,Stable,0,2,NULL,NULL,Stable,1,NULL,NULL,Stable,2.3,Employee At-Risk,1,1056
1063,Jazlene Maynard,2023-07-25,2023,7,5,5,NULL,NULL,Stable,0,2,NULL,NULL,Stable,4,NULL,NULL,Stable,3.9,Needs monitoring,0,853
1064,Wyatt Donovan,2022-12-14,2022,12,5,5,NULL,NULL,Stable,0,4,NULL,NULL,Stable,4,NULL,NULL,Stable,4.5,Employee is engaged,0,1076
1065,Nathaly Cooper,2023-01-20,2023,1,5,5,NULL,NULL,Stable,0,3,NULL,NULL,Stable,4,NULL,NULL,Stable,4.2,Employee is engaged,0,1039
1066,Gage Weeks,2023-07-15,2023,7,4,4,NULL,NULL,Stable,0,3,NULL,NULL,Stable,5,NULL,NULL,Stable,3.9,Needs monitoring,0,863
1067,Gavin Frye,2023-06-10,2023,6,3,3,NULL,NULL,Stable,0,2,NULL,NULL,Stable,5,NULL,NULL,Stable,3.1,Needs monitoring,0,898
1068,Amber Ross,2022-10-09,2022,10,3,3,NULL,NULL,Stable,0,2,NULL,NULL,Stable,2,NULL,NULL,Stable,2.5,Employee At-Risk,1,1142
1069,Wyatt Edwards,2023-02-04,2023,2,3,3,NULL,NULL,Stable,0,1,NULL,NULL,Stable,2,NULL,NULL,Stable,2.2,Employee At-Risk,1,1024
1070,Karla Reed,2023-03-05,2023,3,3,3,NULL,NULL,Stable,0,1,NULL,NULL,Stable,2,NULL,NULL,Stable,2.2,Employee At-Risk,1,995
1071,Yadira Mcmillan,2023-05-15,2023,5,1,1,NULL,NULL,Stable,1,2,NULL,NULL,Stable,2,NULL,NULL,Stable,1.5,Employee At-Risk,1,924
1072,Fernando Mcconnell,2023-02-18,2023,2,2,2,NULL,NULL,Stable,1,2,NULL,NULL,Stable,3,NULL,NULL,Stable,2.2,Employee At-Risk,1,1010
1073,Sean Bean,2023-02-16,2023,2,4,4,NULL,NULL,Stable,0,4,NULL,NULL,Stable,2,NULL,NULL,Stable,3.6,Needs monitoring,0,1012
1074,Lilianna Mccall,2023-02-10,2023,2,3,3,NULL,NULL,Stable,0,4,NULL,NULL,Stable,1,NULL,NULL,Stable,2.9,Employee At-Risk,1,1018
1075,Salvador Thomas,2023-04-10,2023,4,1,1,NULL,NULL,Stable,1,2,NULL,NULL,Stable,3,NULL,NULL,Stable,1.7,Employee At-Risk,1,959
1076,Jair Silva,2023-04-11,2023,4,1,1,NULL,NULL,Stable,1,3,NULL,NULL,Stable,1,NULL,NULL,Stable,1.6,Employee At-Risk,1,958
1077,Derek Moreno,2022-10-12,2022,10,5,5,NULL,NULL,Stable,0,2,NULL,NULL,Stable,4,NULL,NULL,Stable,3.9,Needs monitoring,0,1139
1078,Litzy Conner,2023-07-28,2023,7,3,3,NULL,NULL,Stable,0,3,NULL,NULL,Stable,4,NULL,NULL,Stable,3.2,Needs monitoring,0,850
1079,Joanna Burnett,2022-10-08,2022,10,2,2,NULL,NULL,Stable,1,2,NULL,NULL,Stable,1,NULL,NULL,Stable,1.8,Employee At-Risk,1,1143
1080,Abdullah Frederick,2023-03-04,2023,3,3,3,NULL,NULL,Stable,0,1,NULL,NULL,Stable,3,NULL,NULL,Stable,2.4,Employee At-Risk,1,996
1081,Armani Porter,2023-03-03,2023,3,1,1,NULL,NULL,Stable,1,3,NULL,NULL,Stable,3,NULL,NULL,Stable,2,Employee At-Risk,1,997
1082,Taylor Sanders,2023-02-27,2023,2,1,1,NULL,NULL,Stable,1,4,NULL,NULL,Stable,1,NULL,NULL,Stable,1.9,Employee At-Risk,1,1001
1083,Iliana Randall,2023-01-09,2023,1,5,5,NULL,NULL,Stable,0,5,NULL,NULL,Stable,3,NULL,NULL,Stable,4.6,Employee is engaged,0,1050
1084,Luke Henderson,2023-02-19,2023,2,1,1,NULL,NULL,Stable,1,2,NULL,NULL,Stable,4,NULL,NULL,Stable,1.9,Employee At-Risk,1,1009
1085,Madelyn Lambert,2023-01-09,2023,1,5,5,NULL,NULL,Stable,0,5,NULL,NULL,Stable,3,NULL,NULL,Stable,4.6,Employee is engaged,0,1050
1086,Ava Pace,2023-03-14,2023,3,1,1,NULL,NULL,Stable,1,1,NULL,NULL,Stable,5,NULL,NULL,Stable,1.8,Employee At-Risk,1,986
1087,Delaney Bruce,2023-05-03,2023,5,1,1,NULL,NULL,Stable,1,5,NULL,NULL,Stable,2,NULL,NULL,Stable,2.4,Employee At-Risk,1,936
1088,Jair Bullock,2023-04-20,2023,4,4,4,NULL,NULL,Stable,0,3,NULL,NULL,Stable,1,NULL,NULL,Stable,3.1,Needs monitoring,0,949
1089,Kayla Farrell,2023-04-19,2023,4,3,3,NULL,NULL,Stable,0,1,NULL,NULL,Stable,5,NULL,NULL,Stable,2.8,Employee At-Risk,1,950
1090,Taylor Gamble,2023-05-16,2023,5,4,4,NULL,NULL,Stable,0,3,NULL,NULL,Stable,4,NULL,NULL,Stable,3.7,Needs monitoring,0,923
1091,Carl Desimone,2023-04-22,2023,4,2,2,NULL,NULL,Stable,1,4,NULL,NULL,Stable,3,NULL,NULL,Stable,2.8,Employee At-Risk,1,947
1092,Sophia Theamstern,2023-03-08,2023,3,1,1,NULL,NULL,Stable,1,4,NULL,NULL,Stable,1,NULL,NULL,Stable,1.9,Employee At-Risk,1,992
1093,Kara Harrison,2023-03-05,2023,3,3,3,NULL,NULL,Stable,0,1,NULL,NULL,Stable,4,NULL,NULL,Stable,2.6,Employee At-Risk,1,995
1094,Ming Huynh,2023-01-22,2023,1,5,5,NULL,NULL,Stable,0,4,NULL,NULL,Stable,5,NULL,NULL,Stable,4.7,Employee is engaged,0,1037
1095,Karen Mancuso,2023-03-17,2023,3,1,1,NULL,NULL,Stable,1,2,NULL,NULL,Stable,1,NULL,NULL,Stable,1.3,Employee At-Risk,1,983
1096,Linda Anderson,2022-12-17,2022,12,1,1,NULL,NULL,Stable,1,3,NULL,NULL,Stable,2,NULL,NULL,Stable,1.8,Employee At-Risk,1,1073
1097,Nilson Fernandes,2022-10-31,2022,10,1,1,NULL,NULL,Stable,1,2,NULL,NULL,Stable,5,NULL,NULL,Stable,2.1,Employee At-Risk,1,1120
1098,Alain Robinson,2022-12-28,2022,12,2,2,NULL,NULL,Stable,1,2,NULL,NULL,Stable,2,NULL,NULL,Stable,2,Employee At-Risk,1,1062
1099,Seffi Shields,2023-08-04,2023,8,1,1,NULL,NULL,Stable,1,5,NULL,NULL,Stable,5,NULL,NULL,Stable,3,Needs monitoring,0,843
1100,Horia Ndzi,2022-09-10,2022,9,1,1,NULL,NULL,Stable,1,4,NULL,NULL,Stable,5,NULL,NULL,Stable,2.7,Employee At-Risk,1,1171
1101,Evelyn Girifalco,2023-03-21,2023,3,1,1,NULL,NULL,Stable,1,1,NULL,NULL,Stable,3,NULL,NULL,Stable,1.4,Employee At-Risk,1,979
1102,Ermine Pelletier,2023-03-02,2023,3,5,5,NULL,NULL,Stable,0,1,NULL,NULL,Stable,4,NULL,NULL,Stable,3.6,Needs monitoring,0,998
1103,Samuel MacLennan,2022-11-06,2022,11,5,5,NULL,NULL,Stable,0,3,NULL,NULL,Stable,1,NULL,NULL,Stable,3.6,Needs monitoring,0,1114
1104,Sean Bernstein,2022-12-21,2022,12,1,1,NULL,NULL,Stable,1,4,NULL,NULL,Stable,2,NULL,NULL,Stable,2.1,Employee At-Risk,1,1069
1105,Shakira Perry,2023-02-15,2023,2,1,1,NULL,NULL,Stable,1,4,NULL,NULL,Stable,1,NULL,NULL,Stable,1.9,Employee At-Risk,1,1013
1106,Michael J Fitzpatrick,2023-01-31,2023,1,2,2,NULL,NULL,Stable,1,3,NULL,NULL,Stable,3,NULL,NULL,Stable,2.5,Employee At-Risk,1,1028
1107,Cybil Trzeciak,2022-10-18,2022,10,4,4,NULL,NULL,Stable,0,5,NULL,NULL,Stable,1,NULL,NULL,Stable,3.7,Needs monitoring,0,1133
1108,Barry Wilber,2023-07-24,2023,7,4,4,NULL,NULL,Stable,0,5,NULL,NULL,Stable,3,NULL,NULL,Stable,4.1,Employee is engaged,0,854
1109,Enola Chivukula,2022-10-16,2022,10,4,4,NULL,NULL,Stable,0,5,NULL,NULL,Stable,4,NULL,NULL,Stable,4.3,Employee is engaged,0,1135
1110,Joelle Burke,2023-02-23,2023,2,1,1,NULL,NULL,Stable,1,1,NULL,NULL,Stable,4,NULL,NULL,Stable,1.6,Employee At-Risk,1,1005
1111,Alexandra Kirill,2023-05-11,2023,5,4,4,NULL,NULL,Stable,0,1,NULL,NULL,Stable,1,NULL,NULL,Stable,2.5,Employee At-Risk,1,928
1112,Celeste Johnson,2023-07-06,2023,7,4,4,NULL,NULL,Stable,0,1,NULL,NULL,Stable,1,NULL,NULL,Stable,2.5,Employee At-Risk,1,872
1113,Nathalia Hendrix,2023-04-09,2023,4,3,3,NULL,NULL,Stable,0,3,NULL,NULL,Stable,5,NULL,NULL,Stable,3.4,Needs monitoring,0,960
1114,Justus Bowen,2023-03-03,2023,3,1,1,NULL,NULL,Stable,1,3,NULL,NULL,Stable,3,NULL,NULL,Stable,2,Employee At-Risk,1,997
1115,Marcus Bender,2023-03-11,2023,3,4,4,NULL,NULL,Stable,0,1,NULL,NULL,Stable,3,NULL,NULL,Stable,2.9,Employee At-Risk,1,989
1116,Ryker Logan,2022-12-16,2022,12,3,3,NULL,NULL,Stable,0,4,NULL,NULL,Stable,4,NULL,NULL,Stable,3.5,Needs monitoring,0,1074
1117,Payten Middleton,2023-07-29,2023,7,4,4,NULL,NULL,Stable,0,5,NULL,NULL,Stable,1,NULL,NULL,Stable,3.7,Needs monitoring,0,849
1118,Harrison Hunt,2023-02-22,2023,2,1,1,NULL,NULL,Stable,1,5,NULL,NULL,Stable,3,NULL,NULL,Stable,2.6,Employee At-Risk,1,1006
1119,Orlando Henderson,2023-04-16,2023,4,4,4,NULL,NULL,Stable,0,4,NULL,NULL,Stable,5,NULL,NULL,Stable,4.2,Employee is engaged,0,953
1120,Darian Potts,2023-06-05,2023,6,3,3,NULL,NULL,Stable,0,3,NULL,NULL,Stable,4,NULL,NULL,Stable,3.2,Needs monitoring,0,903
1121,Isabela Collins,2023-01-21,2023,1,1,1,NULL,NULL,Stable,1,1,NULL,NULL,Stable,4,NULL,NULL,Stable,1.6,Employee At-Risk,1,1038
1122,Sierra Macias,2022-12-04,2022,12,2,2,NULL,NULL,Stable,1,1,NULL,NULL,Stable,2,NULL,NULL,Stable,1.7,Employee At-Risk,1,1086
1123,Giuliana Farmer,2023-06-10,2023,6,2,2,NULL,NULL,Stable,1,3,NULL,NULL,Stable,1,NULL,NULL,Stable,2.1,Employee At-Risk,1,898
1124,Pierce Robbins,2023-02-27,2023,2,3,3,NULL,NULL,Stable,0,2,NULL,NULL,Stable,3,NULL,NULL,Stable,2.7,Employee At-Risk,1,1001
1125,Lamont Bridges,2023-03-17,2023,3,4,4,NULL,NULL,Stable,0,3,NULL,NULL,Stable,4,NULL,NULL,Stable,3.7,Needs monitoring,0,983
1126,Gretchen Richard,2023-04-23,2023,4,3,3,NULL,NULL,Stable,0,3,NULL,NULL,Stable,2,NULL,NULL,Stable,2.8,Employee At-Risk,1,946
1127,Axel Hart,2023-01-27,2023,1,5,5,NULL,NULL,Stable,0,1,NULL,NULL,Stable,3,NULL,NULL,Stable,3.4,Needs monitoring,0,1032
1128,Emma Escobar,2023-02-18,2023,2,4,4,NULL,NULL,Stable,0,2,NULL,NULL,Stable,4,NULL,NULL,Stable,3.4,Needs monitoring,0,1010
1129,Maximilian Craig,2022-10-31,2022,10,1,1,NULL,NULL,Stable,1,1,NULL,NULL,Stable,1,NULL,NULL,Stable,1,Employee At-Risk,1,1120
1130,Erik Padilla,2023-05-07,2023,5,1,1,NULL,NULL,Stable,1,5,NULL,NULL,Stable,4,NULL,NULL,Stable,2.8,Employee At-Risk,1,932
1131,Gilbert Duffy,2023-05-11,2023,5,4,4,NULL,NULL,Stable,0,4,NULL,NULL,Stable,4,NULL,NULL,Stable,4,Employee is engaged,0,928
1132,Raymond Ayers,2023-07-15,2023,7,1,1,NULL,NULL,Stable,1,5,NULL,NULL,Stable,5,NULL,NULL,Stable,3,Needs monitoring,0,863
1133,Vincent Wyatt,2023-06-15,2023,6,1,1,NULL,NULL,Stable,1,2,NULL,NULL,Stable,4,NULL,NULL,Stable,1.9,Employee At-Risk,1,893
1134,Micah Stanley,2022-12-29,2022,12,4,4,NULL,NULL,Stable,0,1,NULL,NULL,Stable,2,NULL,NULL,Stable,2.7,Employee At-Risk,1,1061
1135,Evan Chen,2023-02-23,2023,2,5,5,NULL,NULL,Stable,0,4,NULL,NULL,Stable,4,NULL,NULL,Stable,4.5,Employee is engaged,0,1005
1136,Serenity Thornton,2023-04-09,2023,4,2,2,NULL,NULL,Stable,1,5,NULL,NULL,Stable,2,NULL,NULL,Stable,2.9,Employee At-Risk,1,960
1137,Talan Rivas,2022-11-12,2022,11,3,3,NULL,NULL,Stable,0,3,NULL,NULL,Stable,5,NULL,NULL,Stable,3.4,Needs monitoring,0,1108
1138,Calvin Braun,2022-10-19,2022,10,4,4,NULL,NULL,Stable,0,5,NULL,NULL,Stable,1,NULL,NULL,Stable,3.7,Needs monitoring,0,1132
1139,Cale Bender,2022-08-27,2022,8,2,2,NULL,NULL,Stable,1,4,NULL,NULL,Stable,2,NULL,NULL,Stable,2.6,Employee At-Risk,1,1185
1140,Kirsten Vance,2023-05-04,2023,5,5,5,NULL,NULL,Stable,0,3,NULL,NULL,Stable,2,NULL,NULL,Stable,3.8,Needs monitoring,0,935
1141,Cade Cox,2022-12-26,2022,12,5,5,NULL,NULL,Stable,0,5,NULL,NULL,Stable,2,NULL,NULL,Stable,4.4,Employee is engaged,0,1064
1142,Ibrahim Wolfe,2023-06-21,2023,6,4,4,NULL,NULL,Stable,0,4,NULL,NULL,Stable,4,NULL,NULL,Stable,4,Employee is engaged,0,887
1143,Elianna Schmitt,2022-12-13,2022,12,2,2,NULL,NULL,Stable,1,4,NULL,NULL,Stable,2,NULL,NULL,Stable,2.6,Employee At-Risk,1,1077
1144,Colby Wolfe,2022-11-03,2022,11,5,5,NULL,NULL,Stable,0,3,NULL,NULL,Stable,2,NULL,NULL,Stable,3.8,Needs monitoring,0,1117
1145,Autumn Barrera,2022-10-24,2022,10,3,3,NULL,NULL,Stable,0,3,NULL,NULL,Stable,4,NULL,NULL,Stable,3.2,Needs monitoring,0,1127
1146,Emmalee Cervantes,2022-09-21,2022,9,3,3,NULL,NULL,Stable,0,2,NULL,NULL,Stable,2,NULL,NULL,Stable,2.5,Employee At-Risk,1,1160
1147,Ernest Willis,2023-03-19,2023,3,1,1,NULL,NULL,Stable,1,3,NULL,NULL,Stable,5,NULL,NULL,Stable,2.4,Employee At-Risk,1,981
1148,Jaxon Anderson,2023-04-02,2023,4,4,4,NULL,NULL,Stable,0,1,NULL,NULL,Stable,3,NULL,NULL,Stable,2.9,Employee At-Risk,1,967
1149,Precious Caldwell,2022-11-03,2022,11,3,3,NULL,NULL,Stable,0,2,NULL,NULL,Stable,5,NULL,NULL,Stable,3.1,Needs monitoring,0,1117
1150,Yahir Serrano,2022-12-28,2022,12,3,3,NULL,NULL,Stable,0,4,NULL,NULL,Stable,4,NULL,NULL,Stable,3.5,Needs monitoring,0,1062
1151,Krystal Peterson,2022-12-12,2022,12,5,5,NULL,NULL,Stable,0,3,NULL,NULL,Stable,1,NULL,NULL,Stable,3.6,Needs monitoring,0,1078
1152,Jadyn Haley,2022-12-14,2022,12,1,1,NULL,NULL,Stable,1,1,NULL,NULL,Stable,5,NULL,NULL,Stable,1.8,Employee At-Risk,1,1076
1153,Davis Roberts,2023-02-28,2023,2,3,3,NULL,NULL,Stable,0,4,NULL,NULL,Stable,2,NULL,NULL,Stable,3.1,Needs monitoring,0,1000
1154,Meadow Avery,2023-06-09,2023,6,1,1,NULL,NULL,Stable,1,3,NULL,NULL,Stable,2,NULL,NULL,Stable,1.8,Employee At-Risk,1,899
1155,Allyson Owen,2022-08-25,2022,8,2,2,NULL,NULL,Stable,1,3,NULL,NULL,Stable,1,NULL,NULL,Stable,2.1,Employee At-Risk,1,1187
1156,Francisco Simon,2023-05-12,2023,5,1,1,NULL,NULL,Stable,1,5,NULL,NULL,Stable,2,NULL,NULL,Stable,2.4,Employee At-Risk,1,927
1157,Trent Christian,2023-06-06,2023,6,1,1,NULL,NULL,Stable,1,4,NULL,NULL,Stable,2,NULL,NULL,Stable,2.1,Employee At-Risk,1,902
1158,Chaya Boyd,2023-03-17,2023,3,2,2,NULL,NULL,Stable,1,4,NULL,NULL,Stable,4,NULL,NULL,Stable,3,Needs monitoring,0,983
1159,Nehemiah Rivas,2023-02-18,2023,2,1,1,NULL,NULL,Stable,1,2,NULL,NULL,Stable,4,NULL,NULL,Stable,1.9,Employee At-Risk,1,1010
1160,Wyatt Spence,2022-08-20,2022,8,4,4,NULL,NULL,Stable,0,2,NULL,NULL,Stable,3,NULL,NULL,Stable,3.2,Needs monitoring,0,1192
1161,Abram Fisher,2023-04-09,2023,4,3,3,NULL,NULL,Stable,0,4,NULL,NULL,Stable,4,NULL,NULL,Stable,3.5,Needs monitoring,0,960
1162,Jayleen Oconnell,2022-10-05,2022,10,3,3,NULL,NULL,Stable,0,3,NULL,NULL,Stable,2,NULL,NULL,Stable,2.8,Employee At-Risk,1,1146
1163,Jordon Meadows,2022-12-14,2022,12,1,1,NULL,NULL,Stable,1,2,NULL,NULL,Stable,3,NULL,NULL,Stable,1.7,Employee At-Risk,1,1076
1164,Justice Pineda,2022-10-23,2022,10,5,5,NULL,NULL,Stable,0,5,NULL,NULL,Stable,5,NULL,NULL,Stable,5,Employee is engaged,0,1128
1165,Isiah Decker,2023-01-09,2023,1,3,3,NULL,NULL,Stable,0,3,NULL,NULL,Stable,1,NULL,NULL,Stable,2.6,Employee At-Risk,1,1050
1166,Giada Boone,2023-02-27,2023,2,2,2,NULL,NULL,Stable,1,1,NULL,NULL,Stable,4,NULL,NULL,Stable,2.1,Employee At-Risk,1,1001
1167,Camryn Guerra,2023-05-22,2023,5,2,2,NULL,NULL,Stable,1,3,NULL,NULL,Stable,4,NULL,NULL,Stable,2.7,Employee At-Risk,1,917
1168,Melody Rollins,2022-08-28,2022,8,2,2,NULL,NULL,Stable,1,2,NULL,NULL,Stable,2,NULL,NULL,Stable,2,Employee At-Risk,1,1184
1169,Lucia Cummings,2023-08-03,2023,8,1,1,NULL,NULL,Stable,1,3,NULL,NULL,Stable,2,NULL,NULL,Stable,1.8,Employee At-Risk,1,844
1170,Jaylen Serrano,2023-02-05,2023,2,1,1,NULL,NULL,Stable,1,5,NULL,NULL,Stable,4,NULL,NULL,Stable,2.8,Employee At-Risk,1,1023
1171,Jayson Bright,2023-06-24,2023,6,4,4,NULL,NULL,Stable,0,1,NULL,NULL,Stable,4,NULL,NULL,Stable,3.1,Needs monitoring,0,884
1172,Carlie Wilkerson,2023-06-19,2023,6,1,1,NULL,NULL,Stable,1,3,NULL,NULL,Stable,2,NULL,NULL,Stable,1.8,Employee At-Risk,1,889
1173,Kaylyn Patrick,2023-06-16,2023,6,5,5,NULL,NULL,Stable,0,5,NULL,NULL,Stable,2,NULL,NULL,Stable,4.4,Employee is engaged,0,892
1174,Evie Pope,2023-03-06,2023,3,2,2,NULL,NULL,Stable,1,1,NULL,NULL,Stable,5,NULL,NULL,Stable,2.3,Employee At-Risk,1,994
1175,Nayeli Kelley,2023-04-22,2023,4,2,2,NULL,NULL,Stable,1,1,NULL,NULL,Stable,2,NULL,NULL,Stable,1.7,Employee At-Risk,1,947
1176,Krista Franco,2022-10-17,2022,10,2,2,NULL,NULL,Stable,1,2,NULL,NULL,Stable,5,NULL,NULL,Stable,2.6,Employee At-Risk,1,1134
1177,Teresa Farrell,2022-08-12,2022,8,2,2,NULL,NULL,Stable,1,2,NULL,NULL,Stable,5,NULL,NULL,Stable,2.6,Employee At-Risk,1,1200
1178,Dorian Fox,2023-05-03,2023,5,2,2,NULL,NULL,Stable,1,1,NULL,NULL,Stable,2,NULL,NULL,Stable,1.7,Employee At-Risk,1,936
1179,Madeleine Sherman,2023-07-10,2023,7,3,3,NULL,NULL,Stable,0,5,NULL,NULL,Stable,1,NULL,NULL,Stable,3.2,Needs monitoring,0,868
1180,Allan Butler,2023-05-15,2023,5,4,4,NULL,NULL,Stable,0,3,NULL,NULL,Stable,1,NULL,NULL,Stable,3.1,Needs monitoring,0,924
1181,Nevaeh Davila,2023-07-05,2023,7,5,5,NULL,NULL,Stable,0,5,NULL,NULL,Stable,4,NULL,NULL,Stable,4.8,Employee is engaged,0,873
1182,Gunnar Webster,2022-08-25,2022,8,2,2,NULL,NULL,Stable,1,4,NULL,NULL,Stable,5,NULL,NULL,Stable,3.2,Needs monitoring,0,1187
1183,Aydin Tate,2023-03-07,2023,3,4,4,NULL,NULL,Stable,0,5,NULL,NULL,Stable,5,NULL,NULL,Stable,4.5,Employee is engaged,0,993
1184,Patrick Mckinney,2022-10-03,2022,10,1,1,NULL,NULL,Stable,1,3,NULL,NULL,Stable,1,NULL,NULL,Stable,1.6,Employee At-Risk,1,1148
1185,Milagros Foley,2022-08-13,2022,8,1,1,NULL,NULL,Stable,1,2,NULL,NULL,Stable,4,NULL,NULL,Stable,1.9,Employee At-Risk,1,1199
1186,Rachael Buck,2023-05-12,2023,5,3,3,NULL,NULL,Stable,0,3,NULL,NULL,Stable,5,NULL,NULL,Stable,3.4,Needs monitoring,0,927
1187,Rigoberto Townsend,2022-11-19,2022,11,4,4,NULL,NULL,Stable,0,1,NULL,NULL,Stable,1,NULL,NULL,Stable,2.5,Employee At-Risk,1,1101
1188,Reagan Odonnell,2023-07-16,2023,7,4,4,NULL,NULL,Stable,0,1,NULL,NULL,Stable,1,NULL,NULL,Stable,2.5,Employee At-Risk,1,862
1189,Roy Morse,2023-07-19,2023,7,5,5,NULL,NULL,Stable,0,5,NULL,NULL,Stable,3,NULL,NULL,Stable,4.6,Employee is engaged,0,859
1190,Rafael Buchanan,2023-04-07,2023,4,2,2,NULL,NULL,Stable,1,5,NULL,NULL,Stable,3,NULL,NULL,Stable,3.1,Needs monitoring,0,962
1191,Kaitlynn Herman,2023-07-13,2023,7,4,4,NULL,NULL,Stable,0,4,NULL,NULL,Stable,4,NULL,NULL,Stable,4,Employee is engaged,0,865
1192,Marquise Santana,2022-12-24,2022,12,3,3,NULL,NULL,Stable,0,1,NULL,NULL,Stable,1,NULL,NULL,Stable,2,Employee At-Risk,1,1066
1193,Jamarion Mitchell,2022-08-15,2022,8,5,5,NULL,NULL,Stable,0,2,NULL,NULL,Stable,3,NULL,NULL,Stable,3.7,Needs monitoring,0,1197
1194,Gabrielle Hardy,2022-12-04,2022,12,5,5,NULL,NULL,Stable,0,4,NULL,NULL,Stable,2,NULL,NULL,Stable,4.1,Employee is engaged,0,1086
1195,Savion Stokes,2023-01-30,2023,1,5,5,NULL,NULL,Stable,0,3,NULL,NULL,Stable,2,NULL,NULL,Stable,3.8,Needs monitoring,0,1029
1196,Trevin Summers,2023-06-02,2023,6,4,4,NULL,NULL,Stable,0,5,NULL,NULL,Stable,4,NULL,NULL,Stable,4.3,Employee is engaged,0,906
1197,Hailie Bell,2022-11-09,2022,11,3,3,NULL,NULL,Stable,0,5,NULL,NULL,Stable,4,NULL,NULL,Stable,3.8,Needs monitoring,0,1111
1198,Audrey Stevens,2022-12-12,2022,12,3,3,NULL,NULL,Stable,0,2,NULL,NULL,Stable,2,NULL,NULL,Stable,2.5,Employee At-Risk,1,1078
1199,Jason Munoz,2023-06-27,2023,6,3,3,NULL,NULL,Stable,0,3,NULL,NULL,Stable,3,NULL,NULL,Stable,3,Needs monitoring,0,881
1200,Carlee Foley,2023-04-19,2023,4,4,4,NULL,NULL,Stable,0,5,NULL,NULL,Stable,1,NULL,NULL,Stable,3.7,Needs monitoring,0,950
1201,Sarahi Dodson,2023-02-23,2023,2,2,2,NULL,NULL,Stable,1,4,NULL,NULL,Stable,4,NULL,NULL,Stable,3,Needs monitoring,0,1005
1202,Faith Carey,2022-08-14,2022,8,1,1,NULL,NULL,Stable,1,3,NULL,NULL,Stable,2,NULL,NULL,Stable,1.8,Employee At-Risk,1,1198
1203,Mylie Salazar,2022-10-03,2022,10,3,3,NULL,NULL,Stable,0,5,NULL,NULL,Stable,3,NULL,NULL,Stable,3.6,Needs monitoring,0,1148
1204,Pablo Parker,2023-06-22,2023,6,1,1,NULL,NULL,Stable,1,4,NULL,NULL,Stable,3,NULL,NULL,Stable,2.3,Employee At-Risk,1,886
1205,Ulises Shea,2023-04-07,2023,4,2,2,NULL,NULL,Stable,1,1,NULL,NULL,Stable,2,NULL,NULL,Stable,1.7,Employee At-Risk,1,962
1206,Bethany Terry,2022-10-17,2022,10,3,3,NULL,NULL,Stable,0,4,NULL,NULL,Stable,2,NULL,NULL,Stable,3.1,Needs monitoring,0,1134
1207,Kamari Holloway,2022-08-06,2022,8,2,2,NULL,NULL,Stable,1,1,NULL,NULL,Stable,2,NULL,NULL,Stable,1.7,Employee At-Risk,1,1206
1208,Jazlene Mcdaniel,2022-08-18,2022,8,5,5,NULL,NULL,Stable,0,1,NULL,NULL,Stable,5,NULL,NULL,Stable,3.8,Needs monitoring,0,1194
1209,Dane Kelly,2023-05-28,2023,5,1,1,NULL,NULL,Stable,1,3,NULL,NULL,Stable,1,NULL,NULL,Stable,1.6,Employee At-Risk,1,911
1210,Camila Dunn,2022-10-24,2022,10,4,4,NULL,NULL,Stable,0,5,NULL,NULL,Stable,1,NULL,NULL,Stable,3.7,Needs monitoring,0,1127
1211,Aurora Frederick,2023-03-16,2023,3,3,3,NULL,NULL,Stable,0,3,NULL,NULL,Stable,1,NULL,NULL,Stable,2.6,Employee At-Risk,1,984
1212,Caylee Nunez,2023-01-31,2023,1,4,4,NULL,NULL,Stable,0,5,NULL,NULL,Stable,4,NULL,NULL,Stable,4.3,Employee is engaged,0,1028
1213,Tamia Sharp,2022-09-28,2022,9,1,1,NULL,NULL,Stable,1,2,NULL,NULL,Stable,4,NULL,NULL,Stable,1.9,Employee At-Risk,1,1153
1214,Jaliyah Gamble,2023-06-02,2023,6,1,1,NULL,NULL,Stable,1,5,NULL,NULL,Stable,3,NULL,NULL,Stable,2.6,Employee At-Risk,1,906
1215,Xander Savage,2022-10-25,2022,10,2,2,NULL,NULL,Stable,1,1,NULL,NULL,Stable,5,NULL,NULL,Stable,2.3,Employee At-Risk,1,1126
1216,Marc Crosby,2022-09-09,2022,9,4,4,NULL,NULL,Stable,0,1,NULL,NULL,Stable,1,NULL,NULL,Stable,2.5,Employee At-Risk,1,1172
1217,Marques Zimmerman,2022-08-23,2022,8,5,5,NULL,NULL,Stable,0,5,NULL,NULL,Stable,1,NULL,NULL,Stable,4.2,Employee is engaged,0,1189
1218,Livia Salazar,2023-02-27,2023,2,2,2,NULL,NULL,Stable,1,3,NULL,NULL,Stable,1,NULL,NULL,Stable,2.1,Employee At-Risk,1,1001
1219,Alana Choi,2023-07-17,2023,7,2,2,NULL,NULL,Stable,1,2,NULL,NULL,Stable,2,NULL,NULL,Stable,2,Employee At-Risk,1,861
1220,Levi Lawson,2023-05-08,2023,5,5,5,NULL,NULL,Stable,0,2,NULL,NULL,Stable,4,NULL,NULL,Stable,3.9,Needs monitoring,0,931
1221,Kane Black,2022-08-17,2022,8,5,5,NULL,NULL,Stable,0,5,NULL,NULL,Stable,3,NULL,NULL,Stable,4.6,Employee is engaged,0,1195
1222,Paola Weeks,2023-03-31,2023,3,5,5,NULL,NULL,Stable,0,2,NULL,NULL,Stable,1,NULL,NULL,Stable,3.3,Needs monitoring,0,969
1223,Brooklynn Mack,2023-05-07,2023,5,4,4,NULL,NULL,Stable,0,1,NULL,NULL,Stable,4,NULL,NULL,Stable,3.1,Needs monitoring,0,932
1224,Darrell Zamora,2023-05-20,2023,5,4,4,NULL,NULL,Stable,0,2,NULL,NULL,Stable,3,NULL,NULL,Stable,3.2,Needs monitoring,0,919
1225,Irvin Warner,2022-11-05,2022,11,1,1,NULL,NULL,Stable,1,2,NULL,NULL,Stable,4,NULL,NULL,Stable,1.9,Employee At-Risk,1,1115
1226,Dayton Castro,2023-04-04,2023,4,4,4,NULL,NULL,Stable,0,5,NULL,NULL,Stable,4,NULL,NULL,Stable,4.3,Employee is engaged,0,965
1227,Hailey Mckay,2022-12-12,2022,12,1,1,NULL,NULL,Stable,1,2,NULL,NULL,Stable,2,NULL,NULL,Stable,1.5,Employee At-Risk,1,1078
1228,Jaquan Rowland,2023-01-21,2023,1,2,2,NULL,NULL,Stable,1,5,NULL,NULL,Stable,3,NULL,NULL,Stable,3.1,Needs monitoring,0,1038
1229,David Velez,2023-05-20,2023,5,4,4,NULL,NULL,Stable,0,2,NULL,NULL,Stable,5,NULL,NULL,Stable,3.6,Needs monitoring,0,919
1230,Joslyn Patel,2022-11-30,2022,11,5,5,NULL,NULL,Stable,0,4,NULL,NULL,Stable,4,NULL,NULL,Stable,4.5,Employee is engaged,0,1090
1231,Colt Archer,2023-03-13,2023,3,2,2,NULL,NULL,Stable,1,2,NULL,NULL,Stable,1,NULL,NULL,Stable,1.8,Employee At-Risk,1,987
1232,Abbigail Cameron,2022-08-22,2022,8,2,2,NULL,NULL,Stable,1,1,NULL,NULL,Stable,5,NULL,NULL,Stable,2.3,Employee At-Risk,1,1190
1233,Anastasia Escobar,2023-05-01,2023,5,5,5,NULL,NULL,Stable,0,5,NULL,NULL,Stable,3,NULL,NULL,Stable,4.6,Employee is engaged,0,938
1234,Ronin Mclaughlin,2022-12-11,2022,12,4,4,NULL,NULL,Stable,0,1,NULL,NULL,Stable,5,NULL,NULL,Stable,3.3,Needs monitoring,0,1079
1235,Aliana Pena,2023-03-23,2023,3,5,5,NULL,NULL,Stable,0,5,NULL,NULL,Stable,3,NULL,NULL,Stable,4.6,Employee is engaged,0,977
1236,Ramon Goodwin,2023-07-25,2023,7,1,1,NULL,NULL,Stable,1,4,NULL,NULL,Stable,1,NULL,NULL,Stable,1.9,Employee At-Risk,1,853
1237,Cory Saunders,2023-07-11,2023,7,4,4,NULL,NULL,Stable,0,3,NULL,NULL,Stable,1,NULL,NULL,Stable,3.1,Needs monitoring,0,867
1238,Alessandra Huynh,2022-12-29,2022,12,1,1,NULL,NULL,Stable,1,3,NULL,NULL,Stable,3,NULL,NULL,Stable,2,Employee At-Risk,1,1061
1239,Maeve Holmes,2022-10-07,2022,10,4,4,NULL,NULL,Stable,0,5,NULL,NULL,Stable,5,NULL,NULL,Stable,4.5,Employee is engaged,0,1144
1240,Alejandra Mclean,2023-08-02,2023,8,1,1,NULL,NULL,Stable,1,4,NULL,NULL,Stable,3,NULL,NULL,Stable,2.3,Employee At-Risk,1,845
1241,Reuben Potter,2023-01-16,2023,1,4,4,NULL,NULL,Stable,0,4,NULL,NULL,Stable,3,NULL,NULL,Stable,3.8,Needs monitoring,0,1043
1242,Marilyn Greer,2023-07-28,2023,7,4,4,NULL,NULL,Stable,0,4,NULL,NULL,Stable,1,NULL,NULL,Stable,3.4,Needs monitoring,0,850
1243,Camila Nichols,2023-05-04,2023,5,5,5,NULL,NULL,Stable,0,2,NULL,NULL,Stable,3,NULL,NULL,Stable,3.7,Needs monitoring,0,935
1244,Iris Bruce,2022-08-17,2022,8,2,2,NULL,NULL,Stable,1,3,NULL,NULL,Stable,5,NULL,NULL,Stable,2.9,Employee At-Risk,1,1195
1245,Henry Pratt,2022-09-23,2022,9,3,3,NULL,NULL,Stable,0,5,NULL,NULL,Stable,5,NULL,NULL,Stable,4,Employee is engaged,0,1158
1246,Kira Soto,2023-01-12,2023,1,4,4,NULL,NULL,Stable,0,3,NULL,NULL,Stable,2,NULL,NULL,Stable,3.3,Needs monitoring,0,1047
1247,Ashanti Scott,2022-11-13,2022,11,2,2,NULL,NULL,Stable,1,4,NULL,NULL,Stable,5,NULL,NULL,Stable,3.2,Needs monitoring,0,1107
1248,Sarahi Burke,2022-12-05,2022,12,5,5,NULL,NULL,Stable,0,3,NULL,NULL,Stable,2,NULL,NULL,Stable,3.8,Needs monitoring,0,1085
1249,Aimee Terry,2022-12-22,2022,12,2,2,NULL,NULL,Stable,1,4,NULL,NULL,Stable,2,NULL,NULL,Stable,2.6,Employee At-Risk,1,1068
1250,Jerimiah Jackson,2023-04-26,2023,4,4,4,NULL,NULL,Stable,0,5,NULL,NULL,Stable,1,NULL,NULL,Stable,3.7,Needs monitoring,0,943
1251,Callie Murray,2022-12-03,2022,12,5,5,NULL,NULL,Stable,0,5,NULL,NULL,Stable,3,NULL,NULL,Stable,4.6,Employee is engaged,0,1087
1252,Fabian Young,2023-06-10,2023,6,2,2,NULL,NULL,Stable,1,3,NULL,NULL,Stable,2,NULL,NULL,Stable,2.3,Employee At-Risk,1,898
1253,Juliette Morton,2023-01-10,2023,1,2,2,NULL,NULL,Stable,1,4,NULL,NULL,Stable,2,NULL,NULL,Stable,2.6,Employee At-Risk,1,1049
1254,Alyvia Sellers,2023-06-18,2023,6,3,3,NULL,NULL,Stable,0,1,NULL,NULL,Stable,5,NULL,NULL,Stable,2.8,Employee At-Risk,1,890
1255,Tyler Gay,2022-11-03,2022,11,3,3,NULL,NULL,Stable,0,1,NULL,NULL,Stable,1,NULL,NULL,Stable,2,Employee At-Risk,1,1117
1256,Noemi Randall,2022-10-24,2022,10,4,4,NULL,NULL,Stable,0,4,NULL,NULL,Stable,2,NULL,NULL,Stable,3.6,Needs monitoring,0,1127
1257,Jazlene Lozano,2023-07-19,2023,7,2,2,NULL,NULL,Stable,1,1,NULL,NULL,Stable,1,NULL,NULL,Stable,1.5,Employee At-Risk,1,859
1258,Jennifer Salazar,2023-04-16,2023,4,3,3,NULL,NULL,Stable,0,5,NULL,NULL,Stable,4,NULL,NULL,Stable,3.8,Needs monitoring,0,953
1259,Vaughn Leonard,2022-10-17,2022,10,1,1,NULL,NULL,Stable,1,3,NULL,NULL,Stable,4,NULL,NULL,Stable,2.2,Employee At-Risk,1,1134
1260,Caitlin Robertson,2023-02-21,2023,2,5,5,NULL,NULL,Stable,0,2,NULL,NULL,Stable,5,NULL,NULL,Stable,4.1,Employee is engaged,0,1007
1261,Elyse Huerta,2023-07-13,2023,7,2,2,NULL,NULL,Stable,1,5,NULL,NULL,Stable,4,NULL,NULL,Stable,3.3,Needs monitoring,0,865
1262,Kyle Sanders,2022-12-16,2022,12,3,3,NULL,NULL,Stable,0,4,NULL,NULL,Stable,1,NULL,NULL,Stable,2.9,Employee At-Risk,1,1074
1263,Barrett Jennings,2023-01-24,2023,1,4,4,NULL,NULL,Stable,0,5,NULL,NULL,Stable,3,NULL,NULL,Stable,4.1,Employee is engaged,0,1035
1264,Darius Koch,2023-04-21,2023,4,3,3,NULL,NULL,Stable,0,5,NULL,NULL,Stable,4,NULL,NULL,Stable,3.8,Needs monitoring,0,948
1265,Kolton Dawson,2023-06-28,2023,6,4,4,NULL,NULL,Stable,0,2,NULL,NULL,Stable,5,NULL,NULL,Stable,3.6,Needs monitoring,0,880
1266,Ciara Cole,2023-03-29,2023,3,1,1,NULL,NULL,Stable,1,3,NULL,NULL,Stable,1,NULL,NULL,Stable,1.6,Employee At-Risk,1,971
1267,Virginia Wallace,2023-04-25,2023,4,4,4,NULL,NULL,Stable,0,1,NULL,NULL,Stable,5,NULL,NULL,Stable,3.3,Needs monitoring,0,944
1268,Malik Ochoa,2023-04-18,2023,4,2,2,NULL,NULL,Stable,1,1,NULL,NULL,Stable,2,NULL,NULL,Stable,1.7,Employee At-Risk,1,951
1269,Elyse Pratt,2022-09-19,2022,9,1,1,NULL,NULL,Stable,1,2,NULL,NULL,Stable,4,NULL,NULL,Stable,1.9,Employee At-Risk,1,1162
1270,Yahir Hill,2023-03-16,2023,3,5,5,NULL,NULL,Stable,0,5,NULL,NULL,Stable,1,NULL,NULL,Stable,4.2,Employee is engaged,0,984
1271,Harley Abbott,2023-01-13,2023,1,3,3,NULL,NULL,Stable,0,1,NULL,NULL,Stable,5,NULL,NULL,Stable,2.8,Employee At-Risk,1,1046
1272,Dawson Pratt,2022-10-31,2022,10,4,4,NULL,NULL,Stable,0,2,NULL,NULL,Stable,3,NULL,NULL,Stable,3.2,Needs monitoring,0,1120
1273,Michaela Smith,2023-02-26,2023,2,1,1,NULL,NULL,Stable,1,4,NULL,NULL,Stable,2,NULL,NULL,Stable,2.1,Employee At-Risk,1,1002
1274,Lillie Leblanc,2023-03-19,2023,3,2,2,NULL,NULL,Stable,1,1,NULL,NULL,Stable,5,NULL,NULL,Stable,2.3,Employee At-Risk,1,981
1275,Sincere Rivera,2022-08-19,2022,8,2,2,NULL,NULL,Stable,1,5,NULL,NULL,Stable,3,NULL,NULL,Stable,3.1,Needs monitoring,0,1193
1276,Lucas Good,2023-06-01,2023,6,1,1,NULL,NULL,Stable,1,4,NULL,NULL,Stable,5,NULL,NULL,Stable,2.7,Employee At-Risk,1,907
1277,Jonas Hernandez,2023-08-01,2023,8,4,4,NULL,NULL,Stable,0,3,NULL,NULL,Stable,3,NULL,NULL,Stable,3.5,Needs monitoring,0,846
1278,Cason Tyler,2023-05-28,2023,5,2,2,NULL,NULL,Stable,1,4,NULL,NULL,Stable,5,NULL,NULL,Stable,3.2,Needs monitoring,0,911
1279,Malachi Singleton,2022-10-11,2022,10,3,3,NULL,NULL,Stable,0,3,NULL,NULL,Stable,5,NULL,NULL,Stable,3.4,Needs monitoring,0,1140
1280,Natalie Christensen,2022-11-12,2022,11,3,3,NULL,NULL,Stable,0,2,NULL,NULL,Stable,2,NULL,NULL,Stable,2.5,Employee At-Risk,1,1108
1281,Jordyn Sheppard,2023-05-31,2023,5,4,4,NULL,NULL,Stable,0,2,NULL,NULL,Stable,1,NULL,NULL,Stable,2.8,Employee At-Risk,1,908
1282,Rohan Matthews,2022-10-04,2022,10,3,3,NULL,NULL,Stable,0,3,NULL,NULL,Stable,1,NULL,NULL,Stable,2.6,Employee At-Risk,1,1147
1283,Taniya Stafford,2022-11-19,2022,11,2,2,NULL,NULL,Stable,1,1,NULL,NULL,Stable,2,NULL,NULL,Stable,1.7,Employee At-Risk,1,1101
1284,Cherish Preston,2022-11-24,2022,11,5,5,NULL,NULL,Stable,0,1,NULL,NULL,Stable,5,NULL,NULL,Stable,3.8,Needs monitoring,0,1096
1285,Briley Hanson,2023-07-05,2023,7,3,3,NULL,NULL,Stable,0,2,NULL,NULL,Stable,2,NULL,NULL,Stable,2.5,Employee At-Risk,1,873
1286,Hugo Tate,2023-04-13,2023,4,1,1,NULL,NULL,Stable,1,5,NULL,NULL,Stable,1,NULL,NULL,Stable,2.2,Employee At-Risk,1,956
1287,Daniel Griffin,2023-07-30,2023,7,3,3,NULL,NULL,Stable,0,5,NULL,NULL,Stable,2,NULL,NULL,Stable,3.4,Needs monitoring,0,848
1288,Dakota Salinas,2023-07-15,2023,7,2,2,NULL,NULL,Stable,1,4,NULL,NULL,Stable,5,NULL,NULL,Stable,3.2,Needs monitoring,0,863
1289,Janiyah Ballard,2023-05-09,2023,5,5,5,NULL,NULL,Stable,0,3,NULL,NULL,Stable,1,NULL,NULL,Stable,3.6,Needs monitoring,0,930
1290,Annika Malone,2023-04-12,2023,4,5,5,NULL,NULL,Stable,0,4,NULL,NULL,Stable,2,NULL,NULL,Stable,4.1,Employee is engaged,0,957
1291,Celeste Lin,2023-05-24,2023,5,5,5,NULL,NULL,Stable,0,4,NULL,NULL,Stable,5,NULL,NULL,Stable,4.7,Employee is engaged,0,915
1292,Larissa Warner,2023-03-21,2023,3,1,1,NULL,NULL,Stable,1,4,NULL,NULL,Stable,3,NULL,NULL,Stable,2.3,Employee At-Risk,1,979
1293,Lawrence Cross,2023-03-15,2023,3,2,2,NULL,NULL,Stable,1,3,NULL,NULL,Stable,2,NULL,NULL,Stable,2.3,Employee At-Risk,1,985
1294,Kara Barnes,2023-08-03,2023,8,5,5,NULL,NULL,Stable,0,4,NULL,NULL,Stable,2,NULL,NULL,Stable,4.1,Employee is engaged,0,844
1295,Emery Schmidt,2023-02-18,2023,2,3,3,NULL,NULL,Stable,0,3,NULL,NULL,Stable,3,NULL,NULL,Stable,3,Needs monitoring,0,1010
1296,Adalyn Vaughan,2023-02-07,2023,2,1,1,NULL,NULL,Stable,1,1,NULL,NULL,Stable,5,NULL,NULL,Stable,1.8,Employee At-Risk,1,1021
1297,Chase Lloyd,2022-08-10,2022,8,2,2,NULL,NULL,Stable,1,4,NULL,NULL,Stable,4,NULL,NULL,Stable,3,Needs monitoring,0,1202
1298,Hallie Delacruz,2022-12-06,2022,12,1,1,NULL,NULL,Stable,1,2,NULL,NULL,Stable,1,NULL,NULL,Stable,1.3,Employee At-Risk,1,1084
1299,Tia Atkins,2023-07-02,2023,7,1,1,NULL,NULL,Stable,1,2,NULL,NULL,Stable,2,NULL,NULL,Stable,1.5,Employee At-Risk,1,876
1300,Nia Nicholson,2022-10-07,2022,10,1,1,NULL,NULL,Stable,1,3,NULL,NULL,Stable,1,NULL,NULL,Stable,1.6,Employee At-Risk,1,1144
1301,Lilian Norton,2023-01-21,2023,1,1,1,NULL,NULL,Stable,1,4,NULL,NULL,Stable,2,NULL,NULL,Stable,2.1,Employee At-Risk,1,1038
1302,Aliana Pennington,2023-06-04,2023,6,1,1,NULL,NULL,Stable,1,2,NULL,NULL,Stable,4,NULL,NULL,Stable,1.9,Employee At-Risk,1,904
1303,Estrella Benitez,2023-01-01,2023,1,5,5,NULL,NULL,Stable,0,3,NULL,NULL,Stable,5,NULL,NULL,Stable,4.4,Employee is engaged,0,1058
1304,Kylie Gilbert,2023-04-11,2023,4,3,3,NULL,NULL,Stable,0,5,NULL,NULL,Stable,1,NULL,NULL,Stable,3.2,Needs monitoring,0,958
1305,Oscar Munoz,2023-02-22,2023,2,2,2,NULL,NULL,Stable,1,5,NULL,NULL,Stable,2,NULL,NULL,Stable,2.9,Employee At-Risk,1,1006
1306,Dane Barton,2022-11-12,2022,11,1,1,NULL,NULL,Stable,1,3,NULL,NULL,Stable,5,NULL,NULL,Stable,2.4,Employee At-Risk,1,1108
1307,Dexter Cline,2022-11-18,2022,11,1,1,NULL,NULL,Stable,1,5,NULL,NULL,Stable,1,NULL,NULL,Stable,2.2,Employee At-Risk,1,1102
1308,Atticus Frost,2022-08-28,2022,8,4,4,NULL,NULL,Stable,0,5,NULL,NULL,Stable,2,NULL,NULL,Stable,3.9,Needs monitoring,0,1184
1309,Yamilet Cohen,2022-09-07,2022,9,1,1,NULL,NULL,Stable,1,1,NULL,NULL,Stable,3,NULL,NULL,Stable,1.4,Employee At-Risk,1,1174
1310,Emmalee Reynolds,2023-04-24,2023,4,3,3,NULL,NULL,Stable,0,4,NULL,NULL,Stable,3,NULL,NULL,Stable,3.3,Needs monitoring,0,945
1311,Moshe Taylor,2023-03-09,2023,3,5,5,NULL,NULL,Stable,0,2,NULL,NULL,Stable,3,NULL,NULL,Stable,3.7,Needs monitoring,0,991
1312,Irene Melton,2022-09-25,2022,9,2,2,NULL,NULL,Stable,1,5,NULL,NULL,Stable,2,NULL,NULL,Stable,2.9,Employee At-Risk,1,1156
1313,Eddie Whitney,2023-07-18,2023,7,5,5,NULL,NULL,Stable,0,4,NULL,NULL,Stable,1,NULL,NULL,Stable,3.9,Needs monitoring,0,860
1314,Marcel Gomez,2023-03-28,2023,3,5,5,NULL,NULL,Stable,0,5,NULL,NULL,Stable,3,NULL,NULL,Stable,4.6,Employee is engaged,0,972
1315,Amy Foster-Baker,2022-11-29,2022,11,5,5,NULL,NULL,Stable,0,1,NULL,NULL,Stable,1,NULL,NULL,Stable,3,Needs monitoring,0,1091
1316,Janet King,2023-07-20,2023,7,3,3,NULL,NULL,Stable,0,4,NULL,NULL,Stable,3,NULL,NULL,Stable,3.3,Needs monitoring,0,858
1317,Bonalyn Boutwell,2023-05-05,2023,5,4,4,NULL,NULL,Stable,0,2,NULL,NULL,Stable,2,NULL,NULL,Stable,3,Needs monitoring,0,934
1318,Nan Singh,2023-05-21,2023,5,5,5,NULL,NULL,Stable,0,4,NULL,NULL,Stable,2,NULL,NULL,Stable,4.1,Employee is engaged,0,918
1319,Tyrone Steans,2023-06-14,2023,6,4,4,NULL,NULL,Stable,0,2,NULL,NULL,Stable,5,NULL,NULL,Stable,3.6,Needs monitoring,0,894
1320,Estelle Howard,2023-01-12,2023,1,5,5,NULL,NULL,Stable,0,1,NULL,NULL,Stable,5,NULL,NULL,Stable,3.8,Needs monitoring,0,1047
1321,William LaRotonda,2023-04-30,2023,4,1,1,NULL,NULL,Stable,1,5,NULL,NULL,Stable,5,NULL,NULL,Stable,3,Needs monitoring,0,939
1322,Mia Brown,2023-01-17,2023,1,1,1,NULL,NULL,Stable,1,5,NULL,NULL,Stable,2,NULL,NULL,Stable,2.4,Employee At-Risk,1,1042
1323,Leigh Ann Smith,2023-05-02,2023,5,5,5,NULL,NULL,Stable,0,1,NULL,NULL,Stable,5,NULL,NULL,Stable,3.8,Needs monitoring,0,937
1324,Peter Foley,2022-11-16,2022,11,5,5,NULL,NULL,Stable,0,3,NULL,NULL,Stable,3,NULL,NULL,Stable,4,Employee is engaged,0,1104
1325,Maximus Carney,2022-12-17,2022,12,1,1,NULL,NULL,Stable,1,5,NULL,NULL,Stable,3,NULL,NULL,Stable,2.6,Employee At-Risk,1,1073
1326,Jaida Sweeney,2023-03-04,2023,3,5,5,NULL,NULL,Stable,0,3,NULL,NULL,Stable,1,NULL,NULL,Stable,3.6,Needs monitoring,0,996
1327,Rhys Lawson,2023-03-23,2023,3,5,5,NULL,NULL,Stable,0,3,NULL,NULL,Stable,4,NULL,NULL,Stable,4.2,Employee is engaged,0,977
1328,Skyler Robles,2022-11-07,2022,11,1,1,NULL,NULL,Stable,1,4,NULL,NULL,Stable,3,NULL,NULL,Stable,2.3,Employee At-Risk,1,1113
1329,Allyson Keller,2023-05-23,2023,5,3,3,NULL,NULL,Stable,0,2,NULL,NULL,Stable,5,NULL,NULL,Stable,3.1,Needs monitoring,0,916
1330,Eddie Bauer,2022-09-25,2022,9,3,3,NULL,NULL,Stable,0,5,NULL,NULL,Stable,2,NULL,NULL,Stable,3.4,Needs monitoring,0,1156
1331,Roger Taylor,2023-05-16,2023,5,3,3,NULL,NULL,Stable,0,2,NULL,NULL,Stable,5,NULL,NULL,Stable,3.1,Needs monitoring,0,923
1332,Marshall Sellers,2023-04-13,2023,4,1,1,NULL,NULL,Stable,1,2,NULL,NULL,Stable,5,NULL,NULL,Stable,2.1,Employee At-Risk,1,956
1333,Cloe Mcgrath,2023-01-29,2023,1,3,3,NULL,NULL,Stable,0,4,NULL,NULL,Stable,5,NULL,NULL,Stable,3.7,Needs monitoring,0,1030
1334,Susan Gordon,2022-12-21,2022,12,1,1,NULL,NULL,Stable,1,3,NULL,NULL,Stable,1,NULL,NULL,Stable,1.6,Employee At-Risk,1,1069
1335,Makenna Newton,2022-10-09,2022,10,4,4,NULL,NULL,Stable,0,5,NULL,NULL,Stable,5,NULL,NULL,Stable,4.5,Employee is engaged,0,1142
1336,Kellen Smith,2023-03-09,2023,3,5,5,NULL,NULL,Stable,0,1,NULL,NULL,Stable,4,NULL,NULL,Stable,3.6,Needs monitoring,0,991
1337,Sherlyn Carroll,2022-11-01,2022,11,3,3,NULL,NULL,Stable,0,3,NULL,NULL,Stable,4,NULL,NULL,Stable,3.2,Needs monitoring,0,1119
1338,Rogelio Flores,2022-10-20,2022,10,1,1,NULL,NULL,Stable,1,1,NULL,NULL,Stable,1,NULL,NULL,Stable,1,Employee At-Risk,1,1131
1339,Kadence Gentry,2022-12-02,2022,12,1,1,NULL,NULL,Stable,1,3,NULL,NULL,Stable,2,NULL,NULL,Stable,1.8,Employee At-Risk,1,1088
1340,Willow Golden,2023-05-28,2023,5,5,5,NULL,NULL,Stable,0,4,NULL,NULL,Stable,4,NULL,NULL,Stable,4.5,Employee is engaged,0,911
1341,Amiyah Sims,2023-05-15,2023,5,1,1,NULL,NULL,Stable,1,3,NULL,NULL,Stable,4,NULL,NULL,Stable,2.2,Employee At-Risk,1,924
1342,Jeffery Hogan,2022-12-20,2022,12,3,3,NULL,NULL,Stable,0,2,NULL,NULL,Stable,2,NULL,NULL,Stable,2.5,Employee At-Risk,1,1070
1343,Shaniya Hamilton,2022-09-07,2022,9,1,1,NULL,NULL,Stable,1,2,NULL,NULL,Stable,3,NULL,NULL,Stable,1.7,Employee At-Risk,1,1174
1344,Johan Willis,2022-08-23,2022,8,1,1,NULL,NULL,Stable,1,4,NULL,NULL,Stable,5,NULL,NULL,Stable,2.7,Employee At-Risk,1,1189
1345,Seth Alvarez,2022-08-28,2022,8,2,2,NULL,NULL,Stable,1,4,NULL,NULL,Stable,4,NULL,NULL,Stable,3,Needs monitoring,0,1184
1346,Aron Grant,2023-04-28,2023,4,4,4,NULL,NULL,Stable,0,2,NULL,NULL,Stable,3,NULL,NULL,Stable,3.2,Needs monitoring,0,941
1347,Haleigh Carter,2023-02-28,2023,2,4,4,NULL,NULL,Stable,0,3,NULL,NULL,Stable,1,NULL,NULL,Stable,3.1,Needs monitoring,0,1000
1348,Tatiana Ayala,2022-11-01,2022,11,2,2,NULL,NULL,Stable,1,2,NULL,NULL,Stable,4,NULL,NULL,Stable,2.4,Employee At-Risk,1,1119
1349,Kaylynn Mcguire,2023-04-21,2023,4,1,1,NULL,NULL,Stable,1,2,NULL,NULL,Stable,3,NULL,NULL,Stable,1.7,Employee At-Risk,1,948
1350,Timothy Villarreal,2023-03-05,2023,3,3,3,NULL,NULL,Stable,0,4,NULL,NULL,Stable,5,NULL,NULL,Stable,3.7,Needs monitoring,0,995
1351,Elliott Petersen,2023-01-18,2023,1,4,4,NULL,NULL,Stable,0,1,NULL,NULL,Stable,5,NULL,NULL,Stable,3.3,Needs monitoring,0,1041
1352,Lily Tyler,2023-06-03,2023,6,4,4,NULL,NULL,Stable,0,2,NULL,NULL,Stable,1,NULL,NULL,Stable,2.8,Employee At-Risk,1,905
1353,Noe Mann,2022-10-11,2022,10,5,5,NULL,NULL,Stable,0,1,NULL,NULL,Stable,5,NULL,NULL,Stable,3.8,Needs monitoring,0,1140
1354,Christina Terry,2023-06-21,2023,6,4,4,NULL,NULL,Stable,0,4,NULL,NULL,Stable,2,NULL,NULL,Stable,3.6,Needs monitoring,0,887
1355,Niko Durham,2023-01-28,2023,1,2,2,NULL,NULL,Stable,1,2,NULL,NULL,Stable,3,NULL,NULL,Stable,2.2,Employee At-Risk,1,1031
1356,Dante Strong,2022-08-14,2022,8,1,1,NULL,NULL,Stable,1,1,NULL,NULL,Stable,1,NULL,NULL,Stable,1,Employee At-Risk,1,1198
1357,Angeline Perez,2023-01-30,2023,1,1,1,NULL,NULL,Stable,1,4,NULL,NULL,Stable,3,NULL,NULL,Stable,2.3,Employee At-Risk,1,1029
1358,Jairo Blanchard,2023-02-25,2023,2,1,1,NULL,NULL,Stable,1,2,NULL,NULL,Stable,5,NULL,NULL,Stable,2.1,Employee At-Risk,1,1003
1359,Rishi Watkins,2023-01-09,2023,1,4,4,NULL,NULL,Stable,0,5,NULL,NULL,Stable,1,NULL,NULL,Stable,3.7,Needs monitoring,0,1050
1360,Immanuel Goodwin,2023-03-31,2023,3,5,5,NULL,NULL,Stable,0,2,NULL,NULL,Stable,1,NULL,NULL,Stable,3.3,Needs monitoring,0,969
1361,Elle Berry,2023-03-30,2023,3,1,1,NULL,NULL,Stable,1,3,NULL,NULL,Stable,2,NULL,NULL,Stable,1.8,Employee At-Risk,1,970
1362,Raphael Francis,2023-01-11,2023,1,5,5,NULL,NULL,Stable,0,2,NULL,NULL,Stable,5,NULL,NULL,Stable,4.1,Employee is engaged,0,1048
1363,Hadley Barrett,2023-06-19,2023,6,5,5,NULL,NULL,Stable,0,2,NULL,NULL,Stable,2,NULL,NULL,Stable,3.5,Needs monitoring,0,889
1364,Mollie Jenkins,2023-05-03,2023,5,2,2,NULL,NULL,Stable,1,2,NULL,NULL,Stable,4,NULL,NULL,Stable,2.4,Employee At-Risk,1,936
1365,Cali Nolan,2022-10-08,2022,10,5,5,NULL,NULL,Stable,0,1,NULL,NULL,Stable,2,NULL,NULL,Stable,3.2,Needs monitoring,0,1143
1366,Malik Crane,2022-08-17,2022,8,1,1,NULL,NULL,Stable,1,4,NULL,NULL,Stable,2,NULL,NULL,Stable,2.1,Employee At-Risk,1,1195
1367,Bryce Higgins,2023-07-20,2023,7,1,1,NULL,NULL,Stable,1,4,NULL,NULL,Stable,3,NULL,NULL,Stable,2.3,Employee At-Risk,1,858
1368,Beatrice Bean,2022-10-04,2022,10,2,2,NULL,NULL,Stable,1,2,NULL,NULL,Stable,2,NULL,NULL,Stable,2,Employee At-Risk,1,1147
1369,Shea Novak,2023-03-08,2023,3,2,2,NULL,NULL,Stable,1,4,NULL,NULL,Stable,3,NULL,NULL,Stable,2.8,Employee At-Risk,1,992
1370,Mateo Mcdaniel,2023-07-19,2023,7,1,1,NULL,NULL,Stable,1,2,NULL,NULL,Stable,1,NULL,NULL,Stable,1.3,Employee At-Risk,1,859
1371,Arianna Carlson,2023-05-19,2023,5,1,1,NULL,NULL,Stable,1,1,NULL,NULL,Stable,2,NULL,NULL,Stable,1.2,Employee At-Risk,1,920
1372,Frankie Davenport,2023-07-30,2023,7,3,3,NULL,NULL,Stable,0,1,NULL,NULL,Stable,4,NULL,NULL,Stable,2.6,Employee At-Risk,1,848
1373,Morgan Hammond,2023-06-12,2023,6,1,1,NULL,NULL,Stable,1,2,NULL,NULL,Stable,5,NULL,NULL,Stable,2.1,Employee At-Risk,1,896
1374,Judith Mccullough,2023-02-08,2023,2,5,5,NULL,NULL,Stable,0,5,NULL,NULL,Stable,4,NULL,NULL,Stable,4.8,Employee is engaged,0,1020
1375,Luca Francis,2022-09-28,2022,9,1,1,NULL,NULL,Stable,1,3,NULL,NULL,Stable,2,NULL,NULL,Stable,1.8,Employee At-Risk,1,1153
1376,Mallory Figueroa,2023-06-12,2023,6,4,4,NULL,NULL,Stable,0,3,NULL,NULL,Stable,5,NULL,NULL,Stable,3.9,Needs monitoring,0,896
1377,Larissa Douglas,2023-03-05,2023,3,5,5,NULL,NULL,Stable,0,5,NULL,NULL,Stable,4,NULL,NULL,Stable,4.8,Employee is engaged,0,995
1378,Konnor Rivas,2023-02-03,2023,2,1,1,NULL,NULL,Stable,1,4,NULL,NULL,Stable,5,NULL,NULL,Stable,2.7,Employee At-Risk,1,1025
1379,Fernanda Yu,2023-02-28,2023,2,5,5,NULL,NULL,Stable,0,2,NULL,NULL,Stable,5,NULL,NULL,Stable,4.1,Employee is engaged,0,1000
1380,Solomon Paul,2022-12-27,2022,12,1,1,NULL,NULL,Stable,1,1,NULL,NULL,Stable,2,NULL,NULL,Stable,1.2,Employee At-Risk,1,1063
1381,Emiliano Young,2023-07-10,2023,7,2,2,NULL,NULL,Stable,1,2,NULL,NULL,Stable,1,NULL,NULL,Stable,1.8,Employee At-Risk,1,868
1382,Mason Ellis,2022-11-30,2022,11,2,2,NULL,NULL,Stable,1,1,NULL,NULL,Stable,1,NULL,NULL,Stable,1.5,Employee At-Risk,1,1090
1383,Athena Moore,2022-09-02,2022,9,4,4,NULL,NULL,Stable,0,1,NULL,NULL,Stable,5,NULL,NULL,Stable,3.3,Needs monitoring,0,1179
1384,Karla Farrell,2023-05-05,2023,5,2,2,NULL,NULL,Stable,1,3,NULL,NULL,Stable,4,NULL,NULL,Stable,2.7,Employee At-Risk,1,934
1385,Anderson Meadows,2022-09-11,2022,9,3,3,NULL,NULL,Stable,0,1,NULL,NULL,Stable,3,NULL,NULL,Stable,2.4,Employee At-Risk,1,1170
1386,Jacey Braun,2023-03-18,2023,3,2,2,NULL,NULL,Stable,1,4,NULL,NULL,Stable,5,NULL,NULL,Stable,3.2,Needs monitoring,0,982
1387,Nathan Kline,2023-03-29,2023,3,5,5,NULL,NULL,Stable,0,1,NULL,NULL,Stable,2,NULL,NULL,Stable,3.2,Needs monitoring,0,971
1388,Gabriella Benitez,2023-07-15,2023,7,5,5,NULL,NULL,Stable,0,2,NULL,NULL,Stable,4,NULL,NULL,Stable,3.9,Needs monitoring,0,863
1389,Juan Gonzalez,2023-02-25,2023,2,4,4,NULL,NULL,Stable,0,4,NULL,NULL,Stable,3,NULL,NULL,Stable,3.8,Needs monitoring,0,1003
1390,Cayo Gonzalez,2023-01-23,2023,1,2,2,NULL,NULL,Stable,1,3,NULL,NULL,Stable,4,NULL,NULL,Stable,2.7,Employee At-Risk,1,1036
1391,Taylor Sparks,2022-08-11,2022,8,4,4,NULL,NULL,Stable,0,1,NULL,NULL,Stable,1,NULL,NULL,Stable,2.5,Employee At-Risk,1,1201
1392,Jeanette Tippett,2022-09-19,2022,9,4,4,NULL,NULL,Stable,0,4,NULL,NULL,Stable,3,NULL,NULL,Stable,3.8,Needs monitoring,0,1162
1393,Rose Ivey,2023-06-17,2023,6,4,4,NULL,NULL,Stable,0,4,NULL,NULL,Stable,4,NULL,NULL,Stable,4,Employee is engaged,0,891
1394,Elijian Clukey,2023-07-07,2023,7,1,1,NULL,NULL,Stable,1,2,NULL,NULL,Stable,2,NULL,NULL,Stable,1.5,Employee At-Risk,1,871
1395,Jordan Winthrop,2023-05-31,2023,5,4,4,NULL,NULL,Stable,0,1,NULL,NULL,Stable,2,NULL,NULL,Stable,2.7,Employee At-Risk,1,908
1396,Shari Ngodup,2023-07-07,2023,7,2,2,NULL,NULL,Stable,1,1,NULL,NULL,Stable,3,NULL,NULL,Stable,1.9,Employee At-Risk,1,871
1397,John Kretschmer,2023-03-31,2023,3,3,3,NULL,NULL,Stable,0,2,NULL,NULL,Stable,3,NULL,NULL,Stable,2.7,Employee At-Risk,1,969
1398,Debbie Mangal,2023-04-07,2023,4,1,1,NULL,NULL,Stable,1,1,NULL,NULL,Stable,1,NULL,NULL,Stable,1,Employee At-Risk,1,962
1399,Helen Billis,2023-03-07,2023,3,1,1,NULL,NULL,Stable,1,4,NULL,NULL,Stable,4,NULL,NULL,Stable,2.5,Employee At-Risk,1,993
1400,Yen Johnston,2023-05-17,2023,5,2,2,NULL,NULL,Stable,1,3,NULL,NULL,Stable,3,NULL,NULL,Stable,2.5,Employee At-Risk,1,922
1401,Hong Pham,2022-11-04,2022,11,2,2,NULL,NULL,Stable,1,5,NULL,NULL,Stable,3,NULL,NULL,Stable,3.1,Needs monitoring,0,1116
1402,Linda Bachiochi,2023-07-13,2023,7,2,2,NULL,NULL,Stable,1,4,NULL,NULL,Stable,4,NULL,NULL,Stable,3,Needs monitoring,0,865
1403,Lily DiNocco,2022-12-25,2022,12,1,1,NULL,NULL,Stable,1,3,NULL,NULL,Stable,2,NULL,NULL,Stable,1.8,Employee At-Risk,1,1065
1404,Ned Miller,2023-02-18,2023,2,1,1,NULL,NULL,Stable,1,2,NULL,NULL,Stable,2,NULL,NULL,Stable,1.5,Employee At-Risk,1,1010
1405,Shana Petingill,2023-04-29,2023,4,3,3,NULL,NULL,Stable,0,3,NULL,NULL,Stable,3,NULL,NULL,Stable,3,Needs monitoring,0,940
1406,Jennifer Cloninger,2023-05-15,2023,5,4,4,NULL,NULL,Stable,0,1,NULL,NULL,Stable,5,NULL,NULL,Stable,3.3,Needs monitoring,0,924
1407,Elias Robinson,2023-02-16,2023,2,3,3,NULL,NULL,Stable,0,3,NULL,NULL,Stable,1,NULL,NULL,Stable,2.6,Employee At-Risk,1,1012
1408,Libby Fidelia,2023-06-07,2023,6,3,3,NULL,NULL,Stable,0,3,NULL,NULL,Stable,3,NULL,NULL,Stable,3,Needs monitoring,0,901
1409,Catherine Ybarra,2023-05-17,2023,5,2,2,NULL,NULL,Stable,1,2,NULL,NULL,Stable,1,NULL,NULL,Stable,1.8,Employee At-Risk,1,922
1410,Ashanti Price,2023-04-02,2023,4,2,2,NULL,NULL,Stable,1,2,NULL,NULL,Stable,4,NULL,NULL,Stable,2.4,Employee At-Risk,1,967
1411,Makenna Rojas,2023-06-25,2023,6,5,5,NULL,NULL,Stable,0,4,NULL,NULL,Stable,5,NULL,NULL,Stable,4.7,Employee is engaged,0,883
1412,Rory Stone,2023-06-16,2023,6,4,4,NULL,NULL,Stable,0,3,NULL,NULL,Stable,5,NULL,NULL,Stable,3.9,Needs monitoring,0,892
1413,Ann Montgomery,2022-10-31,2022,10,4,4,NULL,NULL,Stable,0,3,NULL,NULL,Stable,2,NULL,NULL,Stable,3.3,Needs monitoring,0,1120
1414,Erin Holder,2022-08-13,2022,8,1,1,NULL,NULL,Stable,1,4,NULL,NULL,Stable,4,NULL,NULL,Stable,2.5,Employee At-Risk,1,1199
1415,Aubrey Kim,2022-09-16,2022,9,2,2,NULL,NULL,Stable,1,2,NULL,NULL,Stable,1,NULL,NULL,Stable,1.8,Employee At-Risk,1,1165
1416,Edward Love,2023-05-11,2023,5,5,5,NULL,NULL,Stable,0,4,NULL,NULL,Stable,3,NULL,NULL,Stable,4.3,Employee is engaged,0,928
1417,Paisley Avery,2022-12-31,2022,12,3,3,NULL,NULL,Stable,0,5,NULL,NULL,Stable,2,NULL,NULL,Stable,3.4,Needs monitoring,0,1059
1418,Kaiden Leblanc,2022-11-25,2022,11,2,2,NULL,NULL,Stable,1,1,NULL,NULL,Stable,3,NULL,NULL,Stable,1.9,Employee At-Risk,1,1095
1419,Shania Bauer,2023-02-11,2023,2,4,4,NULL,NULL,Stable,0,2,NULL,NULL,Stable,1,NULL,NULL,Stable,2.8,Employee At-Risk,1,1017
1420,Danna Hines,2023-06-12,2023,6,1,1,NULL,NULL,Stable,1,2,NULL,NULL,Stable,4,NULL,NULL,Stable,1.9,Employee At-Risk,1,896
1421,Bennett Bowen,2022-09-03,2022,9,3,3,NULL,NULL,Stable,0,5,NULL,NULL,Stable,5,NULL,NULL,Stable,4,Employee is engaged,0,1178
1422,Gianna Lopez,2023-04-10,2023,4,1,1,NULL,NULL,Stable,1,5,NULL,NULL,Stable,2,NULL,NULL,Stable,2.4,Employee At-Risk,1,959
1423,Azaria Young,2023-03-23,2023,3,2,2,NULL,NULL,Stable,1,5,NULL,NULL,Stable,5,NULL,NULL,Stable,3.5,Needs monitoring,0,977
1424,Aydin Bautista,2022-09-03,2022,9,4,4,NULL,NULL,Stable,0,4,NULL,NULL,Stable,5,NULL,NULL,Stable,4.2,Employee is engaged,0,1178
1425,Antoine Schaefer,2022-09-06,2022,9,2,2,NULL,NULL,Stable,1,3,NULL,NULL,Stable,1,NULL,NULL,Stable,2.1,Employee At-Risk,1,1175
1426,Milagros Cobb,2023-07-11,2023,7,4,4,NULL,NULL,Stable,0,5,NULL,NULL,Stable,5,NULL,NULL,Stable,4.5,Employee is engaged,0,867
1427,Jean Duffy,2023-02-09,2023,2,1,1,NULL,NULL,Stable,1,2,NULL,NULL,Stable,3,NULL,NULL,Stable,1.7,Employee At-Risk,1,1019
1428,Campbell Doyle,2023-06-04,2023,6,3,3,NULL,NULL,Stable,0,5,NULL,NULL,Stable,2,NULL,NULL,Stable,3.4,Needs monitoring,0,904
1429,Deven Vincent,2023-03-23,2023,3,1,1,NULL,NULL,Stable,1,4,NULL,NULL,Stable,3,NULL,NULL,Stable,2.3,Employee At-Risk,1,977
1430,Evangeline Downs,2022-09-15,2022,9,2,2,NULL,NULL,Stable,1,2,NULL,NULL,Stable,2,NULL,NULL,Stable,2,Employee At-Risk,1,1166
1431,Kaley Ali,2022-10-28,2022,10,2,2,NULL,NULL,Stable,1,1,NULL,NULL,Stable,1,NULL,NULL,Stable,1.5,Employee At-Risk,1,1123
1432,Madeline Bernard,2022-10-13,2022,10,4,4,NULL,NULL,Stable,0,3,NULL,NULL,Stable,4,NULL,NULL,Stable,3.7,Needs monitoring,0,1138
1433,Alijah Singh,2022-08-06,2022,8,5,5,NULL,NULL,Stable,0,1,NULL,NULL,Stable,3,NULL,NULL,Stable,3.4,Needs monitoring,0,1206
1434,Ayla Roberts,2022-10-21,2022,10,1,1,NULL,NULL,Stable,1,2,NULL,NULL,Stable,3,NULL,NULL,Stable,1.7,Employee At-Risk,1,1130
1435,Isai Mcfarland,2023-03-23,2023,3,4,4,NULL,NULL,Stable,0,2,NULL,NULL,Stable,3,NULL,NULL,Stable,3.2,Needs monitoring,0,977
1436,Brent Dominguez,2023-07-09,2023,7,1,1,NULL,NULL,Stable,1,2,NULL,NULL,Stable,2,NULL,NULL,Stable,1.5,Employee At-Risk,1,869
1437,Lorena Graves,2023-01-06,2023,1,4,4,NULL,NULL,Stable,0,5,NULL,NULL,Stable,5,NULL,NULL,Stable,4.5,Employee is engaged,0,1053
1438,Lucian Mora,2023-01-21,2023,1,1,1,NULL,NULL,Stable,1,4,NULL,NULL,Stable,1,NULL,NULL,Stable,1.9,Employee At-Risk,1,1038
1439,Dangelo Gould,2022-11-29,2022,11,3,3,NULL,NULL,Stable,0,1,NULL,NULL,Stable,3,NULL,NULL,Stable,2.4,Employee At-Risk,1,1091
1440,Humberto Horn,2022-11-02,2022,11,3,3,NULL,NULL,Stable,0,1,NULL,NULL,Stable,4,NULL,NULL,Stable,2.6,Employee At-Risk,1,1118
1441,Miranda Chavez,2023-04-07,2023,4,1,1,NULL,NULL,Stable,1,1,NULL,NULL,Stable,5,NULL,NULL,Stable,1.8,Employee At-Risk,1,962
1442,Makena Mcintosh,2023-01-11,2023,1,2,2,NULL,NULL,Stable,1,4,NULL,NULL,Stable,2,NULL,NULL,Stable,2.6,Employee At-Risk,1,1048
1443,Armani Crawford,2023-06-12,2023,6,5,5,NULL,NULL,Stable,0,2,NULL,NULL,Stable,3,NULL,NULL,Stable,3.7,Needs monitoring,0,896
1444,Eugene Bird,2022-12-21,2022,12,5,5,NULL,NULL,Stable,0,5,NULL,NULL,Stable,3,NULL,NULL,Stable,4.6,Employee is engaged,0,1069
1445,Connor Larsen,2022-11-17,2022,11,2,2,NULL,NULL,Stable,1,2,NULL,NULL,Stable,4,NULL,NULL,Stable,2.4,Employee At-Risk,1,1103
1446,Harley Mccullough,2023-06-15,2023,6,1,1,NULL,NULL,Stable,1,1,NULL,NULL,Stable,5,NULL,NULL,Stable,1.8,Employee At-Risk,1,893
1447,Lucian Montoya,2022-08-17,2022,8,4,4,NULL,NULL,Stable,0,4,NULL,NULL,Stable,1,NULL,NULL,Stable,3.4,Needs monitoring,0,1195
1448,Shiloh Baird,2022-10-23,2022,10,1,1,NULL,NULL,Stable,1,1,NULL,NULL,Stable,3,NULL,NULL,Stable,1.4,Employee At-Risk,1,1128
1449,Tara Alvarado,2022-08-11,2022,8,4,4,NULL,NULL,Stable,0,2,NULL,NULL,Stable,2,NULL,NULL,Stable,3,Needs monitoring,0,1201
1450,Raina Vaughan,2023-04-22,2023,4,5,5,NULL,NULL,Stable,0,1,NULL,NULL,Stable,2,NULL,NULL,Stable,3.2,Needs monitoring,0,947
1451,Sienna Bullock,2022-12-27,2022,12,4,4,NULL,NULL,Stable,0,3,NULL,NULL,Stable,4,NULL,NULL,Stable,3.7,Needs monitoring,0,1063
1452,Tyrese Goodman,2022-08-14,2022,8,4,4,NULL,NULL,Stable,0,4,NULL,NULL,Stable,5,NULL,NULL,Stable,4.2,Employee is engaged,0,1198
1453,Giovanni Landry,2022-09-12,2022,9,1,1,NULL,NULL,Stable,1,5,NULL,NULL,Stable,1,NULL,NULL,Stable,2.2,Employee At-Risk,1,1169
1454,Javon Moses,2023-07-28,2023,7,2,2,NULL,NULL,Stable,1,2,NULL,NULL,Stable,1,NULL,NULL,Stable,1.8,Employee At-Risk,1,850
1455,Alonso Williams,2023-07-04,2023,7,2,2,NULL,NULL,Stable,1,2,NULL,NULL,Stable,4,NULL,NULL,Stable,2.4,Employee At-Risk,1,874
1456,Kamila Rosales,2022-08-31,2022,8,2,2,NULL,NULL,Stable,1,1,NULL,NULL,Stable,5,NULL,NULL,Stable,2.3,Employee At-Risk,1,1181
1457,Jadiel French,2023-07-02,2023,7,2,2,NULL,NULL,Stable,1,1,NULL,NULL,Stable,1,NULL,NULL,Stable,1.5,Employee At-Risk,1,876
1458,Brennan Jefferson,2023-02-06,2023,2,2,2,NULL,NULL,Stable,1,2,NULL,NULL,Stable,4,NULL,NULL,Stable,2.4,Employee At-Risk,1,1022
1459,Noe Glenn,2022-09-10,2022,9,5,5,NULL,NULL,Stable,0,2,NULL,NULL,Stable,5,NULL,NULL,Stable,4.1,Employee is engaged,0,1171
1460,Vaughn Kim,2023-02-23,2023,2,2,2,NULL,NULL,Stable,1,3,NULL,NULL,Stable,1,NULL,NULL,Stable,2.1,Employee At-Risk,1,1005
1461,Anabel Evans,2023-04-09,2023,4,1,1,NULL,NULL,Stable,1,1,NULL,NULL,Stable,2,NULL,NULL,Stable,1.2,Employee At-Risk,1,960
1462,Elisabeth Irwin,2022-08-31,2022,8,4,4,NULL,NULL,Stable,0,5,NULL,NULL,Stable,5,NULL,NULL,Stable,4.5,Employee is engaged,0,1181
1463,Bo Bradford,2023-03-13,2023,3,5,5,NULL,NULL,Stable,0,4,NULL,NULL,Stable,5,NULL,NULL,Stable,4.7,Employee is engaged,0,987
1464,Dustin Beasley,2023-07-04,2023,7,2,2,NULL,NULL,Stable,1,5,NULL,NULL,Stable,1,NULL,NULL,Stable,2.7,Employee At-Risk,1,874
1465,Dean Winters,2023-06-02,2023,6,1,1,NULL,NULL,Stable,1,1,NULL,NULL,Stable,3,NULL,NULL,Stable,1.4,Employee At-Risk,1,906
1466,Chanel Dougherty,2022-12-05,2022,12,1,1,NULL,NULL,Stable,1,4,NULL,NULL,Stable,5,NULL,NULL,Stable,2.7,Employee At-Risk,1,1085
1467,Phoebe Dorsey,2022-08-13,2022,8,3,3,NULL,NULL,Stable,0,4,NULL,NULL,Stable,2,NULL,NULL,Stable,3.1,Needs monitoring,0,1199
1468,Coleman Bridges,2023-04-21,2023,4,3,3,NULL,NULL,Stable,0,1,NULL,NULL,Stable,3,NULL,NULL,Stable,2.4,Employee At-Risk,1,948
1469,Juliet Bautista,2023-02-23,2023,2,4,4,NULL,NULL,Stable,0,2,NULL,NULL,Stable,4,NULL,NULL,Stable,3.4,Needs monitoring,0,1005
1470,Julia Lawrence,2023-03-21,2023,3,1,1,NULL,NULL,Stable,1,4,NULL,NULL,Stable,1,NULL,NULL,Stable,1.9,Employee At-Risk,1,979
1471,Kinley Dean,2022-12-23,2022,12,3,3,NULL,NULL,Stable,0,4,NULL,NULL,Stable,2,NULL,NULL,Stable,3.1,Needs monitoring,0,1067
1472,Karina Mccarthy,2022-09-02,2022,9,2,2,NULL,NULL,Stable,1,4,NULL,NULL,Stable,1,NULL,NULL,Stable,2.4,Employee At-Risk,1,1179
1473,Ruben Kirby,2022-12-11,2022,12,5,5,NULL,NULL,Stable,0,2,NULL,NULL,Stable,1,NULL,NULL,Stable,3.3,Needs monitoring,0,1079
1474,Alexia Hughes,2022-09-22,2022,9,2,2,NULL,NULL,Stable,1,1,NULL,NULL,Stable,3,NULL,NULL,Stable,1.9,Employee At-Risk,1,1159
1475,Miles Gill,2023-07-25,2023,7,2,2,NULL,NULL,Stable,1,3,NULL,NULL,Stable,3,NULL,NULL,Stable,2.5,Employee At-Risk,1,853
1476,Kaden Woodard,2022-12-21,2022,12,1,1,NULL,NULL,Stable,1,4,NULL,NULL,Stable,1,NULL,NULL,Stable,1.9,Employee At-Risk,1,1069
1477,Frida Wilkins,2023-02-24,2023,2,5,5,NULL,NULL,Stable,0,5,NULL,NULL,Stable,3,NULL,NULL,Stable,4.6,Employee is engaged,0,1004
1478,Kamron Doyle,2022-11-22,2022,11,1,1,NULL,NULL,Stable,1,1,NULL,NULL,Stable,3,NULL,NULL,Stable,1.4,Employee At-Risk,1,1098
1479,Blaine Rose,2022-08-23,2022,8,3,3,NULL,NULL,Stable,0,4,NULL,NULL,Stable,2,NULL,NULL,Stable,3.1,Needs monitoring,0,1189
1480,Elena Gilmore,2023-02-16,2023,2,5,5,NULL,NULL,Stable,0,1,NULL,NULL,Stable,4,NULL,NULL,Stable,3.6,Needs monitoring,0,1012
1481,Ashlynn Moses,2023-07-24,2023,7,3,3,NULL,NULL,Stable,0,5,NULL,NULL,Stable,3,NULL,NULL,Stable,3.6,Needs monitoring,0,854
1482,Esmeralda Galvan,2023-04-23,2023,4,1,1,NULL,NULL,Stable,1,1,NULL,NULL,Stable,1,NULL,NULL,Stable,1,Employee At-Risk,1,946
1483,Ignacio Wiley,2022-08-19,2022,8,3,3,NULL,NULL,Stable,0,5,NULL,NULL,Stable,4,NULL,NULL,Stable,3.8,Needs monitoring,0,1193
1484,Lorena Mahoney,2022-12-25,2022,12,5,5,NULL,NULL,Stable,0,2,NULL,NULL,Stable,1,NULL,NULL,Stable,3.3,Needs monitoring,0,1065
1485,Krystal Atkinson,2022-12-14,2022,12,1,1,NULL,NULL,Stable,1,2,NULL,NULL,Stable,1,NULL,NULL,Stable,1.3,Employee At-Risk,1,1076
1486,Soren Merritt,2023-03-05,2023,3,5,5,NULL,NULL,Stable,0,5,NULL,NULL,Stable,2,NULL,NULL,Stable,4.4,Employee is engaged,0,995
1487,Frida Salazar,2023-05-20,2023,5,4,4,NULL,NULL,Stable,0,4,NULL,NULL,Stable,2,NULL,NULL,Stable,3.6,Needs monitoring,0,919
1488,Annie Peters,2023-03-14,2023,3,2,2,NULL,NULL,Stable,1,2,NULL,NULL,Stable,4,NULL,NULL,Stable,2.4,Employee At-Risk,1,986
1489,Zoie Mercado,2022-10-13,2022,10,3,3,NULL,NULL,Stable,0,5,NULL,NULL,Stable,2,NULL,NULL,Stable,3.4,Needs monitoring,0,1138
1490,Joanna Arias,2023-03-06,2023,3,2,2,NULL,NULL,Stable,1,3,NULL,NULL,Stable,4,NULL,NULL,Stable,2.7,Employee At-Risk,1,994
1491,Tristian Wilcox,2023-03-29,2023,3,1,1,NULL,NULL,Stable,1,3,NULL,NULL,Stable,3,NULL,NULL,Stable,2,Employee At-Risk,1,971
1492,Zoey Spence,2023-04-17,2023,4,4,4,NULL,NULL,Stable,0,5,NULL,NULL,Stable,2,NULL,NULL,Stable,3.9,Needs monitoring,0,952
1493,Bradley Barnes,2022-12-06,2022,12,2,2,NULL,NULL,Stable,1,2,NULL,NULL,Stable,4,NULL,NULL,Stable,2.4,Employee At-Risk,1,1084
1494,Juliana Schroeder,2023-05-06,2023,5,5,5,NULL,NULL,Stable,0,5,NULL,NULL,Stable,5,NULL,NULL,Stable,5,Employee is engaged,0,933
1495,Yasmin Warren,2022-12-30,2022,12,3,3,NULL,NULL,Stable,0,3,NULL,NULL,Stable,4,NULL,NULL,Stable,3.2,Needs monitoring,0,1060
1496,Izabella Barron,2023-07-09,2023,7,2,2,NULL,NULL,Stable,1,3,NULL,NULL,Stable,3,NULL,NULL,Stable,2.5,Employee At-Risk,1,869
1497,Victoria Soto,2023-07-29,2023,7,5,5,NULL,NULL,Stable,0,4,NULL,NULL,Stable,5,NULL,NULL,Stable,4.7,Employee is engaged,0,849
1498,Cody Beard,2022-12-28,2022,12,1,1,NULL,NULL,Stable,1,5,NULL,NULL,Stable,3,NULL,NULL,Stable,2.6,Employee At-Risk,1,1062
1499,Abigayle Mccann,2022-11-28,2022,11,4,4,NULL,NULL,Stable,0,2,NULL,NULL,Stable,3,NULL,NULL,Stable,3.2,Needs monitoring,0,1092
1500,Brenden Marks,2023-07-24,2023,7,1,1,NULL,NULL,Stable,1,4,NULL,NULL,Stable,4,NULL,NULL,Stable,2.5,Employee At-Risk,1,854
1501,Jaqueline Gallagher,2023-05-08,2023,5,5,5,NULL,NULL,Stable,0,4,NULL,NULL,Stable,4,NULL,NULL,Stable,4.5,Employee is engaged,0,931
1502,Abagail Banks,2023-06-08,2023,6,5,5,NULL,NULL,Stable,0,3,NULL,NULL,Stable,5,NULL,NULL,Stable,4.4,Employee is engaged,0,900
1503,Nickolas Guzman,2022-10-24,2022,10,2,2,NULL,NULL,Stable,1,2,NULL,NULL,Stable,4,NULL,NULL,Stable,2.4,Employee At-Risk,1,1127
1504,Guillermo Rose,2022-10-23,2022,10,5,5,NULL,NULL,Stable,0,3,NULL,NULL,Stable,2,NULL,NULL,Stable,3.8,Needs monitoring,0,1128
1505,Moises Brock,2022-11-02,2022,11,2,2,NULL,NULL,Stable,1,5,NULL,NULL,Stable,4,NULL,NULL,Stable,3.3,Needs monitoring,0,1118
1506,Hayden Richmond,2023-05-08,2023,5,2,2,NULL,NULL,Stable,1,3,NULL,NULL,Stable,2,NULL,NULL,Stable,2.3,Employee At-Risk,1,931
1507,Evelin Sellers,2023-01-19,2023,1,1,1,NULL,NULL,Stable,1,2,NULL,NULL,Stable,1,NULL,NULL,Stable,1.3,Employee At-Risk,1,1040
1508,Dereon Hayes,2022-10-07,2022,10,4,4,NULL,NULL,Stable,0,3,NULL,NULL,Stable,2,NULL,NULL,Stable,3.3,Needs monitoring,0,1144
1509,Marlee Mathis,2022-09-25,2022,9,5,5,NULL,NULL,Stable,0,1,NULL,NULL,Stable,3,NULL,NULL,Stable,3.4,Needs monitoring,0,1156
1510,Alice House,2023-04-06,2023,4,2,2,NULL,NULL,Stable,1,3,NULL,NULL,Stable,3,NULL,NULL,Stable,2.5,Employee At-Risk,1,963
1511,Jonathon Thompson,2022-09-17,2022,9,2,2,NULL,NULL,Stable,1,3,NULL,NULL,Stable,2,NULL,NULL,Stable,2.3,Employee At-Risk,1,1164
1512,Kendal Abbott,2023-04-18,2023,4,4,4,NULL,NULL,Stable,0,5,NULL,NULL,Stable,2,NULL,NULL,Stable,3.9,Needs monitoring,0,951
1513,Holly Taylor,2022-11-18,2022,11,5,5,NULL,NULL,Stable,0,3,NULL,NULL,Stable,5,NULL,NULL,Stable,4.4,Employee is engaged,0,1102
1514,Hadassah Blackburn,2023-05-08,2023,5,1,1,NULL,NULL,Stable,1,3,NULL,NULL,Stable,2,NULL,NULL,Stable,1.8,Employee At-Risk,1,931
1515,Shaylee Hall,2022-12-14,2022,12,2,2,NULL,NULL,Stable,1,3,NULL,NULL,Stable,1,NULL,NULL,Stable,2.1,Employee At-Risk,1,1076
1516,Richard Nelson,2023-07-16,2023,7,1,1,NULL,NULL,Stable,1,5,NULL,NULL,Stable,3,NULL,NULL,Stable,2.6,Employee At-Risk,1,862
1517,Leyla Davila,2023-01-22,2023,1,4,4,NULL,NULL,Stable,0,5,NULL,NULL,Stable,3,NULL,NULL,Stable,4.1,Employee is engaged,0,1037
1518,Kolten Calhoun,2022-09-28,2022,9,4,4,NULL,NULL,Stable,0,4,NULL,NULL,Stable,2,NULL,NULL,Stable,3.6,Needs monitoring,0,1153
1519,Camille Livingston,2023-02-25,2023,2,1,1,NULL,NULL,Stable,1,3,NULL,NULL,Stable,1,NULL,NULL,Stable,1.6,Employee At-Risk,1,1003
1520,Lilianna Colon,2023-04-05,2023,4,2,2,NULL,NULL,Stable,1,2,NULL,NULL,Stable,5,NULL,NULL,Stable,2.6,Employee At-Risk,1,964
1521,Chaim Patrick,2023-06-11,2023,6,4,4,NULL,NULL,Stable,0,1,NULL,NULL,Stable,3,NULL,NULL,Stable,2.9,Employee At-Risk,1,897
1522,Amara Castillo,2022-12-03,2022,12,3,3,NULL,NULL,Stable,0,4,NULL,NULL,Stable,5,NULL,NULL,Stable,3.7,Needs monitoring,0,1087
1523,Joel Eaton,2022-09-20,2022,9,4,4,NULL,NULL,Stable,0,4,NULL,NULL,Stable,3,NULL,NULL,Stable,3.8,Needs monitoring,0,1161
1524,Priscilla Walters,2023-01-17,2023,1,4,4,NULL,NULL,Stable,0,1,NULL,NULL,Stable,2,NULL,NULL,Stable,2.7,Employee At-Risk,1,1042
1525,Nehemiah Leach,2022-10-29,2022,10,2,2,NULL,NULL,Stable,1,4,NULL,NULL,Stable,1,NULL,NULL,Stable,2.4,Employee At-Risk,1,1122
1526,Ashtyn Huynh,2023-01-20,2023,1,2,2,NULL,NULL,Stable,1,3,NULL,NULL,Stable,3,NULL,NULL,Stable,2.5,Employee At-Risk,1,1039
1527,Tristen Reed,2023-06-02,2023,6,1,1,NULL,NULL,Stable,1,1,NULL,NULL,Stable,3,NULL,NULL,Stable,1.4,Employee At-Risk,1,906
1528,Braedon Chandler,2023-02-25,2023,2,5,5,NULL,NULL,Stable,0,5,NULL,NULL,Stable,2,NULL,NULL,Stable,4.4,Employee is engaged,0,1003
1529,Nikolas Hancock,2023-04-28,2023,4,3,3,NULL,NULL,Stable,0,1,NULL,NULL,Stable,3,NULL,NULL,Stable,2.4,Employee At-Risk,1,941
1530,Demetrius Sanders,2022-10-31,2022,10,1,1,NULL,NULL,Stable,1,2,NULL,NULL,Stable,3,NULL,NULL,Stable,1.7,Employee At-Risk,1,1120
1531,Tiana Perry,2022-08-23,2022,8,5,5,NULL,NULL,Stable,0,5,NULL,NULL,Stable,3,NULL,NULL,Stable,4.6,Employee is engaged,0,1189
1532,Rene Pena,2023-08-04,2023,8,5,5,NULL,NULL,Stable,0,2,NULL,NULL,Stable,2,NULL,NULL,Stable,3.5,Needs monitoring,0,843
1533,Angelo Fox,2023-06-27,2023,6,1,1,NULL,NULL,Stable,1,3,NULL,NULL,Stable,2,NULL,NULL,Stable,1.8,Employee At-Risk,1,881
1534,Ernesto Madden,2022-08-12,2022,8,1,1,NULL,NULL,Stable,1,1,NULL,NULL,Stable,5,NULL,NULL,Stable,1.8,Employee At-Risk,1,1200
1535,Amari Christian,2022-12-08,2022,12,4,4,NULL,NULL,Stable,0,2,NULL,NULL,Stable,1,NULL,NULL,Stable,2.8,Employee At-Risk,1,1082
1536,Lilly Turner,2023-03-19,2023,3,5,5,NULL,NULL,Stable,0,3,NULL,NULL,Stable,5,NULL,NULL,Stable,4.4,Employee is engaged,0,981
1537,Rayne Simpson,2022-08-06,2022,8,5,5,NULL,NULL,Stable,0,2,NULL,NULL,Stable,4,NULL,NULL,Stable,3.9,Needs monitoring,0,1206
1538,Aaron Tapia,2022-11-11,2022,11,2,2,NULL,NULL,Stable,1,4,NULL,NULL,Stable,5,NULL,NULL,Stable,3.2,Needs monitoring,0,1109
1539,Aimee Santana,2023-01-22,2023,1,4,4,NULL,NULL,Stable,0,4,NULL,NULL,Stable,5,NULL,NULL,Stable,4.2,Employee is engaged,0,1037
1540,Raegan Stanton,2023-01-24,2023,1,2,2,NULL,NULL,Stable,1,4,NULL,NULL,Stable,2,NULL,NULL,Stable,2.6,Employee At-Risk,1,1035
1541,Johan Sosa,2022-12-26,2022,12,1,1,NULL,NULL,Stable,1,4,NULL,NULL,Stable,1,NULL,NULL,Stable,1.9,Employee At-Risk,1,1064
1542,Stacy Bonilla,2023-07-31,2023,7,5,5,NULL,NULL,Stable,0,4,NULL,NULL,Stable,4,NULL,NULL,Stable,4.5,Employee is engaged,0,847
1543,Valery Holder,2023-01-07,2023,1,4,4,NULL,NULL,Stable,0,1,NULL,NULL,Stable,1,NULL,NULL,Stable,2.5,Employee At-Risk,1,1052
1544,Skye Cochran,2023-06-20,2023,6,5,5,NULL,NULL,Stable,0,1,NULL,NULL,Stable,5,NULL,NULL,Stable,3.8,Needs monitoring,0,888
1545,Jerimiah Mendez,2022-08-21,2022,8,2,2,NULL,NULL,Stable,1,4,NULL,NULL,Stable,2,NULL,NULL,Stable,2.6,Employee At-Risk,1,1191
1546,Madden Lam,2023-05-26,2023,5,3,3,NULL,NULL,Stable,0,1,NULL,NULL,Stable,5,NULL,NULL,Stable,2.8,Employee At-Risk,1,913
1547,Nicole Stone,2022-09-24,2022,9,4,4,NULL,NULL,Stable,0,4,NULL,NULL,Stable,4,NULL,NULL,Stable,4,Employee is engaged,0,1157
1548,Brice Christian,2023-06-14,2023,6,1,1,NULL,NULL,Stable,1,4,NULL,NULL,Stable,4,NULL,NULL,Stable,2.5,Employee At-Risk,1,894
1549,Sage Potter,2023-07-07,2023,7,2,2,NULL,NULL,Stable,1,3,NULL,NULL,Stable,1,NULL,NULL,Stable,2.1,Employee At-Risk,1,871
1550,Kyle Peck,2023-03-04,2023,3,2,2,NULL,NULL,Stable,1,3,NULL,NULL,Stable,3,NULL,NULL,Stable,2.5,Employee At-Risk,1,996
1551,Zaniyah Roman,2023-07-08,2023,7,4,4,NULL,NULL,Stable,0,4,NULL,NULL,Stable,2,NULL,NULL,Stable,3.6,Needs monitoring,0,870
1552,Katie Gutierrez,2023-05-31,2023,5,3,3,NULL,NULL,Stable,0,2,NULL,NULL,Stable,4,NULL,NULL,Stable,2.9,Employee At-Risk,1,908
1553,Walker Baird,2023-01-12,2023,1,3,3,NULL,NULL,Stable,0,1,NULL,NULL,Stable,5,NULL,NULL,Stable,2.8,Employee At-Risk,1,1047
1554,Zackery Sutton,2023-06-08,2023,6,1,1,NULL,NULL,Stable,1,3,NULL,NULL,Stable,3,NULL,NULL,Stable,2,Employee At-Risk,1,900
1555,Hazel Ponce,2022-12-19,2022,12,5,5,NULL,NULL,Stable,0,1,NULL,NULL,Stable,2,NULL,NULL,Stable,3.2,Needs monitoring,0,1071
1556,Joey Alvarez,2022-10-07,2022,10,4,4,NULL,NULL,Stable,0,5,NULL,NULL,Stable,2,NULL,NULL,Stable,3.9,Needs monitoring,0,1144
1557,Titus Day,2022-08-19,2022,8,4,4,NULL,NULL,Stable,0,1,NULL,NULL,Stable,2,NULL,NULL,Stable,2.7,Employee At-Risk,1,1193
1558,Bella Norris,2022-10-09,2022,10,3,3,NULL,NULL,Stable,0,5,NULL,NULL,Stable,2,NULL,NULL,Stable,3.4,Needs monitoring,0,1142
1559,Braden Ballard,2023-02-04,2023,2,3,3,NULL,NULL,Stable,0,1,NULL,NULL,Stable,3,NULL,NULL,Stable,2.4,Employee At-Risk,1,1024
1560,Aron Graham,2023-01-23,2023,1,1,1,NULL,NULL,Stable,1,2,NULL,NULL,Stable,4,NULL,NULL,Stable,1.9,Employee At-Risk,1,1036
1561,Shamar Cross,2023-04-01,2023,4,5,5,NULL,NULL,Stable,0,1,NULL,NULL,Stable,3,NULL,NULL,Stable,3.4,Needs monitoring,0,968
1562,Kailee Harmon,2023-04-21,2023,4,3,3,NULL,NULL,Stable,0,2,NULL,NULL,Stable,1,NULL,NULL,Stable,2.3,Employee At-Risk,1,948
1563,Alice Kaufman,2023-04-23,2023,4,1,1,NULL,NULL,Stable,1,4,NULL,NULL,Stable,3,NULL,NULL,Stable,2.3,Employee At-Risk,1,946
1564,Cesar House,2022-12-20,2022,12,4,4,NULL,NULL,Stable,0,1,NULL,NULL,Stable,4,NULL,NULL,Stable,3.1,Needs monitoring,0,1070
1565,Guillermo Lynn,2023-06-16,2023,6,5,5,NULL,NULL,Stable,0,4,NULL,NULL,Stable,5,NULL,NULL,Stable,4.7,Employee is engaged,0,892
1566,Myles Hart,2023-07-25,2023,7,1,1,NULL,NULL,Stable,1,4,NULL,NULL,Stable,1,NULL,NULL,Stable,1.9,Employee At-Risk,1,853
1567,Deborah Kline,2023-04-12,2023,4,4,4,NULL,NULL,Stable,0,2,NULL,NULL,Stable,4,NULL,NULL,Stable,3.4,Needs monitoring,0,957
1568,Patricia Pruitt,2022-10-04,2022,10,1,1,NULL,NULL,Stable,1,2,NULL,NULL,Stable,3,NULL,NULL,Stable,1.7,Employee At-Risk,1,1147
1569,Alice Craig,2023-03-08,2023,3,1,1,NULL,NULL,Stable,1,3,NULL,NULL,Stable,1,NULL,NULL,Stable,1.6,Employee At-Risk,1,992
1570,Mariana Copeland,2022-08-07,2022,8,1,1,NULL,NULL,Stable,1,4,NULL,NULL,Stable,5,NULL,NULL,Stable,2.7,Employee At-Risk,1,1205
1571,Nick Merritt,2023-06-04,2023,6,3,3,NULL,NULL,Stable,0,2,NULL,NULL,Stable,4,NULL,NULL,Stable,2.9,Employee At-Risk,1,904
1572,Chance Warner,2022-10-17,2022,10,2,2,NULL,NULL,Stable,1,4,NULL,NULL,Stable,3,NULL,NULL,Stable,2.8,Employee At-Risk,1,1134
1573,Ryann Tapia,2023-06-10,2023,6,1,1,NULL,NULL,Stable,1,1,NULL,NULL,Stable,3,NULL,NULL,Stable,1.4,Employee At-Risk,1,898
1574,Diego Hays,2023-06-10,2023,6,4,4,NULL,NULL,Stable,0,3,NULL,NULL,Stable,2,NULL,NULL,Stable,3.3,Needs monitoring,0,898
1575,Gabriel Adams,2022-11-16,2022,11,2,2,NULL,NULL,Stable,1,3,NULL,NULL,Stable,2,NULL,NULL,Stable,2.3,Employee At-Risk,1,1104
1576,Rohan Mcdowell,2023-05-07,2023,5,5,5,NULL,NULL,Stable,0,2,NULL,NULL,Stable,3,NULL,NULL,Stable,3.7,Needs monitoring,0,932
1577,Sullivan Whitehead,2023-03-29,2023,3,5,5,NULL,NULL,Stable,0,2,NULL,NULL,Stable,1,NULL,NULL,Stable,3.3,Needs monitoring,0,971
1578,Lilliana Randolph,2023-02-03,2023,2,5,5,NULL,NULL,Stable,0,5,NULL,NULL,Stable,1,NULL,NULL,Stable,4.2,Employee is engaged,0,1025
1579,Presley Salazar,2023-04-15,2023,4,1,1,NULL,NULL,Stable,1,3,NULL,NULL,Stable,1,NULL,NULL,Stable,1.6,Employee At-Risk,1,954
1580,Lilianna Lynn,2023-04-23,2023,4,1,1,NULL,NULL,Stable,1,1,NULL,NULL,Stable,5,NULL,NULL,Stable,1.8,Employee At-Risk,1,946
1581,Gerardo Sampson,2022-12-11,2022,12,1,1,NULL,NULL,Stable,1,3,NULL,NULL,Stable,5,NULL,NULL,Stable,2.4,Employee At-Risk,1,1079
1582,Miguel Kim,2022-11-04,2022,11,2,2,NULL,NULL,Stable,1,1,NULL,NULL,Stable,5,NULL,NULL,Stable,2.3,Employee At-Risk,1,1116
1583,Muhammad Mcpherson,2023-06-27,2023,6,3,3,NULL,NULL,Stable,0,3,NULL,NULL,Stable,3,NULL,NULL,Stable,3,Needs monitoring,0,881
1584,Myles Jensen,2023-03-18,2023,3,4,4,NULL,NULL,Stable,0,1,NULL,NULL,Stable,4,NULL,NULL,Stable,3.1,Needs monitoring,0,982
1585,Alessandro Harris,2022-12-23,2022,12,5,5,NULL,NULL,Stable,0,4,NULL,NULL,Stable,4,NULL,NULL,Stable,4.5,Employee is engaged,0,1067
1586,Eugene Reyes,2023-07-16,2023,7,3,3,NULL,NULL,Stable,0,3,NULL,NULL,Stable,4,NULL,NULL,Stable,3.2,Needs monitoring,0,862
1587,Shamar Guzman,2023-06-27,2023,6,4,4,NULL,NULL,Stable,0,5,NULL,NULL,Stable,3,NULL,NULL,Stable,4.1,Employee is engaged,0,881
1588,Mohammed Mcintyre,2023-07-21,2023,7,1,1,NULL,NULL,Stable,1,5,NULL,NULL,Stable,5,NULL,NULL,Stable,3,Needs monitoring,0,857
1589,Travis Morgan,2023-04-26,2023,4,2,2,NULL,NULL,Stable,1,1,NULL,NULL,Stable,1,NULL,NULL,Stable,1.5,Employee At-Risk,1,943
1590,Alessandro Fuller,2023-04-20,2023,4,5,5,NULL,NULL,Stable,0,1,NULL,NULL,Stable,3,NULL,NULL,Stable,3.4,Needs monitoring,0,949
1591,Kamden Ochoa,2023-05-10,2023,5,4,4,NULL,NULL,Stable,0,3,NULL,NULL,Stable,1,NULL,NULL,Stable,3.1,Needs monitoring,0,929
1592,Charlee Wiggins,2023-06-06,2023,6,1,1,NULL,NULL,Stable,1,1,NULL,NULL,Stable,4,NULL,NULL,Stable,1.6,Employee At-Risk,1,902
1593,Natalia Hamilton,2022-10-02,2022,10,1,1,NULL,NULL,Stable,1,4,NULL,NULL,Stable,1,NULL,NULL,Stable,1.9,Employee At-Risk,1,1149
1594,Kierra Boone,2022-12-08,2022,12,1,1,NULL,NULL,Stable,1,1,NULL,NULL,Stable,4,NULL,NULL,Stable,1.6,Employee At-Risk,1,1082
1595,Charlie Ramirez,2023-01-12,2023,1,3,3,NULL,NULL,Stable,0,4,NULL,NULL,Stable,3,NULL,NULL,Stable,3.3,Needs monitoring,0,1047
1596,Chris Johnson,2023-02-10,2023,2,4,4,NULL,NULL,Stable,0,4,NULL,NULL,Stable,1,NULL,NULL,Stable,3.4,Needs monitoring,0,1018
1597,John Bentley,2023-07-23,2023,7,2,2,NULL,NULL,Stable,1,1,NULL,NULL,Stable,4,NULL,NULL,Stable,2.1,Employee At-Risk,1,855
1598,Myla Mcintyre,2023-05-28,2023,5,2,2,NULL,NULL,Stable,1,5,NULL,NULL,Stable,5,NULL,NULL,Stable,3.5,Needs monitoring,0,911
1599,Demarcus Ware,2022-09-13,2022,9,4,4,NULL,NULL,Stable,0,5,NULL,NULL,Stable,2,NULL,NULL,Stable,3.9,Needs monitoring,0,1168
1600,Devon Daniels,2023-04-28,2023,4,5,5,NULL,NULL,Stable,0,3,NULL,NULL,Stable,2,NULL,NULL,Stable,3.8,Needs monitoring,0,941
1601,Odin Heath,2023-01-05,2023,1,4,4,NULL,NULL,Stable,0,2,NULL,NULL,Stable,5,NULL,NULL,Stable,3.6,Needs monitoring,0,1054
1602,Bryanna Mahoney,2023-04-01,2023,4,2,2,NULL,NULL,Stable,1,1,NULL,NULL,Stable,3,NULL,NULL,Stable,1.9,Employee At-Risk,1,968
1603,Ashlynn Thompson,2022-08-31,2022,8,2,2,NULL,NULL,Stable,1,5,NULL,NULL,Stable,1,NULL,NULL,Stable,2.7,Employee At-Risk,1,1181
1604,Ansley Duke,2023-01-28,2023,1,1,1,NULL,NULL,Stable,1,5,NULL,NULL,Stable,1,NULL,NULL,Stable,2.2,Employee At-Risk,1,1031
1605,Izaiah Quinn,2023-05-08,2023,5,2,2,NULL,NULL,Stable,1,3,NULL,NULL,Stable,3,NULL,NULL,Stable,2.5,Employee At-Risk,1,931
1606,Hillary Clements,2023-06-28,2023,6,5,5,NULL,NULL,Stable,0,4,NULL,NULL,Stable,3,NULL,NULL,Stable,4.3,Employee is engaged,0,880
1607,Diana Cameron,2023-03-18,2023,3,3,3,NULL,NULL,Stable,0,5,NULL,NULL,Stable,5,NULL,NULL,Stable,4,Employee is engaged,0,982
1608,Rhianna Allison,2022-12-11,2022,12,2,2,NULL,NULL,Stable,1,4,NULL,NULL,Stable,3,NULL,NULL,Stable,2.8,Employee At-Risk,1,1079
1609,Ramon Watson,2023-04-13,2023,4,5,5,NULL,NULL,Stable,0,5,NULL,NULL,Stable,4,NULL,NULL,Stable,4.8,Employee is engaged,0,956
1610,Raegan Spence,2022-10-23,2022,10,4,4,NULL,NULL,Stable,0,5,NULL,NULL,Stable,5,NULL,NULL,Stable,4.5,Employee is engaged,0,1128
1611,Jacoby Singleton,2023-05-21,2023,5,1,1,NULL,NULL,Stable,1,2,NULL,NULL,Stable,2,NULL,NULL,Stable,1.5,Employee At-Risk,1,918
1612,Kara Yates,2022-12-13,2022,12,5,5,NULL,NULL,Stable,0,5,NULL,NULL,Stable,3,NULL,NULL,Stable,4.6,Employee is engaged,0,1077
1613,Beau Barron,2022-09-07,2022,9,4,4,NULL,NULL,Stable,0,2,NULL,NULL,Stable,1,NULL,NULL,Stable,2.8,Employee At-Risk,1,1174
1614,Giovanna Morton,2023-04-10,2023,4,1,1,NULL,NULL,Stable,1,4,NULL,NULL,Stable,2,NULL,NULL,Stable,2.1,Employee At-Risk,1,959
1615,Braelyn Dominguez,2023-07-27,2023,7,1,1,NULL,NULL,Stable,1,1,NULL,NULL,Stable,3,NULL,NULL,Stable,1.4,Employee At-Risk,1,851
1616,Rhett Andrews,2023-01-29,2023,1,3,3,NULL,NULL,Stable,0,4,NULL,NULL,Stable,1,NULL,NULL,Stable,2.9,Employee At-Risk,1,1030
1617,Terrell Crosby,2023-02-08,2023,2,5,5,NULL,NULL,Stable,0,1,NULL,NULL,Stable,2,NULL,NULL,Stable,3.2,Needs monitoring,0,1020
1618,Corbin Roberson,2022-11-16,2022,11,2,2,NULL,NULL,Stable,1,5,NULL,NULL,Stable,4,NULL,NULL,Stable,3.3,Needs monitoring,0,1104
1619,Micheal Drake,2023-01-05,2023,1,4,4,NULL,NULL,Stable,0,2,NULL,NULL,Stable,2,NULL,NULL,Stable,3,Needs monitoring,0,1054
1620,Evie Mclaughlin,2022-10-30,2022,10,5,5,NULL,NULL,Stable,0,3,NULL,NULL,Stable,2,NULL,NULL,Stable,3.8,Needs monitoring,0,1121
1621,Robert Hubert,2023-05-21,2023,5,4,4,NULL,NULL,Stable,0,1,NULL,NULL,Stable,3,NULL,NULL,Stable,2.9,Employee At-Risk,1,918
1622,Matthew Westinghouse,2023-04-29,2023,4,1,1,NULL,NULL,Stable,1,5,NULL,NULL,Stable,5,NULL,NULL,Stable,3,Needs monitoring,0,940
1623,Jason Smith,2022-12-18,2022,12,1,1,NULL,NULL,Stable,1,2,NULL,NULL,Stable,2,NULL,NULL,Stable,1.5,Employee At-Risk,1,1072
1624,Charlie Wang,2023-07-24,2023,7,5,5,NULL,NULL,Stable,0,1,NULL,NULL,Stable,3,NULL,NULL,Stable,3.4,Needs monitoring,0,854
1625,Kurt Navathe,2022-08-16,2022,8,5,5,NULL,NULL,Stable,0,2,NULL,NULL,Stable,2,NULL,NULL,Stable,3.5,Needs monitoring,0,1196
1626,Katie Roper,2023-01-11,2023,1,3,3,NULL,NULL,Stable,0,4,NULL,NULL,Stable,5,NULL,NULL,Stable,3.7,Needs monitoring,0,1048
1627,Maggie Rachael,2022-08-06,2022,8,4,4,NULL,NULL,Stable,0,4,NULL,NULL,Stable,1,NULL,NULL,Stable,3.4,Needs monitoring,0,1206
1628,Binh Le,2023-04-12,2023,4,4,4,NULL,NULL,Stable,0,4,NULL,NULL,Stable,2,NULL,NULL,Stable,3.6,Needs monitoring,0,957
1629,Lucia Peterson,2022-09-23,2022,9,1,1,NULL,NULL,Stable,1,2,NULL,NULL,Stable,4,NULL,NULL,Stable,1.9,Employee At-Risk,1,1158
1630,Nola Moss,2023-02-25,2023,2,4,4,NULL,NULL,Stable,0,3,NULL,NULL,Stable,2,NULL,NULL,Stable,3.3,Needs monitoring,0,1003
1631,Chance Braun,2023-06-24,2023,6,2,2,NULL,NULL,Stable,1,4,NULL,NULL,Stable,1,NULL,NULL,Stable,2.4,Employee At-Risk,1,884
1632,Alma Pennington,2023-03-12,2023,3,5,5,NULL,NULL,Stable,0,4,NULL,NULL,Stable,4,NULL,NULL,Stable,4.5,Employee is engaged,0,988
1633,Miley French,2022-12-09,2022,12,4,4,NULL,NULL,Stable,0,3,NULL,NULL,Stable,2,NULL,NULL,Stable,3.3,Needs monitoring,0,1081
1634,Kole Levine,2023-01-13,2023,1,2,2,NULL,NULL,Stable,1,3,NULL,NULL,Stable,1,NULL,NULL,Stable,2.1,Employee At-Risk,1,1046
1635,Azul Watkins,2022-12-19,2022,12,4,4,NULL,NULL,Stable,0,4,NULL,NULL,Stable,2,NULL,NULL,Stable,3.6,Needs monitoring,0,1071
1636,Landen Blanchard,2022-10-14,2022,10,4,4,NULL,NULL,Stable,0,5,NULL,NULL,Stable,2,NULL,NULL,Stable,3.9,Needs monitoring,0,1137
1637,Leroy Norman,2022-10-20,2022,10,4,4,NULL,NULL,Stable,0,1,NULL,NULL,Stable,2,NULL,NULL,Stable,2.7,Employee At-Risk,1,1131
1638,Nikhil Pineda,2023-05-08,2023,5,2,2,NULL,NULL,Stable,1,4,NULL,NULL,Stable,5,NULL,NULL,Stable,3.2,Needs monitoring,0,931
1639,Kadence Simon,2022-10-12,2022,10,1,1,NULL,NULL,Stable,1,2,NULL,NULL,Stable,1,NULL,NULL,Stable,1.3,Employee At-Risk,1,1139
1640,Elliot Phillips,2022-12-19,2022,12,2,2,NULL,NULL,Stable,1,4,NULL,NULL,Stable,1,NULL,NULL,Stable,2.4,Employee At-Risk,1,1071
1641,Taniya Daniels,2023-03-18,2023,3,5,5,NULL,NULL,Stable,0,4,NULL,NULL,Stable,4,NULL,NULL,Stable,4.5,Employee is engaged,0,982
1642,Julia Jimenez,2023-04-14,2023,4,3,3,NULL,NULL,Stable,0,2,NULL,NULL,Stable,2,NULL,NULL,Stable,2.5,Employee At-Risk,1,955
1643,Kamden Paul,2022-08-23,2022,8,5,5,NULL,NULL,Stable,0,3,NULL,NULL,Stable,4,NULL,NULL,Stable,4.2,Employee is engaged,0,1189
1644,Octavio Hicks,2023-04-01,2023,4,3,3,NULL,NULL,Stable,0,1,NULL,NULL,Stable,1,NULL,NULL,Stable,2,Employee At-Risk,1,968
1645,Jaidyn Malone,2022-09-26,2022,9,5,5,NULL,NULL,Stable,0,5,NULL,NULL,Stable,5,NULL,NULL,Stable,5,Employee is engaged,0,1155
1646,Cora Perez,2023-01-20,2023,1,2,2,NULL,NULL,Stable,1,2,NULL,NULL,Stable,1,NULL,NULL,Stable,1.8,Employee At-Risk,1,1039
1647,Isis Ayala,2023-02-16,2023,2,4,4,NULL,NULL,Stable,0,2,NULL,NULL,Stable,5,NULL,NULL,Stable,3.6,Needs monitoring,0,1012
1648,Charlee Calhoun,2022-12-16,2022,12,4,4,NULL,NULL,Stable,0,4,NULL,NULL,Stable,5,NULL,NULL,Stable,4.2,Employee is engaged,0,1074
1649,Walter Pruitt,2023-07-28,2023,7,3,3,NULL,NULL,Stable,0,1,NULL,NULL,Stable,2,NULL,NULL,Stable,2.2,Employee At-Risk,1,850
1650,Julie Harrington,2023-03-29,2023,3,5,5,NULL,NULL,Stable,0,1,NULL,NULL,Stable,3,NULL,NULL,Stable,3.4,Needs monitoring,0,971
1651,Amara Wood,2022-11-01,2022,11,4,4,NULL,NULL,Stable,0,4,NULL,NULL,Stable,4,NULL,NULL,Stable,4,Employee is engaged,0,1119
1652,Nevaeh Ponce,2023-06-09,2023,6,1,1,NULL,NULL,Stable,1,4,NULL,NULL,Stable,4,NULL,NULL,Stable,2.5,Employee At-Risk,1,899
1653,Greta Fields,2022-12-02,2022,12,2,2,NULL,NULL,Stable,1,4,NULL,NULL,Stable,5,NULL,NULL,Stable,3.2,Needs monitoring,0,1088
1654,Zackery Hess,2023-06-11,2023,6,2,2,NULL,NULL,Stable,1,3,NULL,NULL,Stable,3,NULL,NULL,Stable,2.5,Employee At-Risk,1,897
1655,Chloe Gould,2022-09-25,2022,9,3,3,NULL,NULL,Stable,0,1,NULL,NULL,Stable,2,NULL,NULL,Stable,2.2,Employee At-Risk,1,1156
1656,Elyse Chandler,2022-09-30,2022,9,1,1,NULL,NULL,Stable,1,4,NULL,NULL,Stable,5,NULL,NULL,Stable,2.7,Employee At-Risk,1,1151
1657,Isaias Briggs,2023-07-29,2023,7,1,1,NULL,NULL,Stable,1,5,NULL,NULL,Stable,1,NULL,NULL,Stable,2.2,Employee At-Risk,1,849
1658,Allison Frank,2022-08-07,2022,8,2,2,NULL,NULL,Stable,1,1,NULL,NULL,Stable,2,NULL,NULL,Stable,1.7,Employee At-Risk,1,1205
1659,Joaquin Hahn,2023-07-11,2023,7,4,4,NULL,NULL,Stable,0,5,NULL,NULL,Stable,5,NULL,NULL,Stable,4.5,Employee is engaged,0,867
1660,Drake Nicholson,2023-06-17,2023,6,5,5,NULL,NULL,Stable,0,5,NULL,NULL,Stable,1,NULL,NULL,Stable,4.2,Employee is engaged,0,891
1661,Kenna Porter,2023-02-25,2023,2,5,5,NULL,NULL,Stable,0,4,NULL,NULL,Stable,4,NULL,NULL,Stable,4.5,Employee is engaged,0,1003
1662,Peter Wong,2023-05-17,2023,5,2,2,NULL,NULL,Stable,1,4,NULL,NULL,Stable,5,NULL,NULL,Stable,3.2,Needs monitoring,0,922
1663,Fatima Pennington,2023-03-10,2023,3,4,4,NULL,NULL,Stable,0,2,NULL,NULL,Stable,4,NULL,NULL,Stable,3.4,Needs monitoring,0,990
1664,Lainey Ayers,2023-02-12,2023,2,2,2,NULL,NULL,Stable,1,1,NULL,NULL,Stable,1,NULL,NULL,Stable,1.5,Employee At-Risk,1,1016
1665,Tania Jennings,2022-08-23,2022,8,4,4,NULL,NULL,Stable,0,2,NULL,NULL,Stable,3,NULL,NULL,Stable,3.2,Needs monitoring,0,1189
1666,Kara Ferrell,2022-08-12,2022,8,3,3,NULL,NULL,Stable,0,3,NULL,NULL,Stable,4,NULL,NULL,Stable,3.2,Needs monitoring,0,1200
1667,George Sheppard,2022-10-24,2022,10,1,1,NULL,NULL,Stable,1,3,NULL,NULL,Stable,5,NULL,NULL,Stable,2.4,Employee At-Risk,1,1127
1668,Taniyah Mcmillan,2022-10-01,2022,10,2,2,NULL,NULL,Stable,1,1,NULL,NULL,Stable,3,NULL,NULL,Stable,1.9,Employee At-Risk,1,1150
1669,Kole Avila,2022-09-13,2022,9,3,3,NULL,NULL,Stable,0,1,NULL,NULL,Stable,2,NULL,NULL,Stable,2.2,Employee At-Risk,1,1168
1670,Ernest Munoz,2022-08-11,2022,8,2,2,NULL,NULL,Stable,1,2,NULL,NULL,Stable,2,NULL,NULL,Stable,2,Employee At-Risk,1,1201
1671,Rose Jordan,2023-07-08,2023,7,5,5,NULL,NULL,Stable,0,3,NULL,NULL,Stable,5,NULL,NULL,Stable,4.4,Employee is engaged,0,870
1672,Amaris Torres,2022-10-08,2022,10,1,1,NULL,NULL,Stable,1,3,NULL,NULL,Stable,4,NULL,NULL,Stable,2.2,Employee At-Risk,1,1143
1673,Titus Lowe,2022-08-19,2022,8,3,3,NULL,NULL,Stable,0,5,NULL,NULL,Stable,5,NULL,NULL,Stable,4,Employee is engaged,0,1193
1674,Savanah Prince,2022-10-04,2022,10,1,1,NULL,NULL,Stable,1,5,NULL,NULL,Stable,5,NULL,NULL,Stable,3,Needs monitoring,0,1147
1675,Dawson Pollard,2023-01-25,2023,1,4,4,NULL,NULL,Stable,0,1,NULL,NULL,Stable,4,NULL,NULL,Stable,3.1,Needs monitoring,0,1034
1676,Moises Day,2023-03-27,2023,3,2,2,NULL,NULL,Stable,1,5,NULL,NULL,Stable,1,NULL,NULL,Stable,2.7,Employee At-Risk,1,973
1677,Sadie Sheppard,2023-03-10,2023,3,5,5,NULL,NULL,Stable,0,4,NULL,NULL,Stable,5,NULL,NULL,Stable,4.7,Employee is engaged,0,990
1678,Soren Coleman,2023-06-21,2023,6,2,2,NULL,NULL,Stable,1,1,NULL,NULL,Stable,1,NULL,NULL,Stable,1.5,Employee At-Risk,1,887
1679,Sage Morris,2023-08-01,2023,8,5,5,NULL,NULL,Stable,0,4,NULL,NULL,Stable,3,NULL,NULL,Stable,4.3,Employee is engaged,0,846
1680,Lillian Steele,2023-03-01,2023,3,5,5,NULL,NULL,Stable,0,4,NULL,NULL,Stable,5,NULL,NULL,Stable,4.7,Employee is engaged,0,999
1681,Deanna Meza,2023-05-30,2023,5,2,2,NULL,NULL,Stable,1,3,NULL,NULL,Stable,4,NULL,NULL,Stable,2.7,Employee At-Risk,1,909
1682,Troy Todd,2023-04-15,2023,4,5,5,NULL,NULL,Stable,0,3,NULL,NULL,Stable,4,NULL,NULL,Stable,4.2,Employee is engaged,0,954
1683,Beckett Shea,2022-12-29,2022,12,2,2,NULL,NULL,Stable,1,4,NULL,NULL,Stable,4,NULL,NULL,Stable,3,Needs monitoring,0,1061
1684,Eve Barker,2022-12-30,2022,12,2,2,NULL,NULL,Stable,1,4,NULL,NULL,Stable,3,NULL,NULL,Stable,2.8,Employee At-Risk,1,1060
1685,Lillie Wilkerson,2023-01-18,2023,1,1,1,NULL,NULL,Stable,1,4,NULL,NULL,Stable,2,NULL,NULL,Stable,2.1,Employee At-Risk,1,1041
1686,Alexis Harrell,2023-02-06,2023,2,2,2,NULL,NULL,Stable,1,4,NULL,NULL,Stable,2,NULL,NULL,Stable,2.6,Employee At-Risk,1,1022
1687,Mylee Snow,2023-08-03,2023,8,3,3,NULL,NULL,Stable,0,4,NULL,NULL,Stable,5,NULL,NULL,Stable,3.7,Needs monitoring,0,844
1688,Elsa Mckenzie,2022-11-12,2022,11,1,1,NULL,NULL,Stable,1,4,NULL,NULL,Stable,5,NULL,NULL,Stable,2.7,Employee At-Risk,1,1108
1689,Kolby Reed,2023-04-26,2023,4,5,5,NULL,NULL,Stable,0,3,NULL,NULL,Stable,5,NULL,NULL,Stable,4.4,Employee is engaged,0,943
1690,Kyler Morales,2022-11-12,2022,11,3,3,NULL,NULL,Stable,0,1,NULL,NULL,Stable,5,NULL,NULL,Stable,2.8,Employee At-Risk,1,1108
1691,Jasiah Walton,2022-11-30,2022,11,3,3,NULL,NULL,Stable,0,1,NULL,NULL,Stable,2,NULL,NULL,Stable,2.2,Employee At-Risk,1,1090
1692,Urijah Brandt,2023-06-25,2023,6,2,2,NULL,NULL,Stable,1,2,NULL,NULL,Stable,1,NULL,NULL,Stable,1.8,Employee At-Risk,1,883
1693,Gianna Pope,2022-12-18,2022,12,3,3,NULL,NULL,Stable,0,5,NULL,NULL,Stable,1,NULL,NULL,Stable,3.2,Needs monitoring,0,1072
1694,Malia Reynolds,2022-08-31,2022,8,3,3,NULL,NULL,Stable,0,5,NULL,NULL,Stable,3,NULL,NULL,Stable,3.6,Needs monitoring,0,1181
1695,Claire Gordon,2023-05-25,2023,5,3,3,NULL,NULL,Stable,0,3,NULL,NULL,Stable,3,NULL,NULL,Stable,3,Needs monitoring,0,914
1696,Joshua Hall,2023-05-27,2023,5,4,4,NULL,NULL,Stable,0,4,NULL,NULL,Stable,1,NULL,NULL,Stable,3.4,Needs monitoring,0,912
1697,Mattie Peters,2022-10-15,2022,10,1,1,NULL,NULL,Stable,1,5,NULL,NULL,Stable,2,NULL,NULL,Stable,2.4,Employee At-Risk,1,1136
1698,Makai Nolan,2023-03-21,2023,3,3,3,NULL,NULL,Stable,0,5,NULL,NULL,Stable,4,NULL,NULL,Stable,3.8,Needs monitoring,0,979
1699,Trevon Briggs,2023-04-25,2023,4,2,2,NULL,NULL,Stable,1,4,NULL,NULL,Stable,3,NULL,NULL,Stable,2.8,Employee At-Risk,1,944
1700,Gretchen Weeks,2023-05-04,2023,5,5,5,NULL,NULL,Stable,0,2,NULL,NULL,Stable,4,NULL,NULL,Stable,3.9,Needs monitoring,0,935
1701,Corey Hurst,2023-04-29,2023,4,5,5,NULL,NULL,Stable,0,3,NULL,NULL,Stable,2,NULL,NULL,Stable,3.8,Needs monitoring,0,940
1702,Alison Pugh,2023-01-20,2023,1,4,4,NULL,NULL,Stable,0,1,NULL,NULL,Stable,2,NULL,NULL,Stable,2.7,Employee At-Risk,1,1039
1703,Kadence Sandoval,2023-02-16,2023,2,1,1,NULL,NULL,Stable,1,1,NULL,NULL,Stable,4,NULL,NULL,Stable,1.6,Employee At-Risk,1,1012
1704,Mckenzie Kim,2023-04-06,2023,4,4,4,NULL,NULL,Stable,0,4,NULL,NULL,Stable,3,NULL,NULL,Stable,3.8,Needs monitoring,0,963
1705,Randall Miller,2023-04-02,2023,4,4,4,NULL,NULL,Stable,0,4,NULL,NULL,Stable,1,NULL,NULL,Stable,3.4,Needs monitoring,0,967
1706,Lailah Hughes,2023-06-19,2023,6,3,3,NULL,NULL,Stable,0,2,NULL,NULL,Stable,5,NULL,NULL,Stable,3.1,Needs monitoring,0,889
1707,Quentin Calderon,2022-10-21,2022,10,5,5,NULL,NULL,Stable,0,4,NULL,NULL,Stable,3,NULL,NULL,Stable,4.3,Employee is engaged,0,1130
1708,Molly Fischer,2023-01-29,2023,1,4,4,NULL,NULL,Stable,0,5,NULL,NULL,Stable,4,NULL,NULL,Stable,4.3,Employee is engaged,0,1030
1709,Anaya Stanton,2023-05-10,2023,5,5,5,NULL,NULL,Stable,0,4,NULL,NULL,Stable,2,NULL,NULL,Stable,4.1,Employee is engaged,0,929
1710,Jaden Houston,2023-07-03,2023,7,1,1,NULL,NULL,Stable,1,2,NULL,NULL,Stable,3,NULL,NULL,Stable,1.7,Employee At-Risk,1,875
1711,Lance Bailey,2023-05-05,2023,5,5,5,NULL,NULL,Stable,0,1,NULL,NULL,Stable,4,NULL,NULL,Stable,3.6,Needs monitoring,0,934
1712,Quintin Hicks,2023-05-12,2023,5,3,3,NULL,NULL,Stable,0,2,NULL,NULL,Stable,3,NULL,NULL,Stable,2.7,Employee At-Risk,1,927
1713,Mauricio Meyers,2022-10-11,2022,10,4,4,NULL,NULL,Stable,0,4,NULL,NULL,Stable,5,NULL,NULL,Stable,4.2,Employee is engaged,0,1140
1714,Tess Reilly,2023-02-27,2023,2,1,1,NULL,NULL,Stable,1,2,NULL,NULL,Stable,3,NULL,NULL,Stable,1.7,Employee At-Risk,1,1001
1715,Reece Callahan,2023-04-16,2023,4,2,2,NULL,NULL,Stable,1,2,NULL,NULL,Stable,5,NULL,NULL,Stable,2.6,Employee At-Risk,1,953
1716,Tyrell Fuentes,2023-01-15,2023,1,2,2,NULL,NULL,Stable,1,1,NULL,NULL,Stable,1,NULL,NULL,Stable,1.5,Employee At-Risk,1,1044
1717,Benjamin Kaufman,2023-03-06,2023,3,4,4,NULL,NULL,Stable,0,2,NULL,NULL,Stable,5,NULL,NULL,Stable,3.6,Needs monitoring,0,994
1718,Ayla Mcgrath,2023-07-19,2023,7,5,5,NULL,NULL,Stable,0,4,NULL,NULL,Stable,5,NULL,NULL,Stable,4.7,Employee is engaged,0,859
1719,Katelyn Stevens,2023-03-29,2023,3,2,2,NULL,NULL,Stable,1,3,NULL,NULL,Stable,1,NULL,NULL,Stable,2.1,Employee At-Risk,1,971
1720,Jaiden Christian,2023-07-10,2023,7,4,4,NULL,NULL,Stable,0,3,NULL,NULL,Stable,2,NULL,NULL,Stable,3.3,Needs monitoring,0,868
1721,Elliott Odonnell,2023-06-30,2023,6,5,5,NULL,NULL,Stable,0,4,NULL,NULL,Stable,4,NULL,NULL,Stable,4.5,Employee is engaged,0,878
1722,Ronnie Dillon,2023-03-16,2023,3,2,2,NULL,NULL,Stable,1,2,NULL,NULL,Stable,4,NULL,NULL,Stable,2.4,Employee At-Risk,1,984
1723,Gideon Saunders,2022-09-16,2022,9,5,5,NULL,NULL,Stable,0,1,NULL,NULL,Stable,5,NULL,NULL,Stable,3.8,Needs monitoring,0,1165
1724,Valerie Davis,2022-09-22,2022,9,4,4,NULL,NULL,Stable,0,2,NULL,NULL,Stable,2,NULL,NULL,Stable,3,Needs monitoring,0,1159
1725,Jamarcus Thomas,2023-04-09,2023,4,2,2,NULL,NULL,Stable,1,4,NULL,NULL,Stable,5,NULL,NULL,Stable,3.2,Needs monitoring,0,960
1726,Alden Powers,2023-06-14,2023,6,3,3,NULL,NULL,Stable,0,5,NULL,NULL,Stable,3,NULL,NULL,Stable,3.6,Needs monitoring,0,894
1727,Haylie Arnold,2022-12-22,2022,12,4,4,NULL,NULL,Stable,0,2,NULL,NULL,Stable,4,NULL,NULL,Stable,3.4,Needs monitoring,0,1068
1728,James Cockel,2023-08-01,2023,8,1,1,NULL,NULL,Stable,1,4,NULL,NULL,Stable,2,NULL,NULL,Stable,2.1,Employee At-Risk,1,846
1729,Donna Brill,2023-02-15,2023,2,1,1,NULL,NULL,Stable,1,1,NULL,NULL,Stable,2,NULL,NULL,Stable,1.2,Employee At-Risk,1,1013
1730,Kristen Squatrito,2023-07-03,2023,7,2,2,NULL,NULL,Stable,1,4,NULL,NULL,Stable,4,NULL,NULL,Stable,3,Needs monitoring,0,875
1731,Erasumus Monkfish,2023-06-23,2023,6,1,1,NULL,NULL,Stable,1,4,NULL,NULL,Stable,1,NULL,NULL,Stable,1.9,Employee At-Risk,1,885
1732,May Roberson,2022-10-24,2022,10,1,1,NULL,NULL,Stable,1,5,NULL,NULL,Stable,4,NULL,NULL,Stable,2.8,Employee At-Risk,1,1127
1733,Shana Maurice,2022-10-26,2022,10,4,4,NULL,NULL,Stable,0,5,NULL,NULL,Stable,3,NULL,NULL,Stable,4.1,Employee is engaged,0,1125
1734,Raul Garcia,2023-04-04,2023,4,4,4,NULL,NULL,Stable,0,1,NULL,NULL,Stable,4,NULL,NULL,Stable,3.1,Needs monitoring,0,965
1735,Rachael Baczenski,2023-05-10,2023,5,4,4,NULL,NULL,Stable,0,4,NULL,NULL,Stable,5,NULL,NULL,Stable,4.2,Employee is engaged,0,929
1736,Enrico Langton,2023-04-21,2023,4,3,3,NULL,NULL,Stable,0,1,NULL,NULL,Stable,3,NULL,NULL,Stable,2.4,Employee At-Risk,1,948
1737,Colleen Zima,2023-03-30,2023,3,4,4,NULL,NULL,Stable,0,5,NULL,NULL,Stable,2,NULL,NULL,Stable,3.9,Needs monitoring,0,970
1738,Phil Close,2022-11-13,2022,11,4,4,NULL,NULL,Stable,0,1,NULL,NULL,Stable,2,NULL,NULL,Stable,2.7,Employee At-Risk,1,1107
1739,Hang T Wolk,2022-10-10,2022,10,2,2,NULL,NULL,Stable,1,5,NULL,NULL,Stable,1,NULL,NULL,Stable,2.7,Employee At-Risk,1,1141
1740,Lei-Ming Nguyen,2022-09-20,2022,9,5,5,NULL,NULL,Stable,0,4,NULL,NULL,Stable,4,NULL,NULL,Stable,4.5,Employee is engaged,0,1161
1741,Denisa S Dobrin,2022-08-22,2022,8,3,3,NULL,NULL,Stable,0,4,NULL,NULL,Stable,2,NULL,NULL,Stable,3.1,Needs monitoring,0,1190
1742,Maryellen Jackson,2023-05-20,2023,5,5,5,NULL,NULL,Stable,0,5,NULL,NULL,Stable,3,NULL,NULL,Stable,4.6,Employee is engaged,0,919
1743,David Gordon,2023-04-20,2023,4,4,4,NULL,NULL,Stable,0,1,NULL,NULL,Stable,5,NULL,NULL,Stable,3.3,Needs monitoring,0,949
1744,Mei Trang,2023-05-02,2023,5,2,2,NULL,NULL,Stable,1,1,NULL,NULL,Stable,4,NULL,NULL,Stable,2.1,Employee At-Risk,1,937
1745,Lindsey Langford,2022-11-14,2022,11,4,4,NULL,NULL,Stable,0,4,NULL,NULL,Stable,3,NULL,NULL,Stable,3.8,Needs monitoring,0,1106
1746,Brad Pitt,2023-06-20,2023,6,4,4,NULL,NULL,Stable,0,3,NULL,NULL,Stable,4,NULL,NULL,Stable,3.7,Needs monitoring,0,888
1747,Susan Good,2023-03-28,2023,3,1,1,NULL,NULL,Stable,1,4,NULL,NULL,Stable,4,NULL,NULL,Stable,2.5,Employee At-Risk,1,972
1748,Ashley Rose,2023-02-12,2023,2,3,3,NULL,NULL,Stable,0,2,NULL,NULL,Stable,4,NULL,NULL,Stable,2.9,Employee At-Risk,1,1016
1749,Kaeden Gonzales,2022-08-05,2022,8,1,1,NULL,NULL,Stable,1,4,NULL,NULL,Stable,5,NULL,NULL,Stable,2.7,Employee At-Risk,1,1207
1750,Alissa Frey,2022-11-13,2022,11,1,1,NULL,NULL,Stable,1,2,NULL,NULL,Stable,5,NULL,NULL,Stable,2.1,Employee At-Risk,1,1107
1751,Presley Steele,2022-08-24,2022,8,4,4,NULL,NULL,Stable,0,4,NULL,NULL,Stable,1,NULL,NULL,Stable,3.4,Needs monitoring,0,1188
1752,Boston Avila,2022-12-11,2022,12,2,2,NULL,NULL,Stable,1,1,NULL,NULL,Stable,2,NULL,NULL,Stable,1.7,Employee At-Risk,1,1079
1753,Rodolfo Michael,2023-05-30,2023,5,5,5,NULL,NULL,Stable,0,3,NULL,NULL,Stable,3,NULL,NULL,Stable,4,Employee is engaged,0,909
1754,Felix Fritz,2022-12-29,2022,12,5,5,NULL,NULL,Stable,0,5,NULL,NULL,Stable,1,NULL,NULL,Stable,4.2,Employee is engaged,0,1061
1755,Amira Mcmillan,2022-10-17,2022,10,4,4,NULL,NULL,Stable,0,1,NULL,NULL,Stable,1,NULL,NULL,Stable,2.5,Employee At-Risk,1,1134
1756,Annabelle Graham,2023-06-27,2023,6,2,2,NULL,NULL,Stable,1,4,NULL,NULL,Stable,4,NULL,NULL,Stable,3,Needs monitoring,0,881
1757,Leia Mccann,2022-08-18,2022,8,5,5,NULL,NULL,Stable,0,4,NULL,NULL,Stable,5,NULL,NULL,Stable,4.7,Employee is engaged,0,1194
1758,Henry Gray,2022-08-18,2022,8,5,5,NULL,NULL,Stable,0,3,NULL,NULL,Stable,5,NULL,NULL,Stable,4.4,Employee is engaged,0,1194
1759,Jose Houston,2022-09-16,2022,9,5,5,NULL,NULL,Stable,0,2,NULL,NULL,Stable,4,NULL,NULL,Stable,3.9,Needs monitoring,0,1165
1760,Janessa Mcconnell,2023-03-16,2023,3,5,5,NULL,NULL,Stable,0,3,NULL,NULL,Stable,2,NULL,NULL,Stable,3.8,Needs monitoring,0,984
1761,Samson Ellis,2023-02-20,2023,2,3,3,NULL,NULL,Stable,0,2,NULL,NULL,Stable,1,NULL,NULL,Stable,2.3,Employee At-Risk,1,1008
1762,Lauren Kent,2023-03-19,2023,3,3,3,NULL,NULL,Stable,0,3,NULL,NULL,Stable,5,NULL,NULL,Stable,3.4,Needs monitoring,0,981
1763,Mckenzie Mack,2022-08-18,2022,8,4,4,NULL,NULL,Stable,0,2,NULL,NULL,Stable,4,NULL,NULL,Stable,3.4,Needs monitoring,0,1194
1764,Donavan Chavez,2023-03-13,2023,3,2,2,NULL,NULL,Stable,1,3,NULL,NULL,Stable,5,NULL,NULL,Stable,2.9,Employee At-Risk,1,987
1765,Haiden Coffey,2022-12-24,2022,12,5,5,NULL,NULL,Stable,0,5,NULL,NULL,Stable,2,NULL,NULL,Stable,4.4,Employee is engaged,0,1066
1766,Kasey Alexander,2023-05-23,2023,5,1,1,NULL,NULL,Stable,1,5,NULL,NULL,Stable,2,NULL,NULL,Stable,2.4,Employee At-Risk,1,916
1767,Kenneth Peters,2022-08-09,2022,8,4,4,NULL,NULL,Stable,0,1,NULL,NULL,Stable,1,NULL,NULL,Stable,2.5,Employee At-Risk,1,1203
1768,Lucia Hudson,2023-02-11,2023,2,3,3,NULL,NULL,Stable,0,3,NULL,NULL,Stable,3,NULL,NULL,Stable,3,Needs monitoring,0,1017
1769,Rashad Randall,2023-02-10,2023,2,4,4,NULL,NULL,Stable,0,3,NULL,NULL,Stable,5,NULL,NULL,Stable,3.9,Needs monitoring,0,1018
1770,Hayley York,2023-02-24,2023,2,1,1,NULL,NULL,Stable,1,3,NULL,NULL,Stable,5,NULL,NULL,Stable,2.4,Employee At-Risk,1,1004
1771,Salma Shepard,2023-06-03,2023,6,3,3,NULL,NULL,Stable,0,2,NULL,NULL,Stable,1,NULL,NULL,Stable,2.3,Employee At-Risk,1,905
1772,Hallie Thornton,2023-01-01,2023,1,3,3,NULL,NULL,Stable,0,4,NULL,NULL,Stable,5,NULL,NULL,Stable,3.7,Needs monitoring,0,1058
1773,Tiana Bishop,2022-11-20,2022,11,5,5,NULL,NULL,Stable,0,5,NULL,NULL,Stable,2,NULL,NULL,Stable,4.4,Employee is engaged,0,1100
1774,Regina Garcia,2022-12-09,2022,12,1,1,NULL,NULL,Stable,1,1,NULL,NULL,Stable,2,NULL,NULL,Stable,1.2,Employee At-Risk,1,1081
1775,Julie Cochran,2023-05-10,2023,5,4,4,NULL,NULL,Stable,0,2,NULL,NULL,Stable,3,NULL,NULL,Stable,3.2,Needs monitoring,0,929
1776,Yamilet Pierce,2023-01-16,2023,1,3,3,NULL,NULL,Stable,0,2,NULL,NULL,Stable,3,NULL,NULL,Stable,2.7,Employee At-Risk,1,1043
1777,Amare Hartman,2023-02-02,2023,2,1,1,NULL,NULL,Stable,1,3,NULL,NULL,Stable,1,NULL,NULL,Stable,1.6,Employee At-Risk,1,1026
1778,Cannon Lee,2022-11-19,2022,11,3,3,NULL,NULL,Stable,0,5,NULL,NULL,Stable,4,NULL,NULL,Stable,3.8,Needs monitoring,0,1101
1779,Yael Hodge,2022-08-22,2022,8,5,5,NULL,NULL,Stable,0,3,NULL,NULL,Stable,4,NULL,NULL,Stable,4.2,Employee is engaged,0,1190
1780,Colton Booker,2023-06-03,2023,6,2,2,NULL,NULL,Stable,1,3,NULL,NULL,Stable,2,NULL,NULL,Stable,2.3,Employee At-Risk,1,905
1781,Abril Cunningham,2022-09-27,2022,9,2,2,NULL,NULL,Stable,1,2,NULL,NULL,Stable,4,NULL,NULL,Stable,2.4,Employee At-Risk,1,1154
1782,Braxton House,2023-07-07,2023,7,3,3,NULL,NULL,Stable,0,4,NULL,NULL,Stable,1,NULL,NULL,Stable,2.9,Employee At-Risk,1,871
1783,Destiney Pearson,2023-04-21,2023,4,5,5,NULL,NULL,Stable,0,2,NULL,NULL,Stable,4,NULL,NULL,Stable,3.9,Needs monitoring,0,948
1784,Trystan Ramos,2023-02-23,2023,2,2,2,NULL,NULL,Stable,1,3,NULL,NULL,Stable,1,NULL,NULL,Stable,2.1,Employee At-Risk,1,1005
1785,Miley Gutierrez,2022-08-08,2022,8,4,4,NULL,NULL,Stable,0,4,NULL,NULL,Stable,5,NULL,NULL,Stable,4.2,Employee is engaged,0,1204
1786,Tara Hoover,2023-06-03,2023,6,4,4,NULL,NULL,Stable,0,2,NULL,NULL,Stable,1,NULL,NULL,Stable,2.8,Employee At-Risk,1,905
1787,Layla Gutierrez,2023-02-23,2023,2,2,2,NULL,NULL,Stable,1,5,NULL,NULL,Stable,3,NULL,NULL,Stable,3.1,Needs monitoring,0,1005
1788,Jakayla Hall,2023-08-04,2023,8,2,2,NULL,NULL,Stable,1,5,NULL,NULL,Stable,1,NULL,NULL,Stable,2.7,Employee At-Risk,1,843
1789,Jayson Ferguson,2022-10-07,2022,10,4,4,NULL,NULL,Stable,0,3,NULL,NULL,Stable,1,NULL,NULL,Stable,3.1,Needs monitoring,0,1144
1790,Nick Daniels,2022-10-11,2022,10,4,4,NULL,NULL,Stable,0,5,NULL,NULL,Stable,4,NULL,NULL,Stable,4.3,Employee is engaged,0,1140
1791,Marvin Abbott,2022-09-18,2022,9,4,4,NULL,NULL,Stable,0,5,NULL,NULL,Stable,3,NULL,NULL,Stable,4.1,Employee is engaged,0,1163
1792,Sawyer Oliver,2022-09-12,2022,9,2,2,NULL,NULL,Stable,1,3,NULL,NULL,Stable,5,NULL,NULL,Stable,2.9,Employee At-Risk,1,1169
1793,Linda Barajas,2022-09-04,2022,9,1,1,NULL,NULL,Stable,1,1,NULL,NULL,Stable,2,NULL,NULL,Stable,1.2,Employee At-Risk,1,1177
1794,Chance Blackwell,2023-05-17,2023,5,4,4,NULL,NULL,Stable,0,4,NULL,NULL,Stable,2,NULL,NULL,Stable,3.6,Needs monitoring,0,922
1795,Antonio Mccoy,2023-06-10,2023,6,5,5,NULL,NULL,Stable,0,1,NULL,NULL,Stable,4,NULL,NULL,Stable,3.6,Needs monitoring,0,898
1796,Emmett Mercado,2022-11-23,2022,11,3,3,NULL,NULL,Stable,0,5,NULL,NULL,Stable,2,NULL,NULL,Stable,3.4,Needs monitoring,0,1097
1797,Clara Wheeler,2023-05-03,2023,5,3,3,NULL,NULL,Stable,0,3,NULL,NULL,Stable,5,NULL,NULL,Stable,3.4,Needs monitoring,0,936
1798,Kieran Morse,2023-01-27,2023,1,3,3,NULL,NULL,Stable,0,2,NULL,NULL,Stable,4,NULL,NULL,Stable,2.9,Employee At-Risk,1,1032
1799,Aliyah Schmitt,2023-04-28,2023,4,2,2,NULL,NULL,Stable,1,5,NULL,NULL,Stable,3,NULL,NULL,Stable,3.1,Needs monitoring,0,941
1800,Kyan Morrison,2023-02-03,2023,2,4,4,NULL,NULL,Stable,0,3,NULL,NULL,Stable,5,NULL,NULL,Stable,3.9,Needs monitoring,0,1025
1801,Rayan Stephenson,2023-06-02,2023,6,3,3,NULL,NULL,Stable,0,4,NULL,NULL,Stable,3,NULL,NULL,Stable,3.3,Needs monitoring,0,906
1802,Gael Jacobs,2023-05-21,2023,5,4,4,NULL,NULL,Stable,0,2,NULL,NULL,Stable,5,NULL,NULL,Stable,3.6,Needs monitoring,0,918
1803,Stephany Neal,2023-01-19,2023,1,1,1,NULL,NULL,Stable,1,3,NULL,NULL,Stable,1,NULL,NULL,Stable,1.6,Employee At-Risk,1,1040
1804,Trevon Deleon,2023-04-14,2023,4,3,3,NULL,NULL,Stable,0,3,NULL,NULL,Stable,5,NULL,NULL,Stable,3.4,Needs monitoring,0,955
1805,Phoenix Pitts,2023-07-09,2023,7,3,3,NULL,NULL,Stable,0,3,NULL,NULL,Stable,1,NULL,NULL,Stable,2.6,Employee At-Risk,1,869
1806,Nola Gillespie,2022-08-05,2022,8,1,1,NULL,NULL,Stable,1,2,NULL,NULL,Stable,5,NULL,NULL,Stable,2.1,Employee At-Risk,1,1207
1807,Jeramiah Schwartz,2023-02-03,2023,2,1,1,NULL,NULL,Stable,1,4,NULL,NULL,Stable,4,NULL,NULL,Stable,2.5,Employee At-Risk,1,1025
1808,Aaden Mercer,2023-04-25,2023,4,5,5,NULL,NULL,Stable,0,2,NULL,NULL,Stable,4,NULL,NULL,Stable,3.9,Needs monitoring,0,944
1809,Nathalia Good,2023-04-07,2023,4,5,5,NULL,NULL,Stable,0,2,NULL,NULL,Stable,1,NULL,NULL,Stable,3.3,Needs monitoring,0,962
1810,Zaria Benton,2023-07-06,2023,7,5,5,NULL,NULL,Stable,0,1,NULL,NULL,Stable,4,NULL,NULL,Stable,3.6,Needs monitoring,0,872
1811,Miley Ortega,2022-09-11,2022,9,2,2,NULL,NULL,Stable,1,5,NULL,NULL,Stable,1,NULL,NULL,Stable,2.7,Employee At-Risk,1,1170
1812,Julia Farmer,2022-12-05,2022,12,4,4,NULL,NULL,Stable,0,2,NULL,NULL,Stable,5,NULL,NULL,Stable,3.6,Needs monitoring,0,1085
1813,Valentin Lam,2023-06-03,2023,6,3,3,NULL,NULL,Stable,0,5,NULL,NULL,Stable,3,NULL,NULL,Stable,3.6,Needs monitoring,0,905
1814,Darnell Ritter,2023-04-15,2023,4,3,3,NULL,NULL,Stable,0,3,NULL,NULL,Stable,1,NULL,NULL,Stable,2.6,Employee At-Risk,1,954
1815,Kierra Lozano,2022-10-23,2022,10,1,1,NULL,NULL,Stable,1,4,NULL,NULL,Stable,5,NULL,NULL,Stable,2.7,Employee At-Risk,1,1128
1816,Jamari Dunn,2023-04-03,2023,4,4,4,NULL,NULL,Stable,0,3,NULL,NULL,Stable,1,NULL,NULL,Stable,3.1,Needs monitoring,0,966
1817,Zoey Page,2023-02-28,2023,2,3,3,NULL,NULL,Stable,0,1,NULL,NULL,Stable,5,NULL,NULL,Stable,2.8,Employee At-Risk,1,1000
1818,Kendra Velez,2023-06-25,2023,6,3,3,NULL,NULL,Stable,0,1,NULL,NULL,Stable,3,NULL,NULL,Stable,2.4,Employee At-Risk,1,883
1819,Alison Fuller,2022-12-11,2022,12,3,3,NULL,NULL,Stable,0,1,NULL,NULL,Stable,1,NULL,NULL,Stable,2,Employee At-Risk,1,1079
1820,Toby Cooley,2023-03-23,2023,3,5,5,NULL,NULL,Stable,0,4,NULL,NULL,Stable,3,NULL,NULL,Stable,4.3,Employee is engaged,0,977
1821,Emilie Hood,2022-11-03,2022,11,1,1,NULL,NULL,Stable,1,2,NULL,NULL,Stable,1,NULL,NULL,Stable,1.3,Employee At-Risk,1,1117
1822,Cortez Pena,2022-08-27,2022,8,5,5,NULL,NULL,Stable,0,2,NULL,NULL,Stable,2,NULL,NULL,Stable,3.5,Needs monitoring,0,1185
1823,Abbigail Blanchard,2023-05-12,2023,5,4,4,NULL,NULL,Stable,0,4,NULL,NULL,Stable,3,NULL,NULL,Stable,3.8,Needs monitoring,0,927
1824,Abby Curtis,2023-03-15,2023,3,3,3,NULL,NULL,Stable,0,1,NULL,NULL,Stable,1,NULL,NULL,Stable,2,Employee At-Risk,1,985
1825,Giana Moore,2022-10-27,2022,10,1,1,NULL,NULL,Stable,1,3,NULL,NULL,Stable,3,NULL,NULL,Stable,2,Employee At-Risk,1,1124
1826,Giada Santos,2022-09-28,2022,9,3,3,NULL,NULL,Stable,0,2,NULL,NULL,Stable,5,NULL,NULL,Stable,3.1,Needs monitoring,0,1153
1827,Jessie Church,2022-09-25,2022,9,1,1,NULL,NULL,Stable,1,3,NULL,NULL,Stable,5,NULL,NULL,Stable,2.4,Employee At-Risk,1,1156
1828,Kaylah Ramos,2022-11-27,2022,11,3,3,NULL,NULL,Stable,0,3,NULL,NULL,Stable,2,NULL,NULL,Stable,2.8,Employee At-Risk,1,1093
1829,Camille Fritz,2022-08-19,2022,8,2,2,NULL,NULL,Stable,1,1,NULL,NULL,Stable,2,NULL,NULL,Stable,1.7,Employee At-Risk,1,1193
1830,Deangelo Murillo,2023-07-12,2023,7,1,1,NULL,NULL,Stable,1,4,NULL,NULL,Stable,1,NULL,NULL,Stable,1.9,Employee At-Risk,1,866
1831,Emerson Gallagher,2023-03-25,2023,3,2,2,NULL,NULL,Stable,1,2,NULL,NULL,Stable,2,NULL,NULL,Stable,2,Employee At-Risk,1,975
1832,April Bentley,2022-08-06,2022,8,1,1,NULL,NULL,Stable,1,2,NULL,NULL,Stable,4,NULL,NULL,Stable,1.9,Employee At-Risk,1,1206
1833,Ainsley Booth,2023-01-23,2023,1,4,4,NULL,NULL,Stable,0,3,NULL,NULL,Stable,2,NULL,NULL,Stable,3.3,Needs monitoring,0,1036
1834,Dereon Huffman,2022-12-08,2022,12,4,4,NULL,NULL,Stable,0,5,NULL,NULL,Stable,1,NULL,NULL,Stable,3.7,Needs monitoring,0,1082
1835,Colin Cherry,2023-04-11,2023,4,5,5,NULL,NULL,Stable,0,2,NULL,NULL,Stable,2,NULL,NULL,Stable,3.5,Needs monitoring,0,958
1836,Karla Hines,2022-10-06,2022,10,1,1,NULL,NULL,Stable,1,4,NULL,NULL,Stable,3,NULL,NULL,Stable,2.3,Employee At-Risk,1,1145
1837,Colton Decker,2023-01-01,2023,1,1,1,NULL,NULL,Stable,1,3,NULL,NULL,Stable,3,NULL,NULL,Stable,2,Employee At-Risk,1,1058
1838,Jayleen Tran,2023-07-01,2023,7,2,2,NULL,NULL,Stable,1,1,NULL,NULL,Stable,1,NULL,NULL,Stable,1.5,Employee At-Risk,1,877
1839,Aydin Perry,2023-04-28,2023,4,3,3,NULL,NULL,Stable,0,3,NULL,NULL,Stable,3,NULL,NULL,Stable,3,Needs monitoring,0,941
1840,Jenna Casey,2022-08-24,2022,8,5,5,NULL,NULL,Stable,0,1,NULL,NULL,Stable,4,NULL,NULL,Stable,3.6,Needs monitoring,0,1188
1841,Remington Bullock,2023-03-30,2023,3,3,3,NULL,NULL,Stable,0,5,NULL,NULL,Stable,3,NULL,NULL,Stable,3.6,Needs monitoring,0,970
1842,Delaney Stewart,2022-12-07,2022,12,1,1,NULL,NULL,Stable,1,4,NULL,NULL,Stable,4,NULL,NULL,Stable,2.5,Employee At-Risk,1,1083
1843,Saige Jones,2023-07-31,2023,7,1,1,NULL,NULL,Stable,1,5,NULL,NULL,Stable,4,NULL,NULL,Stable,2.8,Employee At-Risk,1,847
1844,Camryn Fritz,2022-12-20,2022,12,2,2,NULL,NULL,Stable,1,1,NULL,NULL,Stable,4,NULL,NULL,Stable,2.1,Employee At-Risk,1,1070
1845,Amanda Lambert,2023-06-18,2023,6,1,1,NULL,NULL,Stable,1,2,NULL,NULL,Stable,5,NULL,NULL,Stable,2.1,Employee At-Risk,1,890
1846,Winston Callahan,2023-06-21,2023,6,5,5,NULL,NULL,Stable,0,4,NULL,NULL,Stable,1,NULL,NULL,Stable,3.9,Needs monitoring,0,887
1847,Maverick Lang,2022-11-23,2022,11,5,5,NULL,NULL,Stable,0,2,NULL,NULL,Stable,3,NULL,NULL,Stable,3.7,Needs monitoring,0,1097
1848,Harold Reid,2023-04-10,2023,4,2,2,NULL,NULL,Stable,1,4,NULL,NULL,Stable,5,NULL,NULL,Stable,3.2,Needs monitoring,0,959
1849,Cindy York,2022-09-20,2022,9,2,2,NULL,NULL,Stable,1,4,NULL,NULL,Stable,4,NULL,NULL,Stable,3,Needs monitoring,0,1161
1850,Breanna Cardenas,2023-05-09,2023,5,3,3,NULL,NULL,Stable,0,1,NULL,NULL,Stable,2,NULL,NULL,Stable,2.2,Employee At-Risk,1,930
1851,Tripp Blake,2023-03-01,2023,3,1,1,NULL,NULL,Stable,1,1,NULL,NULL,Stable,4,NULL,NULL,Stable,1.6,Employee At-Risk,1,999
1852,Elaine Moon,2023-05-02,2023,5,3,3,NULL,NULL,Stable,0,4,NULL,NULL,Stable,1,NULL,NULL,Stable,2.9,Employee At-Risk,1,937
1853,Jaime Morrow,2022-08-27,2022,8,4,4,NULL,NULL,Stable,0,3,NULL,NULL,Stable,5,NULL,NULL,Stable,3.9,Needs monitoring,0,1185
1854,Leslie Potts,2023-07-29,2023,7,1,1,NULL,NULL,Stable,1,2,NULL,NULL,Stable,5,NULL,NULL,Stable,2.1,Employee At-Risk,1,849
1855,Keith Haas,2023-01-31,2023,1,3,3,NULL,NULL,Stable,0,3,NULL,NULL,Stable,3,NULL,NULL,Stable,3,Needs monitoring,0,1028
1856,Matteo Oneal,2023-03-14,2023,3,2,2,NULL,NULL,Stable,1,3,NULL,NULL,Stable,3,NULL,NULL,Stable,2.5,Employee At-Risk,1,986
1857,Erik Graham,2022-08-21,2022,8,1,1,NULL,NULL,Stable,1,4,NULL,NULL,Stable,1,NULL,NULL,Stable,1.9,Employee At-Risk,1,1191
1858,Lailah Haney,2022-10-26,2022,10,2,2,NULL,NULL,Stable,1,4,NULL,NULL,Stable,1,NULL,NULL,Stable,2.4,Employee At-Risk,1,1125
1859,Mohamed Gay,2023-02-17,2023,2,4,4,NULL,NULL,Stable,0,2,NULL,NULL,Stable,5,NULL,NULL,Stable,3.6,Needs monitoring,0,1011
1860,Frankie Banks,2023-03-21,2023,3,1,1,NULL,NULL,Stable,1,4,NULL,NULL,Stable,3,NULL,NULL,Stable,2.3,Employee At-Risk,1,979
1861,Lorelei Glass,2022-09-22,2022,9,1,1,NULL,NULL,Stable,1,2,NULL,NULL,Stable,4,NULL,NULL,Stable,1.9,Employee At-Risk,1,1159
1862,Marie Moyer,2023-03-11,2023,3,5,5,NULL,NULL,Stable,0,4,NULL,NULL,Stable,4,NULL,NULL,Stable,4.5,Employee is engaged,0,989
1863,Amari Bowen,2023-07-04,2023,7,5,5,NULL,NULL,Stable,0,2,NULL,NULL,Stable,2,NULL,NULL,Stable,3.5,Needs monitoring,0,874
1864,Prince Dickerson,2022-12-10,2022,12,3,3,NULL,NULL,Stable,0,2,NULL,NULL,Stable,1,NULL,NULL,Stable,2.3,Employee At-Risk,1,1080
1865,Lane Church,2023-01-12,2023,1,1,1,NULL,NULL,Stable,1,3,NULL,NULL,Stable,4,NULL,NULL,Stable,2.2,Employee At-Risk,1,1047
1866,Cassie Nolan,2022-10-12,2022,10,3,3,NULL,NULL,Stable,0,5,NULL,NULL,Stable,2,NULL,NULL,Stable,3.4,Needs monitoring,0,1139
1867,Mauricio Buchanan,2023-05-08,2023,5,1,1,NULL,NULL,Stable,1,5,NULL,NULL,Stable,2,NULL,NULL,Stable,2.4,Employee At-Risk,1,931
1868,Briana Wang,2023-02-26,2023,2,5,5,NULL,NULL,Stable,0,3,NULL,NULL,Stable,3,NULL,NULL,Stable,4,Employee is engaged,0,1002
1869,Salma Blackwell,2022-08-31,2022,8,1,1,NULL,NULL,Stable,1,2,NULL,NULL,Stable,3,NULL,NULL,Stable,1.7,Employee At-Risk,1,1181
1870,Shelby Frazier,2022-09-13,2022,9,2,2,NULL,NULL,Stable,1,5,NULL,NULL,Stable,3,NULL,NULL,Stable,3.1,Needs monitoring,0,1168
1871,Lindsay Becker,2022-12-12,2022,12,1,1,NULL,NULL,Stable,1,4,NULL,NULL,Stable,3,NULL,NULL,Stable,2.3,Employee At-Risk,1,1078
1872,Reyna Good,2023-04-17,2023,4,1,1,NULL,NULL,Stable,1,2,NULL,NULL,Stable,5,NULL,NULL,Stable,2.1,Employee At-Risk,1,952
1873,Nathalie Rivera,2022-08-14,2022,8,5,5,NULL,NULL,Stable,0,2,NULL,NULL,Stable,3,NULL,NULL,Stable,3.7,Needs monitoring,0,1198
1874,Saniyah Schroeder,2023-05-04,2023,5,2,2,NULL,NULL,Stable,1,4,NULL,NULL,Stable,4,NULL,NULL,Stable,3,Needs monitoring,0,935
1875,Taylor Mann,2023-08-05,2023,8,3,3,NULL,NULL,Stable,0,1,NULL,NULL,Stable,4,NULL,NULL,Stable,2.6,Employee At-Risk,1,842
1876,Rylee Stevenson,2023-01-09,2023,1,4,4,NULL,NULL,Stable,0,2,NULL,NULL,Stable,1,NULL,NULL,Stable,2.8,Employee At-Risk,1,1050
1877,Waylon Pennington,2022-09-08,2022,9,2,2,NULL,NULL,Stable,1,3,NULL,NULL,Stable,2,NULL,NULL,Stable,2.3,Employee At-Risk,1,1173
1878,Kobe Crosby,2023-01-13,2023,1,5,5,NULL,NULL,Stable,0,3,NULL,NULL,Stable,3,NULL,NULL,Stable,4,Employee is engaged,0,1046
1879,Carmen Davidson,2023-08-05,2023,8,2,2,NULL,NULL,Stable,1,3,NULL,NULL,Stable,4,NULL,NULL,Stable,2.7,Employee At-Risk,1,842
1880,Sidney Moran,2023-04-13,2023,4,5,5,NULL,NULL,Stable,0,1,NULL,NULL,Stable,2,NULL,NULL,Stable,3.2,Needs monitoring,0,956
1881,Alena Bonilla,2022-09-18,2022,9,3,3,NULL,NULL,Stable,0,5,NULL,NULL,Stable,3,NULL,NULL,Stable,3.6,Needs monitoring,0,1163
1882,Baron Luna,2023-07-07,2023,7,1,1,NULL,NULL,Stable,1,4,NULL,NULL,Stable,2,NULL,NULL,Stable,2.1,Employee At-Risk,1,871
1883,Giselle Butler,2022-10-09,2022,10,3,3,NULL,NULL,Stable,0,4,NULL,NULL,Stable,2,NULL,NULL,Stable,3.1,Needs monitoring,0,1142
1884,Sophie Horne,2023-04-14,2023,4,1,1,NULL,NULL,Stable,1,3,NULL,NULL,Stable,3,NULL,NULL,Stable,2,Employee At-Risk,1,955
1885,Jabari Guerrero,2022-09-14,2022,9,1,1,NULL,NULL,Stable,1,2,NULL,NULL,Stable,4,NULL,NULL,Stable,1.9,Employee At-Risk,1,1167
1886,Ahmed Montgomery,2023-01-18,2023,1,3,3,NULL,NULL,Stable,0,2,NULL,NULL,Stable,5,NULL,NULL,Stable,3.1,Needs monitoring,0,1041
1887,Esther Spears,2023-05-07,2023,5,2,2,NULL,NULL,Stable,1,3,NULL,NULL,Stable,3,NULL,NULL,Stable,2.5,Employee At-Risk,1,932
1888,Darian Wall,2023-07-23,2023,7,1,1,NULL,NULL,Stable,1,5,NULL,NULL,Stable,1,NULL,NULL,Stable,2.2,Employee At-Risk,1,855
1889,Kaleb Cole,2022-10-06,2022,10,5,5,NULL,NULL,Stable,0,4,NULL,NULL,Stable,4,NULL,NULL,Stable,4.5,Employee is engaged,0,1145
1890,Anthony Terrell,2023-05-12,2023,5,1,1,NULL,NULL,Stable,1,3,NULL,NULL,Stable,2,NULL,NULL,Stable,1.8,Employee At-Risk,1,927
1891,William Douglas,2022-12-22,2022,12,2,2,NULL,NULL,Stable,1,5,NULL,NULL,Stable,2,NULL,NULL,Stable,2.9,Employee At-Risk,1,1068
1892,Saniya Buck,2023-01-11,2023,1,3,3,NULL,NULL,Stable,0,3,NULL,NULL,Stable,3,NULL,NULL,Stable,3,Needs monitoring,0,1048
1893,Kristopher Owen,2023-06-08,2023,6,2,2,NULL,NULL,Stable,1,3,NULL,NULL,Stable,4,NULL,NULL,Stable,2.7,Employee At-Risk,1,900
1894,Hadley Tapia,2023-06-01,2023,6,3,3,NULL,NULL,Stable,0,1,NULL,NULL,Stable,5,NULL,NULL,Stable,2.8,Employee At-Risk,1,907
1895,Lillie Bush,2022-10-18,2022,10,4,4,NULL,NULL,Stable,0,5,NULL,NULL,Stable,2,NULL,NULL,Stable,3.9,Needs monitoring,0,1133
1896,Lamont Cook,2023-01-17,2023,1,1,1,NULL,NULL,Stable,1,1,NULL,NULL,Stable,3,NULL,NULL,Stable,1.4,Employee At-Risk,1,1042
1897,Danna Rollins,2022-09-05,2022,9,2,2,NULL,NULL,Stable,1,4,NULL,NULL,Stable,5,NULL,NULL,Stable,3.2,Needs monitoring,0,1176
1898,Shaun Velazquez,2023-07-18,2023,7,4,4,NULL,NULL,Stable,0,5,NULL,NULL,Stable,5,NULL,NULL,Stable,4.5,Employee is engaged,0,860
1899,Kolton Duarte,2023-06-28,2023,6,2,2,NULL,NULL,Stable,1,4,NULL,NULL,Stable,5,NULL,NULL,Stable,3.2,Needs monitoring,0,880
1900,Jonas Braun,2023-07-02,2023,7,2,2,NULL,NULL,Stable,1,2,NULL,NULL,Stable,5,NULL,NULL,Stable,2.6,Employee At-Risk,1,876
1901,Meadow Howe,2023-06-22,2023,6,4,4,NULL,NULL,Stable,0,1,NULL,NULL,Stable,5,NULL,NULL,Stable,3.3,Needs monitoring,0,886
1902,Sarahi Raymond,2023-07-27,2023,7,2,2,NULL,NULL,Stable,1,5,NULL,NULL,Stable,3,NULL,NULL,Stable,3.1,Needs monitoring,0,851
1903,Taylor Wiggins,2022-12-17,2022,12,5,5,NULL,NULL,Stable,0,5,NULL,NULL,Stable,2,NULL,NULL,Stable,4.4,Employee is engaged,0,1073
1904,Ezra Zhang,2022-12-09,2022,12,5,5,NULL,NULL,Stable,0,1,NULL,NULL,Stable,4,NULL,NULL,Stable,3.6,Needs monitoring,0,1081
1905,Sonia Chung,2023-04-15,2023,4,5,5,NULL,NULL,Stable,0,2,NULL,NULL,Stable,1,NULL,NULL,Stable,3.3,Needs monitoring,0,954
1906,Bryce Mills,2022-12-28,2022,12,1,1,NULL,NULL,Stable,1,4,NULL,NULL,Stable,5,NULL,NULL,Stable,2.7,Employee At-Risk,1,1062
1907,Wade Wiggins,2023-01-18,2023,1,2,2,NULL,NULL,Stable,1,4,NULL,NULL,Stable,5,NULL,NULL,Stable,3.2,Needs monitoring,0,1041
1908,Selina Gonzalez,2023-01-26,2023,1,4,4,NULL,NULL,Stable,0,2,NULL,NULL,Stable,5,NULL,NULL,Stable,3.6,Needs monitoring,0,1033
1909,Tyree Parsons,2022-11-23,2022,11,3,3,NULL,NULL,Stable,0,5,NULL,NULL,Stable,2,NULL,NULL,Stable,3.4,Needs monitoring,0,1097
1910,Adrian Murray,2022-11-05,2022,11,1,1,NULL,NULL,Stable,1,4,NULL,NULL,Stable,1,NULL,NULL,Stable,1.9,Employee At-Risk,1,1115
1911,Kael Fisher,2023-04-08,2023,4,3,3,NULL,NULL,Stable,0,4,NULL,NULL,Stable,3,NULL,NULL,Stable,3.3,Needs monitoring,0,961
1912,Erica French,2023-04-02,2023,4,2,2,NULL,NULL,Stable,1,5,NULL,NULL,Stable,1,NULL,NULL,Stable,2.7,Employee At-Risk,1,967
1913,Damaris Oneal,2023-01-21,2023,1,5,5,NULL,NULL,Stable,0,4,NULL,NULL,Stable,2,NULL,NULL,Stable,4.1,Employee is engaged,0,1038
1914,Rebecca Craig,2023-02-23,2023,2,4,4,NULL,NULL,Stable,0,4,NULL,NULL,Stable,5,NULL,NULL,Stable,4.2,Employee is engaged,0,1005
1915,Carley Waters,2023-07-11,2023,7,2,2,NULL,NULL,Stable,1,3,NULL,NULL,Stable,5,NULL,NULL,Stable,2.9,Employee At-Risk,1,867
1916,Kadyn Harrison,2022-12-25,2022,12,3,3,NULL,NULL,Stable,0,4,NULL,NULL,Stable,3,NULL,NULL,Stable,3.3,Needs monitoring,0,1065
1917,Megan Huang,2022-10-31,2022,10,5,5,NULL,NULL,Stable,0,2,NULL,NULL,Stable,3,NULL,NULL,Stable,3.7,Needs monitoring,0,1120
1918,Callum Blair,2022-10-01,2022,10,3,3,NULL,NULL,Stable,0,5,NULL,NULL,Stable,5,NULL,NULL,Stable,4,Employee is engaged,0,1150
1919,Emilie Donaldson,2023-05-22,2023,5,2,2,NULL,NULL,Stable,1,3,NULL,NULL,Stable,3,NULL,NULL,Stable,2.5,Employee At-Risk,1,917
1920,Darius Duke,2022-09-23,2022,9,2,2,NULL,NULL,Stable,1,5,NULL,NULL,Stable,3,NULL,NULL,Stable,3.1,Needs monitoring,0,1158
1921,Kenya Decker,2023-02-01,2023,2,3,3,NULL,NULL,Stable,0,2,NULL,NULL,Stable,5,NULL,NULL,Stable,3.1,Needs monitoring,0,1027
1922,Tyrese Sloan,2023-04-29,2023,4,1,1,NULL,NULL,Stable,1,1,NULL,NULL,Stable,3,NULL,NULL,Stable,1.4,Employee At-Risk,1,940
1923,Giana Roach,2023-07-29,2023,7,3,3,NULL,NULL,Stable,0,4,NULL,NULL,Stable,4,NULL,NULL,Stable,3.5,Needs monitoring,0,849
1924,Teagan Swanson,2022-09-05,2022,9,3,3,NULL,NULL,Stable,0,5,NULL,NULL,Stable,1,NULL,NULL,Stable,3.2,Needs monitoring,0,1176
1925,Jerome Fischer,2023-04-21,2023,4,1,1,NULL,NULL,Stable,1,5,NULL,NULL,Stable,3,NULL,NULL,Stable,2.6,Employee At-Risk,1,948
1926,Grayson Preston,2022-08-20,2022,8,3,3,NULL,NULL,Stable,0,4,NULL,NULL,Stable,2,NULL,NULL,Stable,3.1,Needs monitoring,0,1192
1927,Turner Bradley,2022-12-13,2022,12,3,3,NULL,NULL,Stable,0,2,NULL,NULL,Stable,1,NULL,NULL,Stable,2.3,Employee At-Risk,1,1077
1928,Elvis Daniels,2022-08-24,2022,8,4,4,NULL,NULL,Stable,0,5,NULL,NULL,Stable,5,NULL,NULL,Stable,4.5,Employee is engaged,0,1188
1929,Rose Travis,2022-12-09,2022,12,4,4,NULL,NULL,Stable,0,1,NULL,NULL,Stable,3,NULL,NULL,Stable,2.9,Employee At-Risk,1,1081
1930,Frank Williams,2022-12-27,2022,12,3,3,NULL,NULL,Stable,0,3,NULL,NULL,Stable,4,NULL,NULL,Stable,3.2,Needs monitoring,0,1063
1931,Yurem Donovan,2023-04-16,2023,4,2,2,NULL,NULL,Stable,1,3,NULL,NULL,Stable,4,NULL,NULL,Stable,2.7,Employee At-Risk,1,953
1932,John Smith,2023-01-17,2023,1,5,5,NULL,NULL,Stable,0,5,NULL,NULL,Stable,2,NULL,NULL,Stable,4.4,Employee is engaged,0,1042
1933,Lynn Daneault,2023-05-24,2023,5,2,2,NULL,NULL,Stable,1,4,NULL,NULL,Stable,5,NULL,NULL,Stable,3.2,Needs monitoring,0,915
1934,Donysha Kampew,2022-08-25,2022,8,2,2,NULL,NULL,Stable,1,5,NULL,NULL,Stable,2,NULL,NULL,Stable,2.9,Employee At-Risk,1,1187
1935,Jordin Lozano,2023-04-20,2023,4,5,5,NULL,NULL,Stable,0,1,NULL,NULL,Stable,4,NULL,NULL,Stable,3.6,Needs monitoring,0,949
1936,Ronald Gross,2022-10-11,2022,10,3,3,NULL,NULL,Stable,0,3,NULL,NULL,Stable,5,NULL,NULL,Stable,3.4,Needs monitoring,0,1140
1937,Maryjane Choi,2022-08-11,2022,8,4,4,NULL,NULL,Stable,0,5,NULL,NULL,Stable,4,NULL,NULL,Stable,4.3,Employee is engaged,0,1201
1938,Madalynn Yates,2022-09-15,2022,9,1,1,NULL,NULL,Stable,1,4,NULL,NULL,Stable,3,NULL,NULL,Stable,2.3,Employee At-Risk,1,1166
1939,Angelina Peck,2023-06-13,2023,6,4,4,NULL,NULL,Stable,0,5,NULL,NULL,Stable,3,NULL,NULL,Stable,4.1,Employee is engaged,0,895
1940,Dario Shaw,2022-08-20,2022,8,3,3,NULL,NULL,Stable,0,4,NULL,NULL,Stable,5,NULL,NULL,Stable,3.7,Needs monitoring,0,1192
1941,Deven Frazier,2022-09-16,2022,9,3,3,NULL,NULL,Stable,0,5,NULL,NULL,Stable,4,NULL,NULL,Stable,3.8,Needs monitoring,0,1165
1942,Jett Kent,2022-11-08,2022,11,2,2,NULL,NULL,Stable,1,4,NULL,NULL,Stable,2,NULL,NULL,Stable,2.6,Employee At-Risk,1,1112
1943,Zander Aguilar,2022-09-22,2022,9,5,5,NULL,NULL,Stable,0,5,NULL,NULL,Stable,4,NULL,NULL,Stable,4.8,Employee is engaged,0,1159
1944,Alessandro Chavez,2022-12-12,2022,12,1,1,NULL,NULL,Stable,1,4,NULL,NULL,Stable,1,NULL,NULL,Stable,1.9,Employee At-Risk,1,1078
1945,Jaxson Brady,2023-02-10,2023,2,1,1,NULL,NULL,Stable,1,3,NULL,NULL,Stable,4,NULL,NULL,Stable,2.2,Employee At-Risk,1,1018
1946,Giovanni Whitaker,2023-01-05,2023,1,3,3,NULL,NULL,Stable,0,5,NULL,NULL,Stable,1,NULL,NULL,Stable,3.2,Needs monitoring,0,1054
1947,Karen Goodman,2023-06-28,2023,6,1,1,NULL,NULL,Stable,1,3,NULL,NULL,Stable,3,NULL,NULL,Stable,2,Employee At-Risk,1,880
1948,Skyla Lambert,2023-03-16,2023,3,2,2,NULL,NULL,Stable,1,1,NULL,NULL,Stable,5,NULL,NULL,Stable,2.3,Employee At-Risk,1,984
1949,Ashlynn Duffy,2022-09-07,2022,9,5,5,NULL,NULL,Stable,0,3,NULL,NULL,Stable,4,NULL,NULL,Stable,4.2,Employee is engaged,0,1174
1950,Lilliana Walker,2022-09-17,2022,9,3,3,NULL,NULL,Stable,0,2,NULL,NULL,Stable,1,NULL,NULL,Stable,2.3,Employee At-Risk,1,1164
1951,Lindsay Copeland,2023-04-20,2023,4,4,4,NULL,NULL,Stable,0,1,NULL,NULL,Stable,3,NULL,NULL,Stable,2.9,Employee At-Risk,1,949
1952,Kristin Mccarty,2023-06-09,2023,6,2,2,NULL,NULL,Stable,1,5,NULL,NULL,Stable,2,NULL,NULL,Stable,2.9,Employee At-Risk,1,899
1953,Barbara Sutwell,2023-04-07,2023,4,4,4,NULL,NULL,Stable,0,5,NULL,NULL,Stable,4,NULL,NULL,Stable,4.3,Employee is engaged,0,962
1954,Lenora Tejeda,2023-03-16,2023,3,1,1,NULL,NULL,Stable,1,1,NULL,NULL,Stable,5,NULL,NULL,Stable,1.8,Employee At-Risk,1,984
1955,Ludwick Harrell,2022-08-27,2022,8,2,2,NULL,NULL,Stable,1,3,NULL,NULL,Stable,4,NULL,NULL,Stable,2.7,Employee At-Risk,1,1185
1956,Courtney Beatrice,2023-01-23,2023,1,1,1,NULL,NULL,Stable,1,5,NULL,NULL,Stable,4,NULL,NULL,Stable,2.8,Employee At-Risk,1,1036
1957,Melisa Gerke,2023-03-17,2023,3,5,5,NULL,NULL,Stable,0,2,NULL,NULL,Stable,2,NULL,NULL,Stable,3.5,Needs monitoring,0,983
1958,Lin Chan,2022-10-05,2022,10,4,4,NULL,NULL,Stable,0,2,NULL,NULL,Stable,5,NULL,NULL,Stable,3.6,Needs monitoring,0,1146
1959,Kamrin Sander,2023-01-04,2023,1,5,5,NULL,NULL,Stable,0,3,NULL,NULL,Stable,4,NULL,NULL,Stable,4.2,Employee is engaged,0,1055
1960,Thomas Rhoads,2023-01-06,2023,1,3,3,NULL,NULL,Stable,0,4,NULL,NULL,Stable,1,NULL,NULL,Stable,2.9,Employee At-Risk,1,1053
1961,Nina Panjwani,2022-12-21,2022,12,2,2,NULL,NULL,Stable,1,3,NULL,NULL,Stable,1,NULL,NULL,Stable,2.1,Employee At-Risk,1,1069
1962,Megan Faller,2022-09-05,2022,9,2,2,NULL,NULL,Stable,1,4,NULL,NULL,Stable,1,NULL,NULL,Stable,2.4,Employee At-Risk,1,1176
1963,Judy Jung,2022-08-23,2022,8,2,2,NULL,NULL,Stable,1,5,NULL,NULL,Stable,3,NULL,NULL,Stable,3.1,Needs monitoring,0,1189
1964,April Evensen,2022-11-21,2022,11,5,5,NULL,NULL,Stable,0,5,NULL,NULL,Stable,5,NULL,NULL,Stable,5,Employee is engaged,0,1099
1965,Julissa Hunts,2023-02-15,2023,2,3,3,NULL,NULL,Stable,0,1,NULL,NULL,Stable,1,NULL,NULL,Stable,2,Employee At-Risk,1,1013
1966,Kristie Nowlan,2022-10-29,2022,10,4,4,NULL,NULL,Stable,0,3,NULL,NULL,Stable,2,NULL,NULL,Stable,3.3,Needs monitoring,0,1122
1967,Dawn Motlagh,2023-02-26,2023,2,4,4,NULL,NULL,Stable,0,2,NULL,NULL,Stable,4,NULL,NULL,Stable,3.4,Needs monitoring,0,1002
1968,Theresa Wallace,2022-12-27,2022,12,1,1,NULL,NULL,Stable,1,4,NULL,NULL,Stable,2,NULL,NULL,Stable,2.1,Employee At-Risk,1,1063
1969,Allison Lydon,2023-04-20,2023,4,4,4,NULL,NULL,Stable,0,3,NULL,NULL,Stable,3,NULL,NULL,Stable,3.5,Needs monitoring,0,949
1970,Trina Alagbe,2023-03-06,2023,3,5,5,NULL,NULL,Stable,0,4,NULL,NULL,Stable,4,NULL,NULL,Stable,4.5,Employee is engaged,0,994
1971,Betsy Bondwell,2023-05-27,2023,5,3,3,NULL,NULL,Stable,0,2,NULL,NULL,Stable,1,NULL,NULL,Stable,2.3,Employee At-Risk,1,912
1972,Joe Smith,2023-03-15,2023,3,2,2,NULL,NULL,Stable,1,2,NULL,NULL,Stable,3,NULL,NULL,Stable,2.2,Employee At-Risk,1,985
1973,Lisa Lunquist,2022-08-30,2022,8,4,4,NULL,NULL,Stable,0,2,NULL,NULL,Stable,3,NULL,NULL,Stable,3.2,Needs monitoring,0,1182
1974,Jene'ya Darson,2023-01-17,2023,1,4,4,NULL,NULL,Stable,0,1,NULL,NULL,Stable,3,NULL,NULL,Stable,2.9,Employee At-Risk,1,1042
1975,Hunter Cannon,2023-03-24,2023,3,4,4,NULL,NULL,Stable,0,4,NULL,NULL,Stable,3,NULL,NULL,Stable,3.8,Needs monitoring,0,976
1976,Jon Lynn,2023-04-25,2023,4,1,1,NULL,NULL,Stable,1,5,NULL,NULL,Stable,1,NULL,NULL,Stable,2.2,Employee At-Risk,1,944
1977,Paxton Clarke,2023-03-18,2023,3,2,2,NULL,NULL,Stable,1,5,NULL,NULL,Stable,4,NULL,NULL,Stable,3.3,Needs monitoring,0,982
1978,Lillian Hines,2023-06-08,2023,6,3,3,NULL,NULL,Stable,0,5,NULL,NULL,Stable,1,NULL,NULL,Stable,3.2,Needs monitoring,0,900
1979,Liam Snow,2023-07-17,2023,7,1,1,NULL,NULL,Stable,1,4,NULL,NULL,Stable,5,NULL,NULL,Stable,2.7,Employee At-Risk,1,861
1980,Arianna Horton,2023-05-17,2023,5,5,5,NULL,NULL,Stable,0,4,NULL,NULL,Stable,5,NULL,NULL,Stable,4.7,Employee is engaged,0,922
1981,Ayanna Short,2023-03-23,2023,3,5,5,NULL,NULL,Stable,0,4,NULL,NULL,Stable,3,NULL,NULL,Stable,4.3,Employee is engaged,0,977
1982,Steve Charles,2023-06-24,2023,6,3,3,NULL,NULL,Stable,0,5,NULL,NULL,Stable,5,NULL,NULL,Stable,4,Employee is engaged,0,884
1983,Ricardo Bruce,2022-08-16,2022,8,2,2,NULL,NULL,Stable,1,5,NULL,NULL,Stable,1,NULL,NULL,Stable,2.7,Employee At-Risk,1,1196
1984,Laura Gutierrez,2022-08-07,2022,8,5,5,NULL,NULL,Stable,0,2,NULL,NULL,Stable,2,NULL,NULL,Stable,3.5,Needs monitoring,0,1205
1985,Braxton Rojas,2023-03-04,2023,3,5,5,NULL,NULL,Stable,0,5,NULL,NULL,Stable,2,NULL,NULL,Stable,4.4,Employee is engaged,0,996
1986,Sage Mercer,2022-09-17,2022,9,1,1,NULL,NULL,Stable,1,4,NULL,NULL,Stable,2,NULL,NULL,Stable,2.1,Employee At-Risk,1,1164
1987,Chase Horn,2023-07-18,2023,7,5,5,NULL,NULL,Stable,0,1,NULL,NULL,Stable,3,NULL,NULL,Stable,3.4,Needs monitoring,0,860
1988,Juliana Dyer,2023-02-10,2023,2,1,1,NULL,NULL,Stable,1,3,NULL,NULL,Stable,5,NULL,NULL,Stable,2.4,Employee At-Risk,1,1018
1989,Alec Stephens,2023-05-04,2023,5,4,4,NULL,NULL,Stable,0,2,NULL,NULL,Stable,5,NULL,NULL,Stable,3.6,Needs monitoring,0,935
1990,Adriana Weber,2022-08-31,2022,8,3,3,NULL,NULL,Stable,0,1,NULL,NULL,Stable,1,NULL,NULL,Stable,2,Employee At-Risk,1,1181
1991,Lola Hensley,2023-01-26,2023,1,2,2,NULL,NULL,Stable,1,1,NULL,NULL,Stable,3,NULL,NULL,Stable,1.9,Employee At-Risk,1,1033
1992,Shamar Delgado,2023-02-06,2023,2,4,4,NULL,NULL,Stable,0,3,NULL,NULL,Stable,3,NULL,NULL,Stable,3.5,Needs monitoring,0,1022
1993,Emmanuel Huang,2022-12-10,2022,12,5,5,NULL,NULL,Stable,0,2,NULL,NULL,Stable,4,NULL,NULL,Stable,3.9,Needs monitoring,0,1080
1994,Brenna Decker,2022-10-04,2022,10,5,5,NULL,NULL,Stable,0,5,NULL,NULL,Stable,1,NULL,NULL,Stable,4.2,Employee is engaged,0,1147
1995,Averie Wolfe,2023-04-23,2023,4,4,4,NULL,NULL,Stable,0,3,NULL,NULL,Stable,1,NULL,NULL,Stable,3.1,Needs monitoring,0,946
1996,Gaige Marsh,2023-08-01,2023,8,3,3,NULL,NULL,Stable,0,5,NULL,NULL,Stable,2,NULL,NULL,Stable,3.4,Needs monitoring,0,846
1997,Karli Ross,2023-02-16,2023,2,3,3,NULL,NULL,Stable,0,3,NULL,NULL,Stable,2,NULL,NULL,Stable,2.8,Employee At-Risk,1,1012
1998,Amiyah Beasley,2022-09-07,2022,9,2,2,NULL,NULL,Stable,1,4,NULL,NULL,Stable,3,NULL,NULL,Stable,2.8,Employee At-Risk,1,1174
1999,Kayla Gibbs,2023-07-12,2023,7,3,3,NULL,NULL,Stable,0,2,NULL,NULL,Stable,2,NULL,NULL,Stable,2.5,Employee At-Risk,1,866
2000,Jocelyn Jackson,2022-10-25,2022,10,1,1,NULL,NULL,Stable,1,3,NULL,NULL,Stable,3,NULL,NULL,Stable,2,Employee At-Risk,1,1126
2001,Gilbert Newman,2023-02-09,2023,2,5,5,NULL,NULL,Stable,0,3,NULL,NULL,Stable,5,NULL,NULL,Stable,4.4,Employee is engaged,0,1019
2002,Roberto Rosales,2023-03-11,2023,3,1,1,NULL,NULL,Stable,1,4,NULL,NULL,Stable,2,NULL,NULL,Stable,2.1,Employee At-Risk,1,989
2003,Justice Rhodes,2023-06-19,2023,6,5,5,NULL,NULL,Stable,0,5,NULL,NULL,Stable,1,NULL,NULL,Stable,4.2,Employee is engaged,0,889
2004,Adyson Esparza,2023-05-05,2023,5,3,3,NULL,NULL,Stable,0,3,NULL,NULL,Stable,4,NULL,NULL,Stable,3.2,Needs monitoring,0,934
2005,Laci Baird,2022-11-04,2022,11,2,2,NULL,NULL,Stable,1,1,NULL,NULL,Stable,2,NULL,NULL,Stable,1.7,Employee At-Risk,1,1116
2006,Samson Meza,2022-10-21,2022,10,5,5,NULL,NULL,Stable,0,5,NULL,NULL,Stable,2,NULL,NULL,Stable,4.4,Employee is engaged,0,1130
2007,Deacon Bass,2023-07-28,2023,7,4,4,NULL,NULL,Stable,0,1,NULL,NULL,Stable,5,NULL,NULL,Stable,3.3,Needs monitoring,0,850
2008,Kaila Johnston,2023-03-17,2023,3,1,1,NULL,NULL,Stable,1,2,NULL,NULL,Stable,2,NULL,NULL,Stable,1.5,Employee At-Risk,1,983
2009,Cayden Maynard,2023-02-27,2023,2,5,5,NULL,NULL,Stable,0,2,NULL,NULL,Stable,2,NULL,NULL,Stable,3.5,Needs monitoring,0,1001
2010,Araceli Mcguire,2023-02-17,2023,2,4,4,NULL,NULL,Stable,0,4,NULL,NULL,Stable,4,NULL,NULL,Stable,4,Employee is engaged,0,1011
2011,Naomi Hardin,2023-01-27,2023,1,3,3,NULL,NULL,Stable,0,2,NULL,NULL,Stable,2,NULL,NULL,Stable,2.5,Employee At-Risk,1,1032
2012,Darnell Eaton,2023-07-26,2023,7,2,2,NULL,NULL,Stable,1,3,NULL,NULL,Stable,2,NULL,NULL,Stable,2.3,Employee At-Risk,1,852
2013,Zariah Ritter,2023-03-07,2023,3,4,4,NULL,NULL,Stable,0,5,NULL,NULL,Stable,4,NULL,NULL,Stable,4.3,Employee is engaged,0,993
2014,Malaki Richards,2022-08-07,2022,8,2,2,NULL,NULL,Stable,1,5,NULL,NULL,Stable,4,NULL,NULL,Stable,3.3,Needs monitoring,0,1205
2015,Markus Robles,2022-08-13,2022,8,4,4,NULL,NULL,Stable,0,3,NULL,NULL,Stable,1,NULL,NULL,Stable,3.1,Needs monitoring,0,1199
2016,Angela Kaufman,2023-05-31,2023,5,1,1,NULL,NULL,Stable,1,3,NULL,NULL,Stable,5,NULL,NULL,Stable,2.4,Employee At-Risk,1,908
2017,Shaniya Wolfe,2023-07-11,2023,7,2,2,NULL,NULL,Stable,1,5,NULL,NULL,Stable,4,NULL,NULL,Stable,3.3,Needs monitoring,0,867
2018,Anya Morton,2022-10-31,2022,10,5,5,NULL,NULL,Stable,0,2,NULL,NULL,Stable,1,NULL,NULL,Stable,3.3,Needs monitoring,0,1120
2019,Emery Peck,2023-03-21,2023,3,2,2,NULL,NULL,Stable,1,1,NULL,NULL,Stable,4,NULL,NULL,Stable,2.1,Employee At-Risk,1,979
2020,Angelique Mathis,2022-11-28,2022,11,2,2,NULL,NULL,Stable,1,1,NULL,NULL,Stable,4,NULL,NULL,Stable,2.1,Employee At-Risk,1,1092
2021,Marlee Woods,2022-08-28,2022,8,1,1,NULL,NULL,Stable,1,3,NULL,NULL,Stable,4,NULL,NULL,Stable,2.2,Employee At-Risk,1,1184
2022,Jocelyn Valentine,2022-11-11,2022,11,5,5,NULL,NULL,Stable,0,3,NULL,NULL,Stable,5,NULL,NULL,Stable,4.4,Employee is engaged,0,1109
2023,Sophie Moran,2022-10-10,2022,10,3,3,NULL,NULL,Stable,0,4,NULL,NULL,Stable,4,NULL,NULL,Stable,3.5,Needs monitoring,0,1141
2024,Yair Snyder,2022-10-25,2022,10,2,2,NULL,NULL,Stable,1,1,NULL,NULL,Stable,5,NULL,NULL,Stable,2.3,Employee At-Risk,1,1126
2025,Shamar Herman,2023-05-02,2023,5,1,1,NULL,NULL,Stable,1,2,NULL,NULL,Stable,4,NULL,NULL,Stable,1.9,Employee At-Risk,1,937
2026,Ishaan Schaefer,2023-03-22,2023,3,2,2,NULL,NULL,Stable,1,4,NULL,NULL,Stable,4,NULL,NULL,Stable,3,Needs monitoring,0,978
2027,Liam Figueroa,2023-06-15,2023,6,3,3,NULL,NULL,Stable,0,1,NULL,NULL,Stable,3,NULL,NULL,Stable,2.4,Employee At-Risk,1,893
2028,Linda Combs,2022-10-01,2022,10,4,4,NULL,NULL,Stable,0,4,NULL,NULL,Stable,4,NULL,NULL,Stable,4,Employee is engaged,0,1150
2029,Marilyn Moss,2022-09-30,2022,9,2,2,NULL,NULL,Stable,1,5,NULL,NULL,Stable,1,NULL,NULL,Stable,2.7,Employee At-Risk,1,1151
2030,Yuliana Nelson,2023-04-07,2023,4,4,4,NULL,NULL,Stable,0,1,NULL,NULL,Stable,5,NULL,NULL,Stable,3.3,Needs monitoring,0,962
2031,August Wiley,2023-02-09,2023,2,1,1,NULL,NULL,Stable,1,3,NULL,NULL,Stable,1,NULL,NULL,Stable,1.6,Employee At-Risk,1,1019
2032,Lindsay Pennington,2023-07-02,2023,7,5,5,NULL,NULL,Stable,0,2,NULL,NULL,Stable,4,NULL,NULL,Stable,3.9,Needs monitoring,0,876
2033,Nico Villarreal,2022-10-10,2022,10,4,4,NULL,NULL,Stable,0,1,NULL,NULL,Stable,5,NULL,NULL,Stable,3.3,Needs monitoring,0,1141
2034,Jaliyah Conway,2023-01-30,2023,1,2,2,NULL,NULL,Stable,1,4,NULL,NULL,Stable,1,NULL,NULL,Stable,2.4,Employee At-Risk,1,1029
2035,Raymond Gillespie,2023-01-11,2023,1,4,4,NULL,NULL,Stable,0,2,NULL,NULL,Stable,3,NULL,NULL,Stable,3.2,Needs monitoring,0,1048
2036,Joey Montes,2023-03-18,2023,3,4,4,NULL,NULL,Stable,0,3,NULL,NULL,Stable,4,NULL,NULL,Stable,3.7,Needs monitoring,0,982
2037,Ian Hester,2023-01-28,2023,1,2,2,NULL,NULL,Stable,1,5,NULL,NULL,Stable,4,NULL,NULL,Stable,3.3,Needs monitoring,0,1031
2038,Weston Rios,2023-02-18,2023,2,5,5,NULL,NULL,Stable,0,3,NULL,NULL,Stable,2,NULL,NULL,Stable,3.8,Needs monitoring,0,1010
2039,Carson Pennington,2022-10-06,2022,10,5,5,NULL,NULL,Stable,0,2,NULL,NULL,Stable,2,NULL,NULL,Stable,3.5,Needs monitoring,0,1145
2040,Brynlee Crawford,2023-04-23,2023,4,1,1,NULL,NULL,Stable,1,2,NULL,NULL,Stable,5,NULL,NULL,Stable,2.1,Employee At-Risk,1,946
2041,Sanai Rose,2023-06-19,2023,6,1,1,NULL,NULL,Stable,1,1,NULL,NULL,Stable,5,NULL,NULL,Stable,1.8,Employee At-Risk,1,889
2042,Luna Arroyo,2023-06-24,2023,6,5,5,NULL,NULL,Stable,0,2,NULL,NULL,Stable,1,NULL,NULL,Stable,3.3,Needs monitoring,0,884
2043,Lorelai Hale,2023-06-07,2023,6,1,1,NULL,NULL,Stable,1,3,NULL,NULL,Stable,3,NULL,NULL,Stable,2,Employee At-Risk,1,901
2044,Darrell Horne,2022-11-14,2022,11,5,5,NULL,NULL,Stable,0,1,NULL,NULL,Stable,5,NULL,NULL,Stable,3.8,Needs monitoring,0,1106
2045,Itzel Nunez,2023-06-05,2023,6,3,3,NULL,NULL,Stable,0,1,NULL,NULL,Stable,4,NULL,NULL,Stable,2.6,Employee At-Risk,1,903
2046,Serena Lutz,2023-03-03,2023,3,2,2,NULL,NULL,Stable,1,2,NULL,NULL,Stable,4,NULL,NULL,Stable,2.4,Employee At-Risk,1,997
2047,Gwendolyn Gray,2022-08-24,2022,8,3,3,NULL,NULL,Stable,0,5,NULL,NULL,Stable,3,NULL,NULL,Stable,3.6,Needs monitoring,0,1188
2048,Khalil Lee,2022-11-25,2022,11,2,2,NULL,NULL,Stable,1,5,NULL,NULL,Stable,4,NULL,NULL,Stable,3.3,Needs monitoring,0,1095
2049,Corinne Navarro,2023-06-06,2023,6,3,3,NULL,NULL,Stable,0,1,NULL,NULL,Stable,3,NULL,NULL,Stable,2.4,Employee At-Risk,1,902
2050,Meadow Atkins,2023-04-03,2023,4,5,5,NULL,NULL,Stable,0,4,NULL,NULL,Stable,5,NULL,NULL,Stable,4.7,Employee is engaged,0,966
2051,Jaden Charles,2022-08-12,2022,8,5,5,NULL,NULL,Stable,0,2,NULL,NULL,Stable,4,NULL,NULL,Stable,3.9,Needs monitoring,0,1200
2052,Blaine Contreras,2023-07-06,2023,7,1,1,NULL,NULL,Stable,1,4,NULL,NULL,Stable,4,NULL,NULL,Stable,2.5,Employee At-Risk,1,872
2053,Kolten Kim,2023-06-23,2023,6,5,5,NULL,NULL,Stable,0,3,NULL,NULL,Stable,1,NULL,NULL,Stable,3.6,Needs monitoring,0,885
2054,Erika Mata,2023-02-04,2023,2,4,4,NULL,NULL,Stable,0,5,NULL,NULL,Stable,3,NULL,NULL,Stable,4.1,Employee is engaged,0,1024
2055,Beau Olsen,2022-10-28,2022,10,5,5,NULL,NULL,Stable,0,4,NULL,NULL,Stable,2,NULL,NULL,Stable,4.1,Employee is engaged,0,1123
2056,Kelly Ellis,2023-07-12,2023,7,3,3,NULL,NULL,Stable,0,4,NULL,NULL,Stable,1,NULL,NULL,Stable,2.9,Employee At-Risk,1,866
2057,Nikhil Rivas,2023-05-06,2023,5,4,4,NULL,NULL,Stable,0,1,NULL,NULL,Stable,3,NULL,NULL,Stable,2.9,Employee At-Risk,1,933
2058,Brady Boyd,2023-05-29,2023,5,5,5,NULL,NULL,Stable,0,5,NULL,NULL,Stable,4,NULL,NULL,Stable,4.8,Employee is engaged,0,910
2059,Alfred Manning,2023-05-09,2023,5,4,4,NULL,NULL,Stable,0,4,NULL,NULL,Stable,5,NULL,NULL,Stable,4.2,Employee is engaged,0,930
2060,Angelina Russell,2023-06-26,2023,6,5,5,NULL,NULL,Stable,0,5,NULL,NULL,Stable,5,NULL,NULL,Stable,5,Employee is engaged,0,882
2061,King Garrison,2023-05-26,2023,5,2,2,NULL,NULL,Stable,1,4,NULL,NULL,Stable,3,NULL,NULL,Stable,2.8,Employee At-Risk,1,913
2062,Kale Middleton,2022-09-05,2022,9,4,4,NULL,NULL,Stable,0,1,NULL,NULL,Stable,2,NULL,NULL,Stable,2.7,Employee At-Risk,1,1176
2063,Kailyn Montgomery,2023-04-06,2023,4,4,4,NULL,NULL,Stable,0,5,NULL,NULL,Stable,3,NULL,NULL,Stable,4.1,Employee is engaged,0,963
2064,Philip Cobb,2023-03-13,2023,3,1,1,NULL,NULL,Stable,1,3,NULL,NULL,Stable,5,NULL,NULL,Stable,2.4,Employee At-Risk,1,987
2065,Bria Spence,2023-01-13,2023,1,5,5,NULL,NULL,Stable,0,4,NULL,NULL,Stable,4,NULL,NULL,Stable,4.5,Employee is engaged,0,1046
2066,Ellie Holder,2022-10-08,2022,10,1,1,NULL,NULL,Stable,1,5,NULL,NULL,Stable,1,NULL,NULL,Stable,2.2,Employee At-Risk,1,1143
2067,Denzel Clark,2023-03-14,2023,3,5,5,NULL,NULL,Stable,0,2,NULL,NULL,Stable,1,NULL,NULL,Stable,3.3,Needs monitoring,0,986
2068,Sidney Lewis,2022-08-22,2022,8,4,4,NULL,NULL,Stable,0,3,NULL,NULL,Stable,5,NULL,NULL,Stable,3.9,Needs monitoring,0,1190
2069,Simon Rivers,2023-07-22,2023,7,3,3,NULL,NULL,Stable,0,1,NULL,NULL,Stable,5,NULL,NULL,Stable,2.8,Employee At-Risk,1,856
2070,Branson Schneider,2023-02-23,2023,2,3,3,NULL,NULL,Stable,0,4,NULL,NULL,Stable,5,NULL,NULL,Stable,3.7,Needs monitoring,0,1005
2071,Maren Whitehead,2022-09-15,2022,9,2,2,NULL,NULL,Stable,1,1,NULL,NULL,Stable,5,NULL,NULL,Stable,2.3,Employee At-Risk,1,1166
2072,Gilbert Hensley,2022-09-21,2022,9,5,5,NULL,NULL,Stable,0,4,NULL,NULL,Stable,1,NULL,NULL,Stable,3.9,Needs monitoring,0,1160
2073,Armani Barker,2023-02-12,2023,2,1,1,NULL,NULL,Stable,1,2,NULL,NULL,Stable,2,NULL,NULL,Stable,1.5,Employee At-Risk,1,1016
2074,Tamia Byrd,2023-07-05,2023,7,3,3,NULL,NULL,Stable,0,2,NULL,NULL,Stable,4,NULL,NULL,Stable,2.9,Employee At-Risk,1,873
2075,Oliver Richardson,2023-02-27,2023,2,4,4,NULL,NULL,Stable,0,5,NULL,NULL,Stable,2,NULL,NULL,Stable,3.9,Needs monitoring,0,1001
2076,Nathalia Larson,2023-01-07,2023,1,5,5,NULL,NULL,Stable,0,5,NULL,NULL,Stable,1,NULL,NULL,Stable,4.2,Employee is engaged,0,1052
2077,Laurel Chan,2023-07-26,2023,7,4,4,NULL,NULL,Stable,0,1,NULL,NULL,Stable,1,NULL,NULL,Stable,2.5,Employee At-Risk,1,852
2078,Alejandra Barnes,2022-10-21,2022,10,5,5,NULL,NULL,Stable,0,5,NULL,NULL,Stable,2,NULL,NULL,Stable,4.4,Employee is engaged,0,1130
2079,Emilio Daniel,2023-03-03,2023,3,4,4,NULL,NULL,Stable,0,2,NULL,NULL,Stable,3,NULL,NULL,Stable,3.2,Needs monitoring,0,997
2080,Ellie Robbins,2023-02-12,2023,2,4,4,NULL,NULL,Stable,0,1,NULL,NULL,Stable,4,NULL,NULL,Stable,3.1,Needs monitoring,0,1016
2081,Vicente Hansen,2023-02-21,2023,2,1,1,NULL,NULL,Stable,1,1,NULL,NULL,Stable,4,NULL,NULL,Stable,1.6,Employee At-Risk,1,1007
2082,Jordan Kemp,2023-01-01,2023,1,4,4,NULL,NULL,Stable,0,2,NULL,NULL,Stable,4,NULL,NULL,Stable,3.4,Needs monitoring,0,1058
2083,Edith Richard,2023-06-26,2023,6,2,2,NULL,NULL,Stable,1,2,NULL,NULL,Stable,4,NULL,NULL,Stable,2.4,Employee At-Risk,1,882
2084,Dustin Snow,2023-05-26,2023,5,3,3,NULL,NULL,Stable,0,2,NULL,NULL,Stable,2,NULL,NULL,Stable,2.5,Employee At-Risk,1,913
2085,Layton Goodwin,2022-10-13,2022,10,3,3,NULL,NULL,Stable,0,4,NULL,NULL,Stable,4,NULL,NULL,Stable,3.5,Needs monitoring,0,1138
2086,Eliza Munoz,2022-08-05,2022,8,5,5,NULL,NULL,Stable,0,4,NULL,NULL,Stable,3,NULL,NULL,Stable,4.3,Employee is engaged,0,1207
2087,Arianna Durham,2022-11-14,2022,11,4,4,NULL,NULL,Stable,0,4,NULL,NULL,Stable,1,NULL,NULL,Stable,3.4,Needs monitoring,0,1106
2088,Lia Orr,2022-12-21,2022,12,2,2,NULL,NULL,Stable,1,1,NULL,NULL,Stable,2,NULL,NULL,Stable,1.7,Employee At-Risk,1,1069
2089,Ethan Rhodes,2023-06-16,2023,6,5,5,NULL,NULL,Stable,0,3,NULL,NULL,Stable,3,NULL,NULL,Stable,4,Employee is engaged,0,892
2090,Alexis Nielsen,2023-07-23,2023,7,3,3,NULL,NULL,Stable,0,4,NULL,NULL,Stable,3,NULL,NULL,Stable,3.3,Needs monitoring,0,855
2091,Adalyn Bass,2023-02-21,2023,2,3,3,NULL,NULL,Stable,0,1,NULL,NULL,Stable,1,NULL,NULL,Stable,2,Employee At-Risk,1,1007
2092,Hadley Benson,2023-07-24,2023,7,1,1,NULL,NULL,Stable,1,2,NULL,NULL,Stable,3,NULL,NULL,Stable,1.7,Employee At-Risk,1,854
2093,Carlee Lang,2023-02-01,2023,2,2,2,NULL,NULL,Stable,1,3,NULL,NULL,Stable,1,NULL,NULL,Stable,2.1,Employee At-Risk,1,1027
2094,Eli Flores,2022-08-25,2022,8,2,2,NULL,NULL,Stable,1,5,NULL,NULL,Stable,5,NULL,NULL,Stable,3.5,Needs monitoring,0,1187
2095,Lyric Solomon,2023-07-21,2023,7,5,5,NULL,NULL,Stable,0,3,NULL,NULL,Stable,1,NULL,NULL,Stable,3.6,Needs monitoring,0,857
2096,Jerome Howard,2023-05-28,2023,5,3,3,NULL,NULL,Stable,0,4,NULL,NULL,Stable,4,NULL,NULL,Stable,3.5,Needs monitoring,0,911
2097,Parker Fritz,2022-08-30,2022,8,2,2,NULL,NULL,Stable,1,1,NULL,NULL,Stable,4,NULL,NULL,Stable,2.1,Employee At-Risk,1,1182
2098,Phillip Fuentes,2023-02-01,2023,2,2,2,NULL,NULL,Stable,1,4,NULL,NULL,Stable,1,NULL,NULL,Stable,2.4,Employee At-Risk,1,1027
2099,Drake Wiggins,2023-03-26,2023,3,1,1,NULL,NULL,Stable,1,4,NULL,NULL,Stable,5,NULL,NULL,Stable,2.7,Employee At-Risk,1,974
2100,Lucy Santos,2023-01-09,2023,1,1,1,NULL,NULL,Stable,1,1,NULL,NULL,Stable,1,NULL,NULL,Stable,1,Employee At-Risk,1,1050
2101,Justice Curry,2023-01-10,2023,1,4,4,NULL,NULL,Stable,0,4,NULL,NULL,Stable,2,NULL,NULL,Stable,3.6,Needs monitoring,0,1049
2102,Valeria Zavala,2023-07-16,2023,7,1,1,NULL,NULL,Stable,1,1,NULL,NULL,Stable,3,NULL,NULL,Stable,1.4,Employee At-Risk,1,862
2103,Nola Sellers,2023-02-16,2023,2,1,1,NULL,NULL,Stable,1,4,NULL,NULL,Stable,5,NULL,NULL,Stable,2.7,Employee At-Risk,1,1012
2104,Andre Fields,2023-06-10,2023,6,1,1,NULL,NULL,Stable,1,4,NULL,NULL,Stable,3,NULL,NULL,Stable,2.3,Employee At-Risk,1,898
2105,Joel Hanson,2023-07-24,2023,7,3,3,NULL,NULL,Stable,0,4,NULL,NULL,Stable,2,NULL,NULL,Stable,3.1,Needs monitoring,0,854
2106,Tony Mendoza,2022-10-28,2022,10,5,5,NULL,NULL,Stable,0,5,NULL,NULL,Stable,1,NULL,NULL,Stable,4.2,Employee is engaged,0,1123
2107,Jacqueline Black,2022-11-25,2022,11,4,4,NULL,NULL,Stable,0,1,NULL,NULL,Stable,1,NULL,NULL,Stable,2.5,Employee At-Risk,1,1095
2108,Denise Mccullough,2023-04-10,2023,4,1,1,NULL,NULL,Stable,1,2,NULL,NULL,Stable,4,NULL,NULL,Stable,1.9,Employee At-Risk,1,959
2109,Zain Tanner,2023-04-04,2023,4,3,3,NULL,NULL,Stable,0,3,NULL,NULL,Stable,5,NULL,NULL,Stable,3.4,Needs monitoring,0,965
2110,Richard Deleon,2022-11-13,2022,11,1,1,NULL,NULL,Stable,1,4,NULL,NULL,Stable,2,NULL,NULL,Stable,2.1,Employee At-Risk,1,1107
2111,Carmelo Hayden,2023-04-26,2023,4,2,2,NULL,NULL,Stable,1,3,NULL,NULL,Stable,1,NULL,NULL,Stable,2.1,Employee At-Risk,1,943
2112,Emilio Pierce,2023-02-01,2023,2,4,4,NULL,NULL,Stable,0,3,NULL,NULL,Stable,1,NULL,NULL,Stable,3.1,Needs monitoring,0,1027
2113,Emerson Wood,2022-08-31,2022,8,5,5,NULL,NULL,Stable,0,1,NULL,NULL,Stable,5,NULL,NULL,Stable,3.8,Needs monitoring,0,1181
2114,Abagail Moran,2023-02-08,2023,2,5,5,NULL,NULL,Stable,0,4,NULL,NULL,Stable,1,NULL,NULL,Stable,3.9,Needs monitoring,0,1020
2115,Nikhil Cummings,2023-01-25,2023,1,5,5,NULL,NULL,Stable,0,2,NULL,NULL,Stable,1,NULL,NULL,Stable,3.3,Needs monitoring,0,1034
2116,Stanley Bowen,2023-05-11,2023,5,1,1,NULL,NULL,Stable,1,4,NULL,NULL,Stable,2,NULL,NULL,Stable,2.1,Employee At-Risk,1,928
2117,Terrell Hanna,2022-11-16,2022,11,2,2,NULL,NULL,Stable,1,3,NULL,NULL,Stable,2,NULL,NULL,Stable,2.3,Employee At-Risk,1,1104
2118,Dale Mendoza,2023-03-20,2023,3,3,3,NULL,NULL,Stable,0,2,NULL,NULL,Stable,4,NULL,NULL,Stable,2.9,Employee At-Risk,1,980
2119,Marcos Carey,2023-05-27,2023,5,1,1,NULL,NULL,Stable,1,2,NULL,NULL,Stable,3,NULL,NULL,Stable,1.7,Employee At-Risk,1,912
2120,Simeon Pittman,2022-09-05,2022,9,4,4,NULL,NULL,Stable,0,4,NULL,NULL,Stable,1,NULL,NULL,Stable,3.4,Needs monitoring,0,1176
2121,Jenna Cochran,2023-01-29,2023,1,4,4,NULL,NULL,Stable,0,1,NULL,NULL,Stable,3,NULL,NULL,Stable,2.9,Employee At-Risk,1,1030
2122,Tia Kent,2023-01-25,2023,1,3,3,NULL,NULL,Stable,0,3,NULL,NULL,Stable,2,NULL,NULL,Stable,2.8,Employee At-Risk,1,1034
2123,Chace Farley,2022-10-29,2022,10,3,3,NULL,NULL,Stable,0,5,NULL,NULL,Stable,3,NULL,NULL,Stable,3.6,Needs monitoring,0,1122
2124,Spencer Hicks,2023-04-21,2023,4,4,4,NULL,NULL,Stable,0,1,NULL,NULL,Stable,5,NULL,NULL,Stable,3.3,Needs monitoring,0,948
2125,Leslie Zamora,2022-09-23,2022,9,4,4,NULL,NULL,Stable,0,5,NULL,NULL,Stable,3,NULL,NULL,Stable,4.1,Employee is engaged,0,1158
2126,Chasity Kennedy,2023-04-14,2023,4,3,3,NULL,NULL,Stable,0,4,NULL,NULL,Stable,4,NULL,NULL,Stable,3.5,Needs monitoring,0,955
2127,Makena Benitez,2023-08-01,2023,8,2,2,NULL,NULL,Stable,1,2,NULL,NULL,Stable,3,NULL,NULL,Stable,2.2,Employee At-Risk,1,846
2128,Remington Walton,2023-04-01,2023,4,1,1,NULL,NULL,Stable,1,3,NULL,NULL,Stable,1,NULL,NULL,Stable,1.6,Employee At-Risk,1,968
2129,Raina Best,2022-09-30,2022,9,5,5,NULL,NULL,Stable,0,5,NULL,NULL,Stable,2,NULL,NULL,Stable,4.4,Employee is engaged,0,1151
2130,Paulina Henderson,2023-03-30,2023,3,3,3,NULL,NULL,Stable,0,5,NULL,NULL,Stable,2,NULL,NULL,Stable,3.4,Needs monitoring,0,970
2131,Kaiya Marsh,2022-12-28,2022,12,1,1,NULL,NULL,Stable,1,2,NULL,NULL,Stable,1,NULL,NULL,Stable,1.3,Employee At-Risk,1,1062
2132,Scarlett Brooks,2022-12-15,2022,12,2,2,NULL,NULL,Stable,1,3,NULL,NULL,Stable,3,NULL,NULL,Stable,2.5,Employee At-Risk,1,1075
2133,Makhi Kramer,2023-03-02,2023,3,2,2,NULL,NULL,Stable,1,3,NULL,NULL,Stable,2,NULL,NULL,Stable,2.3,Employee At-Risk,1,998
2134,Beatrice Faulkner,2023-02-27,2023,2,4,4,NULL,NULL,Stable,0,2,NULL,NULL,Stable,5,NULL,NULL,Stable,3.6,Needs monitoring,0,1001
2135,Valeria Mayo,2023-08-02,2023,8,2,2,NULL,NULL,Stable,1,2,NULL,NULL,Stable,4,NULL,NULL,Stable,2.4,Employee At-Risk,1,845
2136,Darrell Vaughan,2023-02-18,2023,2,2,2,NULL,NULL,Stable,1,2,NULL,NULL,Stable,2,NULL,NULL,Stable,2,Employee At-Risk,1,1010
2137,Carlos Murphy,2022-10-14,2022,10,1,1,NULL,NULL,Stable,1,3,NULL,NULL,Stable,3,NULL,NULL,Stable,2,Employee At-Risk,1,1137
2138,Wilson Sloan,2022-08-22,2022,8,1,1,NULL,NULL,Stable,1,5,NULL,NULL,Stable,2,NULL,NULL,Stable,2.4,Employee At-Risk,1,1190
2139,Kaleb Elliott,2023-05-05,2023,5,1,1,NULL,NULL,Stable,1,4,NULL,NULL,Stable,4,NULL,NULL,Stable,2.5,Employee At-Risk,1,934
2140,Harley Jones,2023-05-11,2023,5,4,4,NULL,NULL,Stable,0,5,NULL,NULL,Stable,4,NULL,NULL,Stable,4.3,Employee is engaged,0,928
2141,Casey Dixon,2022-11-14,2022,11,2,2,NULL,NULL,Stable,1,3,NULL,NULL,Stable,3,NULL,NULL,Stable,2.5,Employee At-Risk,1,1106
2142,Josue Gentry,2023-05-06,2023,5,2,2,NULL,NULL,Stable,1,5,NULL,NULL,Stable,1,NULL,NULL,Stable,2.7,Employee At-Risk,1,933
2143,Adelaide Meyer,2022-12-14,2022,12,2,2,NULL,NULL,Stable,1,1,NULL,NULL,Stable,1,NULL,NULL,Stable,1.5,Employee At-Risk,1,1076
2144,Pierre Craig,2023-06-09,2023,6,2,2,NULL,NULL,Stable,1,5,NULL,NULL,Stable,4,NULL,NULL,Stable,3.3,Needs monitoring,0,899
2145,Leo Hickman,2023-05-19,2023,5,3,3,NULL,NULL,Stable,0,3,NULL,NULL,Stable,5,NULL,NULL,Stable,3.4,Needs monitoring,0,920
2146,Frankie Franklin,2023-02-24,2023,2,3,3,NULL,NULL,Stable,0,1,NULL,NULL,Stable,1,NULL,NULL,Stable,2,Employee At-Risk,1,1004
2147,Vance Cain,2022-11-03,2022,11,2,2,NULL,NULL,Stable,1,1,NULL,NULL,Stable,2,NULL,NULL,Stable,1.7,Employee At-Risk,1,1117
2148,Joel Koch,2023-06-12,2023,6,1,1,NULL,NULL,Stable,1,1,NULL,NULL,Stable,2,NULL,NULL,Stable,1.2,Employee At-Risk,1,896
2149,Cheyanne Hess,2023-05-21,2023,5,5,5,NULL,NULL,Stable,0,3,NULL,NULL,Stable,5,NULL,NULL,Stable,4.4,Employee is engaged,0,918
2150,Ishaan Sheppard,2022-11-26,2022,11,2,2,NULL,NULL,Stable,1,1,NULL,NULL,Stable,1,NULL,NULL,Stable,1.5,Employee At-Risk,1,1094
2151,Areli Mitchell,2023-04-11,2023,4,4,4,NULL,NULL,Stable,0,4,NULL,NULL,Stable,4,NULL,NULL,Stable,4,Employee is engaged,0,958
2152,Alexis Kirby,2023-03-30,2023,3,3,3,NULL,NULL,Stable,0,1,NULL,NULL,Stable,4,NULL,NULL,Stable,2.6,Employee At-Risk,1,970
2153,Alfred Caldwell,2023-01-19,2023,1,3,3,NULL,NULL,Stable,0,5,NULL,NULL,Stable,3,NULL,NULL,Stable,3.6,Needs monitoring,0,1040
2154,Julianna Vang,2023-05-18,2023,5,1,1,NULL,NULL,Stable,1,3,NULL,NULL,Stable,2,NULL,NULL,Stable,1.8,Employee At-Risk,1,921
2155,Arthur Wilson,2023-03-13,2023,3,1,1,NULL,NULL,Stable,1,2,NULL,NULL,Stable,4,NULL,NULL,Stable,1.9,Employee At-Risk,1,987
2156,Ariel Osborn,2023-03-03,2023,3,5,5,NULL,NULL,Stable,0,1,NULL,NULL,Stable,3,NULL,NULL,Stable,3.4,Needs monitoring,0,997
2157,Ansley Arias,2022-12-10,2022,12,4,4,NULL,NULL,Stable,0,2,NULL,NULL,Stable,5,NULL,NULL,Stable,3.6,Needs monitoring,0,1080
2158,Melany Stafford,2023-01-04,2023,1,2,2,NULL,NULL,Stable,1,4,NULL,NULL,Stable,3,NULL,NULL,Stable,2.8,Employee At-Risk,1,1055
2159,Matias Burns,2022-09-20,2022,9,1,1,NULL,NULL,Stable,1,1,NULL,NULL,Stable,1,NULL,NULL,Stable,1,Employee At-Risk,1,1161
2160,Aden George,2023-01-20,2023,1,1,1,NULL,NULL,Stable,1,1,NULL,NULL,Stable,5,NULL,NULL,Stable,1.8,Employee At-Risk,1,1039
2161,Rodolfo Franklin,2023-05-27,2023,5,1,1,NULL,NULL,Stable,1,4,NULL,NULL,Stable,3,NULL,NULL,Stable,2.3,Employee At-Risk,1,912
2162,Juliet Wall,2023-02-17,2023,2,3,3,NULL,NULL,Stable,0,5,NULL,NULL,Stable,4,NULL,NULL,Stable,3.8,Needs monitoring,0,1011
2163,London Contreras,2023-01-12,2023,1,5,5,NULL,NULL,Stable,0,5,NULL,NULL,Stable,4,NULL,NULL,Stable,4.8,Employee is engaged,0,1047
2164,Kyler Burton,2022-12-09,2022,12,3,3,NULL,NULL,Stable,0,1,NULL,NULL,Stable,3,NULL,NULL,Stable,2.4,Employee At-Risk,1,1081
2165,Yasmine Hughes,2022-10-28,2022,10,5,5,NULL,NULL,Stable,0,3,NULL,NULL,Stable,3,NULL,NULL,Stable,4,Employee is engaged,0,1123
2166,Dillon Sullivan,2023-01-16,2023,1,2,2,NULL,NULL,Stable,1,2,NULL,NULL,Stable,1,NULL,NULL,Stable,1.8,Employee At-Risk,1,1043
2167,Kendrick Ashley,2022-09-03,2022,9,2,2,NULL,NULL,Stable,1,4,NULL,NULL,Stable,2,NULL,NULL,Stable,2.6,Employee At-Risk,1,1178
2168,Rashad Mayo,2023-01-08,2023,1,5,5,NULL,NULL,Stable,0,1,NULL,NULL,Stable,4,NULL,NULL,Stable,3.6,Needs monitoring,0,1051
2169,Larissa Warner,2023-04-18,2023,4,5,5,NULL,NULL,Stable,0,2,NULL,NULL,Stable,4,NULL,NULL,Stable,3.9,Needs monitoring,0,951
2170,Delilah Cooke,2023-01-30,2023,1,1,1,NULL,NULL,Stable,1,5,NULL,NULL,Stable,2,NULL,NULL,Stable,2.4,Employee At-Risk,1,1029
2171,Simone Sharp,2023-03-16,2023,3,1,1,NULL,NULL,Stable,1,3,NULL,NULL,Stable,2,NULL,NULL,Stable,1.8,Employee At-Risk,1,984
2172,Cristofer Mcbride,2023-03-17,2023,3,2,2,NULL,NULL,Stable,1,4,NULL,NULL,Stable,1,NULL,NULL,Stable,2.4,Employee At-Risk,1,983
2173,Charlize Wong,2023-02-13,2023,2,1,1,NULL,NULL,Stable,1,4,NULL,NULL,Stable,3,NULL,NULL,Stable,2.3,Employee At-Risk,1,1015
2174,Adelaide Herman,2022-12-25,2022,12,1,1,NULL,NULL,Stable,1,1,NULL,NULL,Stable,5,NULL,NULL,Stable,1.8,Employee At-Risk,1,1065
2175,Kason Ellison,2023-03-16,2023,3,1,1,NULL,NULL,Stable,1,3,NULL,NULL,Stable,3,NULL,NULL,Stable,2,Employee At-Risk,1,984
2176,Tyree Weaver,2023-04-29,2023,4,2,2,NULL,NULL,Stable,1,1,NULL,NULL,Stable,1,NULL,NULL,Stable,1.5,Employee At-Risk,1,940
2177,Landen Figueroa,2022-10-17,2022,10,4,4,NULL,NULL,Stable,0,2,NULL,NULL,Stable,1,NULL,NULL,Stable,2.8,Employee At-Risk,1,1134
2178,Francis Robbins,2022-09-11,2022,9,4,4,NULL,NULL,Stable,0,1,NULL,NULL,Stable,5,NULL,NULL,Stable,3.3,Needs monitoring,0,1170
2179,Raphael Solomon,2023-06-16,2023,6,1,1,NULL,NULL,Stable,1,3,NULL,NULL,Stable,1,NULL,NULL,Stable,1.6,Employee At-Risk,1,892
2180,Zariah Castaneda,2023-05-29,2023,5,4,4,NULL,NULL,Stable,0,4,NULL,NULL,Stable,4,NULL,NULL,Stable,4,Employee is engaged,0,910
2181,Trevin Lambert,2023-02-04,2023,2,2,2,NULL,NULL,Stable,1,1,NULL,NULL,Stable,4,NULL,NULL,Stable,2.1,Employee At-Risk,1,1024
2182,Nathalie Hays,2023-04-12,2023,4,1,1,NULL,NULL,Stable,1,1,NULL,NULL,Stable,2,NULL,NULL,Stable,1.2,Employee At-Risk,1,957
2183,Bria Bush,2022-12-13,2022,12,4,4,NULL,NULL,Stable,0,4,NULL,NULL,Stable,2,NULL,NULL,Stable,3.6,Needs monitoring,0,1077
2184,Mason Brewer,2023-03-09,2023,3,2,2,NULL,NULL,Stable,1,4,NULL,NULL,Stable,4,NULL,NULL,Stable,3,Needs monitoring,0,991
2185,Salvatore Snyder,2022-11-07,2022,11,4,4,NULL,NULL,Stable,0,5,NULL,NULL,Stable,5,NULL,NULL,Stable,4.5,Employee is engaged,0,1113
2186,Vivian Hickman,2022-09-17,2022,9,4,4,NULL,NULL,Stable,0,1,NULL,NULL,Stable,1,NULL,NULL,Stable,2.5,Employee At-Risk,1,1164
2187,Amaris Kirk,2023-01-14,2023,1,2,2,NULL,NULL,Stable,1,1,NULL,NULL,Stable,5,NULL,NULL,Stable,2.3,Employee At-Risk,1,1045
2188,Grant York,2023-01-25,2023,1,5,5,NULL,NULL,Stable,0,4,NULL,NULL,Stable,2,NULL,NULL,Stable,4.1,Employee is engaged,0,1034
2189,Tyree Mahoney,2022-08-19,2022,8,1,1,NULL,NULL,Stable,1,2,NULL,NULL,Stable,4,NULL,NULL,Stable,1.9,Employee At-Risk,1,1193
2190,Kimberly Horn,2023-03-31,2023,3,5,5,NULL,NULL,Stable,0,2,NULL,NULL,Stable,3,NULL,NULL,Stable,3.7,Needs monitoring,0,969
2191,Paul Moreno,2023-04-11,2023,4,2,2,NULL,NULL,Stable,1,2,NULL,NULL,Stable,3,NULL,NULL,Stable,2.2,Employee At-Risk,1,958
2192,Macey Christian,2022-12-26,2022,12,5,5,NULL,NULL,Stable,0,3,NULL,NULL,Stable,4,NULL,NULL,Stable,4.2,Employee is engaged,0,1064
2193,Joel Bowen,2023-07-10,2023,7,2,2,NULL,NULL,Stable,1,2,NULL,NULL,Stable,3,NULL,NULL,Stable,2.2,Employee At-Risk,1,868
2194,Isis Vega,2022-10-02,2022,10,1,1,NULL,NULL,Stable,1,4,NULL,NULL,Stable,1,NULL,NULL,Stable,1.9,Employee At-Risk,1,1149
2195,Josie Mercer,2022-11-30,2022,11,1,1,NULL,NULL,Stable,1,5,NULL,NULL,Stable,1,NULL,NULL,Stable,2.2,Employee At-Risk,1,1090
2196,Ellie Ortega,2023-08-01,2023,8,5,5,NULL,NULL,Stable,0,2,NULL,NULL,Stable,3,NULL,NULL,Stable,3.7,Needs monitoring,0,846
2197,Adrien Maddox,2023-04-15,2023,4,2,2,NULL,NULL,Stable,1,3,NULL,NULL,Stable,1,NULL,NULL,Stable,2.1,Employee At-Risk,1,954
2198,Landyn Velez,2023-07-13,2023,7,2,2,NULL,NULL,Stable,1,4,NULL,NULL,Stable,2,NULL,NULL,Stable,2.6,Employee At-Risk,1,865
2199,Lilly Haynes,2023-06-03,2023,6,4,4,NULL,NULL,Stable,0,3,NULL,NULL,Stable,4,NULL,NULL,Stable,3.7,Needs monitoring,0,905
2200,Bianca Cardenas,2022-12-16,2022,12,3,3,NULL,NULL,Stable,0,1,NULL,NULL,Stable,5,NULL,NULL,Stable,2.8,Employee At-Risk,1,1074
2201,Cayden Bartlett,2023-06-24,2023,6,5,5,NULL,NULL,Stable,0,1,NULL,NULL,Stable,5,NULL,NULL,Stable,3.8,Needs monitoring,0,884
2202,Desiree Walker,2023-06-24,2023,6,5,5,NULL,NULL,Stable,0,4,NULL,NULL,Stable,5,NULL,NULL,Stable,4.7,Employee is engaged,0,884
2203,Colton Le,2022-08-29,2022,8,1,1,NULL,NULL,Stable,1,4,NULL,NULL,Stable,1,NULL,NULL,Stable,1.9,Employee At-Risk,1,1183
2204,Leonidas Bridges,2022-10-01,2022,10,5,5,NULL,NULL,Stable,0,2,NULL,NULL,Stable,3,NULL,NULL,Stable,3.7,Needs monitoring,0,1150
2205,Gia Franco,2022-09-05,2022,9,2,2,NULL,NULL,Stable,1,3,NULL,NULL,Stable,5,NULL,NULL,Stable,2.9,Employee At-Risk,1,1176
2206,Audrina Williams,2022-08-24,2022,8,2,2,NULL,NULL,Stable,1,4,NULL,NULL,Stable,3,NULL,NULL,Stable,2.8,Employee At-Risk,1,1188
2207,Sam Knight,2023-03-29,2023,3,3,3,NULL,NULL,Stable,0,3,NULL,NULL,Stable,1,NULL,NULL,Stable,2.6,Employee At-Risk,1,971
2208,Lisa Galia,2023-03-07,2023,3,5,5,NULL,NULL,Stable,0,3,NULL,NULL,Stable,3,NULL,NULL,Stable,4,Employee is engaged,0,993
2209,Rick Clayton,2023-04-01,2023,4,2,2,NULL,NULL,Stable,1,2,NULL,NULL,Stable,5,NULL,NULL,Stable,2.6,Employee At-Risk,1,968
2210,Julia Soto,2023-01-09,2023,1,1,1,NULL,NULL,Stable,1,5,NULL,NULL,Stable,3,NULL,NULL,Stable,2.6,Employee At-Risk,1,1050
2211,Leonara Lindsay,2023-02-01,2023,2,1,1,NULL,NULL,Stable,1,5,NULL,NULL,Stable,3,NULL,NULL,Stable,2.6,Employee At-Risk,1,1027
2212,Savanna Mayo,2023-07-26,2023,7,4,4,NULL,NULL,Stable,0,1,NULL,NULL,Stable,5,NULL,NULL,Stable,3.3,Needs monitoring,0,852
2213,Branden Khan,2023-05-05,2023,5,1,1,NULL,NULL,Stable,1,4,NULL,NULL,Stable,2,NULL,NULL,Stable,2.1,Employee At-Risk,1,934
2214,Aiden Wade,2023-02-26,2023,2,1,1,NULL,NULL,Stable,1,1,NULL,NULL,Stable,5,NULL,NULL,Stable,1.8,Employee At-Risk,1,1002
2215,Conrad Ochoa,2023-04-24,2023,4,1,1,NULL,NULL,Stable,1,5,NULL,NULL,Stable,5,NULL,NULL,Stable,3,Needs monitoring,0,945
2216,Jaylyn Bruce,2023-04-13,2023,4,4,4,NULL,NULL,Stable,0,5,NULL,NULL,Stable,2,NULL,NULL,Stable,3.9,Needs monitoring,0,956
2217,Kaylie Ayers,2022-10-05,2022,10,2,2,NULL,NULL,Stable,1,1,NULL,NULL,Stable,2,NULL,NULL,Stable,1.7,Employee At-Risk,1,1146
2218,Abdullah Arellano,2022-10-10,2022,10,4,4,NULL,NULL,Stable,0,1,NULL,NULL,Stable,5,NULL,NULL,Stable,3.3,Needs monitoring,0,1141
2219,Hazel Lane,2023-03-29,2023,3,5,5,NULL,NULL,Stable,0,2,NULL,NULL,Stable,2,NULL,NULL,Stable,3.5,Needs monitoring,0,971
2220,Lilah Harrison,2023-03-02,2023,3,3,3,NULL,NULL,Stable,0,3,NULL,NULL,Stable,5,NULL,NULL,Stable,3.4,Needs monitoring,0,998
2221,Cedric Sawyer,2023-04-28,2023,4,1,1,NULL,NULL,Stable,1,5,NULL,NULL,Stable,1,NULL,NULL,Stable,2.2,Employee At-Risk,1,941
2222,Caiden Lam,2022-09-14,2022,9,2,2,NULL,NULL,Stable,1,3,NULL,NULL,Stable,5,NULL,NULL,Stable,2.9,Employee At-Risk,1,1167
2223,Isla Hawkins,2023-05-23,2023,5,1,1,NULL,NULL,Stable,1,1,NULL,NULL,Stable,4,NULL,NULL,Stable,1.6,Employee At-Risk,1,916
2224,Hadley Nash,2023-02-02,2023,2,2,2,NULL,NULL,Stable,1,1,NULL,NULL,Stable,3,NULL,NULL,Stable,1.9,Employee At-Risk,1,1026
2225,Milo Jensen,2022-08-21,2022,8,1,1,NULL,NULL,Stable,1,2,NULL,NULL,Stable,2,NULL,NULL,Stable,1.5,Employee At-Risk,1,1191
2226,Zechariah Strong,2023-01-28,2023,1,4,4,NULL,NULL,Stable,0,4,NULL,NULL,Stable,5,NULL,NULL,Stable,4.2,Employee is engaged,0,1031
2227,Raymond Maldonado,2022-09-18,2022,9,2,2,NULL,NULL,Stable,1,3,NULL,NULL,Stable,4,NULL,NULL,Stable,2.7,Employee At-Risk,1,1163
2228,Kayley Romero,2023-01-20,2023,1,3,3,NULL,NULL,Stable,0,2,NULL,NULL,Stable,2,NULL,NULL,Stable,2.5,Employee At-Risk,1,1039
2229,Antonio Gray,2023-04-22,2023,4,3,3,NULL,NULL,Stable,0,1,NULL,NULL,Stable,1,NULL,NULL,Stable,2,Employee At-Risk,1,947
2230,Kane Mcfarland,2023-06-09,2023,6,1,1,NULL,NULL,Stable,1,5,NULL,NULL,Stable,5,NULL,NULL,Stable,3,Needs monitoring,0,899
2231,Kylie Ellis,2023-01-04,2023,1,1,1,NULL,NULL,Stable,1,2,NULL,NULL,Stable,2,NULL,NULL,Stable,1.5,Employee At-Risk,1,1055
2232,Jovan Giles,2022-11-19,2022,11,4,4,NULL,NULL,Stable,0,5,NULL,NULL,Stable,2,NULL,NULL,Stable,3.9,Needs monitoring,0,1101
2233,Sheldon Castillo,2022-10-03,2022,10,5,5,NULL,NULL,Stable,0,1,NULL,NULL,Stable,1,NULL,NULL,Stable,3,Needs monitoring,0,1148
2234,Ariel Barnes,2022-08-23,2022,8,1,1,NULL,NULL,Stable,1,1,NULL,NULL,Stable,4,NULL,NULL,Stable,1.6,Employee At-Risk,1,1189
2235,Kyson Grimes,2022-09-10,2022,9,3,3,NULL,NULL,Stable,0,5,NULL,NULL,Stable,3,NULL,NULL,Stable,3.6,Needs monitoring,0,1171
2236,Princess Long,2022-12-29,2022,12,2,2,NULL,NULL,Stable,1,1,NULL,NULL,Stable,2,NULL,NULL,Stable,1.7,Employee At-Risk,1,1061
2237,Lyla Wong,2023-06-08,2023,6,2,2,NULL,NULL,Stable,1,5,NULL,NULL,Stable,2,NULL,NULL,Stable,2.9,Employee At-Risk,1,900
2238,Shyanne Livingston,2023-03-28,2023,3,4,4,NULL,NULL,Stable,0,4,NULL,NULL,Stable,3,NULL,NULL,Stable,3.8,Needs monitoring,0,972
2239,Dario Whitney,2022-12-31,2022,12,1,1,NULL,NULL,Stable,1,3,NULL,NULL,Stable,4,NULL,NULL,Stable,2.2,Employee At-Risk,1,1059
2240,Pedro Nelson,2022-08-22,2022,8,2,2,NULL,NULL,Stable,1,4,NULL,NULL,Stable,5,NULL,NULL,Stable,3.2,Needs monitoring,0,1190
2241,Carlo Carr,2023-01-30,2023,1,4,4,NULL,NULL,Stable,0,4,NULL,NULL,Stable,4,NULL,NULL,Stable,4,Employee is engaged,0,1029
2242,Aileen Pacheco,2023-02-26,2023,2,3,3,NULL,NULL,Stable,0,2,NULL,NULL,Stable,4,NULL,NULL,Stable,2.9,Employee At-Risk,1,1002
2243,Dorian Wu,2023-06-26,2023,6,1,1,NULL,NULL,Stable,1,3,NULL,NULL,Stable,5,NULL,NULL,Stable,2.4,Employee At-Risk,1,882
2244,Monica Pham,2023-03-01,2023,3,4,4,NULL,NULL,Stable,0,2,NULL,NULL,Stable,1,NULL,NULL,Stable,2.8,Employee At-Risk,1,999
2245,Londyn Underwood,2023-07-08,2023,7,2,2,NULL,NULL,Stable,1,4,NULL,NULL,Stable,4,NULL,NULL,Stable,3,Needs monitoring,0,870
2246,Britney Logan,2023-03-20,2023,3,3,3,NULL,NULL,Stable,0,4,NULL,NULL,Stable,5,NULL,NULL,Stable,3.7,Needs monitoring,0,980
2247,Alessandra Novak,2023-02-16,2023,2,3,3,NULL,NULL,Stable,0,4,NULL,NULL,Stable,4,NULL,NULL,Stable,3.5,Needs monitoring,0,1012
2248,Ariel Powers,2023-05-24,2023,5,1,1,NULL,NULL,Stable,1,5,NULL,NULL,Stable,5,NULL,NULL,Stable,3,Needs monitoring,0,915
2249,Jewel Bryant,2023-05-29,2023,5,3,3,NULL,NULL,Stable,0,5,NULL,NULL,Stable,5,NULL,NULL,Stable,4,Employee is engaged,0,910
2250,Irene Kim,2023-05-29,2023,5,4,4,NULL,NULL,Stable,0,2,NULL,NULL,Stable,1,NULL,NULL,Stable,2.8,Employee At-Risk,1,910
2251,Carla Willis,2022-09-18,2022,9,4,4,NULL,NULL,Stable,0,4,NULL,NULL,Stable,4,NULL,NULL,Stable,4,Employee is engaged,0,1163
2252,Ricardo Fitzgerald,2022-09-28,2022,9,1,1,NULL,NULL,Stable,1,3,NULL,NULL,Stable,3,NULL,NULL,Stable,2,Employee At-Risk,1,1153
2253,Steven Jarvis,2023-06-26,2023,6,5,5,NULL,NULL,Stable,0,1,NULL,NULL,Stable,2,NULL,NULL,Stable,3.2,Needs monitoring,0,882
2254,Benjamin Marquez,2022-12-14,2022,12,3,3,NULL,NULL,Stable,0,2,NULL,NULL,Stable,5,NULL,NULL,Stable,3.1,Needs monitoring,0,1076
2255,Gabrielle Mercer,2023-05-12,2023,5,1,1,NULL,NULL,Stable,1,4,NULL,NULL,Stable,4,NULL,NULL,Stable,2.5,Employee At-Risk,1,927
2256,Kaylyn Pham,2023-07-14,2023,7,5,5,NULL,NULL,Stable,0,5,NULL,NULL,Stable,4,NULL,NULL,Stable,4.8,Employee is engaged,0,864
2257,Ingrid Lucero,2023-07-25,2023,7,4,4,NULL,NULL,Stable,0,3,NULL,NULL,Stable,5,NULL,NULL,Stable,3.9,Needs monitoring,0,853
2258,Keshawn Gilmore,2023-04-03,2023,4,2,2,NULL,NULL,Stable,1,5,NULL,NULL,Stable,4,NULL,NULL,Stable,3.3,Needs monitoring,0,966
2259,Connor Wang,2023-01-09,2023,1,1,1,NULL,NULL,Stable,1,2,NULL,NULL,Stable,5,NULL,NULL,Stable,2.1,Employee At-Risk,1,1050
2260,Rocco Vaughan,2023-08-05,2023,8,3,3,NULL,NULL,Stable,0,1,NULL,NULL,Stable,4,NULL,NULL,Stable,2.6,Employee At-Risk,1,842
2261,Samuel Jennings,2022-11-17,2022,11,2,2,NULL,NULL,Stable,1,1,NULL,NULL,Stable,5,NULL,NULL,Stable,2.3,Employee At-Risk,1,1103
2262,Shane Harper,2023-04-27,2023,4,4,4,NULL,NULL,Stable,0,4,NULL,NULL,Stable,3,NULL,NULL,Stable,3.8,Needs monitoring,0,942
2263,Kali Yates,2022-11-28,2022,11,3,3,NULL,NULL,Stable,0,1,NULL,NULL,Stable,4,NULL,NULL,Stable,2.6,Employee At-Risk,1,1092
2264,Piper Guzman,2022-11-08,2022,11,1,1,NULL,NULL,Stable,1,2,NULL,NULL,Stable,3,NULL,NULL,Stable,1.7,Employee At-Risk,1,1112
2265,Halle Pena,2023-03-08,2023,3,2,2,NULL,NULL,Stable,1,4,NULL,NULL,Stable,2,NULL,NULL,Stable,2.6,Employee At-Risk,1,992
2266,Jameson Eaton,2023-04-27,2023,4,5,5,NULL,NULL,Stable,0,3,NULL,NULL,Stable,2,NULL,NULL,Stable,3.8,Needs monitoring,0,942
2267,Antony Brandt,2023-03-09,2023,3,1,1,NULL,NULL,Stable,1,3,NULL,NULL,Stable,3,NULL,NULL,Stable,2,Employee At-Risk,1,991
2268,Armani Rogers,2023-07-03,2023,7,2,2,NULL,NULL,Stable,1,3,NULL,NULL,Stable,2,NULL,NULL,Stable,2.3,Employee At-Risk,1,875
2269,Jacoby Lyons,2023-02-14,2023,2,5,5,NULL,NULL,Stable,0,5,NULL,NULL,Stable,1,NULL,NULL,Stable,4.2,Employee is engaged,0,1014
2270,Dylan Livingston,2023-03-18,2023,3,4,4,NULL,NULL,Stable,0,4,NULL,NULL,Stable,3,NULL,NULL,Stable,3.8,Needs monitoring,0,982
2271,Raelynn Compton,2023-03-21,2023,3,5,5,NULL,NULL,Stable,0,4,NULL,NULL,Stable,4,NULL,NULL,Stable,4.5,Employee is engaged,0,979
2272,Darryl Richmond,2022-08-05,2022,8,5,5,NULL,NULL,Stable,0,5,NULL,NULL,Stable,3,NULL,NULL,Stable,4.6,Employee is engaged,0,1207
2273,Ana Stafford,2022-10-26,2022,10,5,5,NULL,NULL,Stable,0,2,NULL,NULL,Stable,3,NULL,NULL,Stable,3.7,Needs monitoring,0,1125
2274,Carlos Mccoy,2022-08-13,2022,8,2,2,NULL,NULL,Stable,1,5,NULL,NULL,Stable,1,NULL,NULL,Stable,2.7,Employee At-Risk,1,1199
2275,Michael Albert,2022-10-24,2022,10,5,5,NULL,NULL,Stable,0,4,NULL,NULL,Stable,3,NULL,NULL,Stable,4.3,Employee is engaged,0,1127
2276,Courtney E Wallace,2022-09-16,2022,9,5,5,NULL,NULL,Stable,0,2,NULL,NULL,Stable,2,NULL,NULL,Stable,3.5,Needs monitoring,0,1165
2277,Amy Dunn,2022-11-25,2022,11,3,3,NULL,NULL,Stable,0,4,NULL,NULL,Stable,4,NULL,NULL,Stable,3.5,Needs monitoring,0,1095
2278,Kissy Sullivan,2022-08-21,2022,8,5,5,NULL,NULL,Stable,0,4,NULL,NULL,Stable,2,NULL,NULL,Stable,4.1,Employee is engaged,0,1191
2279,Walter Immediato,2023-05-28,2023,5,2,2,NULL,NULL,Stable,1,5,NULL,NULL,Stable,1,NULL,NULL,Stable,2.7,Employee At-Risk,1,911
2280,Ebonee Peterson,2023-02-23,2023,2,4,4,NULL,NULL,Stable,0,2,NULL,NULL,Stable,5,NULL,NULL,Stable,3.6,Needs monitoring,0,1005
2281,Elijiah Gray,2022-09-24,2022,9,1,1,NULL,NULL,Stable,1,4,NULL,NULL,Stable,2,NULL,NULL,Stable,2.1,Employee At-Risk,1,1157
2282,Charles Bozzi,2022-11-02,2022,11,1,1,NULL,NULL,Stable,1,5,NULL,NULL,Stable,3,NULL,NULL,Stable,2.6,Employee At-Risk,1,1118
2283,Sean Quinn,2022-10-20,2022,10,4,4,NULL,NULL,Stable,0,2,NULL,NULL,Stable,1,NULL,NULL,Stable,2.8,Employee At-Risk,1,1131
2284,Jennifer Zamora,2022-10-11,2022,10,1,1,NULL,NULL,Stable,1,4,NULL,NULL,Stable,4,NULL,NULL,Stable,2.5,Employee At-Risk,1,1140
2285,Webster L Butler,2023-05-22,2023,5,4,4,NULL,NULL,Stable,0,3,NULL,NULL,Stable,3,NULL,NULL,Stable,3.5,Needs monitoring,0,917
2286,Brannon Miller,2023-01-20,2023,1,4,4,NULL,NULL,Stable,0,4,NULL,NULL,Stable,4,NULL,NULL,Stable,4,Employee is engaged,0,1039
2287,Ketsia Liebig,2022-11-11,2022,11,4,4,NULL,NULL,Stable,0,4,NULL,NULL,Stable,2,NULL,NULL,Stable,3.6,Needs monitoring,0,1109
2288,Kelley Spirea,2023-07-09,2023,7,5,5,NULL,NULL,Stable,0,1,NULL,NULL,Stable,4,NULL,NULL,Stable,3.6,Needs monitoring,0,869
2289,Brandon R LeBlanc,2023-03-12,2023,3,2,2,NULL,NULL,Stable,1,5,NULL,NULL,Stable,3,NULL,NULL,Stable,3.1,Needs monitoring,0,988
2290,Debra Houlihan,2023-04-14,2023,4,4,4,NULL,NULL,Stable,0,1,NULL,NULL,Stable,3,NULL,NULL,Stable,2.9,Employee At-Risk,1,955
2291,Elisa Bramante,2022-08-20,2022,8,3,3,NULL,NULL,Stable,0,4,NULL,NULL,Stable,1,NULL,NULL,Stable,2.9,Employee At-Risk,1,1192
2292,Jonathan Hogland,2022-11-15,2022,11,5,5,NULL,NULL,Stable,0,1,NULL,NULL,Stable,1,NULL,NULL,Stable,3,Needs monitoring,0,1105
2293,David Stanley,2023-06-19,2023,6,5,5,NULL,NULL,Stable,0,3,NULL,NULL,Stable,1,NULL,NULL,Stable,3.6,Needs monitoring,0,889
2294,Ariana Strickland,2022-08-30,2022,8,4,4,NULL,NULL,Stable,0,4,NULL,NULL,Stable,4,NULL,NULL,Stable,4,Employee is engaged,0,1182
2295,Everett Jordan,2022-11-26,2022,11,3,3,NULL,NULL,Stable,0,5,NULL,NULL,Stable,4,NULL,NULL,Stable,3.8,Needs monitoring,0,1094
2296,Ronnie Middleton,2023-06-15,2023,6,4,4,NULL,NULL,Stable,0,4,NULL,NULL,Stable,5,NULL,NULL,Stable,4.2,Employee is engaged,0,893
2297,Deandre Richard,2022-09-14,2022,9,5,5,NULL,NULL,Stable,0,4,NULL,NULL,Stable,1,NULL,NULL,Stable,3.9,Needs monitoring,0,1167
2298,Terry Gay,2022-11-04,2022,11,3,3,NULL,NULL,Stable,0,2,NULL,NULL,Stable,1,NULL,NULL,Stable,2.3,Employee At-Risk,1,1116
2299,Emiliano Rich,2022-08-18,2022,8,2,2,NULL,NULL,Stable,1,1,NULL,NULL,Stable,2,NULL,NULL,Stable,1.7,Employee At-Risk,1,1194
2300,Wesley Nguyen,2022-10-08,2022,10,5,5,NULL,NULL,Stable,0,1,NULL,NULL,Stable,2,NULL,NULL,Stable,3.2,Needs monitoring,0,1143
2301,Lauren Keith,2023-07-26,2023,7,3,3,NULL,NULL,Stable,0,1,NULL,NULL,Stable,4,NULL,NULL,Stable,2.6,Employee At-Risk,1,852
2302,Marlene Rhodes,2023-04-12,2023,4,2,2,NULL,NULL,Stable,1,5,NULL,NULL,Stable,3,NULL,NULL,Stable,3.1,Needs monitoring,0,957
2303,Penelope Jordan,2023-02-01,2023,2,5,5,NULL,NULL,Stable,0,5,NULL,NULL,Stable,1,NULL,NULL,Stable,4.2,Employee is engaged,0,1027
2304,Marlon Stanton,2023-06-29,2023,6,5,5,NULL,NULL,Stable,0,1,NULL,NULL,Stable,2,NULL,NULL,Stable,3.2,Needs monitoring,0,879
2305,Rosemary Thornton,2023-05-26,2023,5,4,4,NULL,NULL,Stable,0,5,NULL,NULL,Stable,5,NULL,NULL,Stable,4.5,Employee is engaged,0,913
2306,Ayanna Lutz,2023-04-25,2023,4,3,3,NULL,NULL,Stable,0,4,NULL,NULL,Stable,3,NULL,NULL,Stable,3.3,Needs monitoring,0,944
2307,Case Hahn,2023-07-22,2023,7,5,5,NULL,NULL,Stable,0,2,NULL,NULL,Stable,3,NULL,NULL,Stable,3.7,Needs monitoring,0,856
2308,Asia Rivers,2023-03-11,2023,3,1,1,NULL,NULL,Stable,1,2,NULL,NULL,Stable,3,NULL,NULL,Stable,1.7,Employee At-Risk,1,989
2309,Alexa Mercer,2023-01-03,2023,1,2,2,NULL,NULL,Stable,1,5,NULL,NULL,Stable,5,NULL,NULL,Stable,3.5,Needs monitoring,0,1056
2310,Jade Sloan,2022-10-04,2022,10,4,4,NULL,NULL,Stable,0,1,NULL,NULL,Stable,3,NULL,NULL,Stable,2.9,Employee At-Risk,1,1147
2311,Araceli Castillo,2023-03-15,2023,3,5,5,NULL,NULL,Stable,0,3,NULL,NULL,Stable,2,NULL,NULL,Stable,3.8,Needs monitoring,0,985
2312,Maximilian Carney,2023-04-02,2023,4,1,1,NULL,NULL,Stable,1,4,NULL,NULL,Stable,3,NULL,NULL,Stable,2.3,Employee At-Risk,1,967
2313,Ayanna Bowman,2023-04-04,2023,4,5,5,NULL,NULL,Stable,0,2,NULL,NULL,Stable,3,NULL,NULL,Stable,3.7,Needs monitoring,0,965
2314,Lia Blair,2023-06-23,2023,6,4,4,NULL,NULL,Stable,0,1,NULL,NULL,Stable,3,NULL,NULL,Stable,2.9,Employee At-Risk,1,885
2315,Marcelo Flowers,2022-08-10,2022,8,4,4,NULL,NULL,Stable,0,3,NULL,NULL,Stable,2,NULL,NULL,Stable,3.3,Needs monitoring,0,1202
2316,Antwan Gay,2022-09-06,2022,9,4,4,NULL,NULL,Stable,0,2,NULL,NULL,Stable,5,NULL,NULL,Stable,3.6,Needs monitoring,0,1175
2317,Jaydan Hoffman,2023-02-07,2023,2,2,2,NULL,NULL,Stable,1,2,NULL,NULL,Stable,1,NULL,NULL,Stable,1.8,Employee At-Risk,1,1021
2318,Faith Golden,2022-12-20,2022,12,2,2,NULL,NULL,Stable,1,1,NULL,NULL,Stable,5,NULL,NULL,Stable,2.3,Employee At-Risk,1,1070
2319,Kaylee Harvey,2023-03-29,2023,3,5,5,NULL,NULL,Stable,0,4,NULL,NULL,Stable,3,NULL,NULL,Stable,4.3,Employee is engaged,0,971
2320,Kristen Peters,2023-02-12,2023,2,5,5,NULL,NULL,Stable,0,1,NULL,NULL,Stable,3,NULL,NULL,Stable,3.4,Needs monitoring,0,1016
2321,Hadassah Gallegos,2022-11-07,2022,11,4,4,NULL,NULL,Stable,0,2,NULL,NULL,Stable,5,NULL,NULL,Stable,3.6,Needs monitoring,0,1113
2322,Ariel Cervantes,2022-08-20,2022,8,4,4,NULL,NULL,Stable,0,3,NULL,NULL,Stable,4,NULL,NULL,Stable,3.7,Needs monitoring,0,1192
2323,Aubree Villanueva,2022-11-21,2022,11,2,2,NULL,NULL,Stable,1,1,NULL,NULL,Stable,3,NULL,NULL,Stable,1.9,Employee At-Risk,1,1099
2324,Aspen Dixon,2023-06-24,2023,6,1,1,NULL,NULL,Stable,1,2,NULL,NULL,Stable,4,NULL,NULL,Stable,1.9,Employee At-Risk,1,884
2325,Keenan Jensen,2022-12-27,2022,12,4,4,NULL,NULL,Stable,0,4,NULL,NULL,Stable,1,NULL,NULL,Stable,3.4,Needs monitoring,0,1063
2326,Malakai Whitehead,2023-04-19,2023,4,3,3,NULL,NULL,Stable,0,1,NULL,NULL,Stable,4,NULL,NULL,Stable,2.6,Employee At-Risk,1,950
2327,Parker Cunningham,2023-03-29,2023,3,4,4,NULL,NULL,Stable,0,1,NULL,NULL,Stable,2,NULL,NULL,Stable,2.7,Employee At-Risk,1,971
2328,Kadyn Herring,2022-09-02,2022,9,1,1,NULL,NULL,Stable,1,4,NULL,NULL,Stable,3,NULL,NULL,Stable,2.3,Employee At-Risk,1,1179
2329,Aubree Anderson,2022-09-02,2022,9,2,2,NULL,NULL,Stable,1,3,NULL,NULL,Stable,1,NULL,NULL,Stable,2.1,Employee At-Risk,1,1179
2330,John Forbes,2022-09-11,2022,9,3,3,NULL,NULL,Stable,0,4,NULL,NULL,Stable,5,NULL,NULL,Stable,3.7,Needs monitoring,0,1170
2331,Violet Willis,2022-12-11,2022,12,2,2,NULL,NULL,Stable,1,5,NULL,NULL,Stable,3,NULL,NULL,Stable,3.1,Needs monitoring,0,1079
2332,Jaime Austin,2022-11-02,2022,11,1,1,NULL,NULL,Stable,1,1,NULL,NULL,Stable,1,NULL,NULL,Stable,1,Employee At-Risk,1,1118
2333,Natalee Lane,2023-04-19,2023,4,5,5,NULL,NULL,Stable,0,4,NULL,NULL,Stable,2,NULL,NULL,Stable,4.1,Employee is engaged,0,950
2334,Iris Preston,2022-12-01,2022,12,3,3,NULL,NULL,Stable,0,3,NULL,NULL,Stable,5,NULL,NULL,Stable,3.4,Needs monitoring,0,1089
2335,Magdalena Fischer,2023-03-24,2023,3,1,1,NULL,NULL,Stable,1,5,NULL,NULL,Stable,5,NULL,NULL,Stable,3,Needs monitoring,0,976
2336,Walter Dominguez,2022-08-10,2022,8,5,5,NULL,NULL,Stable,0,1,NULL,NULL,Stable,5,NULL,NULL,Stable,3.8,Needs monitoring,0,1202
2337,Hallie Macias,2023-07-09,2023,7,1,1,NULL,NULL,Stable,1,4,NULL,NULL,Stable,3,NULL,NULL,Stable,2.3,Employee At-Risk,1,869
2338,Ivan Hull,2022-09-09,2022,9,2,2,NULL,NULL,Stable,1,3,NULL,NULL,Stable,5,NULL,NULL,Stable,2.9,Employee At-Risk,1,1172
2339,India Kemp,2023-03-22,2023,3,3,3,NULL,NULL,Stable,0,1,NULL,NULL,Stable,5,NULL,NULL,Stable,2.8,Employee At-Risk,1,978
2340,Alice Dudley,2023-05-23,2023,5,4,4,NULL,NULL,Stable,0,5,NULL,NULL,Stable,3,NULL,NULL,Stable,4.1,Employee is engaged,0,916
2341,Jesus Hendricks,2022-10-14,2022,10,1,1,NULL,NULL,Stable,1,5,NULL,NULL,Stable,2,NULL,NULL,Stable,2.4,Employee At-Risk,1,1137
2342,Eli Owens,2023-07-24,2023,7,1,1,NULL,NULL,Stable,1,4,NULL,NULL,Stable,3,NULL,NULL,Stable,2.3,Employee At-Risk,1,854
2343,Emelia Mcintyre,2022-11-22,2022,11,1,1,NULL,NULL,Stable,1,3,NULL,NULL,Stable,4,NULL,NULL,Stable,2.2,Employee At-Risk,1,1098
2344,Jaden Bates,2023-02-08,2023,2,2,2,NULL,NULL,Stable,1,5,NULL,NULL,Stable,5,NULL,NULL,Stable,3.5,Needs monitoring,0,1020
2345,Nyla Schwartz,2023-01-14,2023,1,2,2,NULL,NULL,Stable,1,1,NULL,NULL,Stable,5,NULL,NULL,Stable,2.3,Employee At-Risk,1,1045
2346,Taryn Black,2023-02-06,2023,2,5,5,NULL,NULL,Stable,0,3,NULL,NULL,Stable,1,NULL,NULL,Stable,3.6,Needs monitoring,0,1022
2347,Karley Novak,2023-01-09,2023,1,2,2,NULL,NULL,Stable,1,3,NULL,NULL,Stable,2,NULL,NULL,Stable,2.3,Employee At-Risk,1,1050
2348,Payten Harvey,2022-10-12,2022,10,4,4,NULL,NULL,Stable,0,4,NULL,NULL,Stable,2,NULL,NULL,Stable,3.6,Needs monitoring,0,1139
2349,Reagan Atkinson,2022-11-05,2022,11,5,5,NULL,NULL,Stable,0,5,NULL,NULL,Stable,1,NULL,NULL,Stable,4.2,Employee is engaged,0,1115
2350,Rey Werner,2022-08-24,2022,8,1,1,NULL,NULL,Stable,1,4,NULL,NULL,Stable,5,NULL,NULL,Stable,2.7,Employee At-Risk,1,1188
2351,Kendall Mcintyre,2023-02-21,2023,2,3,3,NULL,NULL,Stable,0,3,NULL,NULL,Stable,5,NULL,NULL,Stable,3.4,Needs monitoring,0,1007
2352,Anahi Frye,2023-07-11,2023,7,2,2,NULL,NULL,Stable,1,3,NULL,NULL,Stable,3,NULL,NULL,Stable,2.5,Employee At-Risk,1,867
2353,Dalia Booth,2022-10-17,2022,10,2,2,NULL,NULL,Stable,1,4,NULL,NULL,Stable,3,NULL,NULL,Stable,2.8,Employee At-Risk,1,1134
2354,Charlee Navarro,2023-06-10,2023,6,5,5,NULL,NULL,Stable,0,1,NULL,NULL,Stable,1,NULL,NULL,Stable,3,Needs monitoring,0,898
2355,Karter Perry,2022-11-15,2022,11,1,1,NULL,NULL,Stable,1,1,NULL,NULL,Stable,4,NULL,NULL,Stable,1.6,Employee At-Risk,1,1105
2356,Sariah Little,2023-03-07,2023,3,4,4,NULL,NULL,Stable,0,1,NULL,NULL,Stable,1,NULL,NULL,Stable,2.5,Employee At-Risk,1,993
2357,Antoine Murray,2022-11-12,2022,11,1,1,NULL,NULL,Stable,1,2,NULL,NULL,Stable,3,NULL,NULL,Stable,1.7,Employee At-Risk,1,1108
2358,Summer Huang,2022-09-07,2022,9,5,5,NULL,NULL,Stable,0,3,NULL,NULL,Stable,3,NULL,NULL,Stable,4,Employee is engaged,0,1174
2359,Jaylyn Contreras,2023-07-08,2023,7,4,4,NULL,NULL,Stable,0,4,NULL,NULL,Stable,3,NULL,NULL,Stable,3.8,Needs monitoring,0,870
2360,Brenna York,2023-02-07,2023,2,4,4,NULL,NULL,Stable,0,4,NULL,NULL,Stable,3,NULL,NULL,Stable,3.8,Needs monitoring,0,1021
2361,Braden Wiggins,2023-02-12,2023,2,4,4,NULL,NULL,Stable,0,4,NULL,NULL,Stable,2,NULL,NULL,Stable,3.6,Needs monitoring,0,1016
2362,Nola Bullock,2023-01-21,2023,1,5,5,NULL,NULL,Stable,0,4,NULL,NULL,Stable,5,NULL,NULL,Stable,4.7,Employee is engaged,0,1038
2363,Kaleigh Keller,2023-07-16,2023,7,2,2,NULL,NULL,Stable,1,5,NULL,NULL,Stable,1,NULL,NULL,Stable,2.7,Employee At-Risk,1,862
2364,Milagros Jimenez,2023-02-02,2023,2,4,4,NULL,NULL,Stable,0,2,NULL,NULL,Stable,4,NULL,NULL,Stable,3.4,Needs monitoring,0,1026
2365,Timothy Goodwin,2022-09-07,2022,9,1,1,NULL,NULL,Stable,1,1,NULL,NULL,Stable,1,NULL,NULL,Stable,1,Employee At-Risk,1,1174
2366,Reese Kennedy,2023-04-30,2023,4,4,4,NULL,NULL,Stable,0,2,NULL,NULL,Stable,5,NULL,NULL,Stable,3.6,Needs monitoring,0,939
2367,Mariam Doyle,2022-10-26,2022,10,3,3,NULL,NULL,Stable,0,2,NULL,NULL,Stable,5,NULL,NULL,Stable,3.1,Needs monitoring,0,1125
2368,Clinton Brennan,2022-11-06,2022,11,5,5,NULL,NULL,Stable,0,2,NULL,NULL,Stable,1,NULL,NULL,Stable,3.3,Needs monitoring,0,1114
2369,Maximilian Moyer,2023-02-18,2023,2,5,5,NULL,NULL,Stable,0,2,NULL,NULL,Stable,4,NULL,NULL,Stable,3.9,Needs monitoring,0,1010
2370,Salvador Robinson,2022-10-03,2022,10,1,1,NULL,NULL,Stable,1,2,NULL,NULL,Stable,4,NULL,NULL,Stable,1.9,Employee At-Risk,1,1148
2371,Ahmed Mcmahon,2023-01-10,2023,1,2,2,NULL,NULL,Stable,1,1,NULL,NULL,Stable,5,NULL,NULL,Stable,2.3,Employee At-Risk,1,1049
2372,Junior York,2023-08-02,2023,8,3,3,NULL,NULL,Stable,0,4,NULL,NULL,Stable,5,NULL,NULL,Stable,3.7,Needs monitoring,0,845
2373,Marilyn Wiley,2023-07-21,2023,7,3,3,NULL,NULL,Stable,0,5,NULL,NULL,Stable,5,NULL,NULL,Stable,4,Employee is engaged,0,857
2374,Selena Hebert,2023-01-16,2023,1,1,1,NULL,NULL,Stable,1,2,NULL,NULL,Stable,1,NULL,NULL,Stable,1.3,Employee At-Risk,1,1043
2375,Selena Adkins,2022-08-14,2022,8,2,2,NULL,NULL,Stable,1,4,NULL,NULL,Stable,2,NULL,NULL,Stable,2.6,Employee At-Risk,1,1198
2376,Erica Sloan,2022-12-07,2022,12,5,5,NULL,NULL,Stable,0,2,NULL,NULL,Stable,4,NULL,NULL,Stable,3.9,Needs monitoring,0,1083
2377,Payton Nolan,2022-12-31,2022,12,1,1,NULL,NULL,Stable,1,2,NULL,NULL,Stable,1,NULL,NULL,Stable,1.3,Employee At-Risk,1,1059
2378,Leticia Parks,2023-07-04,2023,7,2,2,NULL,NULL,Stable,1,5,NULL,NULL,Stable,3,NULL,NULL,Stable,3.1,Needs monitoring,0,874
2379,Carolyn Sosa,2023-07-01,2023,7,2,2,NULL,NULL,Stable,1,5,NULL,NULL,Stable,1,NULL,NULL,Stable,2.7,Employee At-Risk,1,877
2380,German Higgins,2022-10-25,2022,10,2,2,NULL,NULL,Stable,1,1,NULL,NULL,Stable,3,NULL,NULL,Stable,1.9,Employee At-Risk,1,1126
2381,Heath Romero,2023-02-15,2023,2,2,2,NULL,NULL,Stable,1,3,NULL,NULL,Stable,3,NULL,NULL,Stable,2.5,Employee At-Risk,1,1013
2382,Davion Friedman,2022-11-19,2022,11,4,4,NULL,NULL,Stable,0,3,NULL,NULL,Stable,4,NULL,NULL,Stable,3.7,Needs monitoring,0,1101
2383,Danny Thomas,2022-11-21,2022,11,5,5,NULL,NULL,Stable,0,3,NULL,NULL,Stable,5,NULL,NULL,Stable,4.4,Employee is engaged,0,1099
2384,Matthias Dunlap,2022-09-03,2022,9,2,2,NULL,NULL,Stable,1,2,NULL,NULL,Stable,2,NULL,NULL,Stable,2,Employee At-Risk,1,1178
2385,Sawyer Little,2023-01-15,2023,1,2,2,NULL,NULL,Stable,1,1,NULL,NULL,Stable,3,NULL,NULL,Stable,1.9,Employee At-Risk,1,1044
2386,Uriel Brennan,2022-12-16,2022,12,1,1,NULL,NULL,Stable,1,4,NULL,NULL,Stable,3,NULL,NULL,Stable,2.3,Employee At-Risk,1,1074
2387,Gretchen Richards,2023-01-06,2023,1,1,1,NULL,NULL,Stable,1,2,NULL,NULL,Stable,5,NULL,NULL,Stable,2.1,Employee At-Risk,1,1053
2388,Madden Roman,2023-06-06,2023,6,5,5,NULL,NULL,Stable,0,2,NULL,NULL,Stable,4,NULL,NULL,Stable,3.9,Needs monitoring,0,902
2389,Keshawn Singh,2023-06-06,2023,6,1,1,NULL,NULL,Stable,1,4,NULL,NULL,Stable,2,NULL,NULL,Stable,2.1,Employee At-Risk,1,902
2390,Barrett Obrien,2022-10-18,2022,10,1,1,NULL,NULL,Stable,1,5,NULL,NULL,Stable,4,NULL,NULL,Stable,2.8,Employee At-Risk,1,1133
2391,Gisselle Villanueva,2023-06-22,2023,6,3,3,NULL,NULL,Stable,0,3,NULL,NULL,Stable,3,NULL,NULL,Stable,3,Needs monitoring,0,886
2392,Demetrius Mendez,2023-06-19,2023,6,4,4,NULL,NULL,Stable,0,3,NULL,NULL,Stable,2,NULL,NULL,Stable,3.3,Needs monitoring,0,889
2393,Rhett Holmes,2023-05-12,2023,5,3,3,NULL,NULL,Stable,0,2,NULL,NULL,Stable,2,NULL,NULL,Stable,2.5,Employee At-Risk,1,927
2394,Harold David,2022-11-18,2022,11,4,4,NULL,NULL,Stable,0,1,NULL,NULL,Stable,1,NULL,NULL,Stable,2.5,Employee At-Risk,1,1102
2395,Terrell Guerra,2023-02-23,2023,2,1,1,NULL,NULL,Stable,1,1,NULL,NULL,Stable,4,NULL,NULL,Stable,1.6,Employee At-Risk,1,1005
2396,Reginald Klein,2022-12-14,2022,12,3,3,NULL,NULL,Stable,0,4,NULL,NULL,Stable,2,NULL,NULL,Stable,3.1,Needs monitoring,0,1076
2397,Marcos Sloan,2022-09-08,2022,9,2,2,NULL,NULL,Stable,1,5,NULL,NULL,Stable,2,NULL,NULL,Stable,2.9,Employee At-Risk,1,1173
2398,Davion Hahn,2023-01-07,2023,1,4,4,NULL,NULL,Stable,0,3,NULL,NULL,Stable,3,NULL,NULL,Stable,3.5,Needs monitoring,0,1052
2399,Brice Phillips,2022-11-29,2022,11,1,1,NULL,NULL,Stable,1,4,NULL,NULL,Stable,2,NULL,NULL,Stable,2.1,Employee At-Risk,1,1091
2400,Alvaro Le,2023-03-28,2023,3,4,4,NULL,NULL,Stable,0,4,NULL,NULL,Stable,3,NULL,NULL,Stable,3.8,Needs monitoring,0,972
2401,Darien Young,2022-12-23,2022,12,1,1,NULL,NULL,Stable,1,1,NULL,NULL,Stable,3,NULL,NULL,Stable,1.4,Employee At-Risk,1,1067
2402,Hayley Chung,2022-10-29,2022,10,3,3,NULL,NULL,Stable,0,2,NULL,NULL,Stable,2,NULL,NULL,Stable,2.5,Employee At-Risk,1,1122
2403,Ellis Maldonado,2022-11-07,2022,11,3,3,NULL,NULL,Stable,0,3,NULL,NULL,Stable,3,NULL,NULL,Stable,3,Needs monitoring,0,1113
2404,Alena Ibarra,2023-05-01,2023,5,3,3,NULL,NULL,Stable,0,3,NULL,NULL,Stable,1,NULL,NULL,Stable,2.6,Employee At-Risk,1,938
2405,Emily Davidson,2023-07-25,2023,7,4,4,NULL,NULL,Stable,0,1,NULL,NULL,Stable,2,NULL,NULL,Stable,2.7,Employee At-Risk,1,853
2406,Nickolas Stephens,2023-02-24,2023,2,1,1,NULL,NULL,Stable,1,4,NULL,NULL,Stable,4,NULL,NULL,Stable,2.5,Employee At-Risk,1,1004
2407,Lamont Prince,2022-09-23,2022,9,3,3,NULL,NULL,Stable,0,5,NULL,NULL,Stable,5,NULL,NULL,Stable,4,Employee is engaged,0,1158
2408,Gunner Boone,2022-08-26,2022,8,2,2,NULL,NULL,Stable,1,5,NULL,NULL,Stable,5,NULL,NULL,Stable,3.5,Needs monitoring,0,1186
2409,Kaitlin Cooke,2023-01-11,2023,1,3,3,NULL,NULL,Stable,0,3,NULL,NULL,Stable,3,NULL,NULL,Stable,3,Needs monitoring,0,1048
2410,Sam Gross,2023-05-03,2023,5,4,4,NULL,NULL,Stable,0,4,NULL,NULL,Stable,1,NULL,NULL,Stable,3.4,Needs monitoring,0,936
2411,Nathaly Stuart,2023-01-23,2023,1,2,2,NULL,NULL,Stable,1,3,NULL,NULL,Stable,3,NULL,NULL,Stable,2.5,Employee At-Risk,1,1036
2412,Frankie Yang,2023-04-10,2023,4,5,5,NULL,NULL,Stable,0,4,NULL,NULL,Stable,5,NULL,NULL,Stable,4.7,Employee is engaged,0,959
2413,Alexus Greer,2022-11-08,2022,11,4,4,NULL,NULL,Stable,0,2,NULL,NULL,Stable,2,NULL,NULL,Stable,3,Needs monitoring,0,1112
2414,Julianne Shaw,2022-09-05,2022,9,1,1,NULL,NULL,Stable,1,1,NULL,NULL,Stable,5,NULL,NULL,Stable,1.8,Employee At-Risk,1,1176
2415,Raelynn Lara,2023-02-08,2023,2,1,1,NULL,NULL,Stable,1,2,NULL,NULL,Stable,5,NULL,NULL,Stable,2.1,Employee At-Risk,1,1020
2416,Leland Chang,2022-11-01,2022,11,4,4,NULL,NULL,Stable,0,5,NULL,NULL,Stable,1,NULL,NULL,Stable,3.7,Needs monitoring,0,1119
2417,Hayley Webb,2022-09-17,2022,9,2,2,NULL,NULL,Stable,1,3,NULL,NULL,Stable,4,NULL,NULL,Stable,2.7,Employee At-Risk,1,1164
2418,Teagan Rodriguez,2023-03-08,2023,3,3,3,NULL,NULL,Stable,0,2,NULL,NULL,Stable,5,NULL,NULL,Stable,3.1,Needs monitoring,0,992
2419,Kaylyn Joyce,2022-12-22,2022,12,2,2,NULL,NULL,Stable,1,2,NULL,NULL,Stable,1,NULL,NULL,Stable,1.8,Employee At-Risk,1,1068
2420,Carleigh Garrison,2023-05-07,2023,5,4,4,NULL,NULL,Stable,0,3,NULL,NULL,Stable,1,NULL,NULL,Stable,3.1,Needs monitoring,0,932
2421,Brycen York,2023-04-03,2023,4,1,1,NULL,NULL,Stable,1,3,NULL,NULL,Stable,5,NULL,NULL,Stable,2.4,Employee At-Risk,1,966
2422,Rigoberto Gibson,2022-10-18,2022,10,5,5,NULL,NULL,Stable,0,4,NULL,NULL,Stable,5,NULL,NULL,Stable,4.7,Employee is engaged,0,1133
2423,Yael Garcia,2023-04-06,2023,4,3,3,NULL,NULL,Stable,0,3,NULL,NULL,Stable,5,NULL,NULL,Stable,3.4,Needs monitoring,0,963
2424,Jonathon Montes,2023-02-25,2023,2,2,2,NULL,NULL,Stable,1,1,NULL,NULL,Stable,4,NULL,NULL,Stable,2.1,Employee At-Risk,1,1003
2425,Alexzander Guzman,2023-03-28,2023,3,2,2,NULL,NULL,Stable,1,2,NULL,NULL,Stable,2,NULL,NULL,Stable,2,Employee At-Risk,1,972
2426,Gunnar Gray,2022-10-21,2022,10,5,5,NULL,NULL,Stable,0,5,NULL,NULL,Stable,3,NULL,NULL,Stable,4.6,Employee is engaged,0,1130
2427,Emilee Thompson,2023-04-14,2023,4,2,2,NULL,NULL,Stable,1,2,NULL,NULL,Stable,1,NULL,NULL,Stable,1.8,Employee At-Risk,1,955
2428,Emmett Chandler,2022-11-30,2022,11,2,2,NULL,NULL,Stable,1,5,NULL,NULL,Stable,5,NULL,NULL,Stable,3.5,Needs monitoring,0,1090
2429,Vincent Ramsey,2022-11-06,2022,11,3,3,NULL,NULL,Stable,0,4,NULL,NULL,Stable,2,NULL,NULL,Stable,3.1,Needs monitoring,0,1114
2430,Dallas Ross,2022-09-22,2022,9,2,2,NULL,NULL,Stable,1,1,NULL,NULL,Stable,1,NULL,NULL,Stable,1.5,Employee At-Risk,1,1159
2431,Elvis Kaufman,2022-10-31,2022,10,4,4,NULL,NULL,Stable,0,2,NULL,NULL,Stable,5,NULL,NULL,Stable,3.6,Needs monitoring,0,1120
2432,Rayna Gates,2023-07-30,2023,7,1,1,NULL,NULL,Stable,1,1,NULL,NULL,Stable,2,NULL,NULL,Stable,1.2,Employee At-Risk,1,848
2433,Darryl Wiley,2022-08-05,2022,8,1,1,NULL,NULL,Stable,1,5,NULL,NULL,Stable,3,NULL,NULL,Stable,2.6,Employee At-Risk,1,1207
2434,Liam Blevins,2022-08-14,2022,8,5,5,NULL,NULL,Stable,0,2,NULL,NULL,Stable,5,NULL,NULL,Stable,4.1,Employee is engaged,0,1198
2435,Easton Zavala,2023-01-29,2023,1,1,1,NULL,NULL,Stable,1,3,NULL,NULL,Stable,2,NULL,NULL,Stable,1.8,Employee At-Risk,1,1030
2436,Susan Wiggins,2022-11-04,2022,11,1,1,NULL,NULL,Stable,1,3,NULL,NULL,Stable,3,NULL,NULL,Stable,2,Employee At-Risk,1,1116
2437,Alison Evans,2022-10-17,2022,10,3,3,NULL,NULL,Stable,0,5,NULL,NULL,Stable,2,NULL,NULL,Stable,3.4,Needs monitoring,0,1134
2438,Humberto Rocha,2022-11-09,2022,11,4,4,NULL,NULL,Stable,0,1,NULL,NULL,Stable,4,NULL,NULL,Stable,3.1,Needs monitoring,0,1111
2439,Cordell Vazquez,2022-08-15,2022,8,4,4,NULL,NULL,Stable,0,3,NULL,NULL,Stable,5,NULL,NULL,Stable,3.9,Needs monitoring,0,1197
2440,Teagan Fletcher,2023-03-08,2023,3,2,2,NULL,NULL,Stable,1,5,NULL,NULL,Stable,2,NULL,NULL,Stable,2.9,Employee At-Risk,1,992
2441,Camden Mcclure,2022-10-17,2022,10,2,2,NULL,NULL,Stable,1,4,NULL,NULL,Stable,2,NULL,NULL,Stable,2.6,Employee At-Risk,1,1134
2442,Larissa Garza,2023-01-26,2023,1,2,2,NULL,NULL,Stable,1,1,NULL,NULL,Stable,5,NULL,NULL,Stable,2.3,Employee At-Risk,1,1033
2443,Camron Jenkins,2022-08-17,2022,8,4,4,NULL,NULL,Stable,0,3,NULL,NULL,Stable,5,NULL,NULL,Stable,3.9,Needs monitoring,0,1195
2444,America Buchanan,2023-08-05,2023,8,1,1,NULL,NULL,Stable,1,1,NULL,NULL,Stable,5,NULL,NULL,Stable,1.8,Employee At-Risk,1,842
2445,Avery Koch,2022-11-20,2022,11,3,3,NULL,NULL,Stable,0,4,NULL,NULL,Stable,5,NULL,NULL,Stable,3.7,Needs monitoring,0,1100
2446,Devan Hall,2023-06-09,2023,6,1,1,NULL,NULL,Stable,1,2,NULL,NULL,Stable,5,NULL,NULL,Stable,2.1,Employee At-Risk,1,899
2447,Jensen Mccullough,2023-02-01,2023,2,5,5,NULL,NULL,Stable,0,3,NULL,NULL,Stable,4,NULL,NULL,Stable,4.2,Employee is engaged,0,1027
2448,Kristin Hickman,2023-04-14,2023,4,2,2,NULL,NULL,Stable,1,2,NULL,NULL,Stable,5,NULL,NULL,Stable,2.6,Employee At-Risk,1,955
2449,Chana Fox,2023-01-28,2023,1,4,4,NULL,NULL,Stable,0,5,NULL,NULL,Stable,3,NULL,NULL,Stable,4.1,Employee is engaged,0,1031
2450,Vivian Bright,2023-01-21,2023,1,5,5,NULL,NULL,Stable,0,3,NULL,NULL,Stable,2,NULL,NULL,Stable,3.8,Needs monitoring,0,1038
2451,Rosa Rosales,2023-03-17,2023,3,5,5,NULL,NULL,Stable,0,3,NULL,NULL,Stable,1,NULL,NULL,Stable,3.6,Needs monitoring,0,983
2452,Fabian Mullins,2022-09-02,2022,9,3,3,NULL,NULL,Stable,0,3,NULL,NULL,Stable,1,NULL,NULL,Stable,2.6,Employee At-Risk,1,1179
2453,Mila Poole,2022-12-23,2022,12,3,3,NULL,NULL,Stable,0,3,NULL,NULL,Stable,3,NULL,NULL,Stable,3,Needs monitoring,0,1067
2454,Callum Mccormick,2022-09-24,2022,9,1,1,NULL,NULL,Stable,1,4,NULL,NULL,Stable,3,NULL,NULL,Stable,2.3,Employee At-Risk,1,1157
2455,Jakob Luna,2023-06-11,2023,6,3,3,NULL,NULL,Stable,0,3,NULL,NULL,Stable,1,NULL,NULL,Stable,2.6,Employee At-Risk,1,897
2456,Odin Sampson,2022-09-22,2022,9,4,4,NULL,NULL,Stable,0,5,NULL,NULL,Stable,3,NULL,NULL,Stable,4.1,Employee is engaged,0,1159
2457,George Meyers,2023-04-27,2023,4,3,3,NULL,NULL,Stable,0,2,NULL,NULL,Stable,3,NULL,NULL,Stable,2.7,Employee At-Risk,1,942
2458,Angelica Gamble,2022-09-19,2022,9,5,5,NULL,NULL,Stable,0,3,NULL,NULL,Stable,1,NULL,NULL,Stable,3.6,Needs monitoring,0,1162
2459,Bradyn Pham,2022-10-14,2022,10,5,5,NULL,NULL,Stable,0,5,NULL,NULL,Stable,5,NULL,NULL,Stable,5,Employee is engaged,0,1137
2460,Konner Pierce,2023-03-24,2023,3,3,3,NULL,NULL,Stable,0,4,NULL,NULL,Stable,2,NULL,NULL,Stable,3.1,Needs monitoring,0,976
2461,Tucker Haas,2022-12-03,2022,12,3,3,NULL,NULL,Stable,0,2,NULL,NULL,Stable,4,NULL,NULL,Stable,2.9,Employee At-Risk,1,1087
2462,Lainey York,2023-05-09,2023,5,4,4,NULL,NULL,Stable,0,1,NULL,NULL,Stable,2,NULL,NULL,Stable,2.7,Employee At-Risk,1,930
2463,Ava Chan,2022-12-04,2022,12,3,3,NULL,NULL,Stable,0,5,NULL,NULL,Stable,5,NULL,NULL,Stable,4,Employee is engaged,0,1086
2464,Marquise Pacheco,2023-02-18,2023,2,2,2,NULL,NULL,Stable,1,3,NULL,NULL,Stable,2,NULL,NULL,Stable,2.3,Employee At-Risk,1,1010
2465,Callum Miles,2023-01-06,2023,1,3,3,NULL,NULL,Stable,0,3,NULL,NULL,Stable,1,NULL,NULL,Stable,2.6,Employee At-Risk,1,1053
2466,Natasha Valdez,2022-09-14,2022,9,2,2,NULL,NULL,Stable,1,4,NULL,NULL,Stable,1,NULL,NULL,Stable,2.4,Employee At-Risk,1,1167
2467,Talia Barrett,2022-08-14,2022,8,1,1,NULL,NULL,Stable,1,1,NULL,NULL,Stable,4,NULL,NULL,Stable,1.6,Employee At-Risk,1,1198
2468,Kailyn Torres,2023-03-23,2023,3,5,5,NULL,NULL,Stable,0,4,NULL,NULL,Stable,3,NULL,NULL,Stable,4.3,Employee is engaged,0,977
2469,Uriah Pennington,2023-04-13,2023,4,2,2,NULL,NULL,Stable,1,1,NULL,NULL,Stable,5,NULL,NULL,Stable,2.3,Employee At-Risk,1,956
2470,Cesar Hunter,2022-10-21,2022,10,5,5,NULL,NULL,Stable,0,5,NULL,NULL,Stable,2,NULL,NULL,Stable,4.4,Employee is engaged,0,1130
2471,Brianna Hurley,2023-01-23,2023,1,5,5,NULL,NULL,Stable,0,5,NULL,NULL,Stable,3,NULL,NULL,Stable,4.6,Employee is engaged,0,1036
2472,Ariel May,2023-06-22,2023,6,5,5,NULL,NULL,Stable,0,2,NULL,NULL,Stable,3,NULL,NULL,Stable,3.7,Needs monitoring,0,886
2473,Anastasia Hardy,2022-09-16,2022,9,4,4,NULL,NULL,Stable,0,4,NULL,NULL,Stable,3,NULL,NULL,Stable,3.8,Needs monitoring,0,1165
2474,Aliana Blake,2023-06-12,2023,6,4,4,NULL,NULL,Stable,0,5,NULL,NULL,Stable,2,NULL,NULL,Stable,3.9,Needs monitoring,0,896
2475,Houston Burnett,2023-05-18,2023,5,1,1,NULL,NULL,Stable,1,4,NULL,NULL,Stable,1,NULL,NULL,Stable,1.9,Employee At-Risk,1,921
2476,Case Conley,2023-03-18,2023,3,3,3,NULL,NULL,Stable,0,5,NULL,NULL,Stable,5,NULL,NULL,Stable,4,Employee is engaged,0,982
2477,Trevin Shannon,2023-01-09,2023,1,4,4,NULL,NULL,Stable,0,4,NULL,NULL,Stable,3,NULL,NULL,Stable,3.8,Needs monitoring,0,1050
2478,Braden Nicholson,2023-01-30,2023,1,4,4,NULL,NULL,Stable,0,4,NULL,NULL,Stable,1,NULL,NULL,Stable,3.4,Needs monitoring,0,1029
2479,Mireya Sutton,2022-10-31,2022,10,2,2,NULL,NULL,Stable,1,1,NULL,NULL,Stable,2,NULL,NULL,Stable,1.7,Employee At-Risk,1,1120
2480,Jason Foss,2023-02-12,2023,2,3,3,NULL,NULL,Stable,0,2,NULL,NULL,Stable,3,NULL,NULL,Stable,2.7,Employee At-Risk,1,1016
2481,Simon Roup,2022-08-07,2022,8,2,2,NULL,NULL,Stable,1,5,NULL,NULL,Stable,1,NULL,NULL,Stable,2.7,Employee At-Risk,1,1205
2482,Eric Dougall,2023-01-19,2023,1,4,4,NULL,NULL,Stable,0,2,NULL,NULL,Stable,5,NULL,NULL,Stable,3.6,Needs monitoring,0,1040
2483,Peter Monroe,2023-03-08,2023,3,5,5,NULL,NULL,Stable,0,1,NULL,NULL,Stable,3,NULL,NULL,Stable,3.4,Needs monitoring,0,992
2484,Brian Champaigne,2023-06-01,2023,6,1,1,NULL,NULL,Stable,1,2,NULL,NULL,Stable,2,NULL,NULL,Stable,1.5,Employee At-Risk,1,907
2485,Alex Sweetwater,2023-05-14,2023,5,3,3,NULL,NULL,Stable,0,5,NULL,NULL,Stable,5,NULL,NULL,Stable,4,Employee is engaged,0,925
2486,Ricardo Ruiz,2022-12-31,2022,12,1,1,NULL,NULL,Stable,1,1,NULL,NULL,Stable,5,NULL,NULL,Stable,1.8,Employee At-Risk,1,1059
2487,Leo Cooper,2023-05-06,2023,5,1,1,NULL,NULL,Stable,1,1,NULL,NULL,Stable,4,NULL,NULL,Stable,1.6,Employee At-Risk,1,933
2488,Braedon Welch,2023-01-10,2023,1,2,2,NULL,NULL,Stable,1,4,NULL,NULL,Stable,5,NULL,NULL,Stable,3.2,Needs monitoring,0,1049
2489,Graham Villa,2022-09-22,2022,9,1,1,NULL,NULL,Stable,1,3,NULL,NULL,Stable,2,NULL,NULL,Stable,1.8,Employee At-Risk,1,1159
2490,Kyle Ali,2023-01-25,2023,1,2,2,NULL,NULL,Stable,1,2,NULL,NULL,Stable,4,NULL,NULL,Stable,2.4,Employee At-Risk,1,1034
2491,Giovanna Romero,2023-02-23,2023,2,4,4,NULL,NULL,Stable,0,5,NULL,NULL,Stable,2,NULL,NULL,Stable,3.9,Needs monitoring,0,1005
2492,Natalya Norman,2023-01-02,2023,1,3,3,NULL,NULL,Stable,0,2,NULL,NULL,Stable,5,NULL,NULL,Stable,3.1,Needs monitoring,0,1057
2493,Connor Carrillo,2023-01-23,2023,1,1,1,NULL,NULL,Stable,1,3,NULL,NULL,Stable,1,NULL,NULL,Stable,1.6,Employee At-Risk,1,1036
2494,Owen Burch,2022-11-06,2022,11,1,1,NULL,NULL,Stable,1,1,NULL,NULL,Stable,1,NULL,NULL,Stable,1,Employee At-Risk,1,1114
2495,Abel Bush,2023-01-10,2023,1,5,5,NULL,NULL,Stable,0,1,NULL,NULL,Stable,2,NULL,NULL,Stable,3.2,Needs monitoring,0,1049
2496,Selina Mullins,2022-12-15,2022,12,2,2,NULL,NULL,Stable,1,3,NULL,NULL,Stable,3,NULL,NULL,Stable,2.5,Employee At-Risk,1,1075
2497,Marilyn Chaney,2022-10-27,2022,10,5,5,NULL,NULL,Stable,0,2,NULL,NULL,Stable,5,NULL,NULL,Stable,4.1,Employee is engaged,0,1124
2498,Camron Keller,2023-07-05,2023,7,5,5,NULL,NULL,Stable,0,3,NULL,NULL,Stable,5,NULL,NULL,Stable,4.4,Employee is engaged,0,873
2499,Ali Benjamin,2023-05-01,2023,5,5,5,NULL,NULL,Stable,0,5,NULL,NULL,Stable,3,NULL,NULL,Stable,4.6,Employee is engaged,0,938
2500,Annabelle Frederick,2023-07-01,2023,7,1,1,NULL,NULL,Stable,1,3,NULL,NULL,Stable,5,NULL,NULL,Stable,2.4,Employee At-Risk,1,877
2501,Joy Sellers,2023-01-21,2023,1,1,1,NULL,NULL,Stable,1,5,NULL,NULL,Stable,3,NULL,NULL,Stable,2.6,Employee At-Risk,1,1038
2502,Charlie Brady,2023-07-21,2023,7,3,3,NULL,NULL,Stable,0,3,NULL,NULL,Stable,5,NULL,NULL,Stable,3.4,Needs monitoring,0,857
2503,Ally Goodman,2022-12-06,2022,12,1,1,NULL,NULL,Stable,1,1,NULL,NULL,Stable,1,NULL,NULL,Stable,1,Employee At-Risk,1,1084
2504,Vanessa Zuniga,2022-10-22,2022,10,1,1,NULL,NULL,Stable,1,5,NULL,NULL,Stable,3,NULL,NULL,Stable,2.6,Employee At-Risk,1,1129
2505,Carleigh Hendricks,2022-10-30,2022,10,3,3,NULL,NULL,Stable,0,2,NULL,NULL,Stable,3,NULL,NULL,Stable,2.7,Employee At-Risk,1,1121
2506,Trey Johnston,2022-09-04,2022,9,3,3,NULL,NULL,Stable,0,3,NULL,NULL,Stable,2,NULL,NULL,Stable,2.8,Employee At-Risk,1,1177
2507,Adalyn Hess,2023-07-31,2023,7,2,2,NULL,NULL,Stable,1,3,NULL,NULL,Stable,4,NULL,NULL,Stable,2.7,Employee At-Risk,1,847
2508,Selina Tapia,2023-07-01,2023,7,1,1,NULL,NULL,Stable,1,4,NULL,NULL,Stable,1,NULL,NULL,Stable,1.9,Employee At-Risk,1,877
2509,Madeleine Paul,2023-03-10,2023,3,1,1,NULL,NULL,Stable,1,2,NULL,NULL,Stable,3,NULL,NULL,Stable,1.7,Employee At-Risk,1,990
2510,Ronald Lamb,2022-09-10,2022,9,2,2,NULL,NULL,Stable,1,2,NULL,NULL,Stable,2,NULL,NULL,Stable,2,Employee At-Risk,1,1171
2511,Ernesto Beltran,2023-06-24,2023,6,4,4,NULL,NULL,Stable,0,3,NULL,NULL,Stable,1,NULL,NULL,Stable,3.1,Needs monitoring,0,884
2512,Lawrence Obrien,2022-09-02,2022,9,1,1,NULL,NULL,Stable,1,4,NULL,NULL,Stable,2,NULL,NULL,Stable,2.1,Employee At-Risk,1,1179
2513,Trinity Estes,2023-03-28,2023,3,5,5,NULL,NULL,Stable,0,2,NULL,NULL,Stable,4,NULL,NULL,Stable,3.9,Needs monitoring,0,972
2514,Amina Bush,2023-06-10,2023,6,5,5,NULL,NULL,Stable,0,2,NULL,NULL,Stable,2,NULL,NULL,Stable,3.5,Needs monitoring,0,898
2515,Mayra Lynn,2023-03-28,2023,3,1,1,NULL,NULL,Stable,1,1,NULL,NULL,Stable,1,NULL,NULL,Stable,1,Employee At-Risk,1,972
2516,Ally Brennan,2023-05-15,2023,5,5,5,NULL,NULL,Stable,0,1,NULL,NULL,Stable,5,NULL,NULL,Stable,3.8,Needs monitoring,0,924
2517,Alina Benson,2023-07-05,2023,7,5,5,NULL,NULL,Stable,0,5,NULL,NULL,Stable,1,NULL,NULL,Stable,4.2,Employee is engaged,0,873
2518,Rebekah Delacruz,2022-12-28,2022,12,4,4,NULL,NULL,Stable,0,2,NULL,NULL,Stable,1,NULL,NULL,Stable,2.8,Employee At-Risk,1,1062
2519,Melody Wright,2022-09-03,2022,9,3,3,NULL,NULL,Stable,0,5,NULL,NULL,Stable,5,NULL,NULL,Stable,4,Employee is engaged,0,1178
2520,Richard Oconnell,2023-02-06,2023,2,2,2,NULL,NULL,Stable,1,1,NULL,NULL,Stable,1,NULL,NULL,Stable,1.5,Employee At-Risk,1,1022
2521,Olivia Goodman,2023-06-07,2023,6,4,4,NULL,NULL,Stable,0,4,NULL,NULL,Stable,4,NULL,NULL,Stable,4,Employee is engaged,0,901
2522,Zaniyah Parks,2022-08-13,2022,8,3,3,NULL,NULL,Stable,0,3,NULL,NULL,Stable,2,NULL,NULL,Stable,2.8,Employee At-Risk,1,1199
2523,Maximilian Williamson,2023-02-17,2023,2,1,1,NULL,NULL,Stable,1,1,NULL,NULL,Stable,3,NULL,NULL,Stable,1.4,Employee At-Risk,1,1011
2524,Serena Barajas,2023-07-10,2023,7,3,3,NULL,NULL,Stable,0,3,NULL,NULL,Stable,4,NULL,NULL,Stable,3.2,Needs monitoring,0,868
2525,Larry Novak,2023-07-23,2023,7,2,2,NULL,NULL,Stable,1,5,NULL,NULL,Stable,1,NULL,NULL,Stable,2.7,Employee At-Risk,1,855
2526,Kadyn Marsh,2022-10-22,2022,10,1,1,NULL,NULL,Stable,1,1,NULL,NULL,Stable,1,NULL,NULL,Stable,1,Employee At-Risk,1,1129
2527,Nylah Hood,2022-10-28,2022,10,3,3,NULL,NULL,Stable,0,4,NULL,NULL,Stable,5,NULL,NULL,Stable,3.7,Needs monitoring,0,1123
2528,Rigoberto Allen,2023-07-10,2023,7,2,2,NULL,NULL,Stable,1,4,NULL,NULL,Stable,2,NULL,NULL,Stable,2.6,Employee At-Risk,1,868
2529,Gabriella Clements,2022-12-08,2022,12,4,4,NULL,NULL,Stable,0,5,NULL,NULL,Stable,1,NULL,NULL,Stable,3.7,Needs monitoring,0,1082
2530,Hana Lucero,2023-07-18,2023,7,4,4,NULL,NULL,Stable,0,1,NULL,NULL,Stable,1,NULL,NULL,Stable,2.5,Employee At-Risk,1,860
2531,Luciana Gill,2022-08-28,2022,8,2,2,NULL,NULL,Stable,1,5,NULL,NULL,Stable,4,NULL,NULL,Stable,3.3,Needs monitoring,0,1184
2532,Demetrius Cooley,2023-03-26,2023,3,1,1,NULL,NULL,Stable,1,1,NULL,NULL,Stable,4,NULL,NULL,Stable,1.6,Employee At-Risk,1,974
2533,Chandler Reynolds,2022-08-20,2022,8,1,1,NULL,NULL,Stable,1,1,NULL,NULL,Stable,3,NULL,NULL,Stable,1.4,Employee At-Risk,1,1192
2534,Iyana Benjamin,2022-10-15,2022,10,2,2,NULL,NULL,Stable,1,2,NULL,NULL,Stable,5,NULL,NULL,Stable,2.6,Employee At-Risk,1,1136
2535,Antoine Haney,2022-08-06,2022,8,2,2,NULL,NULL,Stable,1,5,NULL,NULL,Stable,2,NULL,NULL,Stable,2.9,Employee At-Risk,1,1206
2536,Alfred Rivas,2022-12-16,2022,12,2,2,NULL,NULL,Stable,1,1,NULL,NULL,Stable,2,NULL,NULL,Stable,1.7,Employee At-Risk,1,1074
2537,Darien Sawyer,2023-07-26,2023,7,4,4,NULL,NULL,Stable,0,5,NULL,NULL,Stable,4,NULL,NULL,Stable,4.3,Employee is engaged,0,852
2538,Isaias Pineda,2022-10-02,2022,10,5,5,NULL,NULL,Stable,0,4,NULL,NULL,Stable,5,NULL,NULL,Stable,4.7,Employee is engaged,0,1149
2539,Casey Bradford,2022-12-08,2022,12,4,4,NULL,NULL,Stable,0,2,NULL,NULL,Stable,3,NULL,NULL,Stable,3.2,Needs monitoring,0,1082
2540,London Bautista,2023-04-16,2023,4,3,3,NULL,NULL,Stable,0,4,NULL,NULL,Stable,4,NULL,NULL,Stable,3.5,Needs monitoring,0,953
2541,Kayleigh Davenport,2023-07-22,2023,7,3,3,NULL,NULL,Stable,0,4,NULL,NULL,Stable,3,NULL,NULL,Stable,3.3,Needs monitoring,0,856
2542,Koen Flores,2022-09-21,2022,9,2,2,NULL,NULL,Stable,1,1,NULL,NULL,Stable,3,NULL,NULL,Stable,1.9,Employee At-Risk,1,1160
2543,Ernest Finley,2023-07-06,2023,7,3,3,NULL,NULL,Stable,0,4,NULL,NULL,Stable,3,NULL,NULL,Stable,3.3,Needs monitoring,0,872
2544,Wade Hernandez,2023-07-07,2023,7,2,2,NULL,NULL,Stable,1,3,NULL,NULL,Stable,2,NULL,NULL,Stable,2.3,Employee At-Risk,1,871
2545,Odin Key,2023-02-12,2023,2,3,3,NULL,NULL,Stable,0,2,NULL,NULL,Stable,3,NULL,NULL,Stable,2.7,Employee At-Risk,1,1016
2546,Deven Huff,2022-11-06,2022,11,4,4,NULL,NULL,Stable,0,4,NULL,NULL,Stable,5,NULL,NULL,Stable,4.2,Employee is engaged,0,1114
2547,Kenna Simon,2023-05-26,2023,5,2,2,NULL,NULL,Stable,1,5,NULL,NULL,Stable,1,NULL,NULL,Stable,2.7,Employee At-Risk,1,913
2548,Luz Garza,2022-08-07,2022,8,2,2,NULL,NULL,Stable,1,5,NULL,NULL,Stable,3,NULL,NULL,Stable,3.1,Needs monitoring,0,1205
2549,Tristan Reed,2023-01-18,2023,1,4,4,NULL,NULL,Stable,0,3,NULL,NULL,Stable,5,NULL,NULL,Stable,3.9,Needs monitoring,0,1041
2550,Beckett Beck,2023-01-01,2023,1,3,3,NULL,NULL,Stable,0,1,NULL,NULL,Stable,1,NULL,NULL,Stable,2,Employee At-Risk,1,1058
2551,Coby Giles,2022-09-03,2022,9,4,4,NULL,NULL,Stable,0,2,NULL,NULL,Stable,2,NULL,NULL,Stable,3,Needs monitoring,0,1178
2552,Jalen Jennings,2022-10-19,2022,10,3,3,NULL,NULL,Stable,0,2,NULL,NULL,Stable,3,NULL,NULL,Stable,2.7,Employee At-Risk,1,1132
2553,Ralph Barrera,2022-10-16,2022,10,2,2,NULL,NULL,Stable,1,2,NULL,NULL,Stable,2,NULL,NULL,Stable,2,Employee At-Risk,1,1135
2554,Shania Caldwell,2022-12-29,2022,12,5,5,NULL,NULL,Stable,0,1,NULL,NULL,Stable,4,NULL,NULL,Stable,3.6,Needs monitoring,0,1061
2555,Colby Horne,2023-05-14,2023,5,5,5,NULL,NULL,Stable,0,1,NULL,NULL,Stable,4,NULL,NULL,Stable,3.6,Needs monitoring,0,925
2556,Kaiden Cunningham,2023-02-01,2023,2,4,4,NULL,NULL,Stable,0,1,NULL,NULL,Stable,3,NULL,NULL,Stable,2.9,Employee At-Risk,1,1027
2557,Davion Vasquez,2022-09-04,2022,9,1,1,NULL,NULL,Stable,1,3,NULL,NULL,Stable,1,NULL,NULL,Stable,1.6,Employee At-Risk,1,1177
2558,Maeve Gordon,2022-12-15,2022,12,2,2,NULL,NULL,Stable,1,4,NULL,NULL,Stable,5,NULL,NULL,Stable,3.2,Needs monitoring,0,1075
2559,Monserrat Ferguson,2023-07-10,2023,7,3,3,NULL,NULL,Stable,0,5,NULL,NULL,Stable,3,NULL,NULL,Stable,3.6,Needs monitoring,0,868
2560,Nathan Schmitt,2022-10-19,2022,10,5,5,NULL,NULL,Stable,0,1,NULL,NULL,Stable,5,NULL,NULL,Stable,3.8,Needs monitoring,0,1132
2561,Ashly Mullen,2023-04-15,2023,4,3,3,NULL,NULL,Stable,0,5,NULL,NULL,Stable,4,NULL,NULL,Stable,3.8,Needs monitoring,0,954
2562,Angelique Cochran,2023-04-17,2023,4,1,1,NULL,NULL,Stable,1,4,NULL,NULL,Stable,3,NULL,NULL,Stable,2.3,Employee At-Risk,1,952
2563,Kenny Rojas,2022-09-24,2022,9,2,2,NULL,NULL,Stable,1,2,NULL,NULL,Stable,4,NULL,NULL,Stable,2.4,Employee At-Risk,1,1157
2564,Deandre Oneal,2022-12-11,2022,12,1,1,NULL,NULL,Stable,1,4,NULL,NULL,Stable,4,NULL,NULL,Stable,2.5,Employee At-Risk,1,1079
2565,Adison Huerta,2022-08-17,2022,8,2,2,NULL,NULL,Stable,1,5,NULL,NULL,Stable,4,NULL,NULL,Stable,3.3,Needs monitoring,0,1195
2566,Elisabeth Bradley,2023-05-19,2023,5,3,3,NULL,NULL,Stable,0,2,NULL,NULL,Stable,2,NULL,NULL,Stable,2.5,Employee At-Risk,1,920
2567,Sylvia Price,2022-08-17,2022,8,4,4,NULL,NULL,Stable,0,3,NULL,NULL,Stable,5,NULL,NULL,Stable,3.9,Needs monitoring,0,1195
2568,Eden Choi,2023-06-22,2023,6,3,3,NULL,NULL,Stable,0,5,NULL,NULL,Stable,2,NULL,NULL,Stable,3.4,Needs monitoring,0,886
2569,Emerson Grimes,2023-05-28,2023,5,3,3,NULL,NULL,Stable,0,4,NULL,NULL,Stable,3,NULL,NULL,Stable,3.3,Needs monitoring,0,911
2570,Ayden Wu,2023-04-15,2023,4,3,3,NULL,NULL,Stable,0,3,NULL,NULL,Stable,1,NULL,NULL,Stable,2.6,Employee At-Risk,1,954
2571,Hayley Keller,2023-06-19,2023,6,3,3,NULL,NULL,Stable,0,3,NULL,NULL,Stable,5,NULL,NULL,Stable,3.4,Needs monitoring,0,889
2572,Alannah Rivas,2022-10-19,2022,10,1,1,NULL,NULL,Stable,1,1,NULL,NULL,Stable,2,NULL,NULL,Stable,1.2,Employee At-Risk,1,1132
2573,Jessica Bunbury,2023-04-24,2023,4,1,1,NULL,NULL,Stable,1,4,NULL,NULL,Stable,3,NULL,NULL,Stable,2.3,Employee At-Risk,1,945
2574,Giovanni Leruth,2023-03-20,2023,3,3,3,NULL,NULL,Stable,0,1,NULL,NULL,Stable,4,NULL,NULL,Stable,2.6,Employee At-Risk,1,980
2575,Ricardo Gonzales,2023-05-26,2023,5,4,4,NULL,NULL,Stable,0,3,NULL,NULL,Stable,4,NULL,NULL,Stable,3.7,Needs monitoring,0,913
2576,Caitrin Strong,2022-11-19,2022,11,2,2,NULL,NULL,Stable,1,4,NULL,NULL,Stable,1,NULL,NULL,Stable,2.4,Employee At-Risk,1,1101
2577,Jenna Dietrich,2022-09-18,2022,9,5,5,NULL,NULL,Stable,0,2,NULL,NULL,Stable,4,NULL,NULL,Stable,3.9,Needs monitoring,0,1163
2578,Michelle Carter,2023-06-17,2023,6,4,4,NULL,NULL,Stable,0,5,NULL,NULL,Stable,3,NULL,NULL,Stable,4.1,Employee is engaged,0,891
2579,Jackie Valentin,2023-08-05,2023,8,3,3,NULL,NULL,Stable,0,4,NULL,NULL,Stable,4,NULL,NULL,Stable,3.5,Needs monitoring,0,842
2580,Alfred Digitale,2022-10-28,2022,10,1,1,NULL,NULL,Stable,1,2,NULL,NULL,Stable,4,NULL,NULL,Stable,1.9,Employee At-Risk,1,1123
2581,Howard Mullaney,2023-02-20,2023,2,2,2,NULL,NULL,Stable,1,3,NULL,NULL,Stable,4,NULL,NULL,Stable,2.7,Employee At-Risk,1,1008
2582,Whitney Gill,2022-09-20,2022,9,3,3,NULL,NULL,Stable,0,2,NULL,NULL,Stable,5,NULL,NULL,Stable,3.1,Needs monitoring,0,1161
2583,Gerry Friedman,2023-05-20,2023,5,5,5,NULL,NULL,Stable,0,5,NULL,NULL,Stable,3,NULL,NULL,Stable,4.6,Employee is engaged,0,919
2584,Noah Villanueva,2023-07-20,2023,7,4,4,NULL,NULL,Stable,0,4,NULL,NULL,Stable,5,NULL,NULL,Stable,4.2,Employee is engaged,0,858
2585,Mike Guilianno,2023-05-03,2023,5,5,5,NULL,NULL,Stable,0,1,NULL,NULL,Stable,4,NULL,NULL,Stable,3.6,Needs monitoring,0,936
2586,Travis Ozark,2022-11-04,2022,11,2,2,NULL,NULL,Stable,1,4,NULL,NULL,Stable,2,NULL,NULL,Stable,2.6,Employee At-Risk,1,1116
2587,Rylee Frye,2022-11-24,2022,11,4,4,NULL,NULL,Stable,0,4,NULL,NULL,Stable,4,NULL,NULL,Stable,4,Employee is engaged,0,1096
2588,Callum Ford,2022-12-12,2022,12,5,5,NULL,NULL,Stable,0,1,NULL,NULL,Stable,5,NULL,NULL,Stable,3.8,Needs monitoring,0,1078
2589,Jabari Frank,2022-11-25,2022,11,2,2,NULL,NULL,Stable,1,5,NULL,NULL,Stable,1,NULL,NULL,Stable,2.7,Employee At-Risk,1,1095
2590,Stephanie Wilkinson,2022-08-28,2022,8,1,1,NULL,NULL,Stable,1,1,NULL,NULL,Stable,4,NULL,NULL,Stable,1.6,Employee At-Risk,1,1184
2591,Cruz Arellano,2023-07-28,2023,7,4,4,NULL,NULL,Stable,0,5,NULL,NULL,Stable,5,NULL,NULL,Stable,4.5,Employee is engaged,0,850
2592,Rubi Shields,2023-06-27,2023,6,5,5,NULL,NULL,Stable,0,1,NULL,NULL,Stable,2,NULL,NULL,Stable,3.2,Needs monitoring,0,881
2593,Sage Booker,2023-04-04,2023,4,3,3,NULL,NULL,Stable,0,1,NULL,NULL,Stable,2,NULL,NULL,Stable,2.2,Employee At-Risk,1,965
2594,Aileen Wright,2022-12-04,2022,12,1,1,NULL,NULL,Stable,1,5,NULL,NULL,Stable,3,NULL,NULL,Stable,2.6,Employee At-Risk,1,1086
2595,Karly Ho,2022-12-18,2022,12,3,3,NULL,NULL,Stable,0,5,NULL,NULL,Stable,4,NULL,NULL,Stable,3.8,Needs monitoring,0,1072
2596,Thaddeus Lutz,2023-06-06,2023,6,4,4,NULL,NULL,Stable,0,1,NULL,NULL,Stable,2,NULL,NULL,Stable,2.7,Employee At-Risk,1,902
2597,Layla Kane,2023-05-08,2023,5,4,4,NULL,NULL,Stable,0,5,NULL,NULL,Stable,4,NULL,NULL,Stable,4.3,Employee is engaged,0,931
2598,Yesenia Payne,2023-05-21,2023,5,5,5,NULL,NULL,Stable,0,3,NULL,NULL,Stable,2,NULL,NULL,Stable,3.8,Needs monitoring,0,918
2599,Jase Waters,2023-03-31,2023,3,1,1,NULL,NULL,Stable,1,4,NULL,NULL,Stable,2,NULL,NULL,Stable,2.1,Employee At-Risk,1,969
2600,Thomas Sloan,2022-09-28,2022,9,5,5,NULL,NULL,Stable,0,2,NULL,NULL,Stable,4,NULL,NULL,Stable,3.9,Needs monitoring,0,1153
2601,Anya Baldwin,2022-10-06,2022,10,3,3,NULL,NULL,Stable,0,5,NULL,NULL,Stable,5,NULL,NULL,Stable,4,Employee is engaged,0,1145
2602,Jacquelyn Austin,2023-02-10,2023,2,5,5,NULL,NULL,Stable,0,5,NULL,NULL,Stable,2,NULL,NULL,Stable,4.4,Employee is engaged,0,1018
2603,Kaitlynn Aguirre,2022-12-04,2022,12,4,4,NULL,NULL,Stable,0,1,NULL,NULL,Stable,4,NULL,NULL,Stable,3.1,Needs monitoring,0,1086
2604,Saniyah Cantu,2023-01-23,2023,1,1,1,NULL,NULL,Stable,1,1,NULL,NULL,Stable,2,NULL,NULL,Stable,1.2,Employee At-Risk,1,1036
2605,Jakayla Dickson,2023-02-25,2023,2,3,3,NULL,NULL,Stable,0,4,NULL,NULL,Stable,3,NULL,NULL,Stable,3.3,Needs monitoring,0,1003
2606,Aspen Freeman,2022-12-23,2022,12,1,1,NULL,NULL,Stable,1,5,NULL,NULL,Stable,1,NULL,NULL,Stable,2.2,Employee At-Risk,1,1067
2607,Lamont Summers,2023-02-26,2023,2,3,3,NULL,NULL,Stable,0,1,NULL,NULL,Stable,2,NULL,NULL,Stable,2.2,Employee At-Risk,1,1002
2608,Lewis Hobbs,2022-08-07,2022,8,1,1,NULL,NULL,Stable,1,4,NULL,NULL,Stable,5,NULL,NULL,Stable,2.7,Employee At-Risk,1,1205
2609,Harrison Camacho,2023-04-29,2023,4,3,3,NULL,NULL,Stable,0,3,NULL,NULL,Stable,4,NULL,NULL,Stable,3.2,Needs monitoring,0,940
2610,Ronald Marquez,2022-11-04,2022,11,5,5,NULL,NULL,Stable,0,1,NULL,NULL,Stable,2,NULL,NULL,Stable,3.2,Needs monitoring,0,1116
2611,Arabella Hunter,2023-06-25,2023,6,5,5,NULL,NULL,Stable,0,3,NULL,NULL,Stable,1,NULL,NULL,Stable,3.6,Needs monitoring,0,883
2612,Amiya Richardson,2023-03-26,2023,3,2,2,NULL,NULL,Stable,1,2,NULL,NULL,Stable,5,NULL,NULL,Stable,2.6,Employee At-Risk,1,974
2613,Raquel Sosa,2023-03-04,2023,3,2,2,NULL,NULL,Stable,1,1,NULL,NULL,Stable,2,NULL,NULL,Stable,1.7,Employee At-Risk,1,996
2614,Andy Stewart,2022-11-19,2022,11,5,5,NULL,NULL,Stable,0,1,NULL,NULL,Stable,1,NULL,NULL,Stable,3,Needs monitoring,0,1101
2615,Patrick Padilla,2022-12-05,2022,12,5,5,NULL,NULL,Stable,0,1,NULL,NULL,Stable,3,NULL,NULL,Stable,3.4,Needs monitoring,0,1085
2616,Destiney Navarro,2022-09-12,2022,9,3,3,NULL,NULL,Stable,0,1,NULL,NULL,Stable,3,NULL,NULL,Stable,2.4,Employee At-Risk,1,1169
2617,Yadira Barron,2022-12-23,2022,12,4,4,NULL,NULL,Stable,0,4,NULL,NULL,Stable,2,NULL,NULL,Stable,3.6,Needs monitoring,0,1067
2618,Anika Bender,2023-08-01,2023,8,5,5,NULL,NULL,Stable,0,3,NULL,NULL,Stable,3,NULL,NULL,Stable,4,Employee is engaged,0,846
2619,Carlo Giles,2023-03-21,2023,3,1,1,NULL,NULL,Stable,1,2,NULL,NULL,Stable,1,NULL,NULL,Stable,1.3,Employee At-Risk,1,979
2620,Kaylin Dillon,2023-02-04,2023,2,4,4,NULL,NULL,Stable,0,3,NULL,NULL,Stable,4,NULL,NULL,Stable,3.7,Needs monitoring,0,1024
2621,Laura Bullock,2023-01-02,2023,1,3,3,NULL,NULL,Stable,0,5,NULL,NULL,Stable,4,NULL,NULL,Stable,3.8,Needs monitoring,0,1057
2622,Mary Moore,2022-10-06,2022,10,3,3,NULL,NULL,Stable,0,5,NULL,NULL,Stable,1,NULL,NULL,Stable,3.2,Needs monitoring,0,1145
2623,Harper Clark,2022-11-10,2022,11,2,2,NULL,NULL,Stable,1,5,NULL,NULL,Stable,3,NULL,NULL,Stable,3.1,Needs monitoring,0,1110
2624,Charles Howard,2023-01-24,2023,1,1,1,NULL,NULL,Stable,1,4,NULL,NULL,Stable,3,NULL,NULL,Stable,2.3,Employee At-Risk,1,1035
2625,Jaron Rojas,2022-10-11,2022,10,5,5,NULL,NULL,Stable,0,5,NULL,NULL,Stable,3,NULL,NULL,Stable,4.6,Employee is engaged,0,1140
2626,Jordyn Mcguire,2022-10-23,2022,10,1,1,NULL,NULL,Stable,1,4,NULL,NULL,Stable,2,NULL,NULL,Stable,2.1,Employee At-Risk,1,1128
2627,Valentino Myers,2022-08-15,2022,8,5,5,NULL,NULL,Stable,0,3,NULL,NULL,Stable,3,NULL,NULL,Stable,4,Employee is engaged,0,1197
2628,Charles Coleman,2022-12-06,2022,12,5,5,NULL,NULL,Stable,0,4,NULL,NULL,Stable,2,NULL,NULL,Stable,4.1,Employee is engaged,0,1084
2629,Kamden Cummings,2022-10-24,2022,10,1,1,NULL,NULL,Stable,1,5,NULL,NULL,Stable,4,NULL,NULL,Stable,2.8,Employee At-Risk,1,1127
2630,Kiley Wagner,2022-09-04,2022,9,1,1,NULL,NULL,Stable,1,5,NULL,NULL,Stable,4,NULL,NULL,Stable,2.8,Employee At-Risk,1,1177
2631,Darien Young,2023-01-08,2023,1,5,5,NULL,NULL,Stable,0,1,NULL,NULL,Stable,4,NULL,NULL,Stable,3.6,Needs monitoring,0,1051
2632,Madeline Suarez,2023-07-07,2023,7,1,1,NULL,NULL,Stable,1,4,NULL,NULL,Stable,2,NULL,NULL,Stable,2.1,Employee At-Risk,1,871
2633,Zain Nolan,2023-07-01,2023,7,5,5,NULL,NULL,Stable,0,2,NULL,NULL,Stable,3,NULL,NULL,Stable,3.7,Needs monitoring,0,877
2634,Hezekiah Mcgee,2022-12-12,2022,12,3,3,NULL,NULL,Stable,0,5,NULL,NULL,Stable,3,NULL,NULL,Stable,3.6,Needs monitoring,0,1078
2635,Maxim Phillips,2023-06-21,2023,6,3,3,NULL,NULL,Stable,0,1,NULL,NULL,Stable,3,NULL,NULL,Stable,2.4,Employee At-Risk,1,887
2636,Gwendolyn Hogan,2022-12-20,2022,12,5,5,NULL,NULL,Stable,0,3,NULL,NULL,Stable,3,NULL,NULL,Stable,4,Employee is engaged,0,1070
2637,Kaia Hernandez,2023-06-27,2023,6,2,2,NULL,NULL,Stable,1,2,NULL,NULL,Stable,2,NULL,NULL,Stable,2,Employee At-Risk,1,881
2638,Mathias Tran,2023-04-28,2023,4,1,1,NULL,NULL,Stable,1,2,NULL,NULL,Stable,2,NULL,NULL,Stable,1.5,Employee At-Risk,1,941
2639,Simeon Roy,2023-01-31,2023,1,1,1,NULL,NULL,Stable,1,3,NULL,NULL,Stable,3,NULL,NULL,Stable,2,Employee At-Risk,1,1028
2640,Magdalena Whitehead,2023-07-17,2023,7,1,1,NULL,NULL,Stable,1,5,NULL,NULL,Stable,2,NULL,NULL,Stable,2.4,Employee At-Risk,1,861
2641,Gwendolyn Mccall,2022-11-25,2022,11,2,2,NULL,NULL,Stable,1,3,NULL,NULL,Stable,5,NULL,NULL,Stable,2.9,Employee At-Risk,1,1095
2642,Demarion Harrington,2022-12-09,2022,12,2,2,NULL,NULL,Stable,1,3,NULL,NULL,Stable,1,NULL,NULL,Stable,2.1,Employee At-Risk,1,1081
2643,Katelyn Brown,2023-05-01,2023,5,4,4,NULL,NULL,Stable,0,3,NULL,NULL,Stable,5,NULL,NULL,Stable,3.9,Needs monitoring,0,938
2644,Miranda Keith,2022-11-22,2022,11,4,4,NULL,NULL,Stable,0,1,NULL,NULL,Stable,2,NULL,NULL,Stable,2.7,Employee At-Risk,1,1098
2645,Breanna Kerr,2022-10-25,2022,10,4,4,NULL,NULL,Stable,0,3,NULL,NULL,Stable,5,NULL,NULL,Stable,3.9,Needs monitoring,0,1126
2646,Saniya Ho,2022-12-14,2022,12,4,4,NULL,NULL,Stable,0,2,NULL,NULL,Stable,2,NULL,NULL,Stable,3,Needs monitoring,0,1076
2647,Rylan Key,2022-08-23,2022,8,5,5,NULL,NULL,Stable,0,5,NULL,NULL,Stable,3,NULL,NULL,Stable,4.6,Employee is engaged,0,1189
2648,Nathaly Stevens,2023-04-22,2023,4,4,4,NULL,NULL,Stable,0,2,NULL,NULL,Stable,1,NULL,NULL,Stable,2.8,Employee At-Risk,1,947
2649,Maximus Delgado,2022-12-26,2022,12,4,4,NULL,NULL,Stable,0,4,NULL,NULL,Stable,1,NULL,NULL,Stable,3.4,Needs monitoring,0,1064
2650,Karley Long,2023-03-24,2023,3,1,1,NULL,NULL,Stable,1,1,NULL,NULL,Stable,1,NULL,NULL,Stable,1,Employee At-Risk,1,976
2651,Demarcus Frazier,2023-05-31,2023,5,1,1,NULL,NULL,Stable,1,3,NULL,NULL,Stable,2,NULL,NULL,Stable,1.8,Employee At-Risk,1,908
2652,Fernando Richard,2022-11-11,2022,11,1,1,NULL,NULL,Stable,1,4,NULL,NULL,Stable,2,NULL,NULL,Stable,2.1,Employee At-Risk,1,1109
2653,Keon Gonzalez,2023-02-23,2023,2,4,4,NULL,NULL,Stable,0,5,NULL,NULL,Stable,3,NULL,NULL,Stable,4.1,Employee is engaged,0,1005
2654,Lauryn Anthony,2023-03-07,2023,3,4,4,NULL,NULL,Stable,0,1,NULL,NULL,Stable,3,NULL,NULL,Stable,2.9,Employee At-Risk,1,993
2655,Amanda Allison,2022-08-29,2022,8,2,2,NULL,NULL,Stable,1,5,NULL,NULL,Stable,5,NULL,NULL,Stable,3.5,Needs monitoring,0,1183
2656,Urijah Houston,2023-03-15,2023,3,5,5,NULL,NULL,Stable,0,4,NULL,NULL,Stable,3,NULL,NULL,Stable,4.3,Employee is engaged,0,985
2657,Trace Brandt,2023-03-04,2023,3,4,4,NULL,NULL,Stable,0,3,NULL,NULL,Stable,3,NULL,NULL,Stable,3.5,Needs monitoring,0,996
2658,Yuliana Levine,2022-10-22,2022,10,3,3,NULL,NULL,Stable,0,1,NULL,NULL,Stable,1,NULL,NULL,Stable,2,Employee At-Risk,1,1129
2659,Bailey Hays,2023-05-22,2023,5,5,5,NULL,NULL,Stable,0,3,NULL,NULL,Stable,2,NULL,NULL,Stable,3.8,Needs monitoring,0,917
2660,Sanaa Valenzuela,2022-08-23,2022,8,5,5,NULL,NULL,Stable,0,1,NULL,NULL,Stable,1,NULL,NULL,Stable,3,Needs monitoring,0,1189
2661,Avah Hayes,2023-02-25,2023,2,3,3,NULL,NULL,Stable,0,3,NULL,NULL,Stable,2,NULL,NULL,Stable,2.8,Employee At-Risk,1,1003
2662,Cody Bates,2023-07-08,2023,7,4,4,NULL,NULL,Stable,0,1,NULL,NULL,Stable,1,NULL,NULL,Stable,2.5,Employee At-Risk,1,870
2663,Eli Grant,2022-08-07,2022,8,3,3,NULL,NULL,Stable,0,4,NULL,NULL,Stable,1,NULL,NULL,Stable,2.9,Employee At-Risk,1,1205
2664,Felipe Rollins,2023-06-13,2023,6,5,5,NULL,NULL,Stable,0,2,NULL,NULL,Stable,2,NULL,NULL,Stable,3.5,Needs monitoring,0,895
2665,Abdiel Good,2022-10-05,2022,10,1,1,NULL,NULL,Stable,1,5,NULL,NULL,Stable,5,NULL,NULL,Stable,3,Needs monitoring,0,1146
2666,Kaylyn Frye,2023-05-24,2023,5,5,5,NULL,NULL,Stable,0,5,NULL,NULL,Stable,3,NULL,NULL,Stable,4.6,Employee is engaged,0,915
2667,Marisol Alvarez,2022-12-28,2022,12,3,3,NULL,NULL,Stable,0,2,NULL,NULL,Stable,3,NULL,NULL,Stable,2.7,Employee At-Risk,1,1062
2668,Lane Willis,2023-04-28,2023,4,4,4,NULL,NULL,Stable,0,4,NULL,NULL,Stable,1,NULL,NULL,Stable,3.4,Needs monitoring,0,941
2669,Jade Becker,2023-04-27,2023,4,4,4,NULL,NULL,Stable,0,2,NULL,NULL,Stable,1,NULL,NULL,Stable,2.8,Employee At-Risk,1,942
2670,Vincent Logan,2023-06-26,2023,6,4,4,NULL,NULL,Stable,0,2,NULL,NULL,Stable,1,NULL,NULL,Stable,2.8,Employee At-Risk,1,882
2671,Nasir Glass,2023-02-12,2023,2,1,1,NULL,NULL,Stable,1,2,NULL,NULL,Stable,5,NULL,NULL,Stable,2.1,Employee At-Risk,1,1016
2672,Quincy Shannon,2023-06-04,2023,6,5,5,NULL,NULL,Stable,0,2,NULL,NULL,Stable,2,NULL,NULL,Stable,3.5,Needs monitoring,0,904
2673,Alena Walter,2022-10-13,2022,10,5,5,NULL,NULL,Stable,0,1,NULL,NULL,Stable,1,NULL,NULL,Stable,3,Needs monitoring,0,1138
2674,Clay Compton,2022-11-06,2022,11,1,1,NULL,NULL,Stable,1,1,NULL,NULL,Stable,4,NULL,NULL,Stable,1.6,Employee At-Risk,1,1114
2675,Kayden Fernandez,2023-01-30,2023,1,2,2,NULL,NULL,Stable,1,4,NULL,NULL,Stable,4,NULL,NULL,Stable,3,Needs monitoring,0,1029
2676,Bryson Giles,2022-10-16,2022,10,4,4,NULL,NULL,Stable,0,3,NULL,NULL,Stable,4,NULL,NULL,Stable,3.7,Needs monitoring,0,1135
2677,Demarcus Small,2022-11-29,2022,11,2,2,NULL,NULL,Stable,1,1,NULL,NULL,Stable,5,NULL,NULL,Stable,2.3,Employee At-Risk,1,1091
2678,Presley Dodson,2023-07-18,2023,7,5,5,NULL,NULL,Stable,0,3,NULL,NULL,Stable,3,NULL,NULL,Stable,4,Employee is engaged,0,860
2679,Christine Giles,2023-02-02,2023,2,4,4,NULL,NULL,Stable,0,4,NULL,NULL,Stable,1,NULL,NULL,Stable,3.4,Needs monitoring,0,1026
2680,Jasmine Rogers,2022-08-31,2022,8,1,1,NULL,NULL,Stable,1,4,NULL,NULL,Stable,4,NULL,NULL,Stable,2.5,Employee At-Risk,1,1181
2681,Jaime Greer,2023-07-22,2023,7,3,3,NULL,NULL,Stable,0,3,NULL,NULL,Stable,3,NULL,NULL,Stable,3,Needs monitoring,0,856
2682,Keagan Hutchinson,2022-11-02,2022,11,1,1,NULL,NULL,Stable,1,2,NULL,NULL,Stable,2,NULL,NULL,Stable,1.5,Employee At-Risk,1,1118
2683,Charlize Ballard,2022-12-23,2022,12,3,3,NULL,NULL,Stable,0,4,NULL,NULL,Stable,2,NULL,NULL,Stable,3.1,Needs monitoring,0,1067
2684,Kendrick Pollard,2022-09-14,2022,9,3,3,NULL,NULL,Stable,0,4,NULL,NULL,Stable,2,NULL,NULL,Stable,3.1,Needs monitoring,0,1167
2685,Meadow Reed,2023-07-09,2023,7,3,3,NULL,NULL,Stable,0,1,NULL,NULL,Stable,1,NULL,NULL,Stable,2,Employee At-Risk,1,869
2686,Ryker Hopkins,2023-01-23,2023,1,5,5,NULL,NULL,Stable,0,3,NULL,NULL,Stable,4,NULL,NULL,Stable,4.2,Employee is engaged,0,1036
2687,Bruno Ashley,2023-02-20,2023,2,4,4,NULL,NULL,Stable,0,5,NULL,NULL,Stable,5,NULL,NULL,Stable,4.5,Employee is engaged,0,1008
2688,Luciana Steele,2022-11-21,2022,11,2,2,NULL,NULL,Stable,1,3,NULL,NULL,Stable,3,NULL,NULL,Stable,2.5,Employee At-Risk,1,1099
2689,Johnathon Serrano,2022-10-06,2022,10,2,2,NULL,NULL,Stable,1,1,NULL,NULL,Stable,1,NULL,NULL,Stable,1.5,Employee At-Risk,1,1145
2690,Joaquin Cuevas,2022-10-29,2022,10,1,1,NULL,NULL,Stable,1,3,NULL,NULL,Stable,2,NULL,NULL,Stable,1.8,Employee At-Risk,1,1122
2691,Soren Downs,2022-12-21,2022,12,4,4,NULL,NULL,Stable,0,1,NULL,NULL,Stable,1,NULL,NULL,Stable,2.5,Employee At-Risk,1,1069
2692,Ralph Stone,2023-05-04,2023,5,4,4,NULL,NULL,Stable,0,5,NULL,NULL,Stable,2,NULL,NULL,Stable,3.9,Needs monitoring,0,935
2693,Malcolm Rivas,2022-11-06,2022,11,2,2,NULL,NULL,Stable,1,5,NULL,NULL,Stable,2,NULL,NULL,Stable,2.9,Employee At-Risk,1,1114
2694,Adam Beltran,2022-12-29,2022,12,3,3,NULL,NULL,Stable,0,4,NULL,NULL,Stable,4,NULL,NULL,Stable,3.5,Needs monitoring,0,1061
2695,Isis Ortega,2022-12-04,2022,12,5,5,NULL,NULL,Stable,0,2,NULL,NULL,Stable,3,NULL,NULL,Stable,3.7,Needs monitoring,0,1086
2696,Meadow Delgado,2023-05-13,2023,5,3,3,NULL,NULL,Stable,0,1,NULL,NULL,Stable,3,NULL,NULL,Stable,2.4,Employee At-Risk,1,926
2697,Benjamin Goodman,2023-05-30,2023,5,1,1,NULL,NULL,Stable,1,5,NULL,NULL,Stable,3,NULL,NULL,Stable,2.6,Employee At-Risk,1,909
2698,Jaycee Alexander,2023-05-24,2023,5,5,5,NULL,NULL,Stable,0,4,NULL,NULL,Stable,5,NULL,NULL,Stable,4.7,Employee is engaged,0,915
2699,Cannon Gray,2022-12-07,2022,12,1,1,NULL,NULL,Stable,1,1,NULL,NULL,Stable,5,NULL,NULL,Stable,1.8,Employee At-Risk,1,1083
2700,Brynn Kennedy,2023-01-17,2023,1,3,3,NULL,NULL,Stable,0,5,NULL,NULL,Stable,1,NULL,NULL,Stable,3.2,Needs monitoring,0,1042
2701,Branden Ali,2023-07-20,2023,7,5,5,NULL,NULL,Stable,0,5,NULL,NULL,Stable,3,NULL,NULL,Stable,4.6,Employee is engaged,0,858
2702,Sophie Carrillo,2023-04-12,2023,4,5,5,NULL,NULL,Stable,0,1,NULL,NULL,Stable,2,NULL,NULL,Stable,3.2,Needs monitoring,0,957
2703,Saul Shaw,2023-05-27,2023,5,1,1,NULL,NULL,Stable,1,5,NULL,NULL,Stable,4,NULL,NULL,Stable,2.8,Employee At-Risk,1,912
2704,Isla Mcdaniel,2022-09-14,2022,9,2,2,NULL,NULL,Stable,1,4,NULL,NULL,Stable,4,NULL,NULL,Stable,3,Needs monitoring,0,1167
2705,Lea Cantu,2023-07-08,2023,7,3,3,NULL,NULL,Stable,0,2,NULL,NULL,Stable,2,NULL,NULL,Stable,2.5,Employee At-Risk,1,870
2706,Yadiel Riggs,2022-12-18,2022,12,3,3,NULL,NULL,Stable,0,2,NULL,NULL,Stable,5,NULL,NULL,Stable,3.1,Needs monitoring,0,1072
2707,Annalise Olsen,2023-01-28,2023,1,1,1,NULL,NULL,Stable,1,2,NULL,NULL,Stable,1,NULL,NULL,Stable,1.3,Employee At-Risk,1,1031
2708,Theodore Castro,2023-01-15,2023,1,1,1,NULL,NULL,Stable,1,3,NULL,NULL,Stable,5,NULL,NULL,Stable,2.4,Employee At-Risk,1,1044
2709,Emily Freeman,2022-08-28,2022,8,1,1,NULL,NULL,Stable,1,2,NULL,NULL,Stable,2,NULL,NULL,Stable,1.5,Employee At-Risk,1,1184
2710,Madyson Yates,2022-08-12,2022,8,4,4,NULL,NULL,Stable,0,2,NULL,NULL,Stable,3,NULL,NULL,Stable,3.2,Needs monitoring,0,1200
2711,Rachel Bowers,2023-02-07,2023,2,4,4,NULL,NULL,Stable,0,2,NULL,NULL,Stable,5,NULL,NULL,Stable,3.6,Needs monitoring,0,1021
2712,Helen Humphrey,2023-06-24,2023,6,3,3,NULL,NULL,Stable,0,2,NULL,NULL,Stable,5,NULL,NULL,Stable,3.1,Needs monitoring,0,884
2713,Abagail Villanueva,2022-12-22,2022,12,5,5,NULL,NULL,Stable,0,2,NULL,NULL,Stable,4,NULL,NULL,Stable,3.9,Needs monitoring,0,1068
2714,Julie Lloyd,2022-10-20,2022,10,3,3,NULL,NULL,Stable,0,1,NULL,NULL,Stable,3,NULL,NULL,Stable,2.4,Employee At-Risk,1,1131
2715,Alejandro Wilkinson,2023-01-11,2023,1,3,3,NULL,NULL,Stable,0,5,NULL,NULL,Stable,1,NULL,NULL,Stable,3.2,Needs monitoring,0,1048
2716,Yadiel Mata,2022-09-28,2022,9,3,3,NULL,NULL,Stable,0,2,NULL,NULL,Stable,2,NULL,NULL,Stable,2.5,Employee At-Risk,1,1153
2717,Colt Sutton,2023-07-25,2023,7,1,1,NULL,NULL,Stable,1,1,NULL,NULL,Stable,2,NULL,NULL,Stable,1.2,Employee At-Risk,1,853
2718,Madalyn Prince,2023-06-01,2023,6,3,3,NULL,NULL,Stable,0,5,NULL,NULL,Stable,5,NULL,NULL,Stable,4,Employee is engaged,0,907
2719,Clara Stewart,2022-11-09,2022,11,5,5,NULL,NULL,Stable,0,5,NULL,NULL,Stable,5,NULL,NULL,Stable,5,Employee is engaged,0,1111
2720,Cheyenne Herman,2022-12-12,2022,12,3,3,NULL,NULL,Stable,0,3,NULL,NULL,Stable,2,NULL,NULL,Stable,2.8,Employee At-Risk,1,1078
2721,Emerson Zavala,2023-03-26,2023,3,1,1,NULL,NULL,Stable,1,4,NULL,NULL,Stable,3,NULL,NULL,Stable,2.3,Employee At-Risk,1,974
2722,Sawyer Oneal,2022-12-18,2022,12,3,3,NULL,NULL,Stable,0,4,NULL,NULL,Stable,2,NULL,NULL,Stable,3.1,Needs monitoring,0,1072
2723,Kyleigh Mathis,2023-01-31,2023,1,3,3,NULL,NULL,Stable,0,1,NULL,NULL,Stable,5,NULL,NULL,Stable,2.8,Employee At-Risk,1,1028
2724,Maximus Mcdowell,2023-01-01,2023,1,5,5,NULL,NULL,Stable,0,3,NULL,NULL,Stable,4,NULL,NULL,Stable,4.2,Employee is engaged,0,1058
2725,Dean Little,2023-01-30,2023,1,4,4,NULL,NULL,Stable,0,1,NULL,NULL,Stable,5,NULL,NULL,Stable,3.3,Needs monitoring,0,1029
2726,Martin Herrera,2023-07-29,2023,7,2,2,NULL,NULL,Stable,1,4,NULL,NULL,Stable,2,NULL,NULL,Stable,2.6,Employee At-Risk,1,849
2727,Uriah Briggs,2023-06-17,2023,6,1,1,NULL,NULL,Stable,1,3,NULL,NULL,Stable,3,NULL,NULL,Stable,2,Employee At-Risk,1,891
2728,Kianna Little,2022-12-03,2022,12,3,3,NULL,NULL,Stable,0,2,NULL,NULL,Stable,1,NULL,NULL,Stable,2.3,Employee At-Risk,1,1087
2729,David Kirk,2023-02-24,2023,2,3,3,NULL,NULL,Stable,0,5,NULL,NULL,Stable,1,NULL,NULL,Stable,3.2,Needs monitoring,0,1004
2730,Alexandra Bryant,2022-09-16,2022,9,2,2,NULL,NULL,Stable,1,3,NULL,NULL,Stable,4,NULL,NULL,Stable,2.7,Employee At-Risk,1,1165
2731,Denzel Jensen,2023-04-26,2023,4,2,2,NULL,NULL,Stable,1,3,NULL,NULL,Stable,2,NULL,NULL,Stable,2.3,Employee At-Risk,1,943
2732,Fletcher Maxwell,2022-11-04,2022,11,1,1,NULL,NULL,Stable,1,5,NULL,NULL,Stable,3,NULL,NULL,Stable,2.6,Employee At-Risk,1,1116
2733,Davian Davis,2023-04-03,2023,4,3,3,NULL,NULL,Stable,0,4,NULL,NULL,Stable,1,NULL,NULL,Stable,2.9,Employee At-Risk,1,966
2734,Maxim Mooney,2023-05-14,2023,5,2,2,NULL,NULL,Stable,1,2,NULL,NULL,Stable,3,NULL,NULL,Stable,2.2,Employee At-Risk,1,925
2735,Santiago Rosales,2023-06-02,2023,6,5,5,NULL,NULL,Stable,0,1,NULL,NULL,Stable,2,NULL,NULL,Stable,3.2,Needs monitoring,0,906
2736,Zara Werner,2022-11-26,2022,11,4,4,NULL,NULL,Stable,0,2,NULL,NULL,Stable,2,NULL,NULL,Stable,3,Needs monitoring,0,1094
2737,Darian Hansen,2022-09-20,2022,9,5,5,NULL,NULL,Stable,0,5,NULL,NULL,Stable,3,NULL,NULL,Stable,4.6,Employee is engaged,0,1161
2738,Kaeden Branch,2023-03-16,2023,3,4,4,NULL,NULL,Stable,0,3,NULL,NULL,Stable,1,NULL,NULL,Stable,3.1,Needs monitoring,0,984
2739,Gabriel Swanson,2023-06-26,2023,6,1,1,NULL,NULL,Stable,1,2,NULL,NULL,Stable,5,NULL,NULL,Stable,2.1,Employee At-Risk,1,882
2740,Madyson Chapman,2023-06-06,2023,6,2,2,NULL,NULL,Stable,1,5,NULL,NULL,Stable,1,NULL,NULL,Stable,2.7,Employee At-Risk,1,902
2741,Kellen Hill,2022-10-09,2022,10,4,4,NULL,NULL,Stable,0,3,NULL,NULL,Stable,1,NULL,NULL,Stable,3.1,Needs monitoring,0,1142
2742,Samir Gray,2022-11-25,2022,11,5,5,NULL,NULL,Stable,0,3,NULL,NULL,Stable,4,NULL,NULL,Stable,4.2,Employee is engaged,0,1095
2743,Stephanie Hampton,2022-08-31,2022,8,3,3,NULL,NULL,Stable,0,2,NULL,NULL,Stable,5,NULL,NULL,Stable,3.1,Needs monitoring,0,1181
2744,Walter Mayo,2023-06-25,2023,6,2,2,NULL,NULL,Stable,1,4,NULL,NULL,Stable,2,NULL,NULL,Stable,2.6,Employee At-Risk,1,883
2745,Harley Greer,2023-01-13,2023,1,1,1,NULL,NULL,Stable,1,2,NULL,NULL,Stable,2,NULL,NULL,Stable,1.5,Employee At-Risk,1,1046
2746,Misael Pratt,2023-07-13,2023,7,4,4,NULL,NULL,Stable,0,4,NULL,NULL,Stable,5,NULL,NULL,Stable,4.2,Employee is engaged,0,865
2747,Sneha Jhaveri,2023-05-13,2023,5,3,3,NULL,NULL,Stable,0,1,NULL,NULL,Stable,5,NULL,NULL,Stable,2.8,Employee At-Risk,1,926
2748,Melinda Saar-Beckles,2023-08-04,2023,8,5,5,NULL,NULL,Stable,0,2,NULL,NULL,Stable,5,NULL,NULL,Stable,4.1,Employee is engaged,0,843
2749,Elizabeth Meads,2023-06-24,2023,6,5,5,NULL,NULL,Stable,0,3,NULL,NULL,Stable,4,NULL,NULL,Stable,4.2,Employee is engaged,0,884
2750,Patrick Moran,2023-07-11,2023,7,3,3,NULL,NULL,Stable,0,4,NULL,NULL,Stable,4,NULL,NULL,Stable,3.5,Needs monitoring,0,867
2751,Mathew Linden,2022-12-27,2022,12,3,3,NULL,NULL,Stable,0,1,NULL,NULL,Stable,2,NULL,NULL,Stable,2.2,Employee At-Risk,1,1063
2752,Adeel Osturnka,2023-05-07,2023,5,3,3,NULL,NULL,Stable,0,5,NULL,NULL,Stable,1,NULL,NULL,Stable,3.2,Needs monitoring,0,932
2753,Lisa Cornett,2023-05-05,2023,5,3,3,NULL,NULL,Stable,0,1,NULL,NULL,Stable,4,NULL,NULL,Stable,2.6,Employee At-Risk,1,934
2754,Louis Punjabhi,2023-02-14,2023,2,1,1,NULL,NULL,Stable,1,5,NULL,NULL,Stable,1,NULL,NULL,Stable,2.2,Employee At-Risk,1,1014
2755,Michael Carey,2022-12-15,2022,12,5,5,NULL,NULL,Stable,0,5,NULL,NULL,Stable,4,NULL,NULL,Stable,4.8,Employee is engaged,0,1075
2756,Earnest Hankard,2022-10-30,2022,10,1,1,NULL,NULL,Stable,1,3,NULL,NULL,Stable,1,NULL,NULL,Stable,1.6,Employee At-Risk,1,1121
2757,Kimberly Beak,2023-04-30,2023,4,3,3,NULL,NULL,Stable,0,4,NULL,NULL,Stable,2,NULL,NULL,Stable,3.1,Needs monitoring,0,939
2758,Jonathan R LeBel,2023-02-15,2023,2,1,1,NULL,NULL,Stable,1,3,NULL,NULL,Stable,1,NULL,NULL,Stable,1.6,Employee At-Risk,1,1013
2759,Rick Stoica,2022-11-06,2022,11,3,3,NULL,NULL,Stable,0,1,NULL,NULL,Stable,3,NULL,NULL,Stable,2.4,Employee At-Risk,1,1114
2760,Adil Sahoo,2022-09-26,2022,9,2,2,NULL,NULL,Stable,1,1,NULL,NULL,Stable,4,NULL,NULL,Stable,2.1,Employee At-Risk,1,1155
2761,Barbara Gaul,2023-02-15,2023,2,1,1,NULL,NULL,Stable,1,4,NULL,NULL,Stable,3,NULL,NULL,Stable,2.3,Employee At-Risk,1,1013
2762,Carla Demita,2023-01-08,2023,1,3,3,NULL,NULL,Stable,0,1,NULL,NULL,Stable,2,NULL,NULL,Stable,2.2,Employee At-Risk,1,1051
2763,Paula Gross,2022-08-05,2022,8,4,4,NULL,NULL,Stable,0,2,NULL,NULL,Stable,4,NULL,NULL,Stable,3.4,Needs monitoring,0,1207
2764,Francesco A Barone,2022-10-22,2022,10,2,2,NULL,NULL,Stable,1,4,NULL,NULL,Stable,3,NULL,NULL,Stable,2.8,Employee At-Risk,1,1129
2765,Rex England,2023-01-05,2023,1,3,3,NULL,NULL,Stable,0,1,NULL,NULL,Stable,3,NULL,NULL,Stable,2.4,Employee At-Risk,1,1054
2766,Trina Hendrickson,2022-09-22,2022,9,3,3,NULL,NULL,Stable,0,5,NULL,NULL,Stable,5,NULL,NULL,Stable,4,Employee is engaged,0,1159
2767,Colleen Volk,2022-12-14,2022,12,3,3,NULL,NULL,Stable,0,3,NULL,NULL,Stable,4,NULL,NULL,Stable,3.2,Needs monitoring,0,1076
2768,Jean Engdahl,2022-08-20,2022,8,2,2,NULL,NULL,Stable,1,1,NULL,NULL,Stable,5,NULL,NULL,Stable,2.3,Employee At-Risk,1,1192
2769,Paris Blake,2022-08-07,2022,8,3,3,NULL,NULL,Stable,0,1,NULL,NULL,Stable,3,NULL,NULL,Stable,2.4,Employee At-Risk,1,1205
2770,Neveah Bird,2023-02-25,2023,2,1,1,NULL,NULL,Stable,1,2,NULL,NULL,Stable,3,NULL,NULL,Stable,1.7,Employee At-Risk,1,1003
2771,Tia Potter,2023-01-28,2023,1,2,2,NULL,NULL,Stable,1,4,NULL,NULL,Stable,2,NULL,NULL,Stable,2.6,Employee At-Risk,1,1031
2772,Alexandra Bean,2023-04-25,2023,4,2,2,NULL,NULL,Stable,1,4,NULL,NULL,Stable,5,NULL,NULL,Stable,3.2,Needs monitoring,0,944
2773,Tony Grimes,2023-05-29,2023,5,2,2,NULL,NULL,Stable,1,5,NULL,NULL,Stable,4,NULL,NULL,Stable,3.3,Needs monitoring,0,910
2774,Macy Nielsen,2023-05-28,2023,5,1,1,NULL,NULL,Stable,1,5,NULL,NULL,Stable,3,NULL,NULL,Stable,2.6,Employee At-Risk,1,911
2775,Toby Yates,2023-08-04,2023,8,1,1,NULL,NULL,Stable,1,4,NULL,NULL,Stable,3,NULL,NULL,Stable,2.3,Employee At-Risk,1,843
2776,Karlee Davies,2022-12-26,2022,12,5,5,NULL,NULL,Stable,0,3,NULL,NULL,Stable,5,NULL,NULL,Stable,4.4,Employee is engaged,0,1064
2777,Hector Escobar,2023-08-02,2023,8,5,5,NULL,NULL,Stable,0,1,NULL,NULL,Stable,3,NULL,NULL,Stable,3.4,Needs monitoring,0,845
2778,Javon Mckenzie,2023-02-19,2023,2,1,1,NULL,NULL,Stable,1,1,NULL,NULL,Stable,4,NULL,NULL,Stable,1.6,Employee At-Risk,1,1009
2779,Lilly Huynh,2022-08-28,2022,8,4,4,NULL,NULL,Stable,0,1,NULL,NULL,Stable,1,NULL,NULL,Stable,2.5,Employee At-Risk,1,1184
2780,Anika Robbins,2022-08-29,2022,8,3,3,NULL,NULL,Stable,0,5,NULL,NULL,Stable,2,NULL,NULL,Stable,3.4,Needs monitoring,0,1183
2781,Ishaan Robinson,2023-02-12,2023,2,1,1,NULL,NULL,Stable,1,2,NULL,NULL,Stable,2,NULL,NULL,Stable,1.5,Employee At-Risk,1,1016
2782,Paola Macdonald,2022-10-07,2022,10,3,3,NULL,NULL,Stable,0,5,NULL,NULL,Stable,3,NULL,NULL,Stable,3.6,Needs monitoring,0,1144
2783,Lorelei Sellers,2023-01-06,2023,1,3,3,NULL,NULL,Stable,0,1,NULL,NULL,Stable,1,NULL,NULL,Stable,2,Employee At-Risk,1,1053
2784,Gillian Riddle,2023-01-09,2023,1,4,4,NULL,NULL,Stable,0,3,NULL,NULL,Stable,4,NULL,NULL,Stable,3.7,Needs monitoring,0,1050
2785,Atticus White,2022-08-15,2022,8,3,3,NULL,NULL,Stable,0,1,NULL,NULL,Stable,5,NULL,NULL,Stable,2.8,Employee At-Risk,1,1197
2786,Virginia Nunez,2022-12-07,2022,12,4,4,NULL,NULL,Stable,0,3,NULL,NULL,Stable,1,NULL,NULL,Stable,3.1,Needs monitoring,0,1083
2787,Caden Taylor,2023-04-10,2023,4,4,4,NULL,NULL,Stable,0,2,NULL,NULL,Stable,5,NULL,NULL,Stable,3.6,Needs monitoring,0,959
2788,Brooks Leach,2023-05-29,2023,5,4,4,NULL,NULL,Stable,0,1,NULL,NULL,Stable,3,NULL,NULL,Stable,2.9,Employee At-Risk,1,910
2789,Isabel Wyatt,2022-12-03,2022,12,1,1,NULL,NULL,Stable,1,2,NULL,NULL,Stable,2,NULL,NULL,Stable,1.5,Employee At-Risk,1,1087
2790,Angelo Henry,2023-01-03,2023,1,1,1,NULL,NULL,Stable,1,5,NULL,NULL,Stable,2,NULL,NULL,Stable,2.4,Employee At-Risk,1,1056
2791,Joselyn Moss,2023-01-19,2023,1,1,1,NULL,NULL,Stable,1,3,NULL,NULL,Stable,1,NULL,NULL,Stable,1.6,Employee At-Risk,1,1040
2792,Diamond Mcclain,2022-09-09,2022,9,3,3,NULL,NULL,Stable,0,4,NULL,NULL,Stable,4,NULL,NULL,Stable,3.5,Needs monitoring,0,1172
2793,Eden Dalton,2023-03-27,2023,3,2,2,NULL,NULL,Stable,1,5,NULL,NULL,Stable,3,NULL,NULL,Stable,3.1,Needs monitoring,0,973
2794,Emely Parks,2022-09-03,2022,9,5,5,NULL,NULL,Stable,0,4,NULL,NULL,Stable,4,NULL,NULL,Stable,4.5,Employee is engaged,0,1178
2795,Corinne Hopkins,2023-06-06,2023,6,5,5,NULL,NULL,Stable,0,1,NULL,NULL,Stable,1,NULL,NULL,Stable,3,Needs monitoring,0,902
2796,Destiny Blake,2023-08-05,2023,8,2,2,NULL,NULL,Stable,1,4,NULL,NULL,Stable,2,NULL,NULL,Stable,2.6,Employee At-Risk,1,842
2797,Zaria Kidd,2022-08-05,2022,8,2,2,NULL,NULL,Stable,1,1,NULL,NULL,Stable,2,NULL,NULL,Stable,1.7,Employee At-Risk,1,1207
2798,Adam Ingram,2023-05-29,2023,5,3,3,NULL,NULL,Stable,0,4,NULL,NULL,Stable,2,NULL,NULL,Stable,3.1,Needs monitoring,0,910
2799,Makenna Foster,2023-02-01,2023,2,2,2,NULL,NULL,Stable,1,1,NULL,NULL,Stable,1,NULL,NULL,Stable,1.5,Employee At-Risk,1,1027
2800,Nayeli Keith,2023-06-20,2023,6,1,1,NULL,NULL,Stable,1,2,NULL,NULL,Stable,2,NULL,NULL,Stable,1.5,Employee At-Risk,1,888
2801,Devon Shannon,2022-09-20,2022,9,1,1,NULL,NULL,Stable,1,3,NULL,NULL,Stable,4,NULL,NULL,Stable,2.2,Employee At-Risk,1,1161
2802,Lucy Harrington,2023-07-01,2023,7,2,2,NULL,NULL,Stable,1,3,NULL,NULL,Stable,5,NULL,NULL,Stable,2.9,Employee At-Risk,1,877
2803,Rebecca Francis,2022-11-04,2022,11,4,4,NULL,NULL,Stable,0,4,NULL,NULL,Stable,5,NULL,NULL,Stable,4.2,Employee is engaged,0,1116
2804,Salma Frederick,2022-12-05,2022,12,5,5,NULL,NULL,Stable,0,4,NULL,NULL,Stable,2,NULL,NULL,Stable,4.1,Employee is engaged,0,1085
2805,Avery Vance,2023-05-19,2023,5,5,5,NULL,NULL,Stable,0,3,NULL,NULL,Stable,2,NULL,NULL,Stable,3.8,Needs monitoring,0,920
2806,Stephany Jenkins,2023-04-14,2023,4,1,1,NULL,NULL,Stable,1,3,NULL,NULL,Stable,1,NULL,NULL,Stable,1.6,Employee At-Risk,1,955
2807,Brian Kelly,2023-01-13,2023,1,3,3,NULL,NULL,Stable,0,2,NULL,NULL,Stable,4,NULL,NULL,Stable,2.9,Employee At-Risk,1,1046
2808,Keagan Villa,2023-03-13,2023,3,5,5,NULL,NULL,Stable,0,2,NULL,NULL,Stable,4,NULL,NULL,Stable,3.9,Needs monitoring,0,987
2809,Kendra Foley,2023-02-13,2023,2,1,1,NULL,NULL,Stable,1,1,NULL,NULL,Stable,5,NULL,NULL,Stable,1.8,Employee At-Risk,1,1015
2810,Jabari Stanton,2023-07-13,2023,7,2,2,NULL,NULL,Stable,1,5,NULL,NULL,Stable,5,NULL,NULL,Stable,3.5,Needs monitoring,0,865
2811,Phoenix Farley,2023-04-13,2023,4,3,3,NULL,NULL,Stable,0,4,NULL,NULL,Stable,3,NULL,NULL,Stable,3.3,Needs monitoring,0,956
2812,Aurora Bass,2022-08-14,2022,8,3,3,NULL,NULL,Stable,0,2,NULL,NULL,Stable,5,NULL,NULL,Stable,3.1,Needs monitoring,0,1198
2813,Enrique Parks,2022-08-28,2022,8,4,4,NULL,NULL,Stable,0,4,NULL,NULL,Stable,2,NULL,NULL,Stable,3.6,Needs monitoring,0,1184
2814,Kylie Cox,2023-07-13,2023,7,4,4,NULL,NULL,Stable,0,1,NULL,NULL,Stable,1,NULL,NULL,Stable,2.5,Employee At-Risk,1,865
2815,Luke Burke,2022-09-22,2022,9,2,2,NULL,NULL,Stable,1,5,NULL,NULL,Stable,3,NULL,NULL,Stable,3.1,Needs monitoring,0,1159
2816,Ricardo Mcdonald,2023-07-13,2023,7,4,4,NULL,NULL,Stable,0,2,NULL,NULL,Stable,4,NULL,NULL,Stable,3.4,Needs monitoring,0,865
2817,Camila Hodges,2022-08-12,2022,8,4,4,NULL,NULL,Stable,0,1,NULL,NULL,Stable,5,NULL,NULL,Stable,3.3,Needs monitoring,0,1200
2818,Tripp Sanders,2023-06-21,2023,6,4,4,NULL,NULL,Stable,0,3,NULL,NULL,Stable,3,NULL,NULL,Stable,3.5,Needs monitoring,0,887
2819,Davin Wade,2022-12-31,2022,12,2,2,NULL,NULL,Stable,1,3,NULL,NULL,Stable,4,NULL,NULL,Stable,2.7,Employee At-Risk,1,1059
2820,Pierce Bender,2022-10-16,2022,10,2,2,NULL,NULL,Stable,1,1,NULL,NULL,Stable,5,NULL,NULL,Stable,2.3,Employee At-Risk,1,1135
2821,Marin Mosley,2023-04-12,2023,4,2,2,NULL,NULL,Stable,1,5,NULL,NULL,Stable,5,NULL,NULL,Stable,3.5,Needs monitoring,0,957
2822,Barrett Sosa,2023-05-24,2023,5,2,2,NULL,NULL,Stable,1,3,NULL,NULL,Stable,3,NULL,NULL,Stable,2.5,Employee At-Risk,1,915
2823,Eliezer Briggs,2023-01-23,2023,1,5,5,NULL,NULL,Stable,0,2,NULL,NULL,Stable,1,NULL,NULL,Stable,3.3,Needs monitoring,0,1036
2824,Talan Garrett,2022-09-09,2022,9,1,1,NULL,NULL,Stable,1,4,NULL,NULL,Stable,1,NULL,NULL,Stable,1.9,Employee At-Risk,1,1172
2825,Van Griffin,2023-02-22,2023,2,5,5,NULL,NULL,Stable,0,4,NULL,NULL,Stable,4,NULL,NULL,Stable,4.5,Employee is engaged,0,1006
2826,Roger Kaufman,2023-06-29,2023,6,4,4,NULL,NULL,Stable,0,3,NULL,NULL,Stable,4,NULL,NULL,Stable,3.7,Needs monitoring,0,879
2827,Ignacio Mcintyre,2022-08-30,2022,8,4,4,NULL,NULL,Stable,0,4,NULL,NULL,Stable,5,NULL,NULL,Stable,4.2,Employee is engaged,0,1182
2828,Jaydon Lambert,2023-02-26,2023,2,5,5,NULL,NULL,Stable,0,5,NULL,NULL,Stable,3,NULL,NULL,Stable,4.6,Employee is engaged,0,1002
2829,Serenity Carlson,2023-02-07,2023,2,2,2,NULL,NULL,Stable,1,5,NULL,NULL,Stable,3,NULL,NULL,Stable,3.1,Needs monitoring,0,1021
2830,Leslie Maynard,2022-12-09,2022,12,1,1,NULL,NULL,Stable,1,2,NULL,NULL,Stable,2,NULL,NULL,Stable,1.5,Employee At-Risk,1,1081
2831,Craig Sherman,2023-07-13,2023,7,5,5,NULL,NULL,Stable,0,1,NULL,NULL,Stable,4,NULL,NULL,Stable,3.6,Needs monitoring,0,865
2832,Lilyana Huffman,2022-11-14,2022,11,4,4,NULL,NULL,Stable,0,5,NULL,NULL,Stable,5,NULL,NULL,Stable,4.5,Employee is engaged,0,1106
2833,Jacey Reeves,2022-09-02,2022,9,2,2,NULL,NULL,Stable,1,5,NULL,NULL,Stable,2,NULL,NULL,Stable,2.9,Employee At-Risk,1,1179
2834,Madyson Silva,2023-04-30,2023,4,5,5,NULL,NULL,Stable,0,3,NULL,NULL,Stable,3,NULL,NULL,Stable,4,Employee is engaged,0,939
2835,Liberty Poole,2023-03-30,2023,3,4,4,NULL,NULL,Stable,0,5,NULL,NULL,Stable,3,NULL,NULL,Stable,4.1,Employee is engaged,0,970
2836,Antonio Romero,2022-08-13,2022,8,5,5,NULL,NULL,Stable,0,4,NULL,NULL,Stable,1,NULL,NULL,Stable,3.9,Needs monitoring,0,1199
2837,Jaylen Butler,2022-08-08,2022,8,4,4,NULL,NULL,Stable,0,1,NULL,NULL,Stable,4,NULL,NULL,Stable,3.1,Needs monitoring,0,1204
2838,Gloria Marks,2023-07-03,2023,7,4,4,NULL,NULL,Stable,0,4,NULL,NULL,Stable,2,NULL,NULL,Stable,3.6,Needs monitoring,0,875
2839,Jaylee Cunningham,2022-10-23,2022,10,1,1,NULL,NULL,Stable,1,4,NULL,NULL,Stable,5,NULL,NULL,Stable,2.7,Employee At-Risk,1,1128
2840,Jordon Wyatt,2023-05-07,2023,5,3,3,NULL,NULL,Stable,0,2,NULL,NULL,Stable,3,NULL,NULL,Stable,2.7,Employee At-Risk,1,932
2841,Darien Doyle,2022-10-10,2022,10,2,2,NULL,NULL,Stable,1,2,NULL,NULL,Stable,2,NULL,NULL,Stable,2,Employee At-Risk,1,1141
2842,Ryan Rollins,2022-11-10,2022,11,2,2,NULL,NULL,Stable,1,1,NULL,NULL,Stable,5,NULL,NULL,Stable,2.3,Employee At-Risk,1,1110
2843,Manuel Haley,2022-10-03,2022,10,5,5,NULL,NULL,Stable,0,1,NULL,NULL,Stable,4,NULL,NULL,Stable,3.6,Needs monitoring,0,1148
2844,Litzy Lloyd,2023-07-14,2023,7,2,2,NULL,NULL,Stable,1,5,NULL,NULL,Stable,2,NULL,NULL,Stable,2.9,Employee At-Risk,1,864
2845,Jett York,2022-11-14,2022,11,3,3,NULL,NULL,Stable,0,4,NULL,NULL,Stable,2,NULL,NULL,Stable,3.1,Needs monitoring,0,1106
2846,Natalia Bush,2023-04-05,2023,4,1,1,NULL,NULL,Stable,1,1,NULL,NULL,Stable,4,NULL,NULL,Stable,1.6,Employee At-Risk,1,964
2847,Mallory Carey,2022-12-01,2022,12,1,1,NULL,NULL,Stable,1,2,NULL,NULL,Stable,2,NULL,NULL,Stable,1.5,Employee At-Risk,1,1089
2848,Pierre Tate,2022-08-11,2022,8,2,2,NULL,NULL,Stable,1,1,NULL,NULL,Stable,1,NULL,NULL,Stable,1.5,Employee At-Risk,1,1201
2849,Shannon Hurst,2023-02-09,2023,2,5,5,NULL,NULL,Stable,0,1,NULL,NULL,Stable,1,NULL,NULL,Stable,3,Needs monitoring,0,1019
2850,Carleigh Schultz,2023-03-31,2023,3,4,4,NULL,NULL,Stable,0,1,NULL,NULL,Stable,4,NULL,NULL,Stable,3.1,Needs monitoring,0,969
2851,Rihanna Briggs,2022-10-16,2022,10,4,4,NULL,NULL,Stable,0,3,NULL,NULL,Stable,3,NULL,NULL,Stable,3.5,Needs monitoring,0,1135
2852,Eden Levy,2023-02-02,2023,2,2,2,NULL,NULL,Stable,1,1,NULL,NULL,Stable,2,NULL,NULL,Stable,1.7,Employee At-Risk,1,1026
2853,Nathanial Davis,2023-07-31,2023,7,5,5,NULL,NULL,Stable,0,1,NULL,NULL,Stable,1,NULL,NULL,Stable,3,Needs monitoring,0,847
2854,Eileen Beard,2023-03-05,2023,3,1,1,NULL,NULL,Stable,1,3,NULL,NULL,Stable,4,NULL,NULL,Stable,2.2,Employee At-Risk,1,995
2855,Kale Potter,2023-03-27,2023,3,3,3,NULL,NULL,Stable,0,5,NULL,NULL,Stable,5,NULL,NULL,Stable,4,Employee is engaged,0,973
2856,Sage Boyer,2023-01-23,2023,1,4,4,NULL,NULL,Stable,0,5,NULL,NULL,Stable,2,NULL,NULL,Stable,3.9,Needs monitoring,0,1036
2857,Dane Owens,2022-12-24,2022,12,5,5,NULL,NULL,Stable,0,2,NULL,NULL,Stable,5,NULL,NULL,Stable,4.1,Employee is engaged,0,1066
2858,Colin Simpson,2023-07-12,2023,7,1,1,NULL,NULL,Stable,1,2,NULL,NULL,Stable,5,NULL,NULL,Stable,2.1,Employee At-Risk,1,866
2859,Rachel Buckley,2022-08-19,2022,8,1,1,NULL,NULL,Stable,1,3,NULL,NULL,Stable,3,NULL,NULL,Stable,2,Employee At-Risk,1,1193
2860,Maria Cameron,2023-01-31,2023,1,2,2,NULL,NULL,Stable,1,1,NULL,NULL,Stable,4,NULL,NULL,Stable,2.1,Employee At-Risk,1,1028
2861,Judith Savage,2023-07-21,2023,7,2,2,NULL,NULL,Stable,1,4,NULL,NULL,Stable,5,NULL,NULL,Stable,3.2,Needs monitoring,0,857
2862,Randall West,2023-03-10,2023,3,1,1,NULL,NULL,Stable,1,2,NULL,NULL,Stable,3,NULL,NULL,Stable,1.7,Employee At-Risk,1,990
2863,Caitlin Palmer,2023-03-13,2023,3,2,2,NULL,NULL,Stable,1,2,NULL,NULL,Stable,1,NULL,NULL,Stable,1.8,Employee At-Risk,1,987
2864,Luke Heath,2022-11-16,2022,11,1,1,NULL,NULL,Stable,1,3,NULL,NULL,Stable,4,NULL,NULL,Stable,2.2,Employee At-Risk,1,1104
2865,Esperanza Horne,2022-10-23,2022,10,2,2,NULL,NULL,Stable,1,2,NULL,NULL,Stable,3,NULL,NULL,Stable,2.2,Employee At-Risk,1,1128
2866,Jadon Mata,2023-07-09,2023,7,3,3,NULL,NULL,Stable,0,3,NULL,NULL,Stable,2,NULL,NULL,Stable,2.8,Employee At-Risk,1,869
2867,Gillian Hawkins,2023-03-07,2023,3,3,3,NULL,NULL,Stable,0,1,NULL,NULL,Stable,3,NULL,NULL,Stable,2.4,Employee At-Risk,1,993
2868,Lisa Griffin,2023-02-13,2023,2,3,3,NULL,NULL,Stable,0,4,NULL,NULL,Stable,1,NULL,NULL,Stable,2.9,Employee At-Risk,1,1015
2869,Nelson Carpenter,2023-03-24,2023,3,2,2,NULL,NULL,Stable,1,5,NULL,NULL,Stable,4,NULL,NULL,Stable,3.3,Needs monitoring,0,976
2870,Sanai Sweeney,2022-11-28,2022,11,5,5,NULL,NULL,Stable,0,3,NULL,NULL,Stable,2,NULL,NULL,Stable,3.8,Needs monitoring,0,1092
2871,Tania Taylor,2023-05-31,2023,5,2,2,NULL,NULL,Stable,1,5,NULL,NULL,Stable,2,NULL,NULL,Stable,2.9,Employee At-Risk,1,908
2872,Greta Horne,2023-06-08,2023,6,3,3,NULL,NULL,Stable,0,5,NULL,NULL,Stable,1,NULL,NULL,Stable,3.2,Needs monitoring,0,900
2873,Jordyn Snyder,2022-12-15,2022,12,4,4,NULL,NULL,Stable,0,2,NULL,NULL,Stable,3,NULL,NULL,Stable,3.2,Needs monitoring,0,1075
2874,Alex Collins,2023-03-14,2023,3,3,3,NULL,NULL,Stable,0,5,NULL,NULL,Stable,1,NULL,NULL,Stable,3.2,Needs monitoring,0,986
2875,Harley Walker,2023-06-12,2023,6,3,3,NULL,NULL,Stable,0,5,NULL,NULL,Stable,4,NULL,NULL,Stable,3.8,Needs monitoring,0,896
2876,Luka Novak,2022-12-21,2022,12,3,3,NULL,NULL,Stable,0,3,NULL,NULL,Stable,2,NULL,NULL,Stable,2.8,Employee At-Risk,1,1069
2877,Skylar Riggs,2023-03-02,2023,3,2,2,NULL,NULL,Stable,1,4,NULL,NULL,Stable,1,NULL,NULL,Stable,2.4,Employee At-Risk,1,998
2878,Shania Barrera,2022-12-09,2022,12,2,2,NULL,NULL,Stable,1,3,NULL,NULL,Stable,3,NULL,NULL,Stable,2.5,Employee At-Risk,1,1081
2879,Trystan Fernandez,2023-01-07,2023,1,1,1,NULL,NULL,Stable,1,5,NULL,NULL,Stable,2,NULL,NULL,Stable,2.4,Employee At-Risk,1,1052
2880,Aimee Berg,2023-01-13,2023,1,1,1,NULL,NULL,Stable,1,1,NULL,NULL,Stable,2,NULL,NULL,Stable,1.2,Employee At-Risk,1,1046
2881,Kyson Scott,2022-10-20,2022,10,5,5,NULL,NULL,Stable,0,4,NULL,NULL,Stable,1,NULL,NULL,Stable,3.9,Needs monitoring,0,1131
2882,Lamar Kirk,2023-01-10,2023,1,3,3,NULL,NULL,Stable,0,2,NULL,NULL,Stable,5,NULL,NULL,Stable,3.1,Needs monitoring,0,1049
2883,Slade Lynn,2023-06-14,2023,6,4,4,NULL,NULL,Stable,0,3,NULL,NULL,Stable,4,NULL,NULL,Stable,3.7,Needs monitoring,0,894
2884,Riley Leon,2022-08-08,2022,8,3,3,NULL,NULL,Stable,0,2,NULL,NULL,Stable,4,NULL,NULL,Stable,2.9,Employee At-Risk,1,1204
2885,Humberto Yoder,2023-01-20,2023,1,1,1,NULL,NULL,Stable,1,5,NULL,NULL,Stable,5,NULL,NULL,Stable,3,Needs monitoring,0,1039
2886,Michelle Pearson,2023-02-17,2023,2,5,5,NULL,NULL,Stable,0,5,NULL,NULL,Stable,1,NULL,NULL,Stable,4.2,Employee is engaged,0,1011
2887,Natalya Reyes,2023-06-24,2023,6,5,5,NULL,NULL,Stable,0,1,NULL,NULL,Stable,1,NULL,NULL,Stable,3,Needs monitoring,0,884
2888,Celia Mcpherson,2023-06-01,2023,6,5,5,NULL,NULL,Stable,0,2,NULL,NULL,Stable,5,NULL,NULL,Stable,4.1,Employee is engaged,0,907
2889,Matias Barton,2023-06-10,2023,6,2,2,NULL,NULL,Stable,1,2,NULL,NULL,Stable,1,NULL,NULL,Stable,1.8,Employee At-Risk,1,898
2890,Caitlyn Vaughan,2023-01-17,2023,1,3,3,NULL,NULL,Stable,0,5,NULL,NULL,Stable,5,NULL,NULL,Stable,4,Employee is engaged,0,1042
2891,Addyson Pollard,2023-05-27,2023,5,5,5,NULL,NULL,Stable,0,2,NULL,NULL,Stable,3,NULL,NULL,Stable,3.7,Needs monitoring,0,912
2892,Laila Wiggins,2023-02-05,2023,2,2,2,NULL,NULL,Stable,1,1,NULL,NULL,Stable,5,NULL,NULL,Stable,2.3,Employee At-Risk,1,1023
2893,Terrance Wiggins,2022-10-14,2022,10,3,3,NULL,NULL,Stable,0,1,NULL,NULL,Stable,1,NULL,NULL,Stable,2,Employee At-Risk,1,1137
2894,Aliza Pace,2023-01-20,2023,1,1,1,NULL,NULL,Stable,1,4,NULL,NULL,Stable,4,NULL,NULL,Stable,2.5,Employee At-Risk,1,1039
2895,Mauricio Stein,2023-05-31,2023,5,1,1,NULL,NULL,Stable,1,2,NULL,NULL,Stable,5,NULL,NULL,Stable,2.1,Employee At-Risk,1,908
2896,Gia Winters,2023-07-01,2023,7,5,5,NULL,NULL,Stable,0,4,NULL,NULL,Stable,1,NULL,NULL,Stable,3.9,Needs monitoring,0,877
2897,Aidyn Cuevas,2023-04-04,2023,4,3,3,NULL,NULL,Stable,0,5,NULL,NULL,Stable,2,NULL,NULL,Stable,3.4,Needs monitoring,0,965
2898,Angel Santos,2022-11-20,2022,11,1,1,NULL,NULL,Stable,1,4,NULL,NULL,Stable,3,NULL,NULL,Stable,2.3,Employee At-Risk,1,1100
2899,Johnathan Huerta,2022-10-24,2022,10,1,1,NULL,NULL,Stable,1,5,NULL,NULL,Stable,3,NULL,NULL,Stable,2.6,Employee At-Risk,1,1127
2900,Katelyn Garner,2022-10-29,2022,10,1,1,NULL,NULL,Stable,1,4,NULL,NULL,Stable,1,NULL,NULL,Stable,1.9,Employee At-Risk,1,1122
2901,Deshawn Ayers,2023-05-20,2023,5,1,1,NULL,NULL,Stable,1,4,NULL,NULL,Stable,5,NULL,NULL,Stable,2.7,Employee At-Risk,1,919
2902,Siena Meadows,2022-10-23,2022,10,5,5,NULL,NULL,Stable,0,4,NULL,NULL,Stable,3,NULL,NULL,Stable,4.3,Employee is engaged,0,1128
2903,Presley Padilla,2022-08-09,2022,8,3,3,NULL,NULL,Stable,0,3,NULL,NULL,Stable,5,NULL,NULL,Stable,3.4,Needs monitoring,0,1203
2904,Marquis Atkinson,2022-08-27,2022,8,4,4,NULL,NULL,Stable,0,2,NULL,NULL,Stable,4,NULL,NULL,Stable,3.4,Needs monitoring,0,1185
2905,Gillian Williams,2022-09-10,2022,9,2,2,NULL,NULL,Stable,1,5,NULL,NULL,Stable,1,NULL,NULL,Stable,2.7,Employee At-Risk,1,1171
2906,Anabel Hanna,2023-07-15,2023,7,2,2,NULL,NULL,Stable,1,5,NULL,NULL,Stable,4,NULL,NULL,Stable,3.3,Needs monitoring,0,863
2907,Celeste Branch,2023-03-15,2023,3,1,1,NULL,NULL,Stable,1,4,NULL,NULL,Stable,5,NULL,NULL,Stable,2.7,Employee At-Risk,1,985
2908,Shyanne Cooper,2023-05-14,2023,5,4,4,NULL,NULL,Stable,0,2,NULL,NULL,Stable,5,NULL,NULL,Stable,3.6,Needs monitoring,0,925
2909,Nancy Barrett,2023-02-13,2023,2,2,2,NULL,NULL,Stable,1,4,NULL,NULL,Stable,4,NULL,NULL,Stable,3,Needs monitoring,0,1015
2910,Ronan Burke,2023-05-05,2023,5,5,5,NULL,NULL,Stable,0,1,NULL,NULL,Stable,3,NULL,NULL,Stable,3.4,Needs monitoring,0,934
2911,Estrella Ho,2022-10-27,2022,10,5,5,NULL,NULL,Stable,0,2,NULL,NULL,Stable,2,NULL,NULL,Stable,3.5,Needs monitoring,0,1124
2912,Conor Petty,2023-07-07,2023,7,3,3,NULL,NULL,Stable,0,5,NULL,NULL,Stable,3,NULL,NULL,Stable,3.6,Needs monitoring,0,871
2913,Cheyanne Munoz,2023-05-05,2023,5,4,4,NULL,NULL,Stable,0,1,NULL,NULL,Stable,2,NULL,NULL,Stable,2.7,Employee At-Risk,1,934
2914,Jaycee Osborn,2023-05-29,2023,5,5,5,NULL,NULL,Stable,0,3,NULL,NULL,Stable,3,NULL,NULL,Stable,4,Employee is engaged,0,910
2915,Jordyn Patel,2023-04-29,2023,4,3,3,NULL,NULL,Stable,0,4,NULL,NULL,Stable,2,NULL,NULL,Stable,3.1,Needs monitoring,0,940
2916,Michael Acosta,2023-02-20,2023,2,4,4,NULL,NULL,Stable,0,4,NULL,NULL,Stable,2,NULL,NULL,Stable,3.6,Needs monitoring,0,1008
2917,Janiah Ball,2023-01-17,2023,1,1,1,NULL,NULL,Stable,1,4,NULL,NULL,Stable,5,NULL,NULL,Stable,2.7,Employee At-Risk,1,1042
2918,Brice Medina,2022-12-11,2022,12,4,4,NULL,NULL,Stable,0,3,NULL,NULL,Stable,1,NULL,NULL,Stable,3.1,Needs monitoring,0,1079
2919,Ismael Bowers,2023-06-11,2023,6,5,5,NULL,NULL,Stable,0,1,NULL,NULL,Stable,2,NULL,NULL,Stable,3.2,Needs monitoring,0,897
2920,Caden Silva,2023-02-04,2023,2,2,2,NULL,NULL,Stable,1,4,NULL,NULL,Stable,4,NULL,NULL,Stable,3,Needs monitoring,0,1024
2921,Yadira Dean,2023-03-15,2023,3,5,5,NULL,NULL,Stable,0,2,NULL,NULL,Stable,3,NULL,NULL,Stable,3.7,Needs monitoring,0,985
2922,Miles Roberts,2023-04-29,2023,4,4,4,NULL,NULL,Stable,0,2,NULL,NULL,Stable,5,NULL,NULL,Stable,3.6,Needs monitoring,0,940
2923,Joel Spence,2023-05-06,2023,5,5,5,NULL,NULL,Stable,0,1,NULL,NULL,Stable,2,NULL,NULL,Stable,3.2,Needs monitoring,0,933
2924,Kole Garrison,2023-05-16,2023,5,5,5,NULL,NULL,Stable,0,4,NULL,NULL,Stable,4,NULL,NULL,Stable,4.5,Employee is engaged,0,923
2925,Kaylin Andersen,2023-07-30,2023,7,1,1,NULL,NULL,Stable,1,3,NULL,NULL,Stable,1,NULL,NULL,Stable,1.6,Employee At-Risk,1,848
2926,Yareli Valdez,2022-09-10,2022,9,1,1,NULL,NULL,Stable,1,1,NULL,NULL,Stable,1,NULL,NULL,Stable,1,Employee At-Risk,1,1171
2927,Rubi Sanford,2023-07-31,2023,7,4,4,NULL,NULL,Stable,0,2,NULL,NULL,Stable,2,NULL,NULL,Stable,3,Needs monitoring,0,847
2928,Jayden Bolton,2022-08-28,2022,8,5,5,NULL,NULL,Stable,0,4,NULL,NULL,Stable,1,NULL,NULL,Stable,3.9,Needs monitoring,0,1184
2929,Izabella Watson,2023-01-28,2023,1,1,1,NULL,NULL,Stable,1,3,NULL,NULL,Stable,4,NULL,NULL,Stable,2.2,Employee At-Risk,1,1031
2930,Jon Galvan,2023-06-19,2023,6,1,1,NULL,NULL,Stable,1,4,NULL,NULL,Stable,2,NULL,NULL,Stable,2.1,Employee At-Risk,1,889
2931,Halle Chan,2022-09-20,2022,9,5,5,NULL,NULL,Stable,0,4,NULL,NULL,Stable,4,NULL,NULL,Stable,4.5,Employee is engaged,0,1161
2932,Braeden Moss,2023-04-28,2023,4,4,4,NULL,NULL,Stable,0,4,NULL,NULL,Stable,3,NULL,NULL,Stable,3.8,Needs monitoring,0,941
2933,Fernando Mcdowell,2023-05-02,2023,5,3,3,NULL,NULL,Stable,0,1,NULL,NULL,Stable,4,NULL,NULL,Stable,2.6,Employee At-Risk,1,937
2934,Triston Ewing,2022-11-16,2022,11,4,4,NULL,NULL,Stable,0,3,NULL,NULL,Stable,1,NULL,NULL,Stable,3.1,Needs monitoring,0,1104
2935,Pablo Yates,2023-02-14,2023,2,5,5,NULL,NULL,Stable,0,1,NULL,NULL,Stable,1,NULL,NULL,Stable,3,Needs monitoring,0,1014
2936,Jordan Hayes,2022-09-18,2022,9,4,4,NULL,NULL,Stable,0,3,NULL,NULL,Stable,1,NULL,NULL,Stable,3.1,Needs monitoring,0,1163
2937,Kianna Wilkerson,2022-12-09,2022,12,1,1,NULL,NULL,Stable,1,4,NULL,NULL,Stable,4,NULL,NULL,Stable,2.5,Employee At-Risk,1,1081
2938,Paul Steele,2023-01-30,2023,1,2,2,NULL,NULL,Stable,1,5,NULL,NULL,Stable,1,NULL,NULL,Stable,2.7,Employee At-Risk,1,1029
2939,Jason Moyer,2023-04-13,2023,4,4,4,NULL,NULL,Stable,0,3,NULL,NULL,Stable,3,NULL,NULL,Stable,3.5,Needs monitoring,0,956
2940,Larissa Taylor,2023-04-18,2023,4,5,5,NULL,NULL,Stable,0,1,NULL,NULL,Stable,3,NULL,NULL,Stable,3.4,Needs monitoring,0,951
2941,Aryanna Larson,2022-12-14,2022,12,5,5,NULL,NULL,Stable,0,2,NULL,NULL,Stable,5,NULL,NULL,Stable,4.1,Employee is engaged,0,1076
2942,Eliana Hammond,2022-10-17,2022,10,3,3,NULL,NULL,Stable,0,3,NULL,NULL,Stable,4,NULL,NULL,Stable,3.2,Needs monitoring,0,1134
2943,Adrien Krause,2022-10-18,2022,10,4,4,NULL,NULL,Stable,0,1,NULL,NULL,Stable,5,NULL,NULL,Stable,3.3,Needs monitoring,0,1133
2944,Annie Galloway,2023-05-21,2023,5,2,2,NULL,NULL,Stable,1,4,NULL,NULL,Stable,1,NULL,NULL,Stable,2.4,Employee At-Risk,1,918
2945,Kamryn Mckinney,2022-09-21,2022,9,4,4,NULL,NULL,Stable,0,2,NULL,NULL,Stable,1,NULL,NULL,Stable,2.8,Employee At-Risk,1,1160
2946,Dahlia Waller,2023-01-20,2023,1,4,4,NULL,NULL,Stable,0,5,NULL,NULL,Stable,3,NULL,NULL,Stable,4.1,Employee is engaged,0,1039
2947,Alonzo Bradley,2023-02-11,2023,2,3,3,NULL,NULL,Stable,0,4,NULL,NULL,Stable,2,NULL,NULL,Stable,3.1,Needs monitoring,0,1017
2948,Harley Soto,2022-10-04,2022,10,2,2,NULL,NULL,Stable,1,4,NULL,NULL,Stable,5,NULL,NULL,Stable,3.2,Needs monitoring,0,1147
2949,Belen Vasquez,2023-02-02,2023,2,2,2,NULL,NULL,Stable,1,2,NULL,NULL,Stable,2,NULL,NULL,Stable,2,Employee At-Risk,1,1026
2950,Charlize Rocha,2022-08-21,2022,8,3,3,NULL,NULL,Stable,0,3,NULL,NULL,Stable,5,NULL,NULL,Stable,3.4,Needs monitoring,0,1191
2951,Aleena David,2023-05-31,2023,5,3,3,NULL,NULL,Stable,0,1,NULL,NULL,Stable,3,NULL,NULL,Stable,2.4,Employee At-Risk,1,908
2952,Bridger Alvarado,2023-04-01,2023,4,5,5,NULL,NULL,Stable,0,3,NULL,NULL,Stable,2,NULL,NULL,Stable,3.8,Needs monitoring,0,968
2953,Cannon Morgan,2023-06-01,2023,6,2,2,NULL,NULL,Stable,1,3,NULL,NULL,Stable,4,NULL,NULL,Stable,2.7,Employee At-Risk,1,907
2954,Weston Ramsey,2023-07-24,2023,7,5,5,NULL,NULL,Stable,0,2,NULL,NULL,Stable,1,NULL,NULL,Stable,3.3,Needs monitoring,0,854
2955,Adison Ray,2023-06-12,2023,6,5,5,NULL,NULL,Stable,0,2,NULL,NULL,Stable,3,NULL,NULL,Stable,3.7,Needs monitoring,0,896
2956,Aarav Espinoza,2023-02-06,2023,2,5,5,NULL,NULL,Stable,0,4,NULL,NULL,Stable,1,NULL,NULL,Stable,3.9,Needs monitoring,0,1022
2957,Destiney Barry,2023-02-21,2023,2,1,1,NULL,NULL,Stable,1,3,NULL,NULL,Stable,4,NULL,NULL,Stable,2.2,Employee At-Risk,1,1007
2958,Ulises Herring,2023-05-16,2023,5,1,1,NULL,NULL,Stable,1,2,NULL,NULL,Stable,4,NULL,NULL,Stable,1.9,Employee At-Risk,1,923
2959,Marquis Cardenas,2023-07-05,2023,7,1,1,NULL,NULL,Stable,1,5,NULL,NULL,Stable,2,NULL,NULL,Stable,2.4,Employee At-Risk,1,873
2960,Miya Cruz,2022-09-23,2022,9,2,2,NULL,NULL,Stable,1,4,NULL,NULL,Stable,3,NULL,NULL,Stable,2.8,Employee At-Risk,1,1158
2961,Erin Floyd,2023-02-12,2023,2,2,2,NULL,NULL,Stable,1,2,NULL,NULL,Stable,4,NULL,NULL,Stable,2.4,Employee At-Risk,1,1016
2962,Gerald Johnston,2022-12-19,2022,12,1,1,NULL,NULL,Stable,1,2,NULL,NULL,Stable,3,NULL,NULL,Stable,1.7,Employee At-Risk,1,1071
2963,Kendrick Snyder,2022-10-02,2022,10,1,1,NULL,NULL,Stable,1,3,NULL,NULL,Stable,2,NULL,NULL,Stable,1.8,Employee At-Risk,1,1149
2964,Alyssa Proctor,2022-12-15,2022,12,4,4,NULL,NULL,Stable,0,1,NULL,NULL,Stable,3,NULL,NULL,Stable,2.9,Employee At-Risk,1,1075
2965,Manuel Stout,2023-07-13,2023,7,4,4,NULL,NULL,Stable,0,4,NULL,NULL,Stable,5,NULL,NULL,Stable,4.2,Employee is engaged,0,865
2966,Joanna Bradley,2023-03-06,2023,3,5,5,NULL,NULL,Stable,0,2,NULL,NULL,Stable,5,NULL,NULL,Stable,4.1,Employee is engaged,0,994
2967,Sade Smith,2022-08-11,2022,8,2,2,NULL,NULL,Stable,1,3,NULL,NULL,Stable,1,NULL,NULL,Stable,2.1,Employee At-Risk,1,1201
2968,Lowan M Biden,2023-05-23,2023,5,1,1,NULL,NULL,Stable,1,5,NULL,NULL,Stable,4,NULL,NULL,Stable,2.8,Employee At-Risk,1,916
2969,Lauren Peters,2022-11-21,2022,11,4,4,NULL,NULL,Stable,0,5,NULL,NULL,Stable,5,NULL,NULL,Stable,4.5,Employee is engaged,0,1099
2970,Shenice Gold,2022-10-23,2022,10,5,5,NULL,NULL,Stable,0,5,NULL,NULL,Stable,5,NULL,NULL,Stable,5,Employee is engaged,0,1128
2971,Brigit McCarthy,2022-10-14,2022,10,3,3,NULL,NULL,Stable,0,5,NULL,NULL,Stable,4,NULL,NULL,Stable,3.8,Needs monitoring,0,1137
2972,Cherly Robinson,2022-11-24,2022,11,3,3,NULL,NULL,Stable,0,4,NULL,NULL,Stable,3,NULL,NULL,Stable,3.3,Needs monitoring,0,1096
2973,Jacquelyn Williams,2022-12-09,2022,12,1,1,NULL,NULL,Stable,1,3,NULL,NULL,Stable,3,NULL,NULL,Stable,2,Employee At-Risk,1,1081
2974,Kayla Peterson,2022-11-26,2022,11,4,4,NULL,NULL,Stable,0,5,NULL,NULL,Stable,4,NULL,NULL,Stable,4.3,Employee is engaged,0,1094
2975,Bradley J Knapp,2022-12-29,2022,12,2,2,NULL,NULL,Stable,1,3,NULL,NULL,Stable,4,NULL,NULL,Stable,2.7,Employee At-Risk,1,1061
2976,Richard Newman,2022-09-02,2022,9,4,4,NULL,NULL,Stable,0,3,NULL,NULL,Stable,1,NULL,NULL,Stable,3.1,Needs monitoring,0,1179
2977,Benjamin Burkett,2023-03-21,2023,3,2,2,NULL,NULL,Stable,1,4,NULL,NULL,Stable,3,NULL,NULL,Stable,2.8,Employee At-Risk,1,979
2978,Sam Athwal,2022-08-29,2022,8,5,5,NULL,NULL,Stable,0,2,NULL,NULL,Stable,4,NULL,NULL,Stable,3.9,Needs monitoring,0,1183
2979,Lauren Mahoney,2023-01-08,2023,1,4,4,NULL,NULL,Stable,0,5,NULL,NULL,Stable,4,NULL,NULL,Stable,4.3,Employee is engaged,0,1051
2980,Theresa Tinto,2023-02-06,2023,2,1,1,NULL,NULL,Stable,1,3,NULL,NULL,Stable,5,NULL,NULL,Stable,2.4,Employee At-Risk,1,1022
2981,Caroline Cierpiszewski,2022-09-21,2022,9,5,5,NULL,NULL,Stable,0,3,NULL,NULL,Stable,2,NULL,NULL,Stable,3.8,Needs monitoring,0,1160
2982,Tanya Foreman,2022-09-13,2022,9,5,5,NULL,NULL,Stable,0,4,NULL,NULL,Stable,3,NULL,NULL,Stable,4.3,Employee is engaged,0,1168
2983,Roger Walker,2023-07-01,2023,7,4,4,NULL,NULL,Stable,0,5,NULL,NULL,Stable,4,NULL,NULL,Stable,4.3,Employee is engaged,0,877
2984,Tayana Jeannite,2022-12-09,2022,12,4,4,NULL,NULL,Stable,0,1,NULL,NULL,Stable,1,NULL,NULL,Stable,2.5,Employee At-Risk,1,1081
2985,Anthony Heitzman,2023-07-14,2023,7,3,3,NULL,NULL,Stable,0,5,NULL,NULL,Stable,2,NULL,NULL,Stable,3.4,Needs monitoring,0,864
2986,Violeta Ferreira,2023-07-12,2023,7,4,4,NULL,NULL,Stable,0,5,NULL,NULL,Stable,3,NULL,NULL,Stable,4.1,Employee is engaged,0,866
2987,Geoff Dickinson,2023-07-06,2023,7,4,4,NULL,NULL,Stable,0,3,NULL,NULL,Stable,3,NULL,NULL,Stable,3.5,Needs monitoring,0,872
2988,Justice Gentry,2023-07-15,2023,7,4,4,NULL,NULL,Stable,0,4,NULL,NULL,Stable,4,NULL,NULL,Stable,4,Employee is engaged,0,863
2989,Kason Kramer,2023-06-18,2023,6,2,2,NULL,NULL,Stable,1,3,NULL,NULL,Stable,3,NULL,NULL,Stable,2.5,Employee At-Risk,1,890
2990,Alfredo Perry,2023-05-21,2023,5,2,2,NULL,NULL,Stable,1,2,NULL,NULL,Stable,3,NULL,NULL,Stable,2.2,Employee At-Risk,1,918
2991,Skyler Drake,2022-08-23,2022,8,5,5,NULL,NULL,Stable,0,5,NULL,NULL,Stable,3,NULL,NULL,Stable,4.6,Employee is engaged,0,1189
2992,Moshe Copeland,2022-12-07,2022,12,1,1,NULL,NULL,Stable,1,4,NULL,NULL,Stable,2,NULL,NULL,Stable,2.1,Employee At-Risk,1,1083
2993,Harley Nunez,2022-12-14,2022,12,5,5,NULL,NULL,Stable,0,5,NULL,NULL,Stable,1,NULL,NULL,Stable,4.2,Employee is engaged,0,1076
2994,Sammy Walter,2022-12-16,2022,12,5,5,NULL,NULL,Stable,0,5,NULL,NULL,Stable,3,NULL,NULL,Stable,4.6,Employee is engaged,0,1074
2995,Ronnie Haas,2023-01-19,2023,1,1,1,NULL,NULL,Stable,1,5,NULL,NULL,Stable,2,NULL,NULL,Stable,2.4,Employee At-Risk,1,1040
2996,Kira Robertson,2022-08-27,2022,8,3,3,NULL,NULL,Stable,0,2,NULL,NULL,Stable,2,NULL,NULL,Stable,2.5,Employee At-Risk,1,1185
2997,Jaqueline Ford,2022-11-30,2022,11,1,1,NULL,NULL,Stable,1,2,NULL,NULL,Stable,5,NULL,NULL,Stable,2.1,Employee At-Risk,1,1090
2998,Trace Cherry,2023-02-04,2023,2,4,4,NULL,NULL,Stable,0,3,NULL,NULL,Stable,3,NULL,NULL,Stable,3.5,Needs monitoring,0,1024
2999,Travis Cardenas,2023-01-24,2023,1,2,2,NULL,NULL,Stable,1,1,NULL,NULL,Stable,4,NULL,NULL,Stable,2.1,Employee At-Risk,1,1035
3000,Reyna Hicks,2023-07-17,2023,7,2,2,NULL,NULL,Stable,1,2,NULL,NULL,Stable,5,NULL,NULL,Stable,2.6,Employee At-Risk,1,861
3001,Trent Sandoval,2023-04-13,2023,4,5,5,NULL,NULL,Stable,0,4,NULL,NULL,Stable,3,NULL,NULL,Stable,4.3,Employee is engaged,0,956
3002,Reginald Dougherty,2022-09-10,2022,9,3,3,NULL,NULL,Stable,0,3,NULL,NULL,Stable,3,NULL,NULL,Stable,3,Needs monitoring,0,1171
3003,Paul Greer,2023-01-17,2023,1,4,4,NULL,NULL,Stable,0,3,NULL,NULL,Stable,5,NULL,NULL,Stable,3.9,Needs monitoring,0,1042
3004,Tiara Velez,2022-10-21,2022,10,4,4,NULL,NULL,Stable,0,3,NULL,NULL,Stable,4,NULL,NULL,Stable,3.7,Needs monitoring,0,1130
3005,Mareli Wilson,2023-01-18,2023,1,4,4,NULL,NULL,Stable,0,5,NULL,NULL,Stable,1,NULL,NULL,Stable,3.7,Needs monitoring,0,1041
3006,Efrain Underwood,2023-02-28,2023,2,3,3,NULL,NULL,Stable,0,5,NULL,NULL,Stable,2,NULL,NULL,Stable,3.4,Needs monitoring,0,1000
3007,Madeline Powell,2023-05-15,2023,5,2,2,NULL,NULL,Stable,1,5,NULL,NULL,Stable,3,NULL,NULL,Stable,3.1,Needs monitoring,0,924
3008,Alfred Goodman,2023-04-09,2023,4,2,2,NULL,NULL,Stable,1,1,NULL,NULL,Stable,4,NULL,NULL,Stable,2.1,Employee At-Risk,1,960
3009,Aracely Kelly,2022-10-27,2022,10,1,1,NULL,NULL,Stable,1,2,NULL,NULL,Stable,4,NULL,NULL,Stable,1.9,Employee At-Risk,1,1124
3010,Morgan Velazquez,2022-11-19,2022,11,1,1,NULL,NULL,Stable,1,5,NULL,NULL,Stable,5,NULL,NULL,Stable,3,Needs monitoring,0,1101
3011,Isla Becker,2022-12-07,2022,12,4,4,NULL,NULL,Stable,0,4,NULL,NULL,Stable,3,NULL,NULL,Stable,3.8,Needs monitoring,0,1083
3012,Scott Sanford,2023-01-22,2023,1,3,3,NULL,NULL,Stable,0,5,NULL,NULL,Stable,1,NULL,NULL,Stable,3.2,Needs monitoring,0,1037
3013,Deja Ritter,2023-07-13,2023,7,5,5,NULL,NULL,Stable,0,2,NULL,NULL,Stable,4,NULL,NULL,Stable,3.9,Needs monitoring,0,865
3014,Amelia Gamble,2023-03-19,2023,3,3,3,NULL,NULL,Stable,0,4,NULL,NULL,Stable,2,NULL,NULL,Stable,3.1,Needs monitoring,0,981
3015,Pranav Middleton,2022-12-04,2022,12,5,5,NULL,NULL,Stable,0,5,NULL,NULL,Stable,5,NULL,NULL,Stable,5,Employee is engaged,0,1086
3016,Moshe Hunter,2022-11-29,2022,11,3,3,NULL,NULL,Stable,0,1,NULL,NULL,Stable,2,NULL,NULL,Stable,2.2,Employee At-Risk,1,1091
3017,Arjun Gibson,2022-09-28,2022,9,3,3,NULL,NULL,Stable,0,5,NULL,NULL,Stable,3,NULL,NULL,Stable,3.6,Needs monitoring,0,1153
3018,Alaina Jenkins,2022-09-13,2022,9,1,1,NULL,NULL,Stable,1,1,NULL,NULL,Stable,4,NULL,NULL,Stable,1.6,Employee At-Risk,1,1168
3019,Elyse Morrow,2022-09-11,2022,9,3,3,NULL,NULL,Stable,0,4,NULL,NULL,Stable,2,NULL,NULL,Stable,3.1,Needs monitoring,0,1170
3020,Lincoln Brady,2023-07-28,2023,7,2,2,NULL,NULL,Stable,1,5,NULL,NULL,Stable,1,NULL,NULL,Stable,2.7,Employee At-Risk,1,850
3021,Allisson Braun,2022-10-19,2022,10,5,5,NULL,NULL,Stable,0,3,NULL,NULL,Stable,4,NULL,NULL,Stable,4.2,Employee is engaged,0,1132
3022,Leonel Chang,2023-02-05,2023,2,2,2,NULL,NULL,Stable,1,2,NULL,NULL,Stable,3,NULL,NULL,Stable,2.2,Employee At-Risk,1,1023
3023,Marshall Lucas,2022-09-19,2022,9,3,3,NULL,NULL,Stable,0,5,NULL,NULL,Stable,3,NULL,NULL,Stable,3.6,Needs monitoring,0,1162
3024,Haiden Scott,2023-03-05,2023,3,4,4,NULL,NULL,Stable,0,5,NULL,NULL,Stable,5,NULL,NULL,Stable,4.5,Employee is engaged,0,995
3025,Kyan Miranda,2023-01-25,2023,1,3,3,NULL,NULL,Stable,0,4,NULL,NULL,Stable,5,NULL,NULL,Stable,3.7,Needs monitoring,0,1034
3026,Ayanna Garrison,2022-10-17,2022,10,3,3,NULL,NULL,Stable,0,2,NULL,NULL,Stable,4,NULL,NULL,Stable,2.9,Employee At-Risk,1,1134
3027,Alan Woods,2023-02-17,2023,2,3,3,NULL,NULL,Stable,0,2,NULL,NULL,Stable,4,NULL,NULL,Stable,2.9,Employee At-Risk,1,1011
3028,Teagan Phelps,2023-04-01,2023,4,5,5,NULL,NULL,Stable,0,4,NULL,NULL,Stable,1,NULL,NULL,Stable,3.9,Needs monitoring,0,968
3029,Malachi Burnett,2023-02-08,2023,2,1,1,NULL,NULL,Stable,1,1,NULL,NULL,Stable,3,NULL,NULL,Stable,1.4,Employee At-Risk,1,1020
3030,Kadin Mcdowell,2022-12-05,2022,12,2,2,NULL,NULL,Stable,1,2,NULL,NULL,Stable,5,NULL,NULL,Stable,2.6,Employee At-Risk,1,1085
3031,Reed Brandt,2022-12-20,2022,12,2,2,NULL,NULL,Stable,1,3,NULL,NULL,Stable,2,NULL,NULL,Stable,2.3,Employee At-Risk,1,1070
3032,Cristofer Schwartz,2023-07-06,2023,7,1,1,NULL,NULL,Stable,1,3,NULL,NULL,Stable,2,NULL,NULL,Stable,1.8,Employee At-Risk,1,872
3033,Jaelynn Salazar,2022-08-28,2022,8,3,3,NULL,NULL,Stable,0,3,NULL,NULL,Stable,5,NULL,NULL,Stable,3.4,Needs monitoring,0,1184
3034,Macie Hayes,2022-10-11,2022,10,1,1,NULL,NULL,Stable,1,4,NULL,NULL,Stable,2,NULL,NULL,Stable,2.1,Employee At-Risk,1,1140
3035,Rodney Snow,2023-04-06,2023,4,2,2,NULL,NULL,Stable,1,4,NULL,NULL,Stable,5,NULL,NULL,Stable,3.2,Needs monitoring,0,963
3036,Reece Potts,2023-02-25,2023,2,1,1,NULL,NULL,Stable,1,4,NULL,NULL,Stable,2,NULL,NULL,Stable,2.1,Employee At-Risk,1,1003
3037,Catalina Eaton,2023-01-14,2023,1,3,3,NULL,NULL,Stable,0,4,NULL,NULL,Stable,2,NULL,NULL,Stable,3.1,Needs monitoring,0,1045
3038,Heidi Manning,2022-10-06,2022,10,5,5,NULL,NULL,Stable,0,5,NULL,NULL,Stable,5,NULL,NULL,Stable,5,Employee is engaged,0,1145
3039,Marquis Johns,2023-08-03,2023,8,4,4,NULL,NULL,Stable,0,2,NULL,NULL,Stable,1,NULL,NULL,Stable,2.8,Employee At-Risk,1,844
3040,Areli Torres,2022-10-23,2022,10,5,5,NULL,NULL,Stable,0,1,NULL,NULL,Stable,4,NULL,NULL,Stable,3.6,Needs monitoring,0,1128
3041,Rey Morton,2023-05-18,2023,5,5,5,NULL,NULL,Stable,0,5,NULL,NULL,Stable,4,NULL,NULL,Stable,4.8,Employee is engaged,0,921
3042,Deven Gillespie,2023-01-13,2023,1,4,4,NULL,NULL,Stable,0,1,NULL,NULL,Stable,2,NULL,NULL,Stable,2.7,Employee At-Risk,1,1046
3043,Rowan Gilbert,2023-05-01,2023,5,5,5,NULL,NULL,Stable,0,3,NULL,NULL,Stable,3,NULL,NULL,Stable,4,Employee is engaged,0,938
3044,Cullen Ruiz,2023-06-07,2023,6,1,1,NULL,NULL,Stable,1,1,NULL,NULL,Stable,3,NULL,NULL,Stable,1.4,Employee At-Risk,1,901
3045,Kamron Goodwin,2023-01-12,2023,1,5,5,NULL,NULL,Stable,0,4,NULL,NULL,Stable,1,NULL,NULL,Stable,3.9,Needs monitoring,0,1047
3046,Claudia Melton,2023-03-06,2023,3,2,2,NULL,NULL,Stable,1,5,NULL,NULL,Stable,3,NULL,NULL,Stable,3.1,Needs monitoring,0,994
3047,Francesca Lowe,2022-11-13,2022,11,4,4,NULL,NULL,Stable,0,2,NULL,NULL,Stable,1,NULL,NULL,Stable,2.8,Employee At-Risk,1,1107
3048,Violet Horn,2023-02-04,2023,2,2,2,NULL,NULL,Stable,1,2,NULL,NULL,Stable,3,NULL,NULL,Stable,2.2,Employee At-Risk,1,1024
3049,Carlie Wagner,2022-10-10,2022,10,5,5,NULL,NULL,Stable,0,3,NULL,NULL,Stable,2,NULL,NULL,Stable,3.8,Needs monitoring,0,1141
3050,Harmony Pruitt,2022-09-26,2022,9,1,1,NULL,NULL,Stable,1,3,NULL,NULL,Stable,4,NULL,NULL,Stable,2.2,Employee At-Risk,1,1155
3051,Briley Huerta,2023-02-09,2023,2,3,3,NULL,NULL,Stable,0,5,NULL,NULL,Stable,5,NULL,NULL,Stable,4,Employee is engaged,0,1019
3052,Ean Barajas,2023-07-22,2023,7,5,5,NULL,NULL,Stable,0,1,NULL,NULL,Stable,3,NULL,NULL,Stable,3.4,Needs monitoring,0,856
3053,Dayana Gregory,2023-02-03,2023,2,2,2,NULL,NULL,Stable,1,1,NULL,NULL,Stable,3,NULL,NULL,Stable,1.9,Employee At-Risk,1,1025
3054,Zaniyah Mccarthy,2022-11-14,2022,11,5,5,NULL,NULL,Stable,0,5,NULL,NULL,Stable,2,NULL,NULL,Stable,4.4,Employee is engaged,0,1106
3055,Matthias Simon,2022-09-29,2022,9,5,5,NULL,NULL,Stable,0,1,NULL,NULL,Stable,3,NULL,NULL,Stable,3.4,Needs monitoring,0,1152
3056,Lyric Butler,2023-04-08,2023,4,5,5,NULL,NULL,Stable,0,5,NULL,NULL,Stable,2,NULL,NULL,Stable,4.4,Employee is engaged,0,961
3057,Bridger Duran,2023-02-06,2023,2,1,1,NULL,NULL,Stable,1,2,NULL,NULL,Stable,5,NULL,NULL,Stable,2.1,Employee At-Risk,1,1022
3058,Amirah Cline,2023-07-04,2023,7,4,4,NULL,NULL,Stable,0,1,NULL,NULL,Stable,1,NULL,NULL,Stable,2.5,Employee At-Risk,1,874
3059,Izaiah Gallagher,2023-03-28,2023,3,2,2,NULL,NULL,Stable,1,1,NULL,NULL,Stable,3,NULL,NULL,Stable,1.9,Employee At-Risk,1,972
3060,Marcelo Galvan,2022-09-14,2022,9,5,5,NULL,NULL,Stable,0,2,NULL,NULL,Stable,4,NULL,NULL,Stable,3.9,Needs monitoring,0,1167
3061,Kaylynn Odom,2023-07-19,2023,7,5,5,NULL,NULL,Stable,0,1,NULL,NULL,Stable,3,NULL,NULL,Stable,3.4,Needs monitoring,0,859
3062,Oliver Dalton,2023-05-20,2023,5,3,3,NULL,NULL,Stable,0,4,NULL,NULL,Stable,1,NULL,NULL,Stable,2.9,Employee At-Risk,1,919
3063,Patience Henry,2022-10-06,2022,10,1,1,NULL,NULL,Stable,1,5,NULL,NULL,Stable,1,NULL,NULL,Stable,2.2,Employee At-Risk,1,1145
3064,London Pennington,2022-12-02,2022,12,2,2,NULL,NULL,Stable,1,2,NULL,NULL,Stable,5,NULL,NULL,Stable,2.6,Employee At-Risk,1,1088
3065,Anna Salazar,2022-12-01,2022,12,3,3,NULL,NULL,Stable,0,1,NULL,NULL,Stable,2,NULL,NULL,Stable,2.2,Employee At-Risk,1,1089
3066,Vicente Davis,2022-12-04,2022,12,5,5,NULL,NULL,Stable,0,4,NULL,NULL,Stable,1,NULL,NULL,Stable,3.9,Needs monitoring,0,1086
3067,Annabel Lewis,2022-12-26,2022,12,3,3,NULL,NULL,Stable,0,1,NULL,NULL,Stable,2,NULL,NULL,Stable,2.2,Employee At-Risk,1,1064
3068,Alana Nunez,2023-05-12,2023,5,3,3,NULL,NULL,Stable,0,2,NULL,NULL,Stable,1,NULL,NULL,Stable,2.3,Employee At-Risk,1,927
3069,Jaylen Donaldson,2023-05-14,2023,5,1,1,NULL,NULL,Stable,1,2,NULL,NULL,Stable,3,NULL,NULL,Stable,1.7,Employee At-Risk,1,925
3070,Malakai Shelton,2023-04-15,2023,4,1,1,NULL,NULL,Stable,1,5,NULL,NULL,Stable,4,NULL,NULL,Stable,2.8,Employee At-Risk,1,954
3071,Erick Wood,2022-09-19,2022,9,1,1,NULL,NULL,Stable,1,4,NULL,NULL,Stable,2,NULL,NULL,Stable,2.1,Employee At-Risk,1,1162
3072,Daniel Frye,2022-11-01,2022,11,2,2,NULL,NULL,Stable,1,4,NULL,NULL,Stable,1,NULL,NULL,Stable,2.4,Employee At-Risk,1,1119
3073,Jayvon Simpson,2023-01-03,2023,1,2,2,NULL,NULL,Stable,1,3,NULL,NULL,Stable,5,NULL,NULL,Stable,2.9,Employee At-Risk,1,1056
3074,Bryant Singleton,2022-10-23,2022,10,1,1,NULL,NULL,Stable,1,3,NULL,NULL,Stable,2,NULL,NULL,Stable,1.8,Employee At-Risk,1,1128
3075,Adam Meza,2023-07-20,2023,7,5,5,NULL,NULL,Stable,0,3,NULL,NULL,Stable,1,NULL,NULL,Stable,3.6,Needs monitoring,0,858
3076,Omari Keller,2022-10-08,2022,10,2,2,NULL,NULL,Stable,1,1,NULL,NULL,Stable,5,NULL,NULL,Stable,2.3,Employee At-Risk,1,1143
3077,Asher Miles,2023-07-05,2023,7,2,2,NULL,NULL,Stable,1,1,NULL,NULL,Stable,2,NULL,NULL,Stable,1.7,Employee At-Risk,1,873
3078,Makaila Baxter,2023-01-28,2023,1,1,1,NULL,NULL,Stable,1,1,NULL,NULL,Stable,5,NULL,NULL,Stable,1.8,Employee At-Risk,1,1031
3079,Tommy Carter,2022-11-12,2022,11,3,3,NULL,NULL,Stable,0,5,NULL,NULL,Stable,3,NULL,NULL,Stable,3.6,Needs monitoring,0,1108
3080,Zavier Reese,2023-02-05,2023,2,3,3,NULL,NULL,Stable,0,3,NULL,NULL,Stable,5,NULL,NULL,Stable,3.4,Needs monitoring,0,1023
3081,Colt Kemp,2023-04-20,2023,4,3,3,NULL,NULL,Stable,0,3,NULL,NULL,Stable,1,NULL,NULL,Stable,2.6,Employee At-Risk,1,949
3082,Marco Robles,2023-07-30,2023,7,4,4,NULL,NULL,Stable,0,3,NULL,NULL,Stable,4,NULL,NULL,Stable,3.7,Needs monitoring,0,848
3083,Nick Palmer,2023-02-24,2023,2,4,4,NULL,NULL,Stable,0,4,NULL,NULL,Stable,3,NULL,NULL,Stable,3.8,Needs monitoring,0,1004
3084,Mekhi Hopkins,2022-12-06,2022,12,5,5,NULL,NULL,Stable,0,3,NULL,NULL,Stable,3,NULL,NULL,Stable,4,Employee is engaged,0,1084
3085,Eileen Oneal,2022-12-10,2022,12,4,4,NULL,NULL,Stable,0,3,NULL,NULL,Stable,5,NULL,NULL,Stable,3.9,Needs monitoring,0,1080
3086,Alani Cooley,2023-07-13,2023,7,4,4,NULL,NULL,Stable,0,2,NULL,NULL,Stable,2,NULL,NULL,Stable,3,Needs monitoring,0,865
3087,Corinne Campos,2022-08-23,2022,8,4,4,NULL,NULL,Stable,0,3,NULL,NULL,Stable,4,NULL,NULL,Stable,3.7,Needs monitoring,0,1189
3088,Heaven Nelson,2022-11-05,2022,11,5,5,NULL,NULL,Stable,0,3,NULL,NULL,Stable,5,NULL,NULL,Stable,4.4,Employee is engaged,0,1115
3089,Baylee Castaneda,2023-06-08,2023,6,5,5,NULL,NULL,Stable,0,3,NULL,NULL,Stable,5,NULL,NULL,Stable,4.4,Employee is engaged,0,900
3090,Morgan Roth,2023-01-15,2023,1,3,3,NULL,NULL,Stable,0,2,NULL,NULL,Stable,4,NULL,NULL,Stable,2.9,Employee At-Risk,1,1044
3091,Kali Hensley,2023-02-10,2023,2,2,2,NULL,NULL,Stable,1,2,NULL,NULL,Stable,4,NULL,NULL,Stable,2.4,Employee At-Risk,1,1018
3092,Beckett Sandoval,2023-04-15,2023,4,4,4,NULL,NULL,Stable,0,4,NULL,NULL,Stable,1,NULL,NULL,Stable,3.4,Needs monitoring,0,954
3093,Isabell Meadows,2022-12-31,2022,12,3,3,NULL,NULL,Stable,0,4,NULL,NULL,Stable,5,NULL,NULL,Stable,3.7,Needs monitoring,0,1059
3094,Jordin Alexander,2023-04-26,2023,4,2,2,NULL,NULL,Stable,1,3,NULL,NULL,Stable,1,NULL,NULL,Stable,2.1,Employee At-Risk,1,943
3095,Frederick Carney,2023-07-21,2023,7,5,5,NULL,NULL,Stable,0,2,NULL,NULL,Stable,3,NULL,NULL,Stable,3.7,Needs monitoring,0,857
3096,Baron Lindsey,2023-05-05,2023,5,1,1,NULL,NULL,Stable,1,3,NULL,NULL,Stable,2,NULL,NULL,Stable,1.8,Employee At-Risk,1,934
3097,Rigoberto Gentry,2022-09-08,2022,9,5,5,NULL,NULL,Stable,0,3,NULL,NULL,Stable,4,NULL,NULL,Stable,4.2,Employee is engaged,0,1173
3098,Rayne Chambers,2023-05-23,2023,5,3,3,NULL,NULL,Stable,0,5,NULL,NULL,Stable,4,NULL,NULL,Stable,3.8,Needs monitoring,0,916
3099,Laila Simmons,2022-09-07,2022,9,5,5,NULL,NULL,Stable,0,4,NULL,NULL,Stable,4,NULL,NULL,Stable,4.5,Employee is engaged,0,1174
3100,Carsen Schmidt,2023-04-25,2023,4,1,1,NULL,NULL,Stable,1,5,NULL,NULL,Stable,2,NULL,NULL,Stable,2.4,Employee At-Risk,1,944
3101,Bethany Mckay,2023-06-08,2023,6,5,5,NULL,NULL,Stable,0,4,NULL,NULL,Stable,1,NULL,NULL,Stable,3.9,Needs monitoring,0,900
3102,Eden Robles,2023-01-01,2023,1,1,1,NULL,NULL,Stable,1,2,NULL,NULL,Stable,3,NULL,NULL,Stable,1.7,Employee At-Risk,1,1058
3103,Abel Snow,2023-01-26,2023,1,2,2,NULL,NULL,Stable,1,5,NULL,NULL,Stable,2,NULL,NULL,Stable,2.9,Employee At-Risk,1,1033
3104,Ashton Winters,2022-10-11,2022,10,5,5,NULL,NULL,Stable,0,2,NULL,NULL,Stable,3,NULL,NULL,Stable,3.7,Needs monitoring,0,1140
3105,Josie Melton,2022-10-31,2022,10,2,2,NULL,NULL,Stable,1,1,NULL,NULL,Stable,2,NULL,NULL,Stable,1.7,Employee At-Risk,1,1120
3106,Bruno Jimenez,2023-04-29,2023,4,5,5,NULL,NULL,Stable,0,1,NULL,NULL,Stable,2,NULL,NULL,Stable,3.2,Needs monitoring,0,940
3107,Elijah Barr,2022-12-10,2022,12,2,2,NULL,NULL,Stable,1,1,NULL,NULL,Stable,4,NULL,NULL,Stable,2.1,Employee At-Risk,1,1080
3108,Oswaldo Hanson,2023-07-15,2023,7,1,1,NULL,NULL,Stable,1,4,NULL,NULL,Stable,1,NULL,NULL,Stable,1.9,Employee At-Risk,1,863
3109,Samara Roberson,2022-10-06,2022,10,1,1,NULL,NULL,Stable,1,2,NULL,NULL,Stable,1,NULL,NULL,Stable,1.3,Employee At-Risk,1,1145
3110,Luis Frazier,2022-12-30,2022,12,1,1,NULL,NULL,Stable,1,2,NULL,NULL,Stable,1,NULL,NULL,Stable,1.3,Employee At-Risk,1,1060
3111,Jaquan Hancock,2023-07-27,2023,7,2,2,NULL,NULL,Stable,1,5,NULL,NULL,Stable,2,NULL,NULL,Stable,2.9,Employee At-Risk,1,851
3112,Emanuel George,2023-02-20,2023,2,5,5,NULL,NULL,Stable,0,2,NULL,NULL,Stable,3,NULL,NULL,Stable,3.7,Needs monitoring,0,1008
3113,Giselle Calderon,2022-10-07,2022,10,5,5,NULL,NULL,Stable,0,2,NULL,NULL,Stable,5,NULL,NULL,Stable,4.1,Employee is engaged,0,1144
3114,Cullen French,2022-08-24,2022,8,2,2,NULL,NULL,Stable,1,2,NULL,NULL,Stable,2,NULL,NULL,Stable,2,Employee At-Risk,1,1188
3115,Braiden Kirby,2023-06-29,2023,6,1,1,NULL,NULL,Stable,1,3,NULL,NULL,Stable,5,NULL,NULL,Stable,2.4,Employee At-Risk,1,879
3116,Johnathan Harmon,2023-03-18,2023,3,2,2,NULL,NULL,Stable,1,1,NULL,NULL,Stable,4,NULL,NULL,Stable,2.1,Employee At-Risk,1,982
3117,Camren Bridges,2022-08-30,2022,8,2,2,NULL,NULL,Stable,1,3,NULL,NULL,Stable,1,NULL,NULL,Stable,2.1,Employee At-Risk,1,1182
3118,Jeramiah Chandler,2022-10-25,2022,10,3,3,NULL,NULL,Stable,0,2,NULL,NULL,Stable,3,NULL,NULL,Stable,2.7,Employee At-Risk,1,1126
3119,Dana Stevenson,2022-12-23,2022,12,4,4,NULL,NULL,Stable,0,5,NULL,NULL,Stable,2,NULL,NULL,Stable,3.9,Needs monitoring,0,1067
3120,Angelique Hogan,2023-04-10,2023,4,1,1,NULL,NULL,Stable,1,5,NULL,NULL,Stable,3,NULL,NULL,Stable,2.6,Employee At-Risk,1,959
3121,Moriah Dodson,2023-04-13,2023,4,4,4,NULL,NULL,Stable,0,1,NULL,NULL,Stable,3,NULL,NULL,Stable,2.9,Employee At-Risk,1,956
3122,Connor Bray,2023-04-03,2023,4,1,1,NULL,NULL,Stable,1,1,NULL,NULL,Stable,5,NULL,NULL,Stable,1.8,Employee At-Risk,1,966
3123,Zaiden Leblanc,2023-07-12,2023,7,5,5,NULL,NULL,Stable,0,2,NULL,NULL,Stable,2,NULL,NULL,Stable,3.5,Needs monitoring,0,866
3124,Taliyah Yang,2022-08-13,2022,8,2,2,NULL,NULL,Stable,1,4,NULL,NULL,Stable,2,NULL,NULL,Stable,2.6,Employee At-Risk,1,1199
3125,Boston Cochran,2023-07-08,2023,7,3,3,NULL,NULL,Stable,0,5,NULL,NULL,Stable,4,NULL,NULL,Stable,3.8,Needs monitoring,0,870
3126,Amelia Mueller,2022-08-19,2022,8,4,4,NULL,NULL,Stable,0,5,NULL,NULL,Stable,1,NULL,NULL,Stable,3.7,Needs monitoring,0,1193
3127,Lillianna Hull,2023-04-09,2023,4,4,4,NULL,NULL,Stable,0,5,NULL,NULL,Stable,5,NULL,NULL,Stable,4.5,Employee is engaged,0,960
3128,Laci Frederick,2023-04-25,2023,4,3,3,NULL,NULL,Stable,0,5,NULL,NULL,Stable,4,NULL,NULL,Stable,3.8,Needs monitoring,0,944
3129,Jayda Chapman,2023-03-31,2023,3,4,4,NULL,NULL,Stable,0,2,NULL,NULL,Stable,4,NULL,NULL,Stable,3.4,Needs monitoring,0,969
3130,Kennedy Beard,2022-12-28,2022,12,4,4,NULL,NULL,Stable,0,3,NULL,NULL,Stable,3,NULL,NULL,Stable,3.5,Needs monitoring,0,1062
3131,Alma Hanna,2022-08-07,2022,8,3,3,NULL,NULL,Stable,0,2,NULL,NULL,Stable,5,NULL,NULL,Stable,3.1,Needs monitoring,0,1205
3132,Ximena Suarez,2023-06-19,2023,6,2,2,NULL,NULL,Stable,1,2,NULL,NULL,Stable,1,NULL,NULL,Stable,1.8,Employee At-Risk,1,889
3133,Aydin Dixon,2022-09-21,2022,9,1,1,NULL,NULL,Stable,1,5,NULL,NULL,Stable,1,NULL,NULL,Stable,2.2,Employee At-Risk,1,1160
3134,Heidi Joyce,2022-11-20,2022,11,3,3,NULL,NULL,Stable,0,2,NULL,NULL,Stable,1,NULL,NULL,Stable,2.3,Employee At-Risk,1,1100
3135,Elle Spears,2022-10-24,2022,10,1,1,NULL,NULL,Stable,1,2,NULL,NULL,Stable,1,NULL,NULL,Stable,1.3,Employee At-Risk,1,1127
3136,Cesar Anderson,2023-06-21,2023,6,5,5,NULL,NULL,Stable,0,3,NULL,NULL,Stable,5,NULL,NULL,Stable,4.4,Employee is engaged,0,887
3137,Dean Mckenzie,2023-03-23,2023,3,1,1,NULL,NULL,Stable,1,2,NULL,NULL,Stable,4,NULL,NULL,Stable,1.9,Employee At-Risk,1,977
3138,Isabell Wu,2023-07-10,2023,7,5,5,NULL,NULL,Stable,0,3,NULL,NULL,Stable,1,NULL,NULL,Stable,3.6,Needs monitoring,0,868
3139,Kenny Blanchard,2022-11-29,2022,11,3,3,NULL,NULL,Stable,0,2,NULL,NULL,Stable,1,NULL,NULL,Stable,2.3,Employee At-Risk,1,1091
3140,Evie Beard,2023-05-07,2023,5,1,1,NULL,NULL,Stable,1,1,NULL,NULL,Stable,1,NULL,NULL,Stable,1,Employee At-Risk,1,932
3141,Aliya Morton,2023-02-16,2023,2,3,3,NULL,NULL,Stable,0,1,NULL,NULL,Stable,4,NULL,NULL,Stable,2.6,Employee At-Risk,1,1012
3142,Ingrid Wilkins,2022-08-10,2022,8,4,4,NULL,NULL,Stable,0,5,NULL,NULL,Stable,1,NULL,NULL,Stable,3.7,Needs monitoring,0,1202
3143,Morgan Elliott,2023-07-31,2023,7,1,1,NULL,NULL,Stable,1,4,NULL,NULL,Stable,1,NULL,NULL,Stable,1.9,Employee At-Risk,1,847
3144,Shannon Lambert,2022-12-18,2022,12,3,3,NULL,NULL,Stable,0,4,NULL,NULL,Stable,3,NULL,NULL,Stable,3.3,Needs monitoring,0,1072
3145,Prince Petty,2023-06-13,2023,6,1,1,NULL,NULL,Stable,1,2,NULL,NULL,Stable,1,NULL,NULL,Stable,1.3,Employee At-Risk,1,895
3146,Abril Joseph,2022-09-05,2022,9,5,5,NULL,NULL,Stable,0,1,NULL,NULL,Stable,1,NULL,NULL,Stable,3,Needs monitoring,0,1176
3147,Bobby Levy,2023-07-24,2023,7,2,2,NULL,NULL,Stable,1,2,NULL,NULL,Stable,5,NULL,NULL,Stable,2.6,Employee At-Risk,1,854
3148,Gustavo Durham,2023-06-24,2023,6,4,4,NULL,NULL,Stable,0,5,NULL,NULL,Stable,1,NULL,NULL,Stable,3.7,Needs monitoring,0,884
3149,Teagan Stevens,2023-03-31,2023,3,2,2,NULL,NULL,Stable,1,1,NULL,NULL,Stable,4,NULL,NULL,Stable,2.1,Employee At-Risk,1,969
3150,Neil Patton,2022-08-29,2022,8,3,3,NULL,NULL,Stable,0,2,NULL,NULL,Stable,2,NULL,NULL,Stable,2.5,Employee At-Risk,1,1183
3151,Khalil Guzman,2023-02-24,2023,2,3,3,NULL,NULL,Stable,0,3,NULL,NULL,Stable,1,NULL,NULL,Stable,2.6,Employee At-Risk,1,1004
3152,Alaina Mayo,2023-04-28,2023,4,1,1,NULL,NULL,Stable,1,3,NULL,NULL,Stable,1,NULL,NULL,Stable,1.6,Employee At-Risk,1,941
3153,Jagger Morgan,2022-11-04,2022,11,1,1,NULL,NULL,Stable,1,5,NULL,NULL,Stable,3,NULL,NULL,Stable,2.6,Employee At-Risk,1,1116
3154,Donavan Kennedy,2023-06-03,2023,6,1,1,NULL,NULL,Stable,1,3,NULL,NULL,Stable,5,NULL,NULL,Stable,2.4,Employee At-Risk,1,905
3155,Amy Frederick,2022-08-18,2022,8,2,2,NULL,NULL,Stable,1,5,NULL,NULL,Stable,4,NULL,NULL,Stable,3.3,Needs monitoring,0,1194
3156,Pierce Charles,2023-01-27,2023,1,4,4,NULL,NULL,Stable,0,2,NULL,NULL,Stable,2,NULL,NULL,Stable,3,Needs monitoring,0,1032
3157,Deegan Pham,2023-04-11,2023,4,4,4,NULL,NULL,Stable,0,1,NULL,NULL,Stable,3,NULL,NULL,Stable,2.9,Employee At-Risk,1,958
3158,Seth Oneill,2023-02-02,2023,2,1,1,NULL,NULL,Stable,1,1,NULL,NULL,Stable,3,NULL,NULL,Stable,1.4,Employee At-Risk,1,1026
3159,Mollie Woodward,2023-04-23,2023,4,1,1,NULL,NULL,Stable,1,1,NULL,NULL,Stable,2,NULL,NULL,Stable,1.2,Employee At-Risk,1,946
3160,Baylee Warner,2022-08-20,2022,8,5,5,NULL,NULL,Stable,0,5,NULL,NULL,Stable,3,NULL,NULL,Stable,4.6,Employee is engaged,0,1192
3161,Celeste Allison,2023-07-15,2023,7,1,1,NULL,NULL,Stable,1,5,NULL,NULL,Stable,4,NULL,NULL,Stable,2.8,Employee At-Risk,1,863
3162,Camryn Clark,2023-03-20,2023,3,4,4,NULL,NULL,Stable,0,4,NULL,NULL,Stable,2,NULL,NULL,Stable,3.6,Needs monitoring,0,980
3163,Geovanni Crawford,2023-03-19,2023,3,2,2,NULL,NULL,Stable,1,4,NULL,NULL,Stable,5,NULL,NULL,Stable,3.2,Needs monitoring,0,981
3164,Danielle Blanchard,2022-10-02,2022,10,4,4,NULL,NULL,Stable,0,2,NULL,NULL,Stable,3,NULL,NULL,Stable,3.2,Needs monitoring,0,1149
3165,Kasey Pineda,2023-06-17,2023,6,1,1,NULL,NULL,Stable,1,5,NULL,NULL,Stable,5,NULL,NULL,Stable,3,Needs monitoring,0,891
3166,Kenzie Friedman,2023-01-26,2023,1,2,2,NULL,NULL,Stable,1,4,NULL,NULL,Stable,1,NULL,NULL,Stable,2.4,Employee At-Risk,1,1033
3167,Destinee Mejia,2023-02-27,2023,2,5,5,NULL,NULL,Stable,0,2,NULL,NULL,Stable,1,NULL,NULL,Stable,3.3,Needs monitoring,0,1001
3168,Deshawn Henry,2023-08-05,2023,8,5,5,NULL,NULL,Stable,0,2,NULL,NULL,Stable,2,NULL,NULL,Stable,3.5,Needs monitoring,0,842
3169,Cristian Ritter,2023-04-27,2023,4,3,3,NULL,NULL,Stable,0,2,NULL,NULL,Stable,3,NULL,NULL,Stable,2.7,Employee At-Risk,1,942
3170,Demarcus Huffman,2022-11-28,2022,11,1,1,NULL,NULL,Stable,1,3,NULL,NULL,Stable,2,NULL,NULL,Stable,1.8,Employee At-Risk,1,1092
3171,Regina Lopez,2023-01-08,2023,1,4,4,NULL,NULL,Stable,0,1,NULL,NULL,Stable,5,NULL,NULL,Stable,3.3,Needs monitoring,0,1051
3172,Justice Clark,2022-09-02,2022,9,2,2,NULL,NULL,Stable,1,3,NULL,NULL,Stable,1,NULL,NULL,Stable,2.1,Employee At-Risk,1,1179
3173,Tucker Sweeney,2023-07-13,2023,7,5,5,NULL,NULL,Stable,0,4,NULL,NULL,Stable,3,NULL,NULL,Stable,4.3,Employee is engaged,0,865
3174,Roy Pratt,2023-01-02,2023,1,1,1,NULL,NULL,Stable,1,5,NULL,NULL,Stable,5,NULL,NULL,Stable,3,Needs monitoring,0,1057
3175,Raphael Whitney,2023-02-03,2023,2,5,5,NULL,NULL,Stable,0,4,NULL,NULL,Stable,1,NULL,NULL,Stable,3.9,Needs monitoring,0,1025
3176,Cade Palmer,2023-02-09,2023,2,5,5,NULL,NULL,Stable,0,3,NULL,NULL,Stable,5,NULL,NULL,Stable,4.4,Employee is engaged,0,1019
3177,Abel Potts,2023-04-20,2023,4,3,3,NULL,NULL,Stable,0,4,NULL,NULL,Stable,2,NULL,NULL,Stable,3.1,Needs monitoring,0,949
3178,Wayne Leon,2022-10-07,2022,10,5,5,NULL,NULL,Stable,0,2,NULL,NULL,Stable,1,NULL,NULL,Stable,3.3,Needs monitoring,0,1144
3179,Amya Armstrong,2023-05-27,2023,5,5,5,NULL,NULL,Stable,0,2,NULL,NULL,Stable,1,NULL,NULL,Stable,3.3,Needs monitoring,0,912
3180,Johnny Whitehead,2023-01-30,2023,1,2,2,NULL,NULL,Stable,1,1,NULL,NULL,Stable,1,NULL,NULL,Stable,1.5,Employee At-Risk,1,1029
3181,Antwan Clayton,2023-04-05,2023,4,5,5,NULL,NULL,Stable,0,4,NULL,NULL,Stable,1,NULL,NULL,Stable,3.9,Needs monitoring,0,964
3182,Dexter Preston,2022-08-15,2022,8,3,3,NULL,NULL,Stable,0,3,NULL,NULL,Stable,4,NULL,NULL,Stable,3.2,Needs monitoring,0,1197
3183,Uriah Guerrero,2023-05-06,2023,5,1,1,NULL,NULL,Stable,1,1,NULL,NULL,Stable,4,NULL,NULL,Stable,1.6,Employee At-Risk,1,933
3184,Dakota Oliver,2023-07-03,2023,7,3,3,NULL,NULL,Stable,0,1,NULL,NULL,Stable,4,NULL,NULL,Stable,2.6,Employee At-Risk,1,875
3185,Selena Yoder,2022-08-20,2022,8,5,5,NULL,NULL,Stable,0,4,NULL,NULL,Stable,5,NULL,NULL,Stable,4.7,Employee is engaged,0,1192
3186,Kaila Flowers,2023-06-12,2023,6,5,5,NULL,NULL,Stable,0,2,NULL,NULL,Stable,3,NULL,NULL,Stable,3.7,Needs monitoring,0,896
3187,Dashawn Ramirez,2023-01-02,2023,1,4,4,NULL,NULL,Stable,0,2,NULL,NULL,Stable,2,NULL,NULL,Stable,3,Needs monitoring,0,1057
3188,Meghan Ray,2023-07-23,2023,7,5,5,NULL,NULL,Stable,0,2,NULL,NULL,Stable,4,NULL,NULL,Stable,3.9,Needs monitoring,0,855
3189,Jasiah Palmer,2023-02-17,2023,2,4,4,NULL,NULL,Stable,0,3,NULL,NULL,Stable,4,NULL,NULL,Stable,3.7,Needs monitoring,0,1011
3190,Jaiden Hawkins,2022-10-15,2022,10,4,4,NULL,NULL,Stable,0,5,NULL,NULL,Stable,5,NULL,NULL,Stable,4.5,Employee is engaged,0,1136
3191,Monserrat Miranda,2023-02-24,2023,2,1,1,NULL,NULL,Stable,1,2,NULL,NULL,Stable,2,NULL,NULL,Stable,1.5,Employee At-Risk,1,1004
3192,Johnathon Lynch,2023-06-26,2023,6,5,5,NULL,NULL,Stable,0,4,NULL,NULL,Stable,1,NULL,NULL,Stable,3.9,Needs monitoring,0,882
3193,Dayanara Murray,2023-08-05,2023,8,1,1,NULL,NULL,Stable,1,1,NULL,NULL,Stable,5,NULL,NULL,Stable,1.8,Employee At-Risk,1,842
3194,Alessandro Sawyer,2022-12-26,2022,12,2,2,NULL,NULL,Stable,1,5,NULL,NULL,Stable,5,NULL,NULL,Stable,3.5,Needs monitoring,0,1064
3195,Kaylen Hogan,2023-03-23,2023,3,5,5,NULL,NULL,Stable,0,4,NULL,NULL,Stable,1,NULL,NULL,Stable,3.9,Needs monitoring,0,977
3196,Karley Michael,2022-10-31,2022,10,3,3,NULL,NULL,Stable,0,3,NULL,NULL,Stable,1,NULL,NULL,Stable,2.6,Employee At-Risk,1,1120
3197,Erik Parks,2022-09-20,2022,9,5,5,NULL,NULL,Stable,0,5,NULL,NULL,Stable,2,NULL,NULL,Stable,4.4,Employee is engaged,0,1161
3198,Violet Bennett,2023-01-04,2023,1,1,1,NULL,NULL,Stable,1,3,NULL,NULL,Stable,1,NULL,NULL,Stable,1.6,Employee At-Risk,1,1055
3199,Hannah Jacobi,2022-08-31,2022,8,1,1,NULL,NULL,Stable,1,4,NULL,NULL,Stable,4,NULL,NULL,Stable,2.5,Employee At-Risk,1,1181
3200,Peter Robertson,2023-05-28,2023,5,5,5,NULL,NULL,Stable,0,1,NULL,NULL,Stable,3,NULL,NULL,Stable,3.4,Needs monitoring,0,911
3201,Josephine Bugali,2022-12-27,2022,12,1,1,NULL,NULL,Stable,1,4,NULL,NULL,Stable,5,NULL,NULL,Stable,2.7,Employee At-Risk,1,1063
3202,Dallas Leach,2022-12-25,2022,12,2,2,NULL,NULL,Stable,1,5,NULL,NULL,Stable,1,NULL,NULL,Stable,2.7,Employee At-Risk,1,1065
3203,Marianne Eaton,2022-11-11,2022,11,4,4,NULL,NULL,Stable,0,4,NULL,NULL,Stable,2,NULL,NULL,Stable,3.6,Needs monitoring,0,1109
3204,Bruno Rossetti,2022-12-27,2022,12,4,4,NULL,NULL,Stable,0,1,NULL,NULL,Stable,1,NULL,NULL,Stable,2.5,Employee At-Risk,1,1063
3205,Roxana Goyal,2022-11-03,2022,11,3,3,NULL,NULL,Stable,0,1,NULL,NULL,Stable,3,NULL,NULL,Stable,2.4,Employee At-Risk,1,1117
3206,Thomas Barbara,2022-09-13,2022,9,2,2,NULL,NULL,Stable,1,4,NULL,NULL,Stable,4,NULL,NULL,Stable,3,Needs monitoring,0,1168
3207,Lynn O'hare,2023-01-13,2023,1,4,4,NULL,NULL,Stable,0,4,NULL,NULL,Stable,5,NULL,NULL,Stable,4.2,Employee is engaged,0,1046
3208,Abdellah Veera,2023-03-22,2023,3,5,5,NULL,NULL,Stable,0,1,NULL,NULL,Stable,3,NULL,NULL,Stable,3.4,Needs monitoring,0,978
3209,Daniel Davis,2023-01-13,2023,1,3,3,NULL,NULL,Stable,0,3,NULL,NULL,Stable,1,NULL,NULL,Stable,2.6,Employee At-Risk,1,1046
3210,Barbara M Stanford,2023-07-11,2023,7,3,3,NULL,NULL,Stable,0,5,NULL,NULL,Stable,1,NULL,NULL,Stable,3.2,Needs monitoring,0,867
3211,Phylicia Gosciminski,2022-10-09,2022,10,1,1,NULL,NULL,Stable,1,5,NULL,NULL,Stable,3,NULL,NULL,Stable,2.6,Employee At-Risk,1,1142
3212,Mohammed Latif,2023-03-09,2023,3,2,2,NULL,NULL,Stable,1,5,NULL,NULL,Stable,4,NULL,NULL,Stable,3.3,Needs monitoring,0,991
3213,Hamish Garneau,2023-01-08,2023,1,2,2,NULL,NULL,Stable,1,5,NULL,NULL,Stable,1,NULL,NULL,Stable,2.7,Employee At-Risk,1,1051
3214,Morissa Power,2023-04-14,2023,4,3,3,NULL,NULL,Stable,0,1,NULL,NULL,Stable,2,NULL,NULL,Stable,2.2,Employee At-Risk,1,955
3215,Jason Woodson,2022-11-12,2022,11,4,4,NULL,NULL,Stable,0,3,NULL,NULL,Stable,5,NULL,NULL,Stable,3.9,Needs monitoring,0,1108
3216,Janine Purinton,2023-03-29,2023,3,1,1,NULL,NULL,Stable,1,4,NULL,NULL,Stable,3,NULL,NULL,Stable,2.3,Employee At-Risk,1,971
3217,Sarah Akinkuolie,2022-11-01,2022,11,1,1,NULL,NULL,Stable,1,2,NULL,NULL,Stable,1,NULL,NULL,Stable,1.3,Employee At-Risk,1,1119
3218,Spencer Cole,2023-01-13,2023,1,2,2,NULL,NULL,Stable,1,2,NULL,NULL,Stable,5,NULL,NULL,Stable,2.6,Employee At-Risk,1,1046
3219,Luisa Monterro,2023-02-06,2023,2,3,3,NULL,NULL,Stable,0,3,NULL,NULL,Stable,4,NULL,NULL,Stable,3.2,Needs monitoring,0,1022
3220,Sandy Mckenna,2022-08-22,2022,8,5,5,NULL,NULL,Stable,0,4,NULL,NULL,Stable,3,NULL,NULL,Stable,4.3,Employee is engaged,0,1190
3221,Savanah Baker,2023-04-01,2023,4,1,1,NULL,NULL,Stable,1,3,NULL,NULL,Stable,5,NULL,NULL,Stable,2.4,Employee At-Risk,1,968
3222,Gloria Small,2022-10-18,2022,10,2,2,NULL,NULL,Stable,1,5,NULL,NULL,Stable,1,NULL,NULL,Stable,2.7,Employee At-Risk,1,1133
3223,Alisa Aguirre,2022-11-11,2022,11,4,4,NULL,NULL,Stable,0,4,NULL,NULL,Stable,2,NULL,NULL,Stable,3.6,Needs monitoring,0,1109
3224,Sterling Davila,2023-04-29,2023,4,2,2,NULL,NULL,Stable,1,4,NULL,NULL,Stable,5,NULL,NULL,Stable,3.2,Needs monitoring,0,940
3225,Saniya Bradley,2022-09-30,2022,9,3,3,NULL,NULL,Stable,0,1,NULL,NULL,Stable,1,NULL,NULL,Stable,2,Employee At-Risk,1,1151
3226,Drake Ashley,2022-10-06,2022,10,1,1,NULL,NULL,Stable,1,2,NULL,NULL,Stable,3,NULL,NULL,Stable,1.7,Employee At-Risk,1,1145
3227,Rosemary Manning,2022-11-21,2022,11,3,3,NULL,NULL,Stable,0,5,NULL,NULL,Stable,2,NULL,NULL,Stable,3.4,Needs monitoring,0,1099
3228,Adrianna Johnston,2022-11-13,2022,11,3,3,NULL,NULL,Stable,0,5,NULL,NULL,Stable,3,NULL,NULL,Stable,3.6,Needs monitoring,0,1107
3229,Ruby Bean,2022-09-29,2022,9,4,4,NULL,NULL,Stable,0,3,NULL,NULL,Stable,4,NULL,NULL,Stable,3.7,Needs monitoring,0,1152
3230,Annalise Avila,2023-04-08,2023,4,4,4,NULL,NULL,Stable,0,3,NULL,NULL,Stable,1,NULL,NULL,Stable,3.1,Needs monitoring,0,961
3231,Carley Irwin,2022-12-11,2022,12,5,5,NULL,NULL,Stable,0,3,NULL,NULL,Stable,3,NULL,NULL,Stable,4,Employee is engaged,0,1079
3232,Makenzie Mercer,2023-07-01,2023,7,5,5,NULL,NULL,Stable,0,2,NULL,NULL,Stable,3,NULL,NULL,Stable,3.7,Needs monitoring,0,877
3233,Julia Vargas,2022-12-31,2022,12,5,5,NULL,NULL,Stable,0,3,NULL,NULL,Stable,1,NULL,NULL,Stable,3.6,Needs monitoring,0,1059
3234,Parker Harrison,2023-04-09,2023,4,1,1,NULL,NULL,Stable,1,3,NULL,NULL,Stable,4,NULL,NULL,Stable,2.2,Employee At-Risk,1,960
3235,Emmett York,2022-10-22,2022,10,3,3,NULL,NULL,Stable,0,4,NULL,NULL,Stable,1,NULL,NULL,Stable,2.9,Employee At-Risk,1,1129
3236,Landin Walton,2023-04-28,2023,4,2,2,NULL,NULL,Stable,1,4,NULL,NULL,Stable,1,NULL,NULL,Stable,2.4,Employee At-Risk,1,941
3237,Landon Mayo,2023-02-10,2023,2,5,5,NULL,NULL,Stable,0,1,NULL,NULL,Stable,2,NULL,NULL,Stable,3.2,Needs monitoring,0,1018
3238,Abby Estes,2023-04-05,2023,4,5,5,NULL,NULL,Stable,0,3,NULL,NULL,Stable,5,NULL,NULL,Stable,4.4,Employee is engaged,0,964
3239,Rachael Pena,2023-06-13,2023,6,5,5,NULL,NULL,Stable,0,2,NULL,NULL,Stable,5,NULL,NULL,Stable,4.1,Employee is engaged,0,895
3240,Kyan Fritz,2022-08-22,2022,8,2,2,NULL,NULL,Stable,1,5,NULL,NULL,Stable,4,NULL,NULL,Stable,3.3,Needs monitoring,0,1190
3241,Lana Vega,2023-06-03,2023,6,1,1,NULL,NULL,Stable,1,5,NULL,NULL,Stable,3,NULL,NULL,Stable,2.6,Employee At-Risk,1,905
3242,Alma Fischer,2023-06-09,2023,6,3,3,NULL,NULL,Stable,0,3,NULL,NULL,Stable,1,NULL,NULL,Stable,2.6,Employee At-Risk,1,899
3243,Harley Peterson,2022-11-25,2022,11,2,2,NULL,NULL,Stable,1,3,NULL,NULL,Stable,1,NULL,NULL,Stable,2.1,Employee At-Risk,1,1095
3244,Kade Stokes,2023-03-25,2023,3,2,2,NULL,NULL,Stable,1,1,NULL,NULL,Stable,1,NULL,NULL,Stable,1.5,Employee At-Risk,1,975
3245,Leonel Tanner,2022-11-18,2022,11,3,3,NULL,NULL,Stable,0,5,NULL,NULL,Stable,2,NULL,NULL,Stable,3.4,Needs monitoring,0,1102
3246,Natalia Burns,2023-05-03,2023,5,1,1,NULL,NULL,Stable,1,1,NULL,NULL,Stable,4,NULL,NULL,Stable,1.6,Employee At-Risk,1,936
3247,Hailee Raymond,2023-06-26,2023,6,2,2,NULL,NULL,Stable,1,5,NULL,NULL,Stable,4,NULL,NULL,Stable,3.3,Needs monitoring,0,882
3248,Micah Douglas,2022-11-04,2022,11,4,4,NULL,NULL,Stable,0,3,NULL,NULL,Stable,3,NULL,NULL,Stable,3.5,Needs monitoring,0,1116
3249,Kaley Pollard,2023-02-03,2023,2,3,3,NULL,NULL,Stable,0,2,NULL,NULL,Stable,5,NULL,NULL,Stable,3.1,Needs monitoring,0,1025
3250,Seth Fletcher,2022-11-15,2022,11,1,1,NULL,NULL,Stable,1,1,NULL,NULL,Stable,3,NULL,NULL,Stable,1.4,Employee At-Risk,1,1105
3251,Elliana Thomas,2023-04-09,2023,4,5,5,NULL,NULL,Stable,0,1,NULL,NULL,Stable,2,NULL,NULL,Stable,3.2,Needs monitoring,0,960
3252,Edward Chung,2023-08-05,2023,8,1,1,NULL,NULL,Stable,1,3,NULL,NULL,Stable,1,NULL,NULL,Stable,1.6,Employee At-Risk,1,842
3253,Tessa Estes,2023-03-28,2023,3,1,1,NULL,NULL,Stable,1,3,NULL,NULL,Stable,1,NULL,NULL,Stable,1.6,Employee At-Risk,1,972
3254,Charlie Carson,2022-10-30,2022,10,2,2,NULL,NULL,Stable,1,4,NULL,NULL,Stable,1,NULL,NULL,Stable,2.4,Employee At-Risk,1,1121
3255,Lawson Zuniga,2023-02-17,2023,2,1,1,NULL,NULL,Stable,1,4,NULL,NULL,Stable,1,NULL,NULL,Stable,1.9,Employee At-Risk,1,1011
3256,Coleman Huffman,2023-07-04,2023,7,4,4,NULL,NULL,Stable,0,1,NULL,NULL,Stable,4,NULL,NULL,Stable,3.1,Needs monitoring,0,874
3257,Sanaa Reilly,2022-10-09,2022,10,1,1,NULL,NULL,Stable,1,3,NULL,NULL,Stable,5,NULL,NULL,Stable,2.4,Employee At-Risk,1,1142
3258,Slade Randolph,2022-10-16,2022,10,4,4,NULL,NULL,Stable,0,4,NULL,NULL,Stable,3,NULL,NULL,Stable,3.8,Needs monitoring,0,1135
3259,Dania Hale,2022-11-07,2022,11,5,5,NULL,NULL,Stable,0,2,NULL,NULL,Stable,1,NULL,NULL,Stable,3.3,Needs monitoring,0,1113
3260,Roland Orozco,2022-10-27,2022,10,5,5,NULL,NULL,Stable,0,2,NULL,NULL,Stable,1,NULL,NULL,Stable,3.3,Needs monitoring,0,1124
3261,Kaylen Fisher,2023-06-07,2023,6,2,2,NULL,NULL,Stable,1,2,NULL,NULL,Stable,1,NULL,NULL,Stable,1.8,Employee At-Risk,1,901
3262,Kasey Preston,2022-10-06,2022,10,4,4,NULL,NULL,Stable,0,3,NULL,NULL,Stable,3,NULL,NULL,Stable,3.5,Needs monitoring,0,1145
3263,Cruz Davila,2023-06-18,2023,6,1,1,NULL,NULL,Stable,1,3,NULL,NULL,Stable,2,NULL,NULL,Stable,1.8,Employee At-Risk,1,890
3264,Alani Phillips,2023-07-19,2023,7,1,1,NULL,NULL,Stable,1,4,NULL,NULL,Stable,3,NULL,NULL,Stable,2.3,Employee At-Risk,1,859
3265,Giovanni Klein,2022-09-10,2022,9,4,4,NULL,NULL,Stable,0,3,NULL,NULL,Stable,2,NULL,NULL,Stable,3.3,Needs monitoring,0,1171
3266,Max Mahoney,2023-01-17,2023,1,1,1,NULL,NULL,Stable,1,2,NULL,NULL,Stable,3,NULL,NULL,Stable,1.7,Employee At-Risk,1,1042
3267,Perla Terry,2023-06-14,2023,6,1,1,NULL,NULL,Stable,1,5,NULL,NULL,Stable,2,NULL,NULL,Stable,2.4,Employee At-Risk,1,894
3268,Makai Ochoa,2023-06-30,2023,6,1,1,NULL,NULL,Stable,1,5,NULL,NULL,Stable,4,NULL,NULL,Stable,2.8,Employee At-Risk,1,878
3269,Caiden Hogan,2022-11-30,2022,11,1,1,NULL,NULL,Stable,1,5,NULL,NULL,Stable,2,NULL,NULL,Stable,2.4,Employee At-Risk,1,1090
3270,Brandon Dickerson,2022-09-26,2022,9,5,5,NULL,NULL,Stable,0,5,NULL,NULL,Stable,4,NULL,NULL,Stable,4.8,Employee is engaged,0,1155
3271,Taryn Snow,2023-03-12,2023,3,1,1,NULL,NULL,Stable,1,5,NULL,NULL,Stable,1,NULL,NULL,Stable,2.2,Employee At-Risk,1,988
3272,Monserrat Cooke,2023-03-02,2023,3,5,5,NULL,NULL,Stable,0,5,NULL,NULL,Stable,2,NULL,NULL,Stable,4.4,Employee is engaged,0,998
3273,Zaria Mcintosh,2023-05-05,2023,5,4,4,NULL,NULL,Stable,0,5,NULL,NULL,Stable,4,NULL,NULL,Stable,4.3,Employee is engaged,0,934
3274,Arely May,2023-06-25,2023,6,3,3,NULL,NULL,Stable,0,5,NULL,NULL,Stable,4,NULL,NULL,Stable,3.8,Needs monitoring,0,883
3275,Gina Kent,2023-06-25,2023,6,1,1,NULL,NULL,Stable,1,2,NULL,NULL,Stable,3,NULL,NULL,Stable,1.7,Employee At-Risk,1,883
3276,Catherine Anthony,2023-03-20,2023,3,2,2,NULL,NULL,Stable,1,2,NULL,NULL,Stable,4,NULL,NULL,Stable,2.4,Employee At-Risk,1,980
3277,Wade Beltran,2023-01-07,2023,1,3,3,NULL,NULL,Stable,0,2,NULL,NULL,Stable,3,NULL,NULL,Stable,2.7,Employee At-Risk,1,1052
3278,Mina Bryant,2022-10-14,2022,10,1,1,NULL,NULL,Stable,1,4,NULL,NULL,Stable,4,NULL,NULL,Stable,2.5,Employee At-Risk,1,1137
3279,Jonas Everett,2023-04-01,2023,4,5,5,NULL,NULL,Stable,0,2,NULL,NULL,Stable,1,NULL,NULL,Stable,3.3,Needs monitoring,0,968
3280,Makaila Pham,2023-08-03,2023,8,4,4,NULL,NULL,Stable,0,5,NULL,NULL,Stable,4,NULL,NULL,Stable,4.3,Employee is engaged,0,844
3281,Gloria Rose,2023-02-27,2023,2,4,4,NULL,NULL,Stable,0,4,NULL,NULL,Stable,4,NULL,NULL,Stable,4,Employee is engaged,0,1001
3282,Rebekah Carpenter,2023-04-30,2023,4,5,5,NULL,NULL,Stable,0,1,NULL,NULL,Stable,1,NULL,NULL,Stable,3,Needs monitoring,0,939
3283,Iris Reynolds,2022-10-19,2022,10,1,1,NULL,NULL,Stable,1,3,NULL,NULL,Stable,3,NULL,NULL,Stable,2,Employee At-Risk,1,1132
3284,Kennedi Howell,2022-12-09,2022,12,2,2,NULL,NULL,Stable,1,4,NULL,NULL,Stable,1,NULL,NULL,Stable,2.4,Employee At-Risk,1,1081
3285,Rashad Sutton,2023-05-29,2023,5,3,3,NULL,NULL,Stable,0,3,NULL,NULL,Stable,3,NULL,NULL,Stable,3,Needs monitoring,0,910
3286,Regan Conrad,2023-04-25,2023,4,3,3,NULL,NULL,Stable,0,1,NULL,NULL,Stable,4,NULL,NULL,Stable,2.6,Employee At-Risk,1,944
3287,Litzy Arias,2023-03-31,2023,3,5,5,NULL,NULL,Stable,0,1,NULL,NULL,Stable,2,NULL,NULL,Stable,3.2,Needs monitoring,0,969
3288,Eden Silva,2023-03-31,2023,3,1,1,NULL,NULL,Stable,1,5,NULL,NULL,Stable,2,NULL,NULL,Stable,2.4,Employee At-Risk,1,969
3289,Kinley Serrano,2023-06-13,2023,6,3,3,NULL,NULL,Stable,0,5,NULL,NULL,Stable,1,NULL,NULL,Stable,3.2,Needs monitoring,0,895
3290,Jaiden Middleton,2023-07-14,2023,7,1,1,NULL,NULL,Stable,1,1,NULL,NULL,Stable,2,NULL,NULL,Stable,1.2,Employee At-Risk,1,864
3291,Shamar Serrano,2023-06-28,2023,6,1,1,NULL,NULL,Stable,1,1,NULL,NULL,Stable,3,NULL,NULL,Stable,1.4,Employee At-Risk,1,880
3292,Nadia Romero,2022-08-14,2022,8,5,5,NULL,NULL,Stable,0,4,NULL,NULL,Stable,3,NULL,NULL,Stable,4.3,Employee is engaged,0,1198
3293,Lillianna Hill,2023-06-29,2023,6,5,5,NULL,NULL,Stable,0,3,NULL,NULL,Stable,4,NULL,NULL,Stable,4.2,Employee is engaged,0,879
3294,Brent Henry,2023-01-28,2023,1,3,3,NULL,NULL,Stable,0,2,NULL,NULL,Stable,2,NULL,NULL,Stable,2.5,Employee At-Risk,1,1031
3295,Emmanuel Perkins,2022-08-11,2022,8,1,1,NULL,NULL,Stable,1,2,NULL,NULL,Stable,1,NULL,NULL,Stable,1.3,Employee At-Risk,1,1201
3296,Isis Brooks,2022-10-13,2022,10,1,1,NULL,NULL,Stable,1,4,NULL,NULL,Stable,5,NULL,NULL,Stable,2.7,Employee At-Risk,1,1138
3297,Axel Dunlap,2022-10-22,2022,10,2,2,NULL,NULL,Stable,1,3,NULL,NULL,Stable,3,NULL,NULL,Stable,2.5,Employee At-Risk,1,1129
3298,Tatum Petty,2022-12-12,2022,12,3,3,NULL,NULL,Stable,0,4,NULL,NULL,Stable,4,NULL,NULL,Stable,3.5,Needs monitoring,0,1078
3299,Devyn Pace,2023-01-31,2023,1,4,4,NULL,NULL,Stable,0,1,NULL,NULL,Stable,2,NULL,NULL,Stable,2.7,Employee At-Risk,1,1028
3300,Rosemary Becker,2023-02-09,2023,2,1,1,NULL,NULL,Stable,1,1,NULL,NULL,Stable,3,NULL,NULL,Stable,1.4,Employee At-Risk,1,1019
3301,Amiah Sweeney,2022-11-10,2022,11,2,2,NULL,NULL,Stable,1,2,NULL,NULL,Stable,2,NULL,NULL,Stable,2,Employee At-Risk,1,1110
3302,Maya Mccoy,2022-09-24,2022,9,5,5,NULL,NULL,Stable,0,1,NULL,NULL,Stable,2,NULL,NULL,Stable,3.2,Needs monitoring,0,1157
3303,Ty Page,2023-03-08,2023,3,1,1,NULL,NULL,Stable,1,2,NULL,NULL,Stable,1,NULL,NULL,Stable,1.3,Employee At-Risk,1,992
3304,Destiney Kirby,2023-06-15,2023,6,2,2,NULL,NULL,Stable,1,4,NULL,NULL,Stable,2,NULL,NULL,Stable,2.6,Employee At-Risk,1,893
3305,Jace Galloway,2022-08-08,2022,8,5,5,NULL,NULL,Stable,0,4,NULL,NULL,Stable,5,NULL,NULL,Stable,4.7,Employee is engaged,0,1204
3306,Justice Guerra,2022-12-17,2022,12,3,3,NULL,NULL,Stable,0,5,NULL,NULL,Stable,1,NULL,NULL,Stable,3.2,Needs monitoring,0,1073
3307,Quincy Cardenas,2022-10-23,2022,10,2,2,NULL,NULL,Stable,1,4,NULL,NULL,Stable,1,NULL,NULL,Stable,2.4,Employee At-Risk,1,1128
3308,Alyvia Mitchell,2023-01-05,2023,1,1,1,NULL,NULL,Stable,1,3,NULL,NULL,Stable,2,NULL,NULL,Stable,1.8,Employee At-Risk,1,1054
3309,Lillie Potter,2023-05-31,2023,5,2,2,NULL,NULL,Stable,1,3,NULL,NULL,Stable,5,NULL,NULL,Stable,2.9,Employee At-Risk,1,908
3310,George Fritz,2022-11-04,2022,11,4,4,NULL,NULL,Stable,0,5,NULL,NULL,Stable,5,NULL,NULL,Stable,4.5,Employee is engaged,0,1116
3311,William Avila,2023-07-31,2023,7,5,5,NULL,NULL,Stable,0,2,NULL,NULL,Stable,1,NULL,NULL,Stable,3.3,Needs monitoring,0,847
3312,Saniya Mosley,2023-06-14,2023,6,3,3,NULL,NULL,Stable,0,1,NULL,NULL,Stable,4,NULL,NULL,Stable,2.6,Employee At-Risk,1,894
3313,Aimee Davila,2023-05-31,2023,5,1,1,NULL,NULL,Stable,1,2,NULL,NULL,Stable,2,NULL,NULL,Stable,1.5,Employee At-Risk,1,908
3314,German Hobbs,2023-01-30,2023,1,1,1,NULL,NULL,Stable,1,4,NULL,NULL,Stable,1,NULL,NULL,Stable,1.9,Employee At-Risk,1,1029
3315,Amy Pace,2023-06-20,2023,6,5,5,NULL,NULL,Stable,0,3,NULL,NULL,Stable,4,NULL,NULL,Stable,4.2,Employee is engaged,0,888
3316,Bronson Houston,2022-08-10,2022,8,2,2,NULL,NULL,Stable,1,1,NULL,NULL,Stable,2,NULL,NULL,Stable,1.7,Employee At-Risk,1,1202
3317,Shyann Hurst,2023-03-11,2023,3,1,1,NULL,NULL,Stable,1,5,NULL,NULL,Stable,5,NULL,NULL,Stable,3,Needs monitoring,0,989
3318,Maddison Dixon,2022-11-17,2022,11,4,4,NULL,NULL,Stable,0,3,NULL,NULL,Stable,3,NULL,NULL,Stable,3.5,Needs monitoring,0,1103
3319,Madelynn Murillo,2022-08-05,2022,8,5,5,NULL,NULL,Stable,0,3,NULL,NULL,Stable,4,NULL,NULL,Stable,4.2,Employee is engaged,0,1207
3320,Zachery Moreno,2023-01-10,2023,1,1,1,NULL,NULL,Stable,1,4,NULL,NULL,Stable,4,NULL,NULL,Stable,2.5,Employee At-Risk,1,1049
3321,Tatum Terrell,2023-01-05,2023,1,4,4,NULL,NULL,Stable,0,1,NULL,NULL,Stable,3,NULL,NULL,Stable,2.9,Employee At-Risk,1,1054
3322,Roland Berg,2022-11-27,2022,11,2,2,NULL,NULL,Stable,1,5,NULL,NULL,Stable,4,NULL,NULL,Stable,3.3,Needs monitoring,0,1093
3323,Lilliana Cowan,2022-11-09,2022,11,5,5,NULL,NULL,Stable,0,3,NULL,NULL,Stable,5,NULL,NULL,Stable,4.4,Employee is engaged,0,1111
3324,Beatrice Vance,2022-09-06,2022,9,3,3,NULL,NULL,Stable,0,2,NULL,NULL,Stable,5,NULL,NULL,Stable,3.1,Needs monitoring,0,1175
3325,Andrea Khan,2023-03-20,2023,3,4,4,NULL,NULL,Stable,0,5,NULL,NULL,Stable,5,NULL,NULL,Stable,4.5,Employee is engaged,0,980
3326,Keagan Vaughan,2023-06-24,2023,6,4,4,NULL,NULL,Stable,0,1,NULL,NULL,Stable,3,NULL,NULL,Stable,2.9,Employee At-Risk,1,884
3327,Selah Ibarra,2022-12-13,2022,12,5,5,NULL,NULL,Stable,0,1,NULL,NULL,Stable,1,NULL,NULL,Stable,3,Needs monitoring,0,1077
3328,Braylen Cruz,2023-05-19,2023,5,2,2,NULL,NULL,Stable,1,5,NULL,NULL,Stable,4,NULL,NULL,Stable,3.3,Needs monitoring,0,920
3329,Gabriel Smith,2022-12-03,2022,12,4,4,NULL,NULL,Stable,0,4,NULL,NULL,Stable,3,NULL,NULL,Stable,3.8,Needs monitoring,0,1087
3330,Esther Willis,2023-04-26,2023,4,1,1,NULL,NULL,Stable,1,3,NULL,NULL,Stable,3,NULL,NULL,Stable,2,Employee At-Risk,1,943
3331,Sydney Chang,2022-08-26,2022,8,1,1,NULL,NULL,Stable,1,5,NULL,NULL,Stable,5,NULL,NULL,Stable,3,Needs monitoring,0,1186
3332,Will Morse,2023-03-29,2023,3,2,2,NULL,NULL,Stable,1,4,NULL,NULL,Stable,5,NULL,NULL,Stable,3.2,Needs monitoring,0,971
3333,Yael Sexton,2022-12-23,2022,12,2,2,NULL,NULL,Stable,1,3,NULL,NULL,Stable,1,NULL,NULL,Stable,2.1,Employee At-Risk,1,1067
3334,Brendon Ryan,2022-08-18,2022,8,1,1,NULL,NULL,Stable,1,4,NULL,NULL,Stable,2,NULL,NULL,Stable,2.1,Employee At-Risk,1,1194
3335,Abbigail Solis,2022-12-01,2022,12,5,5,NULL,NULL,Stable,0,1,NULL,NULL,Stable,3,NULL,NULL,Stable,3.4,Needs monitoring,0,1089
3336,Sincere Preston,2023-01-25,2023,1,4,4,NULL,NULL,Stable,0,4,NULL,NULL,Stable,2,NULL,NULL,Stable,3.6,Needs monitoring,0,1034
3337,Jorge Pineda,2023-02-21,2023,2,5,5,NULL,NULL,Stable,0,5,NULL,NULL,Stable,2,NULL,NULL,Stable,4.4,Employee is engaged,0,1007
3338,Aspen Underwood,2023-03-28,2023,3,3,3,NULL,NULL,Stable,0,2,NULL,NULL,Stable,4,NULL,NULL,Stable,2.9,Employee At-Risk,1,972
3339,Alyson Hickman,2023-08-01,2023,8,1,1,NULL,NULL,Stable,1,1,NULL,NULL,Stable,3,NULL,NULL,Stable,1.4,Employee At-Risk,1,846
3340,Mina Hancock,2022-12-14,2022,12,5,5,NULL,NULL,Stable,0,2,NULL,NULL,Stable,3,NULL,NULL,Stable,3.7,Needs monitoring,0,1076
3341,Konner Sheppard,2023-03-20,2023,3,3,3,NULL,NULL,Stable,0,5,NULL,NULL,Stable,3,NULL,NULL,Stable,3.6,Needs monitoring,0,980
3342,London Nunez,2022-12-12,2022,12,3,3,NULL,NULL,Stable,0,4,NULL,NULL,Stable,1,NULL,NULL,Stable,2.9,Employee At-Risk,1,1078
3343,Seth Huff,2023-07-21,2023,7,4,4,NULL,NULL,Stable,0,2,NULL,NULL,Stable,5,NULL,NULL,Stable,3.6,Needs monitoring,0,857
3344,Justine Villanueva,2023-07-13,2023,7,5,5,NULL,NULL,Stable,0,4,NULL,NULL,Stable,1,NULL,NULL,Stable,3.9,Needs monitoring,0,865
3345,Moshe Anderson,2023-02-22,2023,2,1,1,NULL,NULL,Stable,1,1,NULL,NULL,Stable,3,NULL,NULL,Stable,1.4,Employee At-Risk,1,1006
3346,Kadyn Bush,2023-05-25,2023,5,5,5,NULL,NULL,Stable,0,3,NULL,NULL,Stable,2,NULL,NULL,Stable,3.8,Needs monitoring,0,914
3347,Ahmed Lindsey,2023-05-06,2023,5,4,4,NULL,NULL,Stable,0,2,NULL,NULL,Stable,1,NULL,NULL,Stable,2.8,Employee At-Risk,1,933
3348,Ryder Bray,2022-09-18,2022,9,5,5,NULL,NULL,Stable,0,2,NULL,NULL,Stable,1,NULL,NULL,Stable,3.3,Needs monitoring,0,1163
3349,Taylor Bonilla,2022-12-01,2022,12,1,1,NULL,NULL,Stable,1,4,NULL,NULL,Stable,3,NULL,NULL,Stable,2.3,Employee At-Risk,1,1089
3350,Jalen Richmond,2022-10-30,2022,10,2,2,NULL,NULL,Stable,1,1,NULL,NULL,Stable,1,NULL,NULL,Stable,1.5,Employee At-Risk,1,1121
3351,Kayden Hill,2023-02-14,2023,2,4,4,NULL,NULL,Stable,0,2,NULL,NULL,Stable,3,NULL,NULL,Stable,3.2,Needs monitoring,0,1014
3352,Aubree Mooney,2023-01-22,2023,1,2,2,NULL,NULL,Stable,1,5,NULL,NULL,Stable,2,NULL,NULL,Stable,2.9,Employee At-Risk,1,1037
3353,Haven Donaldson,2023-01-11,2023,1,2,2,NULL,NULL,Stable,1,3,NULL,NULL,Stable,2,NULL,NULL,Stable,2.3,Employee At-Risk,1,1048
3354,Neil Dunn,2022-09-02,2022,9,1,1,NULL,NULL,Stable,1,4,NULL,NULL,Stable,1,NULL,NULL,Stable,1.9,Employee At-Risk,1,1179
3355,Darryl Ponce,2023-07-08,2023,7,1,1,NULL,NULL,Stable,1,3,NULL,NULL,Stable,3,NULL,NULL,Stable,2,Employee At-Risk,1,870
3356,Cade Heath,2022-08-10,2022,8,2,2,NULL,NULL,Stable,1,5,NULL,NULL,Stable,1,NULL,NULL,Stable,2.7,Employee At-Risk,1,1202
3357,Sidney Hooper,2022-12-07,2022,12,3,3,NULL,NULL,Stable,0,3,NULL,NULL,Stable,1,NULL,NULL,Stable,2.6,Employee At-Risk,1,1083
3358,Johnathan Mayo,2022-09-27,2022,9,1,1,NULL,NULL,Stable,1,1,NULL,NULL,Stable,2,NULL,NULL,Stable,1.2,Employee At-Risk,1,1154
3359,Anika Arroyo,2023-04-29,2023,4,3,3,NULL,NULL,Stable,0,1,NULL,NULL,Stable,3,NULL,NULL,Stable,2.4,Employee At-Risk,1,940
3360,Fatima Kemp,2023-06-25,2023,6,4,4,NULL,NULL,Stable,0,4,NULL,NULL,Stable,1,NULL,NULL,Stable,3.4,Needs monitoring,0,883
3361,Lilianna Conway,2023-03-23,2023,3,1,1,NULL,NULL,Stable,1,3,NULL,NULL,Stable,3,NULL,NULL,Stable,2,Employee At-Risk,1,977
3362,Tony Cooke,2023-03-19,2023,3,1,1,NULL,NULL,Stable,1,5,NULL,NULL,Stable,1,NULL,NULL,Stable,2.2,Employee At-Risk,1,981
3363,Trevor Barry,2023-06-22,2023,6,4,4,NULL,NULL,Stable,0,4,NULL,NULL,Stable,2,NULL,NULL,Stable,3.6,Needs monitoring,0,886
3364,Marisa Frank,2023-03-18,2023,3,1,1,NULL,NULL,Stable,1,5,NULL,NULL,Stable,2,NULL,NULL,Stable,2.4,Employee At-Risk,1,982
3365,Shania Flores,2023-07-25,2023,7,1,1,NULL,NULL,Stable,1,1,NULL,NULL,Stable,4,NULL,NULL,Stable,1.6,Employee At-Risk,1,853
3366,Andre Allison,2022-08-21,2022,8,4,4,NULL,NULL,Stable,0,5,NULL,NULL,Stable,5,NULL,NULL,Stable,4.5,Employee is engaged,0,1191
3367,Destiny Bright,2022-09-11,2022,9,4,4,NULL,NULL,Stable,0,1,NULL,NULL,Stable,5,NULL,NULL,Stable,3.3,Needs monitoring,0,1170
3368,Karli Parks,2023-06-15,2023,6,5,5,NULL,NULL,Stable,0,1,NULL,NULL,Stable,4,NULL,NULL,Stable,3.6,Needs monitoring,0,893
3369,Mylie Callahan,2023-06-16,2023,6,2,2,NULL,NULL,Stable,1,5,NULL,NULL,Stable,4,NULL,NULL,Stable,3.3,Needs monitoring,0,892
3370,Jadiel Dickson,2023-07-30,2023,7,3,3,NULL,NULL,Stable,0,5,NULL,NULL,Stable,3,NULL,NULL,Stable,3.6,Needs monitoring,0,848
3371,Aliya Moss,2022-08-08,2022,8,4,4,NULL,NULL,Stable,0,2,NULL,NULL,Stable,5,NULL,NULL,Stable,3.6,Needs monitoring,0,1204
3372,Kylie Roman,2023-07-13,2023,7,1,1,NULL,NULL,Stable,1,3,NULL,NULL,Stable,1,NULL,NULL,Stable,1.6,Employee At-Risk,1,865
3373,Karter Thornton,2023-08-03,2023,8,2,2,NULL,NULL,Stable,1,4,NULL,NULL,Stable,4,NULL,NULL,Stable,3,Needs monitoring,0,844
3374,Ronald Bullock,2023-03-17,2023,3,1,1,NULL,NULL,Stable,1,3,NULL,NULL,Stable,3,NULL,NULL,Stable,2,Employee At-Risk,1,983
3375,Sharon Beltran,2023-01-24,2023,1,2,2,NULL,NULL,Stable,1,4,NULL,NULL,Stable,3,NULL,NULL,Stable,2.8,Employee At-Risk,1,1035
3376,Maren Anderson,2022-08-19,2022,8,4,4,NULL,NULL,Stable,0,1,NULL,NULL,Stable,2,NULL,NULL,Stable,2.7,Employee At-Risk,1,1193
3377,Cruz Ashley,2022-12-19,2022,12,3,3,NULL,NULL,Stable,0,5,NULL,NULL,Stable,3,NULL,NULL,Stable,3.6,Needs monitoring,0,1071
3378,Enzo Carney,2023-04-12,2023,4,5,5,NULL,NULL,Stable,0,1,NULL,NULL,Stable,4,NULL,NULL,Stable,3.6,Needs monitoring,0,957
3379,Marquis Joseph,2022-12-31,2022,12,2,2,NULL,NULL,Stable,1,1,NULL,NULL,Stable,4,NULL,NULL,Stable,2.1,Employee At-Risk,1,1059
3380,Victor Ibarra,2022-09-05,2022,9,4,4,NULL,NULL,Stable,0,3,NULL,NULL,Stable,2,NULL,NULL,Stable,3.3,Needs monitoring,0,1176
3381,Annabelle Marquez,2022-10-03,2022,10,1,1,NULL,NULL,Stable,1,5,NULL,NULL,Stable,2,NULL,NULL,Stable,2.4,Employee At-Risk,1,1148
3382,Romeo Gordon,2022-11-10,2022,11,3,3,NULL,NULL,Stable,0,5,NULL,NULL,Stable,5,NULL,NULL,Stable,4,Employee is engaged,0,1110
3383,Aimee Hughes,2022-11-12,2022,11,3,3,NULL,NULL,Stable,0,2,NULL,NULL,Stable,3,NULL,NULL,Stable,2.7,Employee At-Risk,1,1108
3384,Dennis Hays,2023-06-27,2023,6,2,2,NULL,NULL,Stable,1,1,NULL,NULL,Stable,2,NULL,NULL,Stable,1.7,Employee At-Risk,1,881
3385,Kelly Fritz,2022-12-21,2022,12,2,2,NULL,NULL,Stable,1,1,NULL,NULL,Stable,4,NULL,NULL,Stable,2.1,Employee At-Risk,1,1069
3386,Darnell Shelton,2023-01-01,2023,1,2,2,NULL,NULL,Stable,1,1,NULL,NULL,Stable,5,NULL,NULL,Stable,2.3,Employee At-Risk,1,1058
3387,Sabrina Holt,2023-04-19,2023,4,1,1,NULL,NULL,Stable,1,3,NULL,NULL,Stable,4,NULL,NULL,Stable,2.2,Employee At-Risk,1,950
3388,Zoie Logan,2022-10-09,2022,10,3,3,NULL,NULL,Stable,0,1,NULL,NULL,Stable,3,NULL,NULL,Stable,2.4,Employee At-Risk,1,1142
3389,Finley Medina,2023-02-11,2023,2,2,2,NULL,NULL,Stable,1,3,NULL,NULL,Stable,1,NULL,NULL,Stable,2.1,Employee At-Risk,1,1017
3390,Lizeth Middleton,2023-08-02,2023,8,2,2,NULL,NULL,Stable,1,4,NULL,NULL,Stable,2,NULL,NULL,Stable,2.6,Employee At-Risk,1,845
3391,Odin Camacho,2023-07-05,2023,7,4,4,NULL,NULL,Stable,0,3,NULL,NULL,Stable,1,NULL,NULL,Stable,3.1,Needs monitoring,0,873
3392,Dakota Lowery,2022-10-02,2022,10,3,3,NULL,NULL,Stable,0,4,NULL,NULL,Stable,2,NULL,NULL,Stable,3.1,Needs monitoring,0,1149
3393,Skyla Santiago,2023-05-21,2023,5,3,3,NULL,NULL,Stable,0,4,NULL,NULL,Stable,4,NULL,NULL,Stable,3.5,Needs monitoring,0,918
3394,Harley Beard,2023-04-06,2023,4,1,1,NULL,NULL,Stable,1,5,NULL,NULL,Stable,5,NULL,NULL,Stable,3,Needs monitoring,0,963
3395,Summer Barber,2023-05-30,2023,5,4,4,NULL,NULL,Stable,0,4,NULL,NULL,Stable,3,NULL,NULL,Stable,3.8,Needs monitoring,0,909
3396,Stephen Mcmillan,2022-09-13,2022,9,4,4,NULL,NULL,Stable,0,3,NULL,NULL,Stable,3,NULL,NULL,Stable,3.5,Needs monitoring,0,1168
3397,Rylan Garrison,2023-03-22,2023,3,3,3,NULL,NULL,Stable,0,3,NULL,NULL,Stable,2,NULL,NULL,Stable,2.8,Employee At-Risk,1,978
3398,Kyler Cherry,2022-08-15,2022,8,5,5,NULL,NULL,Stable,0,2,NULL,NULL,Stable,1,NULL,NULL,Stable,3.3,Needs monitoring,0,1197
3399,Corinne Reeves,2023-05-23,2023,5,4,4,NULL,NULL,Stable,0,4,NULL,NULL,Stable,5,NULL,NULL,Stable,4.2,Employee is engaged,0,916
3400,Lorenzo Short,2022-12-30,2022,12,2,2,NULL,NULL,Stable,1,5,NULL,NULL,Stable,3,NULL,NULL,Stable,3.1,Needs monitoring,0,1060
3401,Taniya Kane,2022-11-06,2022,11,4,4,NULL,NULL,Stable,0,4,NULL,NULL,Stable,1,NULL,NULL,Stable,3.4,Needs monitoring,0,1114
3402,Nevaeh Mcmillan,2023-04-23,2023,4,1,1,NULL,NULL,Stable,1,4,NULL,NULL,Stable,4,NULL,NULL,Stable,2.5,Employee At-Risk,1,946
3403,Dillon Larson,2023-03-06,2023,3,4,4,NULL,NULL,Stable,0,4,NULL,NULL,Stable,3,NULL,NULL,Stable,3.8,Needs monitoring,0,994
3404,Willie Howe,2023-03-22,2023,3,4,4,NULL,NULL,Stable,0,1,NULL,NULL,Stable,1,NULL,NULL,Stable,2.5,Employee At-Risk,1,978
3405,Selina Jefferson,2022-08-16,2022,8,2,2,NULL,NULL,Stable,1,1,NULL,NULL,Stable,1,NULL,NULL,Stable,1.5,Employee At-Risk,1,1196
3406,Serenity Montgomery,2023-07-16,2023,7,5,5,NULL,NULL,Stable,0,5,NULL,NULL,Stable,4,NULL,NULL,Stable,4.8,Employee is engaged,0,862
3407,Kamila Sanders,2023-05-09,2023,5,1,1,NULL,NULL,Stable,1,3,NULL,NULL,Stable,5,NULL,NULL,Stable,2.4,Employee At-Risk,1,930
3408,Rose Mcguire,2023-06-02,2023,6,2,2,NULL,NULL,Stable,1,2,NULL,NULL,Stable,4,NULL,NULL,Stable,2.4,Employee At-Risk,1,906
3409,Brenton Zavala,2022-10-03,2022,10,5,5,NULL,NULL,Stable,0,5,NULL,NULL,Stable,4,NULL,NULL,Stable,4.8,Employee is engaged,0,1148
3410,Laci Klein,2022-09-04,2022,9,4,4,NULL,NULL,Stable,0,3,NULL,NULL,Stable,4,NULL,NULL,Stable,3.7,Needs monitoring,0,1177
3411,Brenda Boone,2022-10-30,2022,10,2,2,NULL,NULL,Stable,1,3,NULL,NULL,Stable,2,NULL,NULL,Stable,2.3,Employee At-Risk,1,1121
3412,Andrea Walters,2022-09-24,2022,9,5,5,NULL,NULL,Stable,0,4,NULL,NULL,Stable,4,NULL,NULL,Stable,4.5,Employee is engaged,0,1157
3413,Jovanny Matthews,2022-12-22,2022,12,1,1,NULL,NULL,Stable,1,2,NULL,NULL,Stable,5,NULL,NULL,Stable,2.1,Employee At-Risk,1,1068
3414,Hunter Silva,2023-02-06,2023,2,5,5,NULL,NULL,Stable,0,2,NULL,NULL,Stable,4,NULL,NULL,Stable,3.9,Needs monitoring,0,1022
3415,Julien Cisneros,2023-06-08,2023,6,2,2,NULL,NULL,Stable,1,5,NULL,NULL,Stable,1,NULL,NULL,Stable,2.7,Employee At-Risk,1,900
3416,Aron Waters,2022-08-26,2022,8,1,1,NULL,NULL,Stable,1,2,NULL,NULL,Stable,1,NULL,NULL,Stable,1.3,Employee At-Risk,1,1186
3417,Brayden Singh,2023-05-21,2023,5,2,2,NULL,NULL,Stable,1,5,NULL,NULL,Stable,5,NULL,NULL,Stable,3.5,Needs monitoring,0,918
3418,Karma Palmer,2023-06-26,2023,6,5,5,NULL,NULL,Stable,0,3,NULL,NULL,Stable,4,NULL,NULL,Stable,4.2,Employee is engaged,0,882
3419,Stanley Reyes,2022-11-25,2022,11,2,2,NULL,NULL,Stable,1,5,NULL,NULL,Stable,2,NULL,NULL,Stable,2.9,Employee At-Risk,1,1095
3420,Levi Hayden,2023-03-08,2023,3,2,2,NULL,NULL,Stable,1,3,NULL,NULL,Stable,3,NULL,NULL,Stable,2.5,Employee At-Risk,1,992
3421,Brenden Leach,2023-02-15,2023,2,5,5,NULL,NULL,Stable,0,4,NULL,NULL,Stable,2,NULL,NULL,Stable,4.1,Employee is engaged,0,1013
3422,Jakobe Erickson,2023-06-08,2023,6,1,1,NULL,NULL,Stable,1,1,NULL,NULL,Stable,3,NULL,NULL,Stable,1.4,Employee At-Risk,1,900
3423,Adyson Strickland,2022-09-19,2022,9,4,4,NULL,NULL,Stable,0,5,NULL,NULL,Stable,3,NULL,NULL,Stable,4.1,Employee is engaged,0,1162
3424,Annabel Wilkins,2023-03-14,2023,3,2,2,NULL,NULL,Stable,1,4,NULL,NULL,Stable,5,NULL,NULL,Stable,3.2,Needs monitoring,0,986
3425,Kendra Braun,2022-12-25,2022,12,5,5,NULL,NULL,Stable,0,2,NULL,NULL,Stable,3,NULL,NULL,Stable,3.7,Needs monitoring,0,1065
3426,Chace Kerr,2022-08-24,2022,8,1,1,NULL,NULL,Stable,1,3,NULL,NULL,Stable,2,NULL,NULL,Stable,1.8,Employee At-Risk,1,1188
3427,Uriah Bridges,2023-01-14,2023,1,1,1,NULL,NULL,Stable,1,2,NULL,NULL,Stable,3,NULL,NULL,Stable,1.7,Employee At-Risk,1,1045
3428,Paula Small,2022-09-09,2022,9,2,2,NULL,NULL,Stable,1,1,NULL,NULL,Stable,5,NULL,NULL,Stable,2.3,Employee At-Risk,1,1172
3429,Edward Buck,2023-05-27,2023,5,1,1,NULL,NULL,Stable,1,2,NULL,NULL,Stable,1,NULL,NULL,Stable,1.3,Employee At-Risk,1,912
3430,Michael Riordan,2023-06-16,2023,6,5,5,NULL,NULL,Stable,0,5,NULL,NULL,Stable,4,NULL,NULL,Stable,4.8,Employee is engaged,0,892
3431,Jasmine Onque,2022-11-25,2022,11,2,2,NULL,NULL,Stable,1,5,NULL,NULL,Stable,3,NULL,NULL,Stable,3.1,Needs monitoring,0,1095
3432,Maruk Fraval,2022-12-12,2022,12,2,2,NULL,NULL,Stable,1,3,NULL,NULL,Stable,5,NULL,NULL,Stable,2.9,Employee At-Risk,1,1078
3433,Latia Costa,2023-03-25,2023,3,1,1,NULL,NULL,Stable,1,5,NULL,NULL,Stable,2,NULL,NULL,Stable,2.4,Employee At-Risk,1,975
3434,Sharlene Terry,2023-04-21,2023,4,1,1,NULL,NULL,Stable,1,4,NULL,NULL,Stable,2,NULL,NULL,Stable,2.1,Employee At-Risk,1,948
3435,Jac McKinzie,2022-12-09,2022,12,4,4,NULL,NULL,Stable,0,3,NULL,NULL,Stable,3,NULL,NULL,Stable,3.5,Needs monitoring,0,1081
3436,Joseph Martins,2023-07-30,2023,7,5,5,NULL,NULL,Stable,0,5,NULL,NULL,Stable,2,NULL,NULL,Stable,4.4,Employee is engaged,0,848
3437,Myriam Givens,2022-10-15,2022,10,3,3,NULL,NULL,Stable,0,2,NULL,NULL,Stable,5,NULL,NULL,Stable,3.1,Needs monitoring,0,1136
3438,Dheepa Nguyen,2022-10-28,2022,10,4,4,NULL,NULL,Stable,0,2,NULL,NULL,Stable,5,NULL,NULL,Stable,3.6,Needs monitoring,0,1123
3439,Bartholemew Khemmich,2022-10-30,2022,10,1,1,NULL,NULL,Stable,1,2,NULL,NULL,Stable,5,NULL,NULL,Stable,2.1,Employee At-Risk,1,1121
3440,Xana Potts,2022-09-24,2022,9,1,1,NULL,NULL,Stable,1,4,NULL,NULL,Stable,5,NULL,NULL,Stable,2.7,Employee At-Risk,1,1157
3441,Prater Jeremy,2022-10-30,2022,10,4,4,NULL,NULL,Stable,0,2,NULL,NULL,Stable,5,NULL,NULL,Stable,3.6,Needs monitoring,0,1121
3442,Kaylah Moon,2022-10-31,2022,10,2,2,NULL,NULL,Stable,1,5,NULL,NULL,Stable,3,NULL,NULL,Stable,3.1,Needs monitoring,0,1120
3443,Kristen Tate,2023-04-29,2023,4,2,2,NULL,NULL,Stable,1,2,NULL,NULL,Stable,4,NULL,NULL,Stable,2.4,Employee At-Risk,1,940
3444,Bobby Rodgers,2022-12-14,2022,12,1,1,NULL,NULL,Stable,1,2,NULL,NULL,Stable,4,NULL,NULL,Stable,1.9,Employee At-Risk,1,1076
3445,Reid Park,2023-05-07,2023,5,4,4,NULL,NULL,Stable,0,5,NULL,NULL,Stable,2,NULL,NULL,Stable,3.9,Needs monitoring,0,932
3446,Hector Dalton,2023-05-21,2023,5,4,4,NULL,NULL,Stable,0,3,NULL,NULL,Stable,5,NULL,NULL,Stable,3.9,Needs monitoring,0,918
3447,Mariela Schultz,2023-05-08,2023,5,5,5,NULL,NULL,Stable,0,1,NULL,NULL,Stable,4,NULL,NULL,Stable,3.6,Needs monitoring,0,931
3448,Angela Molina,2023-03-28,2023,3,5,5,NULL,NULL,Stable,0,1,NULL,NULL,Stable,5,NULL,NULL,Stable,3.8,Needs monitoring,0,972
3449,Gerald Preston,2023-06-30,2023,6,3,3,NULL,NULL,Stable,0,2,NULL,NULL,Stable,1,NULL,NULL,Stable,2.3,Employee At-Risk,1,878
3450,Reilly Moyer,2023-01-18,2023,1,4,4,NULL,NULL,Stable,0,3,NULL,NULL,Stable,5,NULL,NULL,Stable,3.9,Needs monitoring,0,1041
3451,Carlee French,2023-04-29,2023,4,5,5,NULL,NULL,Stable,0,1,NULL,NULL,Stable,2,NULL,NULL,Stable,3.2,Needs monitoring,0,940
3452,Jaydon Blackburn,2023-01-19,2023,1,5,5,NULL,NULL,Stable,0,5,NULL,NULL,Stable,2,NULL,NULL,Stable,4.4,Employee is engaged,0,1040
3453,Bridger Carter,2022-09-17,2022,9,5,5,NULL,NULL,Stable,0,5,NULL,NULL,Stable,3,NULL,NULL,Stable,4.6,Employee is engaged,0,1164
3454,Leon Beard,2023-03-14,2023,3,4,4,NULL,NULL,Stable,0,4,NULL,NULL,Stable,2,NULL,NULL,Stable,3.6,Needs monitoring,0,986
3455,Charity Miranda,2022-08-12,2022,8,2,2,NULL,NULL,Stable,1,1,NULL,NULL,Stable,1,NULL,NULL,Stable,1.5,Employee At-Risk,1,1200
3456,Axel Howe,2023-03-30,2023,3,4,4,NULL,NULL,Stable,0,3,NULL,NULL,Stable,4,NULL,NULL,Stable,3.7,Needs monitoring,0,970
3457,Milton Wall,2023-04-21,2023,4,5,5,NULL,NULL,Stable,0,1,NULL,NULL,Stable,4,NULL,NULL,Stable,3.6,Needs monitoring,0,948
3458,Cory Robinson,2023-02-14,2023,2,2,2,NULL,NULL,Stable,1,5,NULL,NULL,Stable,5,NULL,NULL,Stable,3.5,Needs monitoring,0,1014
3459,Saniya Yu,2022-10-26,2022,10,4,4,NULL,NULL,Stable,0,4,NULL,NULL,Stable,3,NULL,NULL,Stable,3.8,Needs monitoring,0,1125
3460,Alisa James,2022-11-16,2022,11,4,4,NULL,NULL,Stable,0,3,NULL,NULL,Stable,3,NULL,NULL,Stable,3.5,Needs monitoring,0,1104
3461,Lincoln Compton,2023-04-24,2023,4,1,1,NULL,NULL,Stable,1,4,NULL,NULL,Stable,4,NULL,NULL,Stable,2.5,Employee At-Risk,1,945
3462,Aliana Nolan,2022-11-08,2022,11,3,3,NULL,NULL,Stable,0,3,NULL,NULL,Stable,1,NULL,NULL,Stable,2.6,Employee At-Risk,1,1112
3463,Kayden Dodson,2022-09-18,2022,9,4,4,NULL,NULL,Stable,0,3,NULL,NULL,Stable,4,NULL,NULL,Stable,3.7,Needs monitoring,0,1163
3464,James Duke,2022-12-29,2022,12,2,2,NULL,NULL,Stable,1,5,NULL,NULL,Stable,3,NULL,NULL,Stable,3.1,Needs monitoring,0,1061
3465,Willow Stuart,2023-05-19,2023,5,5,5,NULL,NULL,Stable,0,4,NULL,NULL,Stable,3,NULL,NULL,Stable,4.3,Employee is engaged,0,920
3466,Clayton Walker,2023-08-04,2023,8,1,1,NULL,NULL,Stable,1,3,NULL,NULL,Stable,4,NULL,NULL,Stable,2.2,Employee At-Risk,1,843
3467,Celia Curtis,2023-06-27,2023,6,4,4,NULL,NULL,Stable,0,3,NULL,NULL,Stable,2,NULL,NULL,Stable,3.3,Needs monitoring,0,881
3468,Valentin Reilly,2023-02-05,2023,2,3,3,NULL,NULL,Stable,0,1,NULL,NULL,Stable,3,NULL,NULL,Stable,2.4,Employee At-Risk,1,1023
3469,Ryland Shepherd,2023-08-01,2023,8,5,5,NULL,NULL,Stable,0,5,NULL,NULL,Stable,1,NULL,NULL,Stable,4.2,Employee is engaged,0,846
3470,Esteban Gilbert,2023-05-06,2023,5,1,1,NULL,NULL,Stable,1,2,NULL,NULL,Stable,3,NULL,NULL,Stable,1.7,Employee At-Risk,1,933
3471,Jonathan Adkins,2023-04-30,2023,4,2,2,NULL,NULL,Stable,1,4,NULL,NULL,Stable,1,NULL,NULL,Stable,2.4,Employee At-Risk,1,939
3472,Nevaeh Soto,2023-07-26,2023,7,5,5,NULL,NULL,Stable,0,5,NULL,NULL,Stable,4,NULL,NULL,Stable,4.8,Employee is engaged,0,852
3473,Chaim Mata,2023-06-28,2023,6,3,3,NULL,NULL,Stable,0,4,NULL,NULL,Stable,4,NULL,NULL,Stable,3.5,Needs monitoring,0,880
3474,Arely Patton,2023-05-09,2023,5,3,3,NULL,NULL,Stable,0,1,NULL,NULL,Stable,2,NULL,NULL,Stable,2.2,Employee At-Risk,1,930
3475,Vance Trujillo,2023-01-25,2023,1,4,4,NULL,NULL,Stable,0,3,NULL,NULL,Stable,4,NULL,NULL,Stable,3.7,Needs monitoring,0,1034
3476,Charlie Koch,2023-03-03,2023,3,5,5,NULL,NULL,Stable,0,5,NULL,NULL,Stable,3,NULL,NULL,Stable,4.6,Employee is engaged,0,997
3477,Sonny Horne,2022-12-05,2022,12,1,1,NULL,NULL,Stable,1,2,NULL,NULL,Stable,1,NULL,NULL,Stable,1.3,Employee At-Risk,1,1085
3478,Thomas Chandler,2022-11-29,2022,11,3,3,NULL,NULL,Stable,0,4,NULL,NULL,Stable,1,NULL,NULL,Stable,2.9,Employee At-Risk,1,1091
3479,Sarai Stone,2022-11-03,2022,11,4,4,NULL,NULL,Stable,0,4,NULL,NULL,Stable,4,NULL,NULL,Stable,4,Employee is engaged,0,1117
3480,Jerimiah Harmon,2023-07-25,2023,7,1,1,NULL,NULL,Stable,1,5,NULL,NULL,Stable,3,NULL,NULL,Stable,2.6,Employee At-Risk,1,853
3481,Leland Allen,2023-03-02,2023,3,5,5,NULL,NULL,Stable,0,2,NULL,NULL,Stable,4,NULL,NULL,Stable,3.9,Needs monitoring,0,998
3482,Cristal Bolton,2022-10-22,2022,10,4,4,NULL,NULL,Stable,0,5,NULL,NULL,Stable,5,NULL,NULL,Stable,4.5,Employee is engaged,0,1129
3483,Jaslene Harding,2022-10-23,2022,10,1,1,NULL,NULL,Stable,1,4,NULL,NULL,Stable,5,NULL,NULL,Stable,2.7,Employee At-Risk,1,1128
3484,Albert Gonzalez,2022-09-16,2022,9,1,1,NULL,NULL,Stable,1,2,NULL,NULL,Stable,4,NULL,NULL,Stable,1.9,Employee At-Risk,1,1165
3485,Jaiden Johnson,2023-05-07,2023,5,2,2,NULL,NULL,Stable,1,1,NULL,NULL,Stable,3,NULL,NULL,Stable,1.9,Employee At-Risk,1,932
3486,Brendon Mcconnell,2022-08-27,2022,8,3,3,NULL,NULL,Stable,0,1,NULL,NULL,Stable,1,NULL,NULL,Stable,2,Employee At-Risk,1,1185
3487,Kimora Parsons,2022-09-23,2022,9,5,5,NULL,NULL,Stable,0,4,NULL,NULL,Stable,1,NULL,NULL,Stable,3.9,Needs monitoring,0,1158
3488,Willie Patterson,2023-03-11,2023,3,1,1,NULL,NULL,Stable,1,5,NULL,NULL,Stable,1,NULL,NULL,Stable,2.2,Employee At-Risk,1,989
3489,Devyn Powers,2022-12-03,2022,12,2,2,NULL,NULL,Stable,1,4,NULL,NULL,Stable,5,NULL,NULL,Stable,3.2,Needs monitoring,0,1087
3490,Weston Preston,2022-10-12,2022,10,5,5,NULL,NULL,Stable,0,3,NULL,NULL,Stable,2,NULL,NULL,Stable,3.8,Needs monitoring,0,1139
3491,Lennon Buchanan,2022-09-10,2022,9,3,3,NULL,NULL,Stable,0,4,NULL,NULL,Stable,5,NULL,NULL,Stable,3.7,Needs monitoring,0,1171
3492,Vicente Merritt,2023-01-13,2023,1,1,1,NULL,NULL,Stable,1,5,NULL,NULL,Stable,5,NULL,NULL,Stable,3,Needs monitoring,0,1046
3493,Hugo Clay,2023-04-02,2023,4,3,3,NULL,NULL,Stable,0,1,NULL,NULL,Stable,5,NULL,NULL,Stable,2.8,Employee At-Risk,1,967
3494,Cohen Raymond,2022-12-15,2022,12,1,1,NULL,NULL,Stable,1,2,NULL,NULL,Stable,1,NULL,NULL,Stable,1.3,Employee At-Risk,1,1075
3495,Tia Ellis,2022-09-08,2022,9,4,4,NULL,NULL,Stable,0,3,NULL,NULL,Stable,5,NULL,NULL,Stable,3.9,Needs monitoring,0,1173
3496,Aspen Bentley,2022-12-26,2022,12,1,1,NULL,NULL,Stable,1,3,NULL,NULL,Stable,2,NULL,NULL,Stable,1.8,Employee At-Risk,1,1064
3497,Graham Rodriguez,2022-09-18,2022,9,2,2,NULL,NULL,Stable,1,3,NULL,NULL,Stable,4,NULL,NULL,Stable,2.7,Employee At-Risk,1,1163
3498,Joel Mcmillan,2023-06-19,2023,6,3,3,NULL,NULL,Stable,0,3,NULL,NULL,Stable,4,NULL,NULL,Stable,3.2,Needs monitoring,0,889
3499,Maci Frost,2023-07-21,2023,7,5,5,NULL,NULL,Stable,0,3,NULL,NULL,Stable,5,NULL,NULL,Stable,4.4,Employee is engaged,0,857
3500,Nevaeh Lucas,2023-05-14,2023,5,4,4,NULL,NULL,Stable,0,1,NULL,NULL,Stable,4,NULL,NULL,Stable,3.1,Needs monitoring,0,925
3501,Garrett Zimmerman,2023-02-20,2023,2,2,2,NULL,NULL,Stable,1,3,NULL,NULL,Stable,4,NULL,NULL,Stable,2.7,Employee At-Risk,1,1008
3502,Eugene Marks,2023-04-24,2023,4,5,5,NULL,NULL,Stable,0,3,NULL,NULL,Stable,5,NULL,NULL,Stable,4.4,Employee is engaged,0,945
3503,Geovanni Pugh,2023-01-28,2023,1,5,5,NULL,NULL,Stable,0,2,NULL,NULL,Stable,3,NULL,NULL,Stable,3.7,Needs monitoring,0,1031
3504,Javon Kelley,2023-04-20,2023,4,3,3,NULL,NULL,Stable,0,4,NULL,NULL,Stable,3,NULL,NULL,Stable,3.3,Needs monitoring,0,949
3505,Amaya Hicks,2022-11-10,2022,11,4,4,NULL,NULL,Stable,0,3,NULL,NULL,Stable,2,NULL,NULL,Stable,3.3,Needs monitoring,0,1110
3506,Laila Woodard,2023-06-27,2023,6,2,2,NULL,NULL,Stable,1,2,NULL,NULL,Stable,3,NULL,NULL,Stable,2.2,Employee At-Risk,1,881
3507,Ivan Huff,2023-03-31,2023,3,2,2,NULL,NULL,Stable,1,5,NULL,NULL,Stable,2,NULL,NULL,Stable,2.9,Employee At-Risk,1,969
3508,Aidan Harding,2023-04-17,2023,4,1,1,NULL,NULL,Stable,1,5,NULL,NULL,Stable,4,NULL,NULL,Stable,2.8,Employee At-Risk,1,952
3509,Cruz Boyer,2022-12-03,2022,12,4,4,NULL,NULL,Stable,0,5,NULL,NULL,Stable,2,NULL,NULL,Stable,3.9,Needs monitoring,0,1087
3510,Raven Koch,2022-08-22,2022,8,2,2,NULL,NULL,Stable,1,4,NULL,NULL,Stable,3,NULL,NULL,Stable,2.8,Employee At-Risk,1,1190
3511,Karli Barker,2023-05-11,2023,5,5,5,NULL,NULL,Stable,0,4,NULL,NULL,Stable,5,NULL,NULL,Stable,4.7,Employee is engaged,0,928
3512,Tyrone Sosa,2023-02-20,2023,2,5,5,NULL,NULL,Stable,0,1,NULL,NULL,Stable,3,NULL,NULL,Stable,3.4,Needs monitoring,0,1008
3513,Damaris Cisneros,2023-05-11,2023,5,4,4,NULL,NULL,Stable,0,1,NULL,NULL,Stable,3,NULL,NULL,Stable,2.9,Employee At-Risk,1,928
3514,Alexus Estes,2022-08-25,2022,8,2,2,NULL,NULL,Stable,1,1,NULL,NULL,Stable,1,NULL,NULL,Stable,1.5,Employee At-Risk,1,1187
3515,Kinsley Flowers,2023-07-03,2023,7,3,3,NULL,NULL,Stable,0,5,NULL,NULL,Stable,5,NULL,NULL,Stable,4,Employee is engaged,0,875
3516,Deborah Love,2022-11-15,2022,11,2,2,NULL,NULL,Stable,1,3,NULL,NULL,Stable,5,NULL,NULL,Stable,2.9,Employee At-Risk,1,1105
3517,Milagros Francis,2023-01-01,2023,1,4,4,NULL,NULL,Stable,0,1,NULL,NULL,Stable,1,NULL,NULL,Stable,2.5,Employee At-Risk,1,1058
3518,Roberto Michael,2023-05-13,2023,5,4,4,NULL,NULL,Stable,0,2,NULL,NULL,Stable,5,NULL,NULL,Stable,3.6,Needs monitoring,0,926
3519,Elaine Ewing,2023-06-10,2023,6,1,1,NULL,NULL,Stable,1,3,NULL,NULL,Stable,4,NULL,NULL,Stable,2.2,Employee At-Risk,1,898
3520,Caiden Munoz,2022-09-17,2022,9,5,5,NULL,NULL,Stable,0,1,NULL,NULL,Stable,1,NULL,NULL,Stable,3,Needs monitoring,0,1164
3521,Jocelyn Bradford,2022-09-19,2022,9,1,1,NULL,NULL,Stable,1,3,NULL,NULL,Stable,3,NULL,NULL,Stable,2,Employee At-Risk,1,1162
3522,Marques Armstrong,2023-07-14,2023,7,1,1,NULL,NULL,Stable,1,5,NULL,NULL,Stable,4,NULL,NULL,Stable,2.8,Employee At-Risk,1,864
3523,Rohan Chapman,2023-02-27,2023,2,3,3,NULL,NULL,Stable,0,2,NULL,NULL,Stable,3,NULL,NULL,Stable,2.7,Employee At-Risk,1,1001
3524,Emmanuel Franklin,2023-05-19,2023,5,3,3,NULL,NULL,Stable,0,2,NULL,NULL,Stable,4,NULL,NULL,Stable,2.9,Employee At-Risk,1,920
3525,Clayton Mccormick,2023-02-01,2023,2,1,1,NULL,NULL,Stable,1,2,NULL,NULL,Stable,1,NULL,NULL,Stable,1.3,Employee At-Risk,1,1027
3526,Darius Krause,2023-01-28,2023,1,1,1,NULL,NULL,Stable,1,5,NULL,NULL,Stable,3,NULL,NULL,Stable,2.6,Employee At-Risk,1,1031
3527,Ahmed Hawkins,2023-02-27,2023,2,1,1,NULL,NULL,Stable,1,3,NULL,NULL,Stable,2,NULL,NULL,Stable,1.8,Employee At-Risk,1,1001
3528,Kymani Benjamin,2023-05-27,2023,5,5,5,NULL,NULL,Stable,0,2,NULL,NULL,Stable,2,NULL,NULL,Stable,3.5,Needs monitoring,0,912
3529,Callum Mcdaniel,2023-07-15,2023,7,2,2,NULL,NULL,Stable,1,3,NULL,NULL,Stable,4,NULL,NULL,Stable,2.7,Employee At-Risk,1,863
3530,Zariah Black,2022-11-27,2022,11,1,1,NULL,NULL,Stable,1,2,NULL,NULL,Stable,5,NULL,NULL,Stable,2.1,Employee At-Risk,1,1093
3531,Ronnie Mayer,2023-02-24,2023,2,2,2,NULL,NULL,Stable,1,4,NULL,NULL,Stable,4,NULL,NULL,Stable,3,Needs monitoring,0,1004
3532,Marlon Ford,2022-10-08,2022,10,2,2,NULL,NULL,Stable,1,2,NULL,NULL,Stable,5,NULL,NULL,Stable,2.6,Employee At-Risk,1,1143
3533,Slade Griffith,2023-01-08,2023,1,2,2,NULL,NULL,Stable,1,5,NULL,NULL,Stable,2,NULL,NULL,Stable,2.9,Employee At-Risk,1,1051
3534,Lee Frye,2023-04-14,2023,4,4,4,NULL,NULL,Stable,0,3,NULL,NULL,Stable,2,NULL,NULL,Stable,3.3,Needs monitoring,0,955
3535,Veronica Rowe,2022-11-01,2022,11,1,1,NULL,NULL,Stable,1,5,NULL,NULL,Stable,1,NULL,NULL,Stable,2.2,Employee At-Risk,1,1119
3536,Aylin Berg,2022-10-09,2022,10,1,1,NULL,NULL,Stable,1,2,NULL,NULL,Stable,4,NULL,NULL,Stable,1.9,Employee At-Risk,1,1142
3537,Neveah Rowe,2022-09-09,2022,9,4,4,NULL,NULL,Stable,0,2,NULL,NULL,Stable,5,NULL,NULL,Stable,3.6,Needs monitoring,0,1172
3538,Keith Baxter,2023-04-20,2023,4,1,1,NULL,NULL,Stable,1,5,NULL,NULL,Stable,4,NULL,NULL,Stable,2.8,Employee At-Risk,1,949
3539,Chaz Bruce,2023-02-06,2023,2,3,3,NULL,NULL,Stable,0,3,NULL,NULL,Stable,4,NULL,NULL,Stable,3.2,Needs monitoring,0,1022
3540,Maya Mccann,2023-06-25,2023,6,2,2,NULL,NULL,Stable,1,2,NULL,NULL,Stable,3,NULL,NULL,Stable,2.2,Employee At-Risk,1,883
3541,Aaron Weber,2022-11-28,2022,11,1,1,NULL,NULL,Stable,1,3,NULL,NULL,Stable,3,NULL,NULL,Stable,2,Employee At-Risk,1,1092
3542,Ellie Gill,2022-10-18,2022,10,2,2,NULL,NULL,Stable,1,3,NULL,NULL,Stable,4,NULL,NULL,Stable,2.7,Employee At-Risk,1,1133
3543,Rayne Kerr,2023-02-11,2023,2,4,4,NULL,NULL,Stable,0,5,NULL,NULL,Stable,5,NULL,NULL,Stable,4.5,Employee is engaged,0,1017
3544,Samara Mcbride,2022-09-14,2022,9,3,3,NULL,NULL,Stable,0,5,NULL,NULL,Stable,3,NULL,NULL,Stable,3.6,Needs monitoring,0,1167
3545,Ryann Rubio,2023-05-27,2023,5,2,2,NULL,NULL,Stable,1,5,NULL,NULL,Stable,2,NULL,NULL,Stable,2.9,Employee At-Risk,1,912
3546,Paris Carr,2023-05-10,2023,5,2,2,NULL,NULL,Stable,1,5,NULL,NULL,Stable,5,NULL,NULL,Stable,3.5,Needs monitoring,0,929
3547,Adriel Wiggins,2022-12-24,2022,12,2,2,NULL,NULL,Stable,1,4,NULL,NULL,Stable,2,NULL,NULL,Stable,2.6,Employee At-Risk,1,1066
3548,Sanaa Glass,2022-10-06,2022,10,5,5,NULL,NULL,Stable,0,5,NULL,NULL,Stable,3,NULL,NULL,Stable,4.6,Employee is engaged,0,1145
3549,Ryan Lynch,2023-04-19,2023,4,1,1,NULL,NULL,Stable,1,4,NULL,NULL,Stable,1,NULL,NULL,Stable,1.9,Employee At-Risk,1,950
3550,Charlie Atkinson,2023-01-23,2023,1,3,3,NULL,NULL,Stable,0,5,NULL,NULL,Stable,4,NULL,NULL,Stable,3.8,Needs monitoring,0,1036
3551,Emery Roach,2023-06-03,2023,6,4,4,NULL,NULL,Stable,0,4,NULL,NULL,Stable,3,NULL,NULL,Stable,3.8,Needs monitoring,0,905
3552,Harper Ramos,2022-10-14,2022,10,3,3,NULL,NULL,Stable,0,4,NULL,NULL,Stable,2,NULL,NULL,Stable,3.1,Needs monitoring,0,1137
3553,Khalil Mendez,2022-10-30,2022,10,4,4,NULL,NULL,Stable,0,2,NULL,NULL,Stable,4,NULL,NULL,Stable,3.4,Needs monitoring,0,1121
3554,Lizeth Holland,2023-06-07,2023,6,2,2,NULL,NULL,Stable,1,1,NULL,NULL,Stable,2,NULL,NULL,Stable,1.7,Employee At-Risk,1,901
3555,Matilda Randall,2023-01-13,2023,1,2,2,NULL,NULL,Stable,1,5,NULL,NULL,Stable,1,NULL,NULL,Stable,2.7,Employee At-Risk,1,1046
3556,Damien Howe,2023-06-11,2023,6,2,2,NULL,NULL,Stable,1,2,NULL,NULL,Stable,3,NULL,NULL,Stable,2.2,Employee At-Risk,1,897
3557,Nicholas Obrien,2023-04-20,2023,4,4,4,NULL,NULL,Stable,0,5,NULL,NULL,Stable,2,NULL,NULL,Stable,3.9,Needs monitoring,0,949
3558,Mildred Gentry,2022-10-05,2022,10,2,2,NULL,NULL,Stable,1,5,NULL,NULL,Stable,3,NULL,NULL,Stable,3.1,Needs monitoring,0,1146
3559,Wilson K Adinolfi,2022-12-27,2022,12,3,3,NULL,NULL,Stable,0,2,NULL,NULL,Stable,1,NULL,NULL,Stable,2.3,Employee At-Risk,1,1063
3560,Joanne Handschiegl,2023-01-09,2023,1,2,2,NULL,NULL,Stable,1,4,NULL,NULL,Stable,5,NULL,NULL,Stable,3.2,Needs monitoring,0,1050
3561,Dianna Blount,2022-11-20,2022,11,2,2,NULL,NULL,Stable,1,1,NULL,NULL,Stable,5,NULL,NULL,Stable,2.3,Employee At-Risk,1,1100
3562,Jean Crimmings,2022-11-27,2022,11,2,2,NULL,NULL,Stable,1,1,NULL,NULL,Stable,3,NULL,NULL,Stable,1.9,Employee At-Risk,1,1093
3563,Nore Sadki,2023-01-31,2023,1,4,4,NULL,NULL,Stable,0,1,NULL,NULL,Stable,3,NULL,NULL,Stable,2.9,Employee At-Risk,1,1028
3564,Susan Lundy,2023-03-12,2023,3,4,4,NULL,NULL,Stable,0,4,NULL,NULL,Stable,3,NULL,NULL,Stable,3.8,Needs monitoring,0,988
3565,Kramer Keatts,2022-09-29,2022,9,5,5,NULL,NULL,Stable,0,5,NULL,NULL,Stable,5,NULL,NULL,Stable,5,Employee is engaged,0,1152
3566,Maliki Moumanil,2023-01-27,2023,1,1,1,NULL,NULL,Stable,1,2,NULL,NULL,Stable,3,NULL,NULL,Stable,1.7,Employee At-Risk,1,1032
3567,Nader Barton,2023-08-04,2023,8,2,2,NULL,NULL,Stable,1,3,NULL,NULL,Stable,2,NULL,NULL,Stable,2.3,Employee At-Risk,1,843
3568,Quinn Rarrick,2023-02-07,2023,2,2,2,NULL,NULL,Stable,1,4,NULL,NULL,Stable,1,NULL,NULL,Stable,2.4,Employee At-Risk,1,1021
3569,Beatrice Chace,2022-12-24,2022,12,1,1,NULL,NULL,Stable,1,3,NULL,NULL,Stable,5,NULL,NULL,Stable,2.4,Employee At-Risk,1,1066
3570,Adrienne J Homberger,2023-01-02,2023,1,2,2,NULL,NULL,Stable,1,5,NULL,NULL,Stable,3,NULL,NULL,Stable,3.1,Needs monitoring,0,1057
3571,Marilyn Linares,2022-11-23,2022,11,4,4,NULL,NULL,Stable,0,1,NULL,NULL,Stable,5,NULL,NULL,Stable,3.3,Needs monitoring,0,1097
3572,Timothy Sullivan,2022-12-05,2022,12,5,5,NULL,NULL,Stable,0,5,NULL,NULL,Stable,5,NULL,NULL,Stable,5,Employee is engaged,0,1085
3573,Jennifer Medeiros,2022-12-31,2022,12,4,4,NULL,NULL,Stable,0,1,NULL,NULL,Stable,1,NULL,NULL,Stable,2.5,Employee At-Risk,1,1059
3574,Anna Von Massenbach,2023-07-07,2023,7,3,3,NULL,NULL,Stable,0,3,NULL,NULL,Stable,3,NULL,NULL,Stable,3,Needs monitoring,0,871
3575,George Johnson,2023-06-26,2023,6,5,5,NULL,NULL,Stable,0,1,NULL,NULL,Stable,5,NULL,NULL,Stable,3.8,Needs monitoring,0,882
3576,Angela Erilus,2023-03-23,2023,3,2,2,NULL,NULL,Stable,1,3,NULL,NULL,Stable,3,NULL,NULL,Stable,2.5,Employee At-Risk,1,977
3577,Miguel Estremera,2022-08-14,2022,8,5,5,NULL,NULL,Stable,0,4,NULL,NULL,Stable,5,NULL,NULL,Stable,4.7,Employee is engaged,0,1198
3578,Clinton Owad,2022-10-14,2022,10,1,1,NULL,NULL,Stable,1,4,NULL,NULL,Stable,2,NULL,NULL,Stable,2.1,Employee At-Risk,1,1137
3579,Constance Sloan,2023-04-27,2023,4,5,5,NULL,NULL,Stable,0,3,NULL,NULL,Stable,3,NULL,NULL,Stable,4,Employee is engaged,0,942
3580,Davion Sanchez,2022-10-21,2022,10,2,2,NULL,NULL,Stable,1,4,NULL,NULL,Stable,3,NULL,NULL,Stable,2.8,Employee At-Risk,1,1130
3581,Ross Strickland,2022-08-29,2022,8,3,3,NULL,NULL,Stable,0,4,NULL,NULL,Stable,4,NULL,NULL,Stable,3.5,Needs monitoring,0,1183
3582,Augustus Drake,2022-09-17,2022,9,2,2,NULL,NULL,Stable,1,2,NULL,NULL,Stable,5,NULL,NULL,Stable,2.6,Employee At-Risk,1,1164
3583,Gracelyn Huynh,2023-07-05,2023,7,4,4,NULL,NULL,Stable,0,1,NULL,NULL,Stable,4,NULL,NULL,Stable,3.1,Needs monitoring,0,873
3584,Orlando Armstrong,2023-05-28,2023,5,2,2,NULL,NULL,Stable,1,2,NULL,NULL,Stable,5,NULL,NULL,Stable,2.6,Employee At-Risk,1,911
3585,Edward Everett,2023-01-12,2023,1,1,1,NULL,NULL,Stable,1,2,NULL,NULL,Stable,3,NULL,NULL,Stable,1.7,Employee At-Risk,1,1047
3586,Jaqueline Terrell,2023-01-31,2023,1,4,4,NULL,NULL,Stable,0,2,NULL,NULL,Stable,4,NULL,NULL,Stable,3.4,Needs monitoring,0,1028
3587,Quinn Mccullough,2023-05-24,2023,5,1,1,NULL,NULL,Stable,1,2,NULL,NULL,Stable,2,NULL,NULL,Stable,1.5,Employee At-Risk,1,915
3588,Selena Greer,2023-05-10,2023,5,4,4,NULL,NULL,Stable,0,2,NULL,NULL,Stable,1,NULL,NULL,Stable,2.8,Employee At-Risk,1,929
3589,Giovani Roy,2022-09-18,2022,9,2,2,NULL,NULL,Stable,1,3,NULL,NULL,Stable,2,NULL,NULL,Stable,2.3,Employee At-Risk,1,1163
3590,Dominik Mullen,2022-12-06,2022,12,2,2,NULL,NULL,Stable,1,5,NULL,NULL,Stable,4,NULL,NULL,Stable,3.3,Needs monitoring,0,1084
3591,Abdullah Ellison,2023-07-27,2023,7,2,2,NULL,NULL,Stable,1,1,NULL,NULL,Stable,4,NULL,NULL,Stable,2.1,Employee At-Risk,1,851
3592,Andre Guzman,2022-11-15,2022,11,4,4,NULL,NULL,Stable,0,1,NULL,NULL,Stable,2,NULL,NULL,Stable,2.7,Employee At-Risk,1,1105
3593,Brayden Malone,2022-10-07,2022,10,4,4,NULL,NULL,Stable,0,4,NULL,NULL,Stable,3,NULL,NULL,Stable,3.8,Needs monitoring,0,1144
3594,Maribel Morrison,2023-01-23,2023,1,1,1,NULL,NULL,Stable,1,5,NULL,NULL,Stable,1,NULL,NULL,Stable,2.2,Employee At-Risk,1,1036
3595,Fisher Stafford,2023-01-19,2023,1,2,2,NULL,NULL,Stable,1,3,NULL,NULL,Stable,1,NULL,NULL,Stable,2.1,Employee At-Risk,1,1040
3596,Kellen Medina,2022-10-19,2022,10,4,4,NULL,NULL,Stable,0,3,NULL,NULL,Stable,4,NULL,NULL,Stable,3.7,Needs monitoring,0,1132
3597,Brenton Monroe,2022-10-27,2022,10,5,5,NULL,NULL,Stable,0,4,NULL,NULL,Stable,4,NULL,NULL,Stable,4.5,Employee is engaged,0,1124
3598,Derick Rocha,2023-07-01,2023,7,2,2,NULL,NULL,Stable,1,5,NULL,NULL,Stable,4,NULL,NULL,Stable,3.3,Needs monitoring,0,877
3599,Elaine Weeks,2023-03-02,2023,3,4,4,NULL,NULL,Stable,0,4,NULL,NULL,Stable,2,NULL,NULL,Stable,3.6,Needs monitoring,0,998
3600,Marely Dixon,2023-07-04,2023,7,2,2,NULL,NULL,Stable,1,1,NULL,NULL,Stable,4,NULL,NULL,Stable,2.1,Employee At-Risk,1,874
3601,Keagan Henson,2022-09-01,2022,9,1,1,NULL,NULL,Stable,1,1,NULL,NULL,Stable,2,NULL,NULL,Stable,1.2,Employee At-Risk,1,1180
3602,Helena Davenport,2023-08-04,2023,8,3,3,NULL,NULL,Stable,0,3,NULL,NULL,Stable,3,NULL,NULL,Stable,3,Needs monitoring,0,843
3603,Houston Aguirre,2022-10-08,2022,10,5,5,NULL,NULL,Stable,0,1,NULL,NULL,Stable,3,NULL,NULL,Stable,3.4,Needs monitoring,0,1143
3604,Kane Owen,2022-12-15,2022,12,3,3,NULL,NULL,Stable,0,5,NULL,NULL,Stable,4,NULL,NULL,Stable,3.8,Needs monitoring,0,1075
3605,Emerson Pitts,2023-07-09,2023,7,5,5,NULL,NULL,Stable,0,1,NULL,NULL,Stable,3,NULL,NULL,Stable,3.4,Needs monitoring,0,869
3606,Clarissa Winters,2023-03-27,2023,3,3,3,NULL,NULL,Stable,0,5,NULL,NULL,Stable,1,NULL,NULL,Stable,3.2,Needs monitoring,0,973
3607,Frankie Atkins,2023-07-18,2023,7,2,2,NULL,NULL,Stable,1,4,NULL,NULL,Stable,1,NULL,NULL,Stable,2.4,Employee At-Risk,1,860
3608,Ally Zhang,2023-01-12,2023,1,1,1,NULL,NULL,Stable,1,3,NULL,NULL,Stable,1,NULL,NULL,Stable,1.6,Employee At-Risk,1,1047
3609,Kayleigh Harmon,2022-11-05,2022,11,2,2,NULL,NULL,Stable,1,2,NULL,NULL,Stable,4,NULL,NULL,Stable,2.4,Employee At-Risk,1,1115
3610,Kayley Myers,2022-12-14,2022,12,4,4,NULL,NULL,Stable,0,5,NULL,NULL,Stable,5,NULL,NULL,Stable,4.5,Employee is engaged,0,1076
3611,Rowan Cobb,2022-09-16,2022,9,2,2,NULL,NULL,Stable,1,3,NULL,NULL,Stable,4,NULL,NULL,Stable,2.7,Employee At-Risk,1,1165
3612,Edward Mann,2023-07-07,2023,7,5,5,NULL,NULL,Stable,0,3,NULL,NULL,Stable,3,NULL,NULL,Stable,4,Employee is engaged,0,871
3613,Amirah Johnson,2022-10-13,2022,10,1,1,NULL,NULL,Stable,1,5,NULL,NULL,Stable,2,NULL,NULL,Stable,2.4,Employee At-Risk,1,1138
3614,Bridget Deleon,2023-07-04,2023,7,4,4,NULL,NULL,Stable,0,5,NULL,NULL,Stable,1,NULL,NULL,Stable,3.7,Needs monitoring,0,874
3615,Martin Weber,2023-02-06,2023,2,3,3,NULL,NULL,Stable,0,1,NULL,NULL,Stable,4,NULL,NULL,Stable,2.6,Employee At-Risk,1,1022
3616,Ruben Lewis,2023-08-04,2023,8,1,1,NULL,NULL,Stable,1,1,NULL,NULL,Stable,1,NULL,NULL,Stable,1,Employee At-Risk,1,843
3617,Bailey Collier,2023-02-26,2023,2,2,2,NULL,NULL,Stable,1,3,NULL,NULL,Stable,3,NULL,NULL,Stable,2.5,Employee At-Risk,1,1002
3618,Charlee Roth,2022-12-06,2022,12,3,3,NULL,NULL,Stable,0,4,NULL,NULL,Stable,5,NULL,NULL,Stable,3.7,Needs monitoring,0,1084
3619,Karissa Bowers,2023-04-30,2023,4,1,1,NULL,NULL,Stable,1,5,NULL,NULL,Stable,2,NULL,NULL,Stable,2.4,Employee At-Risk,1,939
3620,Noel Ramirez,2022-08-29,2022,8,1,1,NULL,NULL,Stable,1,2,NULL,NULL,Stable,2,NULL,NULL,Stable,1.5,Employee At-Risk,1,1183
3621,Victoria Franco,2023-06-23,2023,6,2,2,NULL,NULL,Stable,1,3,NULL,NULL,Stable,2,NULL,NULL,Stable,2.3,Employee At-Risk,1,885
3622,Danika Fleming,2023-07-26,2023,7,3,3,NULL,NULL,Stable,0,1,NULL,NULL,Stable,5,NULL,NULL,Stable,2.8,Employee At-Risk,1,852
3623,Jocelyn Kline,2022-12-04,2022,12,2,2,NULL,NULL,Stable,1,2,NULL,NULL,Stable,5,NULL,NULL,Stable,2.6,Employee At-Risk,1,1086
3624,Cesar Higgins,2023-01-09,2023,1,2,2,NULL,NULL,Stable,1,2,NULL,NULL,Stable,2,NULL,NULL,Stable,2,Employee At-Risk,1,1050
3625,Gabriel Dodson,2022-08-28,2022,8,5,5,NULL,NULL,Stable,0,2,NULL,NULL,Stable,4,NULL,NULL,Stable,3.9,Needs monitoring,0,1184
3626,Raphael Sandoval,2023-02-24,2023,2,2,2,NULL,NULL,Stable,1,5,NULL,NULL,Stable,1,NULL,NULL,Stable,2.7,Employee At-Risk,1,1004
3627,Ruth Harrell,2023-01-29,2023,1,1,1,NULL,NULL,Stable,1,1,NULL,NULL,Stable,4,NULL,NULL,Stable,1.6,Employee At-Risk,1,1030
3628,Peyton Barber,2023-05-27,2023,5,4,4,NULL,NULL,Stable,0,3,NULL,NULL,Stable,1,NULL,NULL,Stable,3.1,Needs monitoring,0,912
3629,Reginald Lowery,2022-11-18,2022,11,2,2,NULL,NULL,Stable,1,4,NULL,NULL,Stable,4,NULL,NULL,Stable,3,Needs monitoring,0,1102
3630,Stephanie Briggs,2022-10-19,2022,10,5,5,NULL,NULL,Stable,0,3,NULL,NULL,Stable,2,NULL,NULL,Stable,3.8,Needs monitoring,0,1132
3631,Shaniya Becker,2023-02-10,2023,2,4,4,NULL,NULL,Stable,0,1,NULL,NULL,Stable,5,NULL,NULL,Stable,3.3,Needs monitoring,0,1018
3632,Ryan Oconnell,2023-02-27,2023,2,3,3,NULL,NULL,Stable,0,4,NULL,NULL,Stable,5,NULL,NULL,Stable,3.7,Needs monitoring,0,1001
3633,Emma Ware,2022-11-04,2022,11,4,4,NULL,NULL,Stable,0,4,NULL,NULL,Stable,4,NULL,NULL,Stable,4,Employee is engaged,0,1116
3634,Keyon Haley,2023-06-25,2023,6,2,2,NULL,NULL,Stable,1,5,NULL,NULL,Stable,2,NULL,NULL,Stable,2.9,Employee At-Risk,1,883
3635,Kylee Bates,2022-10-07,2022,10,1,1,NULL,NULL,Stable,1,5,NULL,NULL,Stable,4,NULL,NULL,Stable,2.8,Employee At-Risk,1,1144
3636,Marc Chandler,2022-12-08,2022,12,3,3,NULL,NULL,Stable,0,5,NULL,NULL,Stable,3,NULL,NULL,Stable,3.6,Needs monitoring,0,1082
3637,Abdullah Pruitt,2023-05-07,2023,5,2,2,NULL,NULL,Stable,1,1,NULL,NULL,Stable,3,NULL,NULL,Stable,1.9,Employee At-Risk,1,932
3638,Shamar Roth,2023-05-15,2023,5,4,4,NULL,NULL,Stable,0,5,NULL,NULL,Stable,1,NULL,NULL,Stable,3.7,Needs monitoring,0,924
3639,Jaylen Acosta,2023-03-17,2023,3,3,3,NULL,NULL,Stable,0,2,NULL,NULL,Stable,3,NULL,NULL,Stable,2.7,Employee At-Risk,1,983
3640,Kale House,2023-07-25,2023,7,2,2,NULL,NULL,Stable,1,1,NULL,NULL,Stable,2,NULL,NULL,Stable,1.7,Employee At-Risk,1,853
3641,Kiersten Ellis,2022-11-07,2022,11,2,2,NULL,NULL,Stable,1,5,NULL,NULL,Stable,4,NULL,NULL,Stable,3.3,Needs monitoring,0,1113
3642,Karissa Carrillo,2022-10-08,2022,10,4,4,NULL,NULL,Stable,0,1,NULL,NULL,Stable,2,NULL,NULL,Stable,2.7,Employee At-Risk,1,1143
3643,Issac Whitehead,2023-06-18,2023,6,1,1,NULL,NULL,Stable,1,5,NULL,NULL,Stable,3,NULL,NULL,Stable,2.6,Employee At-Risk,1,890
3644,Madisyn Andrews,2022-11-11,2022,11,4,4,NULL,NULL,Stable,0,4,NULL,NULL,Stable,4,NULL,NULL,Stable,4,Employee is engaged,0,1109
3645,Madyson Rhodes,2023-06-08,2023,6,1,1,NULL,NULL,Stable,1,3,NULL,NULL,Stable,3,NULL,NULL,Stable,2,Employee At-Risk,1,900
3646,Brenton Rodriguez,2023-07-30,2023,7,5,5,NULL,NULL,Stable,0,4,NULL,NULL,Stable,4,NULL,NULL,Stable,4.5,Employee is engaged,0,848
3647,Nathen Arias,2022-12-28,2022,12,2,2,NULL,NULL,Stable,1,4,NULL,NULL,Stable,4,NULL,NULL,Stable,3,Needs monitoring,0,1062
3648,Keyon Hensley,2022-09-28,2022,9,3,3,NULL,NULL,Stable,0,3,NULL,NULL,Stable,5,NULL,NULL,Stable,3.4,Needs monitoring,0,1153
3649,Elisha Ruiz,2022-09-08,2022,9,1,1,NULL,NULL,Stable,1,2,NULL,NULL,Stable,2,NULL,NULL,Stable,1.5,Employee At-Risk,1,1173
3650,Amirah Stanley,2023-06-30,2023,6,3,3,NULL,NULL,Stable,0,2,NULL,NULL,Stable,4,NULL,NULL,Stable,2.9,Employee At-Risk,1,878
3651,Jeremy Meyer,2022-10-25,2022,10,1,1,NULL,NULL,Stable,1,4,NULL,NULL,Stable,1,NULL,NULL,Stable,1.9,Employee At-Risk,1,1126
3652,Owen Dillon,2022-09-01,2022,9,1,1,NULL,NULL,Stable,1,5,NULL,NULL,Stable,2,NULL,NULL,Stable,2.4,Employee At-Risk,1,1180
3653,Bridget Bray,2023-05-31,2023,5,4,4,NULL,NULL,Stable,0,4,NULL,NULL,Stable,3,NULL,NULL,Stable,3.8,Needs monitoring,0,908
3654,Cassius Gates,2023-01-02,2023,1,2,2,NULL,NULL,Stable,1,4,NULL,NULL,Stable,1,NULL,NULL,Stable,2.4,Employee At-Risk,1,1057
3655,Martha Kemp,2023-04-05,2023,4,1,1,NULL,NULL,Stable,1,5,NULL,NULL,Stable,1,NULL,NULL,Stable,2.2,Employee At-Risk,1,964
3656,Francesca Mcmahon,2022-11-14,2022,11,5,5,NULL,NULL,Stable,0,3,NULL,NULL,Stable,2,NULL,NULL,Stable,3.8,Needs monitoring,0,1106
3657,Lorelei Walls,2023-03-26,2023,3,4,4,NULL,NULL,Stable,0,2,NULL,NULL,Stable,4,NULL,NULL,Stable,3.4,Needs monitoring,0,974
3658,Emery Gillespie,2023-08-02,2023,8,5,5,NULL,NULL,Stable,0,4,NULL,NULL,Stable,2,NULL,NULL,Stable,4.1,Employee is engaged,0,845
3659,Kaylee Baldwin,2022-08-26,2022,8,3,3,NULL,NULL,Stable,0,1,NULL,NULL,Stable,5,NULL,NULL,Stable,2.8,Employee At-Risk,1,1186
3660,Aron Hester,2022-08-30,2022,8,3,3,NULL,NULL,Stable,0,2,NULL,NULL,Stable,4,NULL,NULL,Stable,2.9,Employee At-Risk,1,1182
3661,Reagan Brennan,2023-07-06,2023,7,3,3,NULL,NULL,Stable,0,2,NULL,NULL,Stable,5,NULL,NULL,Stable,3.1,Needs monitoring,0,872
3662,Hugh Berry,2023-07-14,2023,7,3,3,NULL,NULL,Stable,0,5,NULL,NULL,Stable,3,NULL,NULL,Stable,3.6,Needs monitoring,0,864
3663,Brandon Anderson,2023-04-26,2023,4,2,2,NULL,NULL,Stable,1,3,NULL,NULL,Stable,4,NULL,NULL,Stable,2.7,Employee At-Risk,1,943
3664,Diana Garza,2023-05-30,2023,5,5,5,NULL,NULL,Stable,0,3,NULL,NULL,Stable,2,NULL,NULL,Stable,3.8,Needs monitoring,0,909
3665,Dalton Bowen,2023-03-02,2023,3,5,5,NULL,NULL,Stable,0,2,NULL,NULL,Stable,1,NULL,NULL,Stable,3.3,Needs monitoring,0,998
3666,Davin Peters,2023-04-26,2023,4,5,5,NULL,NULL,Stable,0,2,NULL,NULL,Stable,1,NULL,NULL,Stable,3.3,Needs monitoring,0,943
3667,Leyla Warren,2022-11-18,2022,11,1,1,NULL,NULL,Stable,1,1,NULL,NULL,Stable,2,NULL,NULL,Stable,1.2,Employee At-Risk,1,1102
3668,Victoria Allen,2023-06-29,2023,6,1,1,NULL,NULL,Stable,1,5,NULL,NULL,Stable,1,NULL,NULL,Stable,2.2,Employee At-Risk,1,879
3669,Tyler Hines,2023-04-11,2023,4,4,4,NULL,NULL,Stable,0,2,NULL,NULL,Stable,4,NULL,NULL,Stable,3.4,Needs monitoring,0,958
3670,Sandra Atkinson,2022-08-16,2022,8,2,2,NULL,NULL,Stable,1,2,NULL,NULL,Stable,3,NULL,NULL,Stable,2.2,Employee At-Risk,1,1196
3671,Simone Hayes,2023-01-10,2023,1,3,3,NULL,NULL,Stable,0,4,NULL,NULL,Stable,5,NULL,NULL,Stable,3.7,Needs monitoring,0,1049
3672,Rhett Valenzuela,2022-11-30,2022,11,3,3,NULL,NULL,Stable,0,2,NULL,NULL,Stable,4,NULL,NULL,Stable,2.9,Employee At-Risk,1,1090
3673,Lane Zuniga,2023-06-08,2023,6,3,3,NULL,NULL,Stable,0,3,NULL,NULL,Stable,1,NULL,NULL,Stable,2.6,Employee At-Risk,1,900
3674,Isabelle Shields,2023-04-02,2023,4,4,4,NULL,NULL,Stable,0,4,NULL,NULL,Stable,3,NULL,NULL,Stable,3.8,Needs monitoring,0,967
3675,Mario Mays,2023-05-05,2023,5,5,5,NULL,NULL,Stable,0,3,NULL,NULL,Stable,2,NULL,NULL,Stable,3.8,Needs monitoring,0,934
3676,Leah Robinson,2022-09-07,2022,9,3,3,NULL,NULL,Stable,0,4,NULL,NULL,Stable,1,NULL,NULL,Stable,2.9,Employee At-Risk,1,1174
3677,Dayami Bailey,2023-07-25,2023,7,3,3,NULL,NULL,Stable,0,5,NULL,NULL,Stable,5,NULL,NULL,Stable,4,Employee is engaged,0,853
3678,Ramon Fleming,2022-11-20,2022,11,3,3,NULL,NULL,Stable,0,4,NULL,NULL,Stable,4,NULL,NULL,Stable,3.5,Needs monitoring,0,1100
3679,Pedro Harrison,2022-10-26,2022,10,4,4,NULL,NULL,Stable,0,2,NULL,NULL,Stable,5,NULL,NULL,Stable,3.6,Needs monitoring,0,1125
3680,Harrison Hudson,2023-04-23,2023,4,3,3,NULL,NULL,Stable,0,2,NULL,NULL,Stable,3,NULL,NULL,Stable,2.7,Employee At-Risk,1,946
3681,Taniya Lane,2022-08-13,2022,8,5,5,NULL,NULL,Stable,0,2,NULL,NULL,Stable,5,NULL,NULL,Stable,4.1,Employee is engaged,0,1199
3682,Rene Wallace,2023-07-30,2023,7,3,3,NULL,NULL,Stable,0,3,NULL,NULL,Stable,3,NULL,NULL,Stable,3,Needs monitoring,0,848
3683,Kai Gaines,2022-10-25,2022,10,2,2,NULL,NULL,Stable,1,1,NULL,NULL,Stable,5,NULL,NULL,Stable,2.3,Employee At-Risk,1,1126
3684,Noelle Levy,2023-04-16,2023,4,5,5,NULL,NULL,Stable,0,5,NULL,NULL,Stable,3,NULL,NULL,Stable,4.6,Employee is engaged,0,953
3685,Kylie Jimenez,2023-01-03,2023,1,4,4,NULL,NULL,Stable,0,3,NULL,NULL,Stable,4,NULL,NULL,Stable,3.7,Needs monitoring,0,1056
3686,Carly Figueroa,2023-01-03,2023,1,3,3,NULL,NULL,Stable,0,3,NULL,NULL,Stable,1,NULL,NULL,Stable,2.6,Employee At-Risk,1,1056
3687,Bria Mcpherson,2022-09-02,2022,9,2,2,NULL,NULL,Stable,1,4,NULL,NULL,Stable,5,NULL,NULL,Stable,3.2,Needs monitoring,0,1179
3688,Brynn Harding,2022-12-02,2022,12,4,4,NULL,NULL,Stable,0,4,NULL,NULL,Stable,4,NULL,NULL,Stable,4,Employee is engaged,0,1088
3689,Rashad Wells,2022-08-17,2022,8,4,4,NULL,NULL,Stable,0,4,NULL,NULL,Stable,3,NULL,NULL,Stable,3.8,Needs monitoring,0,1195
3690,Jaylene Deleon,2023-05-31,2023,5,4,4,NULL,NULL,Stable,0,3,NULL,NULL,Stable,5,NULL,NULL,Stable,3.9,Needs monitoring,0,908
3691,Chace Church,2022-12-07,2022,12,1,1,NULL,NULL,Stable,1,1,NULL,NULL,Stable,5,NULL,NULL,Stable,1.8,Employee At-Risk,1,1083
3692,Zayne Hunter,2023-02-17,2023,2,4,4,NULL,NULL,Stable,0,5,NULL,NULL,Stable,3,NULL,NULL,Stable,4.1,Employee is engaged,0,1011
3693,Amya Vega,2023-04-09,2023,4,3,3,NULL,NULL,Stable,0,1,NULL,NULL,Stable,1,NULL,NULL,Stable,2,Employee At-Risk,1,960
3694,Nickolas West,2023-03-20,2023,3,3,3,NULL,NULL,Stable,0,3,NULL,NULL,Stable,5,NULL,NULL,Stable,3.4,Needs monitoring,0,980
3695,Cason Neal,2022-08-28,2022,8,1,1,NULL,NULL,Stable,1,1,NULL,NULL,Stable,4,NULL,NULL,Stable,1.6,Employee At-Risk,1,1184
3696,Aldo Dyer,2022-12-01,2022,12,2,2,NULL,NULL,Stable,1,1,NULL,NULL,Stable,2,NULL,NULL,Stable,1.7,Employee At-Risk,1,1089
3697,Sonia Skinner,2023-07-20,2023,7,3,3,NULL,NULL,Stable,0,4,NULL,NULL,Stable,1,NULL,NULL,Stable,2.9,Employee At-Risk,1,858
3698,Julien Banks,2023-01-19,2023,1,2,2,NULL,NULL,Stable,1,5,NULL,NULL,Stable,4,NULL,NULL,Stable,3.3,Needs monitoring,0,1040
3699,Madelyn Mcdonald,2023-06-21,2023,6,2,2,NULL,NULL,Stable,1,4,NULL,NULL,Stable,3,NULL,NULL,Stable,2.8,Employee At-Risk,1,887
3700,Brenden Nash,2023-01-18,2023,1,4,4,NULL,NULL,Stable,0,1,NULL,NULL,Stable,1,NULL,NULL,Stable,2.5,Employee At-Risk,1,1041
3701,Genesis Coleman,2023-06-10,2023,6,4,4,NULL,NULL,Stable,0,1,NULL,NULL,Stable,4,NULL,NULL,Stable,3.1,Needs monitoring,0,898
3702,Justice Branch,2023-02-24,2023,2,2,2,NULL,NULL,Stable,1,4,NULL,NULL,Stable,1,NULL,NULL,Stable,2.4,Employee At-Risk,1,1004
3703,Addisyn Guerrero,2023-06-02,2023,6,5,5,NULL,NULL,Stable,0,5,NULL,NULL,Stable,5,NULL,NULL,Stable,5,Employee is engaged,0,906
3704,Addisyn Aguilar,2023-07-07,2023,7,2,2,NULL,NULL,Stable,1,4,NULL,NULL,Stable,5,NULL,NULL,Stable,3.2,Needs monitoring,0,871
3705,Marcos Gallagher,2023-05-25,2023,5,3,3,NULL,NULL,Stable,0,1,NULL,NULL,Stable,4,NULL,NULL,Stable,2.6,Employee At-Risk,1,914
3706,Mareli Parker,2023-07-17,2023,7,2,2,NULL,NULL,Stable,1,1,NULL,NULL,Stable,4,NULL,NULL,Stable,2.1,Employee At-Risk,1,861
3707,Joshua Mitchell,2023-03-24,2023,3,3,3,NULL,NULL,Stable,0,2,NULL,NULL,Stable,4,NULL,NULL,Stable,2.9,Employee At-Risk,1,976
3708,Case Gaines,2022-08-21,2022,8,5,5,NULL,NULL,Stable,0,5,NULL,NULL,Stable,2,NULL,NULL,Stable,4.4,Employee is engaged,0,1191
3709,Jacey Reyes,2023-05-08,2023,5,3,3,NULL,NULL,Stable,0,5,NULL,NULL,Stable,3,NULL,NULL,Stable,3.6,Needs monitoring,0,931
3710,Dean Middleton,2023-02-28,2023,2,5,5,NULL,NULL,Stable,0,5,NULL,NULL,Stable,3,NULL,NULL,Stable,4.6,Employee is engaged,0,1000
3711,Marlene Bates,2022-12-14,2022,12,4,4,NULL,NULL,Stable,0,3,NULL,NULL,Stable,3,NULL,NULL,Stable,3.5,Needs monitoring,0,1076
3712,Kyra Ray,2023-01-25,2023,1,2,2,NULL,NULL,Stable,1,3,NULL,NULL,Stable,1,NULL,NULL,Stable,2.1,Employee At-Risk,1,1034
3713,Melanie Kennedy,2022-10-30,2022,10,3,3,NULL,NULL,Stable,0,4,NULL,NULL,Stable,1,NULL,NULL,Stable,2.9,Employee At-Risk,1,1121
3714,Aleena Mercer,2023-07-21,2023,7,3,3,NULL,NULL,Stable,0,5,NULL,NULL,Stable,2,NULL,NULL,Stable,3.4,Needs monitoring,0,857
3715,Jake White,2023-05-20,2023,5,1,1,NULL,NULL,Stable,1,1,NULL,NULL,Stable,4,NULL,NULL,Stable,1.6,Employee At-Risk,1,919
3716,Chaim Chase,2022-11-19,2022,11,5,5,NULL,NULL,Stable,0,3,NULL,NULL,Stable,3,NULL,NULL,Stable,4,Employee is engaged,0,1101
3717,Keshawn Le,2023-01-01,2023,1,4,4,NULL,NULL,Stable,0,1,NULL,NULL,Stable,3,NULL,NULL,Stable,2.9,Employee At-Risk,1,1058
3718,Dalton Frazier,2022-10-05,2022,10,1,1,NULL,NULL,Stable,1,1,NULL,NULL,Stable,3,NULL,NULL,Stable,1.4,Employee At-Risk,1,1146
3719,Cannon Hester,2022-11-27,2022,11,1,1,NULL,NULL,Stable,1,2,NULL,NULL,Stable,1,NULL,NULL,Stable,1.3,Employee At-Risk,1,1093
3720,Crystal Brandt,2023-05-15,2023,5,2,2,NULL,NULL,Stable,1,1,NULL,NULL,Stable,5,NULL,NULL,Stable,2.3,Employee At-Risk,1,924
3721,Johnny Goodman,2023-02-07,2023,2,5,5,NULL,NULL,Stable,0,4,NULL,NULL,Stable,5,NULL,NULL,Stable,4.7,Employee is engaged,0,1021
3722,Nehemiah Hancock,2023-06-01,2023,6,1,1,NULL,NULL,Stable,1,5,NULL,NULL,Stable,5,NULL,NULL,Stable,3,Needs monitoring,0,907
3723,Elliana Villanueva,2023-06-18,2023,6,2,2,NULL,NULL,Stable,1,1,NULL,NULL,Stable,4,NULL,NULL,Stable,2.1,Employee At-Risk,1,890
3724,Essence Schwartz,2023-02-04,2023,2,1,1,NULL,NULL,Stable,1,2,NULL,NULL,Stable,5,NULL,NULL,Stable,2.1,Employee At-Risk,1,1024
3725,Ryker Cox,2023-05-17,2023,5,4,4,NULL,NULL,Stable,0,3,NULL,NULL,Stable,3,NULL,NULL,Stable,3.5,Needs monitoring,0,922
3726,Averi Stevenson,2022-10-01,2022,10,1,1,NULL,NULL,Stable,1,4,NULL,NULL,Stable,1,NULL,NULL,Stable,1.9,Employee At-Risk,1,1150
3727,Katherine Russo,2022-10-11,2022,10,1,1,NULL,NULL,Stable,1,2,NULL,NULL,Stable,5,NULL,NULL,Stable,2.1,Employee At-Risk,1,1140
3728,Aydan Robbins,2023-04-18,2023,4,5,5,NULL,NULL,Stable,0,1,NULL,NULL,Stable,2,NULL,NULL,Stable,3.2,Needs monitoring,0,951
3729,Heaven Walls,2023-03-19,2023,3,4,4,NULL,NULL,Stable,0,5,NULL,NULL,Stable,3,NULL,NULL,Stable,4.1,Employee is engaged,0,981
3730,Bobby Chung,2023-02-20,2023,2,4,4,NULL,NULL,Stable,0,5,NULL,NULL,Stable,5,NULL,NULL,Stable,4.5,Employee is engaged,0,1008
3731,Maximus Fields,2023-04-11,2023,4,2,2,NULL,NULL,Stable,1,4,NULL,NULL,Stable,1,NULL,NULL,Stable,2.4,Employee At-Risk,1,958
3732,Orion Ochoa,2022-12-12,2022,12,3,3,NULL,NULL,Stable,0,4,NULL,NULL,Stable,4,NULL,NULL,Stable,3.5,Needs monitoring,0,1078
3733,Halle Boyd,2023-08-05,2023,8,1,1,NULL,NULL,Stable,1,3,NULL,NULL,Stable,5,NULL,NULL,Stable,2.4,Employee At-Risk,1,842
3734,Lindsey Rocha,2023-07-31,2023,7,4,4,NULL,NULL,Stable,0,5,NULL,NULL,Stable,2,NULL,NULL,Stable,3.9,Needs monitoring,0,847
3735,Chace Gray,2023-02-03,2023,2,4,4,NULL,NULL,Stable,0,4,NULL,NULL,Stable,4,NULL,NULL,Stable,4,Employee is engaged,0,1025
3736,Carsen Wheeler,2022-09-14,2022,9,3,3,NULL,NULL,Stable,0,1,NULL,NULL,Stable,3,NULL,NULL,Stable,2.4,Employee At-Risk,1,1167
3737,Arielle Escobar,2022-09-09,2022,9,2,2,NULL,NULL,Stable,1,5,NULL,NULL,Stable,1,NULL,NULL,Stable,2.7,Employee At-Risk,1,1172
3738,Kaitlynn Blair,2022-09-19,2022,9,3,3,NULL,NULL,Stable,0,3,NULL,NULL,Stable,5,NULL,NULL,Stable,3.4,Needs monitoring,0,1162
3739,Amir Melendez,2023-05-23,2023,5,1,1,NULL,NULL,Stable,1,3,NULL,NULL,Stable,4,NULL,NULL,Stable,2.2,Employee At-Risk,1,916
3740,Monique Buckley,2023-06-23,2023,6,2,2,NULL,NULL,Stable,1,2,NULL,NULL,Stable,4,NULL,NULL,Stable,2.4,Employee At-Risk,1,885
3741,Clark Blanchard,2022-09-01,2022,9,2,2,NULL,NULL,Stable,1,5,NULL,NULL,Stable,4,NULL,NULL,Stable,3.3,Needs monitoring,0,1180
3742,Gabriel Pearson,2023-01-07,2023,1,2,2,NULL,NULL,Stable,1,1,NULL,NULL,Stable,1,NULL,NULL,Stable,1.5,Employee At-Risk,1,1052
3743,Mercedes Cook,2022-08-11,2022,8,2,2,NULL,NULL,Stable,1,1,NULL,NULL,Stable,3,NULL,NULL,Stable,1.9,Employee At-Risk,1,1201
3744,Skyler Blankenship,2022-09-05,2022,9,4,4,NULL,NULL,Stable,0,3,NULL,NULL,Stable,2,NULL,NULL,Stable,3.3,Needs monitoring,0,1176
3745,Jordan Davis,2023-01-13,2023,1,5,5,NULL,NULL,Stable,0,4,NULL,NULL,Stable,4,NULL,NULL,Stable,4.5,Employee is engaged,0,1046
3746,Bridget Wu,2022-11-06,2022,11,2,2,NULL,NULL,Stable,1,1,NULL,NULL,Stable,5,NULL,NULL,Stable,2.3,Employee At-Risk,1,1114
3747,Gabriel Kirk,2023-04-26,2023,4,2,2,NULL,NULL,Stable,1,5,NULL,NULL,Stable,5,NULL,NULL,Stable,3.5,Needs monitoring,0,943
3748,Aron Ali,2022-11-18,2022,11,4,4,NULL,NULL,Stable,0,1,NULL,NULL,Stable,3,NULL,NULL,Stable,2.9,Employee At-Risk,1,1102
3749,Kayden Soto,2023-04-01,2023,4,1,1,NULL,NULL,Stable,1,3,NULL,NULL,Stable,3,NULL,NULL,Stable,2,Employee At-Risk,1,968
3750,Micaela Conner,2022-12-07,2022,12,4,4,NULL,NULL,Stable,0,1,NULL,NULL,Stable,5,NULL,NULL,Stable,3.3,Needs monitoring,0,1083
3751,Arthur Mitchell,2023-04-05,2023,4,1,1,NULL,NULL,Stable,1,1,NULL,NULL,Stable,4,NULL,NULL,Stable,1.6,Employee At-Risk,1,964
3752,Deven Morse,2023-08-04,2023,8,3,3,NULL,NULL,Stable,0,1,NULL,NULL,Stable,5,NULL,NULL,Stable,2.8,Employee At-Risk,1,843
3753,George Villegas,2023-02-23,2023,2,1,1,NULL,NULL,Stable,1,3,NULL,NULL,Stable,2,NULL,NULL,Stable,1.8,Employee At-Risk,1,1005
3754,Arielle Potts,2023-04-23,2023,4,3,3,NULL,NULL,Stable,0,3,NULL,NULL,Stable,5,NULL,NULL,Stable,3.4,Needs monitoring,0,946
3755,Maxwell Howell,2023-07-11,2023,7,5,5,NULL,NULL,Stable,0,4,NULL,NULL,Stable,2,NULL,NULL,Stable,4.1,Employee is engaged,0,867
3756,Junior Bridges,2022-11-23,2022,11,1,1,NULL,NULL,Stable,1,5,NULL,NULL,Stable,3,NULL,NULL,Stable,2.6,Employee At-Risk,1,1097
3757,Salvatore Noble,2023-07-24,2023,7,4,4,NULL,NULL,Stable,0,4,NULL,NULL,Stable,5,NULL,NULL,Stable,4.2,Employee is engaged,0,854
3758,Heath Hodges,2022-10-04,2022,10,2,2,NULL,NULL,Stable,1,1,NULL,NULL,Stable,1,NULL,NULL,Stable,1.5,Employee At-Risk,1,1147
3759,Gabriella Warner,2022-11-28,2022,11,3,3,NULL,NULL,Stable,0,4,NULL,NULL,Stable,1,NULL,NULL,Stable,2.9,Employee At-Risk,1,1092
3760,Ryan Tate,2022-10-28,2022,10,4,4,NULL,NULL,Stable,0,3,NULL,NULL,Stable,1,NULL,NULL,Stable,3.1,Needs monitoring,0,1123
3761,Hazel Vincent,2023-05-30,2023,5,2,2,NULL,NULL,Stable,1,4,NULL,NULL,Stable,1,NULL,NULL,Stable,2.4,Employee At-Risk,1,909
3762,Gavyn Riggs,2022-08-06,2022,8,2,2,NULL,NULL,Stable,1,1,NULL,NULL,Stable,1,NULL,NULL,Stable,1.5,Employee At-Risk,1,1206
3763,Giancarlo Cross,2023-07-09,2023,7,3,3,NULL,NULL,Stable,0,2,NULL,NULL,Stable,5,NULL,NULL,Stable,3.1,Needs monitoring,0,869
3764,Cristal Bradshaw,2023-07-11,2023,7,2,2,NULL,NULL,Stable,1,1,NULL,NULL,Stable,5,NULL,NULL,Stable,2.3,Employee At-Risk,1,867
3765,Guadalupe Burke,2023-01-02,2023,1,1,1,NULL,NULL,Stable,1,1,NULL,NULL,Stable,2,NULL,NULL,Stable,1.2,Employee At-Risk,1,1057
3766,Elisa Henry,2023-05-12,2023,5,4,4,NULL,NULL,Stable,0,4,NULL,NULL,Stable,5,NULL,NULL,Stable,4.2,Employee is engaged,0,927
3767,Kale Fischer,2023-07-09,2023,7,2,2,NULL,NULL,Stable,1,5,NULL,NULL,Stable,3,NULL,NULL,Stable,3.1,Needs monitoring,0,869
3768,Morgan Blackwell,2023-01-27,2023,1,2,2,NULL,NULL,Stable,1,4,NULL,NULL,Stable,1,NULL,NULL,Stable,2.4,Employee At-Risk,1,1032
3769,Ivan Wright,2022-09-25,2022,9,3,3,NULL,NULL,Stable,0,5,NULL,NULL,Stable,3,NULL,NULL,Stable,3.6,Needs monitoring,0,1156
3770,Nayeli Hood,2023-05-06,2023,5,1,1,NULL,NULL,Stable,1,3,NULL,NULL,Stable,3,NULL,NULL,Stable,2,Employee At-Risk,1,933
3771,Marilyn Smith,2022-09-25,2022,9,2,2,NULL,NULL,Stable,1,2,NULL,NULL,Stable,4,NULL,NULL,Stable,2.4,Employee At-Risk,1,1156
3772,Zoie Rowland,2022-09-10,2022,9,2,2,NULL,NULL,Stable,1,5,NULL,NULL,Stable,1,NULL,NULL,Stable,2.7,Employee At-Risk,1,1171
3773,Ann Nguyen,2022-10-16,2022,10,1,1,NULL,NULL,Stable,1,5,NULL,NULL,Stable,2,NULL,NULL,Stable,2.4,Employee At-Risk,1,1135
3774,Ramiro Savage,2023-04-11,2023,4,5,5,NULL,NULL,Stable,0,3,NULL,NULL,Stable,1,NULL,NULL,Stable,3.6,Needs monitoring,0,958
3775,Karma Koch,2023-04-15,2023,4,2,2,NULL,NULL,Stable,1,1,NULL,NULL,Stable,3,NULL,NULL,Stable,1.9,Employee At-Risk,1,954
3776,Jacqueline Hendrix,2022-12-13,2022,12,4,4,NULL,NULL,Stable,0,1,NULL,NULL,Stable,5,NULL,NULL,Stable,3.3,Needs monitoring,0,1077
3777,Kaitlin Barker,2022-10-28,2022,10,4,4,NULL,NULL,Stable,0,3,NULL,NULL,Stable,2,NULL,NULL,Stable,3.3,Needs monitoring,0,1123
3778,Semaj Griffith,2023-02-06,2023,2,1,1,NULL,NULL,Stable,1,5,NULL,NULL,Stable,3,NULL,NULL,Stable,2.6,Employee At-Risk,1,1022
3779,Damian Burke,2023-06-18,2023,6,4,4,NULL,NULL,Stable,0,1,NULL,NULL,Stable,1,NULL,NULL,Stable,2.5,Employee At-Risk,1,890
3780,Jessie Smith,2023-05-21,2023,5,2,2,NULL,NULL,Stable,1,3,NULL,NULL,Stable,2,NULL,NULL,Stable,2.3,Employee At-Risk,1,918
3781,Hezekiah Cummings,2022-08-09,2022,8,5,5,NULL,NULL,Stable,0,3,NULL,NULL,Stable,1,NULL,NULL,Stable,3.6,Needs monitoring,0,1203
3782,Brody House,2023-07-19,2023,7,1,1,NULL,NULL,Stable,1,5,NULL,NULL,Stable,1,NULL,NULL,Stable,2.2,Employee At-Risk,1,859
3783,Aaliyah Watts,2023-03-07,2023,3,3,3,NULL,NULL,Stable,0,4,NULL,NULL,Stable,3,NULL,NULL,Stable,3.3,Needs monitoring,0,993
3784,Ashton Larsen,2023-03-04,2023,3,3,3,NULL,NULL,Stable,0,3,NULL,NULL,Stable,2,NULL,NULL,Stable,2.8,Employee At-Risk,1,996
3785,Joshua Gibson,2023-05-05,2023,5,3,3,NULL,NULL,Stable,0,2,NULL,NULL,Stable,2,NULL,NULL,Stable,2.5,Employee At-Risk,1,934
3786,Kyleigh Bauer,2022-12-29,2022,12,3,3,NULL,NULL,Stable,0,4,NULL,NULL,Stable,2,NULL,NULL,Stable,3.1,Needs monitoring,0,1061
3787,Ramon Schultz,2023-03-06,2023,3,1,1,NULL,NULL,Stable,1,2,NULL,NULL,Stable,1,NULL,NULL,Stable,1.3,Employee At-Risk,1,994
3788,Maxim Houston,2023-05-05,2023,5,3,3,NULL,NULL,Stable,0,4,NULL,NULL,Stable,2,NULL,NULL,Stable,3.1,Needs monitoring,0,934
3789,Deanna Sellers,2022-09-25,2022,9,3,3,NULL,NULL,Stable,0,1,NULL,NULL,Stable,4,NULL,NULL,Stable,2.6,Employee At-Risk,1,1156
3790,Frankie Figueroa,2023-07-31,2023,7,3,3,NULL,NULL,Stable,0,2,NULL,NULL,Stable,1,NULL,NULL,Stable,2.3,Employee At-Risk,1,847
3791,Bentley Rush,2022-09-07,2022,9,4,4,NULL,NULL,Stable,0,1,NULL,NULL,Stable,1,NULL,NULL,Stable,2.5,Employee At-Risk,1,1174
3792,Alexia Pham,2022-09-25,2022,9,2,2,NULL,NULL,Stable,1,2,NULL,NULL,Stable,2,NULL,NULL,Stable,2,Employee At-Risk,1,1156
3793,Roselyn Roberts,2023-05-15,2023,5,2,2,NULL,NULL,Stable,1,3,NULL,NULL,Stable,3,NULL,NULL,Stable,2.5,Employee At-Risk,1,924
3794,Ayden Chambers,2022-12-05,2022,12,1,1,NULL,NULL,Stable,1,1,NULL,NULL,Stable,3,NULL,NULL,Stable,1.4,Employee At-Risk,1,1085
3795,Kaitlynn Serrano,2022-09-29,2022,9,4,4,NULL,NULL,Stable,0,3,NULL,NULL,Stable,2,NULL,NULL,Stable,3.3,Needs monitoring,0,1152
3796,Jefferson White,2023-06-28,2023,6,1,1,NULL,NULL,Stable,1,5,NULL,NULL,Stable,2,NULL,NULL,Stable,2.4,Employee At-Risk,1,880
3797,Maria Grant,2022-09-03,2022,9,3,3,NULL,NULL,Stable,0,4,NULL,NULL,Stable,2,NULL,NULL,Stable,3.1,Needs monitoring,0,1178
3798,Bryanna Ibarra,2022-11-08,2022,11,1,1,NULL,NULL,Stable,1,1,NULL,NULL,Stable,1,NULL,NULL,Stable,1,Employee At-Risk,1,1112
3799,Sophie Zavala,2022-12-24,2022,12,3,3,NULL,NULL,Stable,0,1,NULL,NULL,Stable,3,NULL,NULL,Stable,2.4,Employee At-Risk,1,1066
3800,Amya Grant,2022-12-08,2022,12,5,5,NULL,NULL,Stable,0,3,NULL,NULL,Stable,5,NULL,NULL,Stable,4.4,Employee is engaged,0,1082
3801,Jaydan Neal,2022-11-27,2022,11,2,2,NULL,NULL,Stable,1,1,NULL,NULL,Stable,4,NULL,NULL,Stable,2.1,Employee At-Risk,1,1093
3802,Amiyah Ramirez,2023-01-09,2023,1,3,3,NULL,NULL,Stable,0,3,NULL,NULL,Stable,5,NULL,NULL,Stable,3.4,Needs monitoring,0,1050
3803,Kai Holt,2022-12-07,2022,12,1,1,NULL,NULL,Stable,1,2,NULL,NULL,Stable,5,NULL,NULL,Stable,2.1,Employee At-Risk,1,1083
3804,Brendon Wilson,2023-03-07,2023,3,3,3,NULL,NULL,Stable,0,2,NULL,NULL,Stable,2,NULL,NULL,Stable,2.5,Employee At-Risk,1,993
3805,Nancy Short,2022-12-31,2022,12,2,2,NULL,NULL,Stable,1,5,NULL,NULL,Stable,2,NULL,NULL,Stable,2.9,Employee At-Risk,1,1059
3806,Isabella Wilkins,2023-03-13,2023,3,4,4,NULL,NULL,Stable,0,1,NULL,NULL,Stable,5,NULL,NULL,Stable,3.3,Needs monitoring,0,987
3807,Mayra Moss,2022-08-17,2022,8,4,4,NULL,NULL,Stable,0,5,NULL,NULL,Stable,4,NULL,NULL,Stable,4.3,Employee is engaged,0,1195
3808,Maria Gonzalez,2023-01-27,2023,1,5,5,NULL,NULL,Stable,0,4,NULL,NULL,Stable,4,NULL,NULL,Stable,4.5,Employee is engaged,0,1032
3809,Jumil Turpin,2022-09-04,2022,9,3,3,NULL,NULL,Stable,0,1,NULL,NULL,Stable,5,NULL,NULL,Stable,2.8,Employee At-Risk,1,1177
3810,Ann Daniele,2022-12-22,2022,12,3,3,NULL,NULL,Stable,0,3,NULL,NULL,Stable,1,NULL,NULL,Stable,2.6,Employee At-Risk,1,1068
3811,Joe South,2023-05-18,2023,5,1,1,NULL,NULL,Stable,1,1,NULL,NULL,Stable,1,NULL,NULL,Stable,1,Employee At-Risk,1,921
3812,Sarah Warfield,2023-01-11,2023,1,3,3,NULL,NULL,Stable,0,3,NULL,NULL,Stable,1,NULL,NULL,Stable,2.6,Employee At-Risk,1,1048
3813,Alejandro Bacong,2023-06-06,2023,6,2,2,NULL,NULL,Stable,1,3,NULL,NULL,Stable,4,NULL,NULL,Stable,2.7,Employee At-Risk,1,902
3814,Jyoti Lajiri,2023-07-08,2023,7,4,4,NULL,NULL,Stable,0,1,NULL,NULL,Stable,2,NULL,NULL,Stable,2.7,Employee At-Risk,1,870
3815,Neville Tredinnick,2023-02-23,2023,2,1,1,NULL,NULL,Stable,1,5,NULL,NULL,Stable,3,NULL,NULL,Stable,2.6,Employee At-Risk,1,1005
3816,Anthony Cisco,2022-12-26,2022,12,1,1,NULL,NULL,Stable,1,1,NULL,NULL,Stable,5,NULL,NULL,Stable,1.8,Employee At-Risk,1,1064
3817,Linda Dolan,2023-06-24,2023,6,3,3,NULL,NULL,Stable,0,3,NULL,NULL,Stable,1,NULL,NULL,Stable,2.6,Employee At-Risk,1,884
3818,Carlos Merlos,2023-01-28,2023,1,1,1,NULL,NULL,Stable,1,1,NULL,NULL,Stable,3,NULL,NULL,Stable,1.4,Employee At-Risk,1,1031
3819,Tanya Morway,2023-07-01,2023,7,4,4,NULL,NULL,Stable,0,1,NULL,NULL,Stable,1,NULL,NULL,Stable,2.5,Employee At-Risk,1,877
3820,Anita Shepard,2023-07-26,2023,7,1,1,NULL,NULL,Stable,1,3,NULL,NULL,Stable,4,NULL,NULL,Stable,2.2,Employee At-Risk,1,852
3821,Jeremiah Semizoglou,2022-12-05,2022,12,5,5,NULL,NULL,Stable,0,4,NULL,NULL,Stable,4,NULL,NULL,Stable,4.5,Employee is engaged,0,1085
3822,Katrina Lambert,2023-03-23,2023,3,4,4,NULL,NULL,Stable,0,4,NULL,NULL,Stable,5,NULL,NULL,Stable,4.2,Employee is engaged,0,977
3823,Alexzander Pope,2022-11-16,2022,11,5,5,NULL,NULL,Stable,0,4,NULL,NULL,Stable,1,NULL,NULL,Stable,3.9,Needs monitoring,0,1104
3824,Derek Holmes,2023-02-13,2023,2,4,4,NULL,NULL,Stable,0,4,NULL,NULL,Stable,5,NULL,NULL,Stable,4.2,Employee is engaged,0,1015
3825,Danika Deleon,2022-12-22,2022,12,4,4,NULL,NULL,Stable,0,4,NULL,NULL,Stable,2,NULL,NULL,Stable,3.6,Needs monitoring,0,1068
3826,Sabrina Durham,2022-11-17,2022,11,2,2,NULL,NULL,Stable,1,1,NULL,NULL,Stable,3,NULL,NULL,Stable,1.9,Employee At-Risk,1,1103
3827,Frankie Carrillo,2022-12-25,2022,12,3,3,NULL,NULL,Stable,0,3,NULL,NULL,Stable,4,NULL,NULL,Stable,3.2,Needs monitoring,0,1065
3828,Quintin Solomon,2023-02-21,2023,2,2,2,NULL,NULL,Stable,1,5,NULL,NULL,Stable,1,NULL,NULL,Stable,2.7,Employee At-Risk,1,1007
3829,Jaqueline Pittman,2022-10-30,2022,10,3,3,NULL,NULL,Stable,0,2,NULL,NULL,Stable,1,NULL,NULL,Stable,2.3,Employee At-Risk,1,1121
3830,Mariana Glass,2022-12-28,2022,12,1,1,NULL,NULL,Stable,1,1,NULL,NULL,Stable,3,NULL,NULL,Stable,1.4,Employee At-Risk,1,1062
3831,Payton Cross,2023-05-19,2023,5,3,3,NULL,NULL,Stable,0,2,NULL,NULL,Stable,5,NULL,NULL,Stable,3.1,Needs monitoring,0,920
3832,Sloane Rasmussen,2022-11-03,2022,11,1,1,NULL,NULL,Stable,1,4,NULL,NULL,Stable,5,NULL,NULL,Stable,2.7,Employee At-Risk,1,1117
3833,Elise Vazquez,2023-02-04,2023,2,3,3,NULL,NULL,Stable,0,5,NULL,NULL,Stable,2,NULL,NULL,Stable,3.4,Needs monitoring,0,1024
3834,Monique Pierce,2023-01-25,2023,1,3,3,NULL,NULL,Stable,0,5,NULL,NULL,Stable,5,NULL,NULL,Stable,4,Employee is engaged,0,1034
3835,Axel Higgins,2022-10-01,2022,10,5,5,NULL,NULL,Stable,0,3,NULL,NULL,Stable,1,NULL,NULL,Stable,3.6,Needs monitoring,0,1150
3836,Marcos Petty,2023-03-04,2023,3,2,2,NULL,NULL,Stable,1,3,NULL,NULL,Stable,5,NULL,NULL,Stable,2.9,Employee At-Risk,1,996
3837,Mia Cowan,2022-10-15,2022,10,5,5,NULL,NULL,Stable,0,3,NULL,NULL,Stable,1,NULL,NULL,Stable,3.6,Needs monitoring,0,1136
3838,Tanya Leonard,2022-12-05,2022,12,1,1,NULL,NULL,Stable,1,1,NULL,NULL,Stable,2,NULL,NULL,Stable,1.2,Employee At-Risk,1,1085
3839,Dereon Page,2023-04-04,2023,4,3,3,NULL,NULL,Stable,0,3,NULL,NULL,Stable,4,NULL,NULL,Stable,3.2,Needs monitoring,0,965
3840,Meadow Boyer,2023-02-03,2023,2,1,1,NULL,NULL,Stable,1,5,NULL,NULL,Stable,4,NULL,NULL,Stable,2.8,Employee At-Risk,1,1025
3841,Paris Simpson,2023-05-18,2023,5,5,5,NULL,NULL,Stable,0,4,NULL,NULL,Stable,4,NULL,NULL,Stable,4.5,Employee is engaged,0,921
3842,Kyla Durham,2023-07-31,2023,7,2,2,NULL,NULL,Stable,1,5,NULL,NULL,Stable,5,NULL,NULL,Stable,3.5,Needs monitoring,0,847
3843,Cassidy Maddox,2022-11-16,2022,11,3,3,NULL,NULL,Stable,0,5,NULL,NULL,Stable,5,NULL,NULL,Stable,4,Employee is engaged,0,1104
3844,Edgar Underwood,2023-02-01,2023,2,3,3,NULL,NULL,Stable,0,2,NULL,NULL,Stable,5,NULL,NULL,Stable,3.1,Needs monitoring,0,1027
3845,Jaiden Underwood,2023-08-05,2023,8,4,4,NULL,NULL,Stable,0,5,NULL,NULL,Stable,3,NULL,NULL,Stable,4.1,Employee is engaged,0,842
3846,Eugene Potts,2023-01-27,2023,1,4,4,NULL,NULL,Stable,0,5,NULL,NULL,Stable,1,NULL,NULL,Stable,3.7,Needs monitoring,0,1032
3847,Gilbert Klein,2022-10-04,2022,10,5,5,NULL,NULL,Stable,0,3,NULL,NULL,Stable,1,NULL,NULL,Stable,3.6,Needs monitoring,0,1147
3848,Nathaly Huffman,2022-10-02,2022,10,5,5,NULL,NULL,Stable,0,1,NULL,NULL,Stable,4,NULL,NULL,Stable,3.6,Needs monitoring,0,1149
3849,Nancy Clay,2022-09-07,2022,9,3,3,NULL,NULL,Stable,0,3,NULL,NULL,Stable,1,NULL,NULL,Stable,2.6,Employee At-Risk,1,1174
3850,Kylie Cantrell,2022-10-15,2022,10,1,1,NULL,NULL,Stable,1,3,NULL,NULL,Stable,5,NULL,NULL,Stable,2.4,Employee At-Risk,1,1136
3851,Vance Marquez,2022-08-27,2022,8,5,5,NULL,NULL,Stable,0,2,NULL,NULL,Stable,1,NULL,NULL,Stable,3.3,Needs monitoring,0,1185
3852,Dante Wyatt,2023-05-30,2023,5,5,5,NULL,NULL,Stable,0,2,NULL,NULL,Stable,4,NULL,NULL,Stable,3.9,Needs monitoring,0,909
3853,Rey Monroe,2023-02-04,2023,2,1,1,NULL,NULL,Stable,1,3,NULL,NULL,Stable,3,NULL,NULL,Stable,2,Employee At-Risk,1,1024
3854,Jayden Mckee,2023-07-18,2023,7,5,5,NULL,NULL,Stable,0,2,NULL,NULL,Stable,5,NULL,NULL,Stable,4.1,Employee is engaged,0,860
3855,Brady Yoder,2023-04-24,2023,4,5,5,NULL,NULL,Stable,0,3,NULL,NULL,Stable,4,NULL,NULL,Stable,4.2,Employee is engaged,0,945
3856,Darwin Allen,2023-01-17,2023,1,5,5,NULL,NULL,Stable,0,1,NULL,NULL,Stable,4,NULL,NULL,Stable,3.6,Needs monitoring,0,1042
3857,Jasper Harrison,2022-09-18,2022,9,1,1,NULL,NULL,Stable,1,1,NULL,NULL,Stable,2,NULL,NULL,Stable,1.2,Employee At-Risk,1,1163
3858,Bailey Humphrey,2023-05-07,2023,5,3,3,NULL,NULL,Stable,0,3,NULL,NULL,Stable,1,NULL,NULL,Stable,2.6,Employee At-Risk,1,932
3859,Clare English,2023-08-02,2023,8,1,1,NULL,NULL,Stable,1,2,NULL,NULL,Stable,5,NULL,NULL,Stable,2.1,Employee At-Risk,1,845
3860,Amy Sherman,2023-06-26,2023,6,2,2,NULL,NULL,Stable,1,4,NULL,NULL,Stable,3,NULL,NULL,Stable,2.8,Employee At-Risk,1,882
3861,Lizbeth Hunt,2023-07-19,2023,7,3,3,NULL,NULL,Stable,0,1,NULL,NULL,Stable,5,NULL,NULL,Stable,2.8,Employee At-Risk,1,859
3862,Eden Armstrong,2023-01-08,2023,1,3,3,NULL,NULL,Stable,0,1,NULL,NULL,Stable,3,NULL,NULL,Stable,2.4,Employee At-Risk,1,1051
3863,Eugene Mueller,2022-11-23,2022,11,4,4,NULL,NULL,Stable,0,2,NULL,NULL,Stable,1,NULL,NULL,Stable,2.8,Employee At-Risk,1,1097
3864,Tiffany Washington,2022-11-11,2022,11,3,3,NULL,NULL,Stable,0,4,NULL,NULL,Stable,2,NULL,NULL,Stable,3.1,Needs monitoring,0,1109
3865,Sloane Moss,2023-05-26,2023,5,1,1,NULL,NULL,Stable,1,4,NULL,NULL,Stable,3,NULL,NULL,Stable,2.3,Employee At-Risk,1,913
3866,Kaeden Vargas,2022-09-16,2022,9,2,2,NULL,NULL,Stable,1,1,NULL,NULL,Stable,5,NULL,NULL,Stable,2.3,Employee At-Risk,1,1165
3867,Lena Sandoval,2022-10-31,2022,10,5,5,NULL,NULL,Stable,0,3,NULL,NULL,Stable,3,NULL,NULL,Stable,4,Employee is engaged,0,1120
3868,Adrien Olsen,2022-09-16,2022,9,3,3,NULL,NULL,Stable,0,1,NULL,NULL,Stable,2,NULL,NULL,Stable,2.2,Employee At-Risk,1,1165
3869,Damari Brewer,2023-01-07,2023,1,1,1,NULL,NULL,Stable,1,4,NULL,NULL,Stable,2,NULL,NULL,Stable,2.1,Employee At-Risk,1,1052
3870,Annalise Gross,2023-02-13,2023,2,1,1,NULL,NULL,Stable,1,5,NULL,NULL,Stable,1,NULL,NULL,Stable,2.2,Employee At-Risk,1,1015
3871,Kamari Mcgrath,2023-07-15,2023,7,4,4,NULL,NULL,Stable,0,5,NULL,NULL,Stable,2,NULL,NULL,Stable,3.9,Needs monitoring,0,863
3872,Lorena Rice,2022-08-15,2022,8,5,5,NULL,NULL,Stable,0,5,NULL,NULL,Stable,3,NULL,NULL,Stable,4.6,Employee is engaged,0,1197
3873,Eliezer Stokes,2023-03-25,2023,3,3,3,NULL,NULL,Stable,0,4,NULL,NULL,Stable,5,NULL,NULL,Stable,3.7,Needs monitoring,0,975
3874,Aspen Reyes,2022-10-01,2022,10,4,4,NULL,NULL,Stable,0,4,NULL,NULL,Stable,5,NULL,NULL,Stable,4.2,Employee is engaged,0,1150
3875,Rudy Richardson,2023-02-02,2023,2,5,5,NULL,NULL,Stable,0,5,NULL,NULL,Stable,1,NULL,NULL,Stable,4.2,Employee is engaged,0,1026
3876,Alana Castro,2022-11-07,2022,11,3,3,NULL,NULL,Stable,0,2,NULL,NULL,Stable,5,NULL,NULL,Stable,3.1,Needs monitoring,0,1113
3877,Oscar Lopez,2023-06-30,2023,6,3,3,NULL,NULL,Stable,0,3,NULL,NULL,Stable,4,NULL,NULL,Stable,3.2,Needs monitoring,0,878
3878,Carter Cook,2023-02-23,2023,2,4,4,NULL,NULL,Stable,0,4,NULL,NULL,Stable,1,NULL,NULL,Stable,3.4,Needs monitoring,0,1005
3879,Liam Hanna,2022-12-22,2022,12,1,1,NULL,NULL,Stable,1,5,NULL,NULL,Stable,2,NULL,NULL,Stable,2.4,Employee At-Risk,1,1068
3880,Zara Pitts,2022-09-18,2022,9,4,4,NULL,NULL,Stable,0,3,NULL,NULL,Stable,1,NULL,NULL,Stable,3.1,Needs monitoring,0,1163
3881,Abby Woodward,2022-10-20,2022,10,5,5,NULL,NULL,Stable,0,3,NULL,NULL,Stable,5,NULL,NULL,Stable,4.4,Employee is engaged,0,1131
3882,Litzy Esparza,2022-09-19,2022,9,5,5,NULL,NULL,Stable,0,3,NULL,NULL,Stable,3,NULL,NULL,Stable,4,Employee is engaged,0,1162
3883,Noemi Brewer,2023-03-13,2023,3,2,2,NULL,NULL,Stable,1,2,NULL,NULL,Stable,1,NULL,NULL,Stable,1.8,Employee At-Risk,1,987
3884,Gilberto Macdonald,2023-07-30,2023,7,4,4,NULL,NULL,Stable,0,2,NULL,NULL,Stable,3,NULL,NULL,Stable,3.2,Needs monitoring,0,848
3885,Armando Macias,2023-07-30,2023,7,5,5,NULL,NULL,Stable,0,5,NULL,NULL,Stable,5,NULL,NULL,Stable,5,Employee is engaged,0,848
3886,Britney Kelly,2022-08-30,2022,8,5,5,NULL,NULL,Stable,0,2,NULL,NULL,Stable,5,NULL,NULL,Stable,4.1,Employee is engaged,0,1182
3887,Emanuel Haas,2022-11-04,2022,11,2,2,NULL,NULL,Stable,1,3,NULL,NULL,Stable,5,NULL,NULL,Stable,2.9,Employee At-Risk,1,1116
3888,Karlie Drake,2023-05-02,2023,5,3,3,NULL,NULL,Stable,0,1,NULL,NULL,Stable,4,NULL,NULL,Stable,2.6,Employee At-Risk,1,937
3889,Myla Mullen,2023-01-26,2023,1,2,2,NULL,NULL,Stable,1,1,NULL,NULL,Stable,1,NULL,NULL,Stable,1.5,Employee At-Risk,1,1033
3890,Alan Holland,2022-10-24,2022,10,2,2,NULL,NULL,Stable,1,3,NULL,NULL,Stable,3,NULL,NULL,Stable,2.5,Employee At-Risk,1,1127
3891,Brooklynn Greene,2023-07-06,2023,7,3,3,NULL,NULL,Stable,0,2,NULL,NULL,Stable,2,NULL,NULL,Stable,2.5,Employee At-Risk,1,872
3892,Maxwell Mcpherson,2023-07-11,2023,7,5,5,NULL,NULL,Stable,0,4,NULL,NULL,Stable,2,NULL,NULL,Stable,4.1,Employee is engaged,0,867
3893,Lukas Freeman,2023-01-26,2023,1,3,3,NULL,NULL,Stable,0,1,NULL,NULL,Stable,2,NULL,NULL,Stable,2.2,Employee At-Risk,1,1033
3894,Yesenia Nielsen,2022-08-14,2022,8,4,4,NULL,NULL,Stable,0,3,NULL,NULL,Stable,5,NULL,NULL,Stable,3.9,Needs monitoring,0,1198
3895,Myah Marsh,2023-07-16,2023,7,2,2,NULL,NULL,Stable,1,1,NULL,NULL,Stable,2,NULL,NULL,Stable,1.7,Employee At-Risk,1,862
3896,Korbin Gilbert,2023-02-14,2023,2,5,5,NULL,NULL,Stable,0,3,NULL,NULL,Stable,1,NULL,NULL,Stable,3.6,Needs monitoring,0,1014
3897,Jenna Maddox,2023-02-28,2023,2,5,5,NULL,NULL,Stable,0,4,NULL,NULL,Stable,3,NULL,NULL,Stable,4.3,Employee is engaged,0,1000
3898,Anaya Preston,2022-11-04,2022,11,4,4,NULL,NULL,Stable,0,5,NULL,NULL,Stable,1,NULL,NULL,Stable,3.7,Needs monitoring,0,1116
3899,Eugene Pena,2023-02-04,2023,2,4,4,NULL,NULL,Stable,0,5,NULL,NULL,Stable,4,NULL,NULL,Stable,4.3,Employee is engaged,0,1024
3900,Abel Baker,2023-03-09,2023,3,5,5,NULL,NULL,Stable,0,2,NULL,NULL,Stable,1,NULL,NULL,Stable,3.3,Needs monitoring,0,991
3901,Deven Merritt,2023-07-10,2023,7,1,1,NULL,NULL,Stable,1,2,NULL,NULL,Stable,5,NULL,NULL,Stable,2.1,Employee At-Risk,1,868
3902,Hadassah Moran,2023-02-02,2023,2,3,3,NULL,NULL,Stable,0,1,NULL,NULL,Stable,1,NULL,NULL,Stable,2,Employee At-Risk,1,1026
3903,Hezekiah Thompson,2023-02-04,2023,2,1,1,NULL,NULL,Stable,1,4,NULL,NULL,Stable,3,NULL,NULL,Stable,2.3,Employee At-Risk,1,1024
3904,Quintin Fry,2022-09-13,2022,9,4,4,NULL,NULL,Stable,0,4,NULL,NULL,Stable,1,NULL,NULL,Stable,3.4,Needs monitoring,0,1168
3905,Alayna Hess,2023-06-12,2023,6,5,5,NULL,NULL,Stable,0,5,NULL,NULL,Stable,5,NULL,NULL,Stable,5,Employee is engaged,0,896
3906,Amaris Miller,2023-01-18,2023,1,3,3,NULL,NULL,Stable,0,2,NULL,NULL,Stable,4,NULL,NULL,Stable,2.9,Employee At-Risk,1,1041
3907,Barrett Wilcox,2023-03-07,2023,3,3,3,NULL,NULL,Stable,0,2,NULL,NULL,Stable,5,NULL,NULL,Stable,3.1,Needs monitoring,0,993
3908,Kimberly Watson,2022-12-25,2022,12,2,2,NULL,NULL,Stable,1,5,NULL,NULL,Stable,3,NULL,NULL,Stable,3.1,Needs monitoring,0,1065
3909,Rebecca Park,2023-05-18,2023,5,1,1,NULL,NULL,Stable,1,1,NULL,NULL,Stable,2,NULL,NULL,Stable,1.2,Employee At-Risk,1,921
3910,Caleb Schneider,2022-11-29,2022,11,5,5,NULL,NULL,Stable,0,3,NULL,NULL,Stable,4,NULL,NULL,Stable,4.2,Employee is engaged,0,1091
3911,Vanessa James,2023-06-06,2023,6,2,2,NULL,NULL,Stable,1,5,NULL,NULL,Stable,4,NULL,NULL,Stable,3.3,Needs monitoring,0,902
3912,Maribel Copeland,2023-07-23,2023,7,1,1,NULL,NULL,Stable,1,3,NULL,NULL,Stable,4,NULL,NULL,Stable,2.2,Employee At-Risk,1,855
3913,Henry Zimmerman,2022-09-15,2022,9,2,2,NULL,NULL,Stable,1,2,NULL,NULL,Stable,5,NULL,NULL,Stable,2.6,Employee At-Risk,1,1166
3914,Nathanial Booth,2023-03-15,2023,3,3,3,NULL,NULL,Stable,0,5,NULL,NULL,Stable,3,NULL,NULL,Stable,3.6,Needs monitoring,0,985
3915,Rhys Barry,2023-02-01,2023,2,5,5,NULL,NULL,Stable,0,3,NULL,NULL,Stable,1,NULL,NULL,Stable,3.6,Needs monitoring,0,1027
3916,Jonas Rowland,2023-03-22,2023,3,1,1,NULL,NULL,Stable,1,3,NULL,NULL,Stable,1,NULL,NULL,Stable,1.6,Employee At-Risk,1,978
3917,Chris Vincent,2022-09-24,2022,9,3,3,NULL,NULL,Stable,0,1,NULL,NULL,Stable,4,NULL,NULL,Stable,2.6,Employee At-Risk,1,1157
3918,Myah Waller,2023-05-30,2023,5,3,3,NULL,NULL,Stable,0,3,NULL,NULL,Stable,5,NULL,NULL,Stable,3.4,Needs monitoring,0,909
3919,Yaritza Sherman,2023-05-02,2023,5,3,3,NULL,NULL,Stable,0,3,NULL,NULL,Stable,2,NULL,NULL,Stable,2.8,Employee At-Risk,1,937
3920,Haley Weaver,2022-11-14,2022,11,2,2,NULL,NULL,Stable,1,1,NULL,NULL,Stable,4,NULL,NULL,Stable,2.1,Employee At-Risk,1,1106
3921,Alessandra Lee,2023-06-30,2023,6,4,4,NULL,NULL,Stable,0,3,NULL,NULL,Stable,2,NULL,NULL,Stable,3.3,Needs monitoring,0,878
3922,Kaitlin Hickman,2023-02-15,2023,2,5,5,NULL,NULL,Stable,0,3,NULL,NULL,Stable,1,NULL,NULL,Stable,3.6,Needs monitoring,0,1013
3923,Giancarlo Juarez,2022-10-27,2022,10,2,2,NULL,NULL,Stable,1,4,NULL,NULL,Stable,3,NULL,NULL,Stable,2.8,Employee At-Risk,1,1124
3924,Walter Zuniga,2022-11-07,2022,11,2,2,NULL,NULL,Stable,1,4,NULL,NULL,Stable,5,NULL,NULL,Stable,3.2,Needs monitoring,0,1113
3925,Anna Jordan,2023-04-27,2023,4,1,1,NULL,NULL,Stable,1,3,NULL,NULL,Stable,3,NULL,NULL,Stable,2,Employee At-Risk,1,942
3926,Jeffery Gamble,2023-07-15,2023,7,4,4,NULL,NULL,Stable,0,1,NULL,NULL,Stable,4,NULL,NULL,Stable,3.1,Needs monitoring,0,863
3927,Misael Hunter,2023-05-04,2023,5,5,5,NULL,NULL,Stable,0,4,NULL,NULL,Stable,1,NULL,NULL,Stable,3.9,Needs monitoring,0,935
3928,Audrina Yu,2023-01-04,2023,1,4,4,NULL,NULL,Stable,0,2,NULL,NULL,Stable,1,NULL,NULL,Stable,2.8,Employee At-Risk,1,1055
3929,Jeramiah Foster,2022-10-28,2022,10,2,2,NULL,NULL,Stable,1,5,NULL,NULL,Stable,2,NULL,NULL,Stable,2.9,Employee At-Risk,1,1123
3930,Bruce Wallace,2023-05-06,2023,5,4,4,NULL,NULL,Stable,0,4,NULL,NULL,Stable,4,NULL,NULL,Stable,4,Employee is engaged,0,933
3931,Giovani Nelson,2022-09-30,2022,9,2,2,NULL,NULL,Stable,1,1,NULL,NULL,Stable,5,NULL,NULL,Stable,2.3,Employee At-Risk,1,1151
3932,Ari Anthony,2023-06-23,2023,6,5,5,NULL,NULL,Stable,0,5,NULL,NULL,Stable,4,NULL,NULL,Stable,4.8,Employee is engaged,0,885
3933,Laylah Branch,2023-03-27,2023,3,3,3,NULL,NULL,Stable,0,4,NULL,NULL,Stable,5,NULL,NULL,Stable,3.7,Needs monitoring,0,973
3934,Alanna Mullins,2023-04-07,2023,4,3,3,NULL,NULL,Stable,0,3,NULL,NULL,Stable,2,NULL,NULL,Stable,2.8,Employee At-Risk,1,962
3935,Arjun Tyler,2023-04-05,2023,4,5,5,NULL,NULL,Stable,0,1,NULL,NULL,Stable,4,NULL,NULL,Stable,3.6,Needs monitoring,0,964
3936,Donald Favis,2023-03-25,2023,3,5,5,NULL,NULL,Stable,0,3,NULL,NULL,Stable,4,NULL,NULL,Stable,4.2,Employee is engaged,0,975
3937,Daniff Hernandez,2022-11-21,2022,11,1,1,NULL,NULL,Stable,1,3,NULL,NULL,Stable,1,NULL,NULL,Stable,1.6,Employee At-Risk,1,1099
3938,Lori Roby,2022-12-16,2022,12,1,1,NULL,NULL,Stable,1,1,NULL,NULL,Stable,1,NULL,NULL,Stable,1,Employee At-Risk,1,1074
3939,Thomas Murray,2023-01-09,2023,1,5,5,NULL,NULL,Stable,0,2,NULL,NULL,Stable,4,NULL,NULL,Stable,3.9,Needs monitoring,0,1050
3940,Karthikeyan Ait Sidi,2022-12-25,2022,12,5,5,NULL,NULL,Stable,0,4,NULL,NULL,Stable,3,NULL,NULL,Stable,4.3,Employee is engaged,0,1065
3941,Ivan Rogers,2023-01-26,2023,1,2,2,NULL,NULL,Stable,1,3,NULL,NULL,Stable,3,NULL,NULL,Stable,2.5,Employee At-Risk,1,1033
3942,Bianca Roehrich,2023-02-02,2023,2,3,3,NULL,NULL,Stable,0,4,NULL,NULL,Stable,1,NULL,NULL,Stable,2.9,Employee At-Risk,1,1026
3943,Jason Salter,2022-08-06,2022,8,5,5,NULL,NULL,Stable,0,2,NULL,NULL,Stable,2,NULL,NULL,Stable,3.5,Needs monitoring,0,1206
3944,Julia Zhou,2023-02-26,2023,2,5,5,NULL,NULL,Stable,0,3,NULL,NULL,Stable,4,NULL,NULL,Stable,4.2,Employee is engaged,0,1002
3945,Thelma Petrowsky,2023-01-03,2023,1,4,4,NULL,NULL,Stable,0,4,NULL,NULL,Stable,2,NULL,NULL,Stable,3.6,Needs monitoring,0,1056
3946,Jayne Horton,2023-07-23,2023,7,1,1,NULL,NULL,Stable,1,3,NULL,NULL,Stable,4,NULL,NULL,Stable,2.2,Employee At-Risk,1,855
3947,Renee Becker,2023-07-28,2023,7,4,4,NULL,NULL,Stable,0,3,NULL,NULL,Stable,1,NULL,NULL,Stable,3.1,Needs monitoring,0,850
3948,Randall Pearson,2023-03-10,2023,3,4,4,NULL,NULL,Stable,0,4,NULL,NULL,Stable,2,NULL,NULL,Stable,3.6,Needs monitoring,0,990
3949,Claudia N Carr,2023-04-22,2023,4,5,5,NULL,NULL,Stable,0,2,NULL,NULL,Stable,5,NULL,NULL,Stable,4.1,Employee is engaged,0,947
3950,Noelle Johnson,2022-10-18,2022,10,2,2,NULL,NULL,Stable,1,3,NULL,NULL,Stable,5,NULL,NULL,Stable,2.9,Employee At-Risk,1,1133
3951,Taisha Goble,2023-04-01,2023,4,4,4,NULL,NULL,Stable,0,1,NULL,NULL,Stable,3,NULL,NULL,Stable,2.9,Employee At-Risk,1,968
3952,Kramer Simard,2022-12-13,2022,12,1,1,NULL,NULL,Stable,1,4,NULL,NULL,Stable,1,NULL,NULL,Stable,1.9,Employee At-Risk,1,1077
3953,Mark Griffith,2023-03-16,2023,3,3,3,NULL,NULL,Stable,0,4,NULL,NULL,Stable,4,NULL,NULL,Stable,3.5,Needs monitoring,0,984
3954,Denisse Hayes,2023-06-18,2023,6,5,5,NULL,NULL,Stable,0,1,NULL,NULL,Stable,5,NULL,NULL,Stable,3.8,Needs monitoring,0,890
3955,Draven Giles,2023-06-10,2023,6,2,2,NULL,NULL,Stable,1,1,NULL,NULL,Stable,1,NULL,NULL,Stable,1.5,Employee At-Risk,1,898
3956,Aliana Shaw,2022-09-26,2022,9,4,4,NULL,NULL,Stable,0,5,NULL,NULL,Stable,2,NULL,NULL,Stable,3.9,Needs monitoring,0,1155
3957,Makaila Nixon,2023-06-07,2023,6,3,3,NULL,NULL,Stable,0,2,NULL,NULL,Stable,4,NULL,NULL,Stable,2.9,Employee At-Risk,1,901
3958,Mohammed Orr,2023-04-10,2023,4,5,5,NULL,NULL,Stable,0,3,NULL,NULL,Stable,1,NULL,NULL,Stable,3.6,Needs monitoring,0,959
3959,Braylen Mendoza,2023-06-30,2023,6,5,5,NULL,NULL,Stable,0,4,NULL,NULL,Stable,5,NULL,NULL,Stable,4.7,Employee is engaged,0,878
3960,Andreas Torres,2023-07-14,2023,7,3,3,NULL,NULL,Stable,0,4,NULL,NULL,Stable,1,NULL,NULL,Stable,2.9,Employee At-Risk,1,864
3961,Maddison Perez,2022-11-20,2022,11,2,2,NULL,NULL,Stable,1,5,NULL,NULL,Stable,2,NULL,NULL,Stable,2.9,Employee At-Risk,1,1100
3962,Charlize Wagner,2023-05-30,2023,5,4,4,NULL,NULL,Stable,0,3,NULL,NULL,Stable,3,NULL,NULL,Stable,3.5,Needs monitoring,0,909
3963,Micah Pace,2023-07-28,2023,7,4,4,NULL,NULL,Stable,0,1,NULL,NULL,Stable,5,NULL,NULL,Stable,3.3,Needs monitoring,0,850
3964,Marlee Stevens,2023-03-28,2023,3,5,5,NULL,NULL,Stable,0,2,NULL,NULL,Stable,3,NULL,NULL,Stable,3.7,Needs monitoring,0,972
3965,Precious Roth,2023-06-08,2023,6,4,4,NULL,NULL,Stable,0,1,NULL,NULL,Stable,2,NULL,NULL,Stable,2.7,Employee At-Risk,1,900
3966,Konner Villegas,2022-10-03,2022,10,5,5,NULL,NULL,Stable,0,5,NULL,NULL,Stable,5,NULL,NULL,Stable,5,Employee is engaged,0,1148
3967,Anastasia Gillespie,2023-01-05,2023,1,5,5,NULL,NULL,Stable,0,3,NULL,NULL,Stable,4,NULL,NULL,Stable,4.2,Employee is engaged,0,1054
3968,Emely Rice,2022-12-14,2022,12,5,5,NULL,NULL,Stable,0,5,NULL,NULL,Stable,1,NULL,NULL,Stable,4.2,Employee is engaged,0,1076
3969,Lewis Nixon,2022-08-09,2022,8,4,4,NULL,NULL,Stable,0,5,NULL,NULL,Stable,2,NULL,NULL,Stable,3.9,Needs monitoring,0,1203
3970,Macy Webster,2023-01-14,2023,1,5,5,NULL,NULL,Stable,0,1,NULL,NULL,Stable,5,NULL,NULL,Stable,3.8,Needs monitoring,0,1045
3971,Ciara Acevedo,2023-03-23,2023,3,3,3,NULL,NULL,Stable,0,3,NULL,NULL,Stable,2,NULL,NULL,Stable,2.8,Employee At-Risk,1,977
3972,Eleanor Patton,2022-10-29,2022,10,5,5,NULL,NULL,Stable,0,4,NULL,NULL,Stable,1,NULL,NULL,Stable,3.9,Needs monitoring,0,1122
3973,Brooklyn Tanner,2022-08-17,2022,8,3,3,NULL,NULL,Stable,0,2,NULL,NULL,Stable,1,NULL,NULL,Stable,2.3,Employee At-Risk,1,1195
3974,Zander Franco,2023-04-04,2023,4,4,4,NULL,NULL,Stable,0,5,NULL,NULL,Stable,1,NULL,NULL,Stable,3.7,Needs monitoring,0,965
3975,Kianna Rhodes,2022-11-27,2022,11,1,1,NULL,NULL,Stable,1,4,NULL,NULL,Stable,3,NULL,NULL,Stable,2.3,Employee At-Risk,1,1093
3976,Kinsley Braun,2023-04-25,2023,4,4,4,NULL,NULL,Stable,0,5,NULL,NULL,Stable,1,NULL,NULL,Stable,3.7,Needs monitoring,0,944
3977,Gordon Wu,2023-01-06,2023,1,1,1,NULL,NULL,Stable,1,5,NULL,NULL,Stable,4,NULL,NULL,Stable,2.8,Employee At-Risk,1,1053
3978,Maryjane Cross,2022-09-04,2022,9,4,4,NULL,NULL,Stable,0,3,NULL,NULL,Stable,5,NULL,NULL,Stable,3.9,Needs monitoring,0,1177
3979,Peyton Phelps,2022-12-09,2022,12,3,3,NULL,NULL,Stable,0,5,NULL,NULL,Stable,2,NULL,NULL,Stable,3.4,Needs monitoring,0,1081
3980,Carmen Atkins,2022-10-03,2022,10,4,4,NULL,NULL,Stable,0,2,NULL,NULL,Stable,5,NULL,NULL,Stable,3.6,Needs monitoring,0,1148
3981,Kiara Fox,2022-10-31,2022,10,1,1,NULL,NULL,Stable,1,2,NULL,NULL,Stable,4,NULL,NULL,Stable,1.9,Employee At-Risk,1,1120
3982,Yair Jennings,2022-10-09,2022,10,1,1,NULL,NULL,Stable,1,1,NULL,NULL,Stable,1,NULL,NULL,Stable,1,Employee At-Risk,1,1142
3983,Kaylie Velazquez,2022-12-03,2022,12,4,4,NULL,NULL,Stable,0,3,NULL,NULL,Stable,1,NULL,NULL,Stable,3.1,Needs monitoring,0,1087
3984,Christine Skinner,2023-02-24,2023,2,5,5,NULL,NULL,Stable,0,5,NULL,NULL,Stable,4,NULL,NULL,Stable,4.8,Employee is engaged,0,1004
3985,Zayne Mccullough,2022-09-28,2022,9,5,5,NULL,NULL,Stable,0,4,NULL,NULL,Stable,2,NULL,NULL,Stable,4.1,Employee is engaged,0,1153
3986,Dennis Key,2022-10-08,2022,10,4,4,NULL,NULL,Stable,0,3,NULL,NULL,Stable,2,NULL,NULL,Stable,3.3,Needs monitoring,0,1143
3987,Aydan Benjamin,2022-12-22,2022,12,5,5,NULL,NULL,Stable,0,4,NULL,NULL,Stable,1,NULL,NULL,Stable,3.9,Needs monitoring,0,1068
3988,Kenzie Mullins,2023-05-20,2023,5,5,5,NULL,NULL,Stable,0,2,NULL,NULL,Stable,5,NULL,NULL,Stable,4.1,Employee is engaged,0,919
3989,Asa Pham,2023-04-26,2023,4,2,2,NULL,NULL,Stable,1,1,NULL,NULL,Stable,1,NULL,NULL,Stable,1.5,Employee At-Risk,1,943
3990,Damarion Schneider,2022-08-27,2022,8,2,2,NULL,NULL,Stable,1,2,NULL,NULL,Stable,1,NULL,NULL,Stable,1.8,Employee At-Risk,1,1185
3991,Talan Rodgers,2022-10-11,2022,10,2,2,NULL,NULL,Stable,1,3,NULL,NULL,Stable,2,NULL,NULL,Stable,2.3,Employee At-Risk,1,1140
3992,Evelin Snow,2023-07-14,2023,7,4,4,NULL,NULL,Stable,0,3,NULL,NULL,Stable,1,NULL,NULL,Stable,3.1,Needs monitoring,0,864
3993,Sienna Preston,2022-10-16,2022,10,3,3,NULL,NULL,Stable,0,4,NULL,NULL,Stable,4,NULL,NULL,Stable,3.5,Needs monitoring,0,1135
3994,Taylor Dennis,2023-02-14,2023,2,3,3,NULL,NULL,Stable,0,5,NULL,NULL,Stable,2,NULL,NULL,Stable,3.4,Needs monitoring,0,1014
3995,Cortez Murillo,2023-01-05,2023,1,4,4,NULL,NULL,Stable,0,5,NULL,NULL,Stable,2,NULL,NULL,Stable,3.9,Needs monitoring,0,1054
3996,Leonel Combs,2023-04-14,2023,4,3,3,NULL,NULL,Stable,0,5,NULL,NULL,Stable,1,NULL,NULL,Stable,3.2,Needs monitoring,0,955
3997,Carmen Frost,2022-09-10,2022,9,2,2,NULL,NULL,Stable,1,4,NULL,NULL,Stable,1,NULL,NULL,Stable,2.4,Employee At-Risk,1,1171
3998,Ace Krause,2023-02-22,2023,2,5,5,NULL,NULL,Stable,0,5,NULL,NULL,Stable,2,NULL,NULL,Stable,4.4,Employee is engaged,0,1006
3999,Reuben Davila,2022-10-02,2022,10,5,5,NULL,NULL,Stable,0,4,NULL,NULL,Stable,2,NULL,NULL,Stable,4.1,Employee is engaged,0,1149
4000,Angelique Mann,2023-04-21,2023,4,3,3,NULL,NULL,Stable,0,2,NULL,NULL,Stable,1,NULL,NULL,Stable,2.3,Employee At-Risk,1,948