EmployeeID,Full Name,StartDate,ExitDate,Job Title,Department Type,Gender Code,Race Description,Tenure_Days,Is_Active_Flag,Joining year,Exit year,Start Date Age,Exit Date Age,Age Group,Performance Category,Employee Lifetime Value,Seniority Level,Tenure Risk Score,Age Risk Score,Performance Risk Score,Retention Risk Category
3427,Uriah Bridges,2019-09-20,NULL,Production Technician I,Production,Female,White,0,1,2019,0,50,0,55+,Fully Meets,Low Value,Junior,1,1,3,Medium
3428,Paula Small,2023-02-11,NULL,Production Technician I,Production,Male,Hispanic,0,1,2023,0,58,0,55+,Fully Meets,Low Value,Junior,3,1,3,High risk
3429,Edward Buck,2018-12-10,NULL,Area Sales Manager,Sales,Male,Hispanic,0,1,2018,0,27,0,25-34,Fully Meets,Low Value,Junior,1,2,3,Medium
3430,Michael Riordan,2021-06-21,NULL,Area Sales Manager,Sales,Male,Other,0,1,2021,0,23,0,25-34,Fully Meets,Low Value,Junior,2,2,3,High risk
3431,Jasmine Onque,2019-06-29,NULL,Area Sales Manager,Sales,Female,Other,0,1,2019,0,50,0,55+,Fully Meets,Low Value,Junior,1,1,3,Medium
3432,Maruk Fraval,2020-01-17,NULL,Area Sales Manager,Sales,Male,Black,0,1,2020,0,71,0,55+,Fully Meets,Low Value,Junior,2,1,3,Medium
3433,Latia Costa,2022-04-06,2023-07-03,Area Sales Manager,Sales,Female,Hispanic,453,0,2022,2023,80,81,55+,Exceeds,Low Value,Junior,3,1,4,High risk
3434,Sharlene Terry,2020-11-06,2023-01-29,Area Sales Manager,Sales,Female,White,814,0,2020,2023,63,66,55+,Fully Meets,Low Value,Junior,3,1,3,High risk
3435,Jac McKinzie,2018-08-18,NULL,Area Sales Manager,Sales,Male,Black,0,1,2018,0,44,0,45-54,Exceeds,Low Value,Junior,1,3,4,High risk
3436,Joseph Martins,2022-01-21,2023-06-29,Area Sales Manager,Sales,Male,Asian,524,0,2022,2023,73,74,55+,Fully Meets,Low Value,Junior,3,1,3,High risk
3437,Myriam Givens,2023-08-04,NULL,Area Sales Manager,Sales,Female,Other,0,1,2023,0,59,0,55+,Fully Meets,Low Value,Junior,3,1,3,High risk
3438,Dheepa Nguyen,2018-08-10,2019-11-04,Area Sales Manager,Sales,Female,Asian,451,0,2018,2019,70,71,55+,Fully Meets,Low Value,Junior,3,1,3,High risk
3439,Bartholemew Khemmich,2022-05-25,2022-11-27,Area Sales Manager,Sales,Male,Other,186,0,2022,2022,41,41,35-44,Fully Meets,Low Value,Junior,4,4,3,High risk
3440,Xana Potts,2019-12-05,2023-02-17,Area Sales Manager,Sales,Female,White,1170,0,2019,2023,68,72,55+,Fully Meets,Medium Value,Mid,2,1,3,Medium
3441,Prater Jeremy,2019-04-28,NULL,Area Sales Manager,Sales,Male,Asian,0,1,2019,0,30,0,35-44,Exceeds,Low Value,Junior,1,4,4,High risk
3442,Kaylah Moon,2019-07-09,2022-06-16,Area Sales Manager,IT/IS,Male,Black,1073,0,2019,2022,67,70,55+,Exceeds,Low Value,Junior,3,1,4,High risk
3443,Kristen Tate,2021-04-05,2023-05-12,Area Sales Manager,IT/IS,Male,Asian,767,0,2021,2023,27,29,25-34,Fully Meets,Medium Value,Junior,3,2,3,High risk
3444,Bobby Rodgers,2021-11-28,2022-02-04,Area Sales Manager,Sales,Male,Other,68,0,2021,2022,38,39,35-44,Fully Meets,Low Value,Junior,3,4,3,High risk
3445,Reid Park,2021-01-16,NULL,Area Sales Manager,Sales,Female,Other,0,1,2021,0,36,0,35-44,Exceeds,Low Value,Junior,2,4,4,High risk
3446,Hector Dalton,2021-08-24,NULL,Area Sales Manager,Sales,Female,White,0,1,2021,0,25,0,25-34,Exceeds,Low Value,Junior,2,2,4,High risk
3447,Mariela Schultz,2020-05-26,2023-06-18,Area Sales Manager,Sales,Female,Asian,1118,0,2020,2023,56,59,55+,Fully Meets,Medium Value,Mid,3,1,3,High risk
3448,Angela Molina,2019-10-01,2020-11-06,Area Sales Manager,Sales,Male,Asian,402,0,2019,2020,61,62,55+,Fully Meets,Low Value,Junior,3,1,3,High risk
3449,Gerald Preston,2023-05-10,2023-05-27,Area Sales Manager,Sales,Male,Black,17,0,2023,2023,31,31,25-34,Fully Meets,Low Value,Junior,4,2,3,High risk
3450,Reilly Moyer,2020-09-01,2022-12-04,Area Sales Manager,Sales,Male,Other,824,0,2020,2022,26,28,25-34,Exceeds,Low Value,Junior,3,2,4,High risk
3451,Carlee French,2021-02-18,2022-11-11,Area Sales Manager,Sales,Male,Other,631,0,2021,2022,53,54,55+,Exceeds,Low Value,Junior,3,1,4,High risk
3452,Jaydon Blackburn,2022-11-08,NULL,Area Sales Manager,Sales,Male,Black,0,1,2022,0,75,0,55+,Fully Meets,Low Value,Junior,3,1,3,High risk
3453,Bridger Carter,2022-10-13,NULL,Area Sales Manager,Sales,Male,White,0,1,2022,0,40,0,35-44,Fully Meets,Low Value,Junior,3,4,3,High risk
3454,Leon Beard,2022-09-11,NULL,Area Sales Manager,IT/IS,Male,Hispanic,0,1,2022,0,52,0,55+,Needs Improvement,Low Value,Junior,3,1,1,Medium
3455,Charity Miranda,2021-06-29,2022-07-05,Area Sales Manager,Sales,Male,Other,371,0,2021,2022,22,23,25-34,Exceeds,Low Value,Junior,3,2,4,High risk
3456,Axel Howe,2023-03-06,NULL,Area Sales Manager,Sales,Female,Black,0,1,2023,0,77,0,55+,Fully Meets,Low Value,Junior,3,1,3,High risk
3457,Milton Wall,2020-09-25,NULL,Area Sales Manager,Sales,Female,White,0,1,2020,0,73,0,55+,Needs Improvement,Low Value,Junior,2,1,1,Medium
3458,Cory Robinson,2022-04-28,2023-05-24,Area Sales Manager,Sales,Female,Hispanic,391,0,2022,2023,26,27,25-34,Needs Improvement,Low Value,Junior,3,2,1,Medium
3459,Saniya Yu,2021-04-18,2022-06-21,Area Sales Manager,Sales,Male,Black,429,0,2021,2022,77,78,55+,Exceeds,Low Value,Junior,3,1,4,High risk
3460,Alisa James,2020-02-19,NULL,Area Sales Manager,Sales,Male,Asian,0,1,2020,0,76,0,55+,Fully Meets,Low Value,Junior,2,1,3,Medium
3461,Lincoln Compton,2019-07-18,2021-10-01,Area Sales Manager,Sales,Male,Hispanic,806,0,2019,2021,22,24,25-34,Needs Improvement,Low Value,Junior,3,2,1,Medium
3462,Aliana Nolan,2018-09-13,2021-09-17,Area Sales Manager,Sales,Male,Hispanic,1100,0,2018,2021,76,79,55+,Needs Improvement,Medium Value,Mid,3,1,1,Medium
3463,Kayden Dodson,2020-04-30,2021-07-18,Area Sales Manager,Sales,Male,Hispanic,444,0,2020,2021,69,70,55+,Fully Meets,Low Value,Junior,3,1,3,High risk
3464,James Duke,2018-12-03,2022-09-09,Area Sales Manager,Sales,Male,Black,1376,0,2018,2022,20,24,25-34,Needs Improvement,Low Value,Mid,2,2,1,Medium
3465,Willow Stuart,2021-11-08,NULL,Area Sales Manager,Sales,Male,Asian,0,1,2021,0,59,0,55+,Needs Improvement,Low Value,Junior,2,1,1,Medium
3466,Clayton Walker,2022-04-13,2023-04-10,Area Sales Manager,IT/IS,Male,Other,362,0,2022,2023,43,44,45-54,Exceeds,Low Value,Junior,3,3,4,High risk
3467,Celia Curtis,2020-05-06,NULL,Area Sales Manager,Sales,Female,Asian,0,1,2020,0,33,0,35-44,Exceeds,Low Value,Junior,2,4,4,High risk
3468,Valentin Reilly,2019-09-09,NULL,Area Sales Manager,Sales,Female,Black,0,1,2019,0,21,0,25-34,Fully Meets,Low Value,Junior,1,2,3,Medium
3469,Ryland Shepherd,2020-07-29,2023-01-05,Area Sales Manager,Sales,Female,Asian,890,0,2020,2023,75,78,55+,Needs Improvement,Medium Value,Junior,3,1,1,Medium
3470,Esteban Gilbert,2018-11-14,2019-10-28,Area Sales Manager,Sales,Female,Black,348,0,2018,2019,21,22,25-34,Needs Improvement,Low Value,Junior,3,2,1,Medium
3471,Jonathan Adkins,2020-02-29,NULL,Area Sales Manager,Sales,Male,Asian,0,1,2020,0,53,0,55+,Fully Meets,Low Value,Junior,2,1,3,Medium
3472,Nevaeh Soto,2023-01-15,NULL,Area Sales Manager,Sales,Male,Other,0,1,2023,0,41,0,35-44,Exceeds,Low Value,Junior,3,4,4,High risk
3473,Chaim Mata,2023-06-29,NULL,Area Sales Manager,Sales,Male,Hispanic,0,1,2023,0,73,0,55+,Exceeds,Low Value,Junior,3,1,4,High risk
3474,Arely Patton,2020-03-09,NULL,Area Sales Manager,Sales,Male,Other,0,1,2020,0,55,0,55+,Fully Meets,Low Value,Junior,2,1,3,Medium
3475,Vance Trujillo,2021-09-21,2023-04-13,Area Sales Manager,Sales,Male,Asian,569,0,2021,2023,64,66,55+,Fully Meets,Low Value,Junior,3,1,3,High risk
3476,Charlie Koch,2023-06-12,2023-07-06,Area Sales Manager,Sales,Male,Asian,24,0,2023,2023,78,78,55+,Needs Improvement,Low Value,Junior,4,1,1,Medium
3477,Sonny Horne,2019-04-07,NULL,Area Sales Manager,IT/IS,Female,Asian,0,1,2019,0,50,0,55+,Needs Improvement,Low Value,Junior,1,1,1,Low
3478,Thomas Chandler,2018-09-17,2019-01-09,Area Sales Manager,Sales,Female,Hispanic,114,0,2018,2019,61,62,55+,Fully Meets,Low Value,Junior,3,1,3,High risk
3479,Sarai Stone,2022-08-02,2023-04-02,Area Sales Manager,Sales,Female,Hispanic,243,0,2022,2023,60,61,55+,Fully Meets,Low Value,Junior,3,1,3,High risk
3480,Jerimiah Harmon,2022-09-08,2022-10-16,Area Sales Manager,Sales,Female,Black,38,0,2022,2022,76,76,55+,Fully Meets,Low Value,Junior,4,1,3,High risk
3481,Leland Allen,2019-03-07,2021-05-31,Area Sales Manager,Sales,Male,Other,816,0,2019,2021,54,56,55+,Fully Meets,Low Value,Junior,3,1,3,High risk
3482,Cristal Bolton,2019-10-29,2021-02-07,Area Sales Manager,Sales,Male,Asian,467,0,2019,2021,29,31,35-44,Needs Improvement,Low Value,Junior,3,4,1,High risk
3483,Jaslene Harding,2021-09-26,NULL,Area Sales Manager,Sales,Male,Asian,0,1,2021,0,57,0,55+,Fully Meets,Low Value,Junior,2,1,3,Medium
3484,Albert Gonzalez,2018-08-29,NULL,Area Sales Manager,Sales,Male,Other,0,1,2018,0,23,0,25-34,Fully Meets,Low Value,Junior,1,2,3,Medium
3485,Jaiden Johnson,2021-10-26,NULL,Area Sales Manager,Sales,Male,White,0,1,2021,0,27,0,25-34,Fully Meets,Low Value,Junior,2,2,3,High risk
3486,Brendon Mcconnell,2022-10-31,2023-06-08,Area Sales Manager,Sales,Male,Other,220,0,2022,2023,32,33,35-44,Fully Meets,Low Value,Junior,3,4,3,High risk
3487,Kimora Parsons,2023-03-15,NULL,Area Sales Manager,Sales,Female,Other,0,1,2023,0,29,0,25-34,Fully Meets,Low Value,Junior,3,2,3,High risk
3488,Willie Patterson,2022-09-09,NULL,Area Sales Manager,Sales,Female,Asian,0,1,2022,0,25,0,25-34,Fully Meets,Low Value,Junior,3,2,3,High risk
3489,Devyn Powers,2022-03-04,NULL,Area Sales Manager,Sales,Female,Black,0,1,2022,0,69,0,55+,Fully Meets,Low Value,Junior,3,1,3,High risk
3490,Weston Preston,2019-02-11,NULL,Area Sales Manager,Sales,Female,Hispanic,0,1,2019,0,28,0,25-34,Fully Meets,Low Value,Junior,1,2,3,Medium
3491,Lennon Buchanan,2021-01-26,NULL,Area Sales Manager,Sales,Male,White,0,1,2021,0,48,0,45-54,Fully Meets,Low Value,Junior,2,3,3,High risk
3492,Vicente Merritt,2019-11-26,NULL,Area Sales Manager,Sales,Male,Asian,0,1,2019,0,26,0,25-34,Fully Meets,Low Value,Junior,1,2,3,Medium
3493,Hugo Clay,2019-07-15,NULL,Area Sales Manager,Sales,Male,Asian,0,1,2019,0,35,0,35-44,Fully Meets,Low Value,Junior,1,4,3,High risk
3494,Cohen Raymond,2020-06-18,NULL,Area Sales Manager,Sales,Male,Black,0,1,2020,0,26,0,25-34,Fully Meets,Low Value,Junior,2,2,3,High risk
3495,Tia Ellis,2023-06-22,2023-07-22,Area Sales Manager,Sales,Male,Other,30,0,2023,2023,30,30,25-34,Fully Meets,Low Value,Junior,4,2,3,High risk
3496,Aspen Bentley,2021-12-02,NULL,Area Sales Manager,Sales,Male,Other,0,1,2021,0,57,0,55+,Fully Meets,Low Value,Junior,2,1,3,Medium
3497,Graham Rodriguez,2021-12-08,NULL,Area Sales Manager,Sales,Female,Hispanic,0,1,2021,0,40,0,35-44,Fully Meets,Low Value,Junior,2,4,3,High risk
3498,Joel Mcmillan,2023-04-26,2023-06-22,Area Sales Manager,Sales,Female,White,57,0,2023,2023,25,25,25-34,Fully Meets,Low Value,Junior,4,2,3,High risk
3499,Maci Frost,2018-09-25,2021-12-20,Area Sales Manager,Sales,Female,Asian,1182,0,2018,2021,47,50,45-54,Fully Meets,Low Value,Mid,3,3,3,High risk
3500,Nevaeh Lucas,2018-11-20,2020-06-21,Area Sales Manager,Sales,Female,White,579,0,2018,2020,18,20,25-34,Fully Meets,Low Value,Junior,3,2,3,High risk
3501,Garrett Zimmerman,2020-08-30,2022-08-30,Area Sales Manager,Sales,Male,Other,730,0,2020,2022,61,63,55+,Fully Meets,Low Value,Junior,3,1,3,High risk
3502,Eugene Marks,2019-10-01,NULL,Area Sales Manager,Sales,Male,White,0,1,2019,0,43,0,45-54,Fully Meets,Low Value,Junior,1,3,3,High risk
3503,Geovanni Pugh,2022-01-20,NULL,Area Sales Manager,Sales,Male,Other,0,1,2022,0,71,0,55+,Fully Meets,Low Value,Junior,3,1,3,High risk
3504,Javon Kelley,2021-10-10,NULL,Area Sales Manager,Sales,Male,Hispanic,0,1,2021,0,41,0,45-54,Fully Meets,Low Value,Junior,2,3,3,High risk
3505,Amaya Hicks,2020-08-29,NULL,Area Sales Manager,Sales,Male,Hispanic,0,1,2020,0,77,0,55+,Fully Meets,Low Value,Junior,2,1,3,Medium
3506,Laila Woodard,2019-08-27,2023-05-10,Area Sales Manager,Sales,Male,Other,1352,0,2019,2023,31,35,35-44,Fully Meets,Low Value,Mid,2,4,3,High risk
3507,Ivan Huff,2021-02-25,2023-04-07,Area Sales Manager,Sales,Male,White,771,0,2021,2023,48,50,45-54,Fully Meets,Low Value,Junior,3,3,3,High risk
3508,Aidan Harding,2021-07-13,NULL,Area Sales Manager,Sales,Male,Asian,0,1,2021,0,79,0,55+,Fully Meets,Low Value,Junior,2,1,3,Medium
3509,Cruz Boyer,2021-04-14,NULL,Area Sales Manager,Sales,Female,Black,0,1,2021,0,44,0,45-54,Fully Meets,Low Value,Junior,2,3,3,High risk
3510,Raven Koch,2020-02-10,NULL,Area Sales Manager,Sales,Female,Hispanic,0,1,2020,0,64,0,55+,Fully Meets,Low Value,Junior,2,1,3,Medium
3511,Karli Barker,2021-08-17,2021-12-31,Area Sales Manager,Sales,Female,Asian,136,0,2021,2021,24,24,25-34,Fully Meets,Low Value,Junior,4,2,3,High risk
3512,Tyrone Sosa,2023-04-17,2023-06-22,Area Sales Manager,Sales,Female,Black,66,0,2023,2023,27,27,25-34,Fully Meets,Low Value,Junior,4,2,3,High risk
3513,Damaris Cisneros,2022-09-02,2023-05-24,Area Sales Manager,Sales,Male,Other,264,0,2022,2023,63,64,55+,Fully Meets,Low Value,Junior,3,1,3,High risk
3514,Alexus Estes,2020-04-15,NULL,Area Sales Manager,Sales,Male,Asian,0,1,2020,0,62,0,55+,Fully Meets,Low Value,Junior,2,1,3,Medium
3515,Kinsley Flowers,2022-03-09,2022-12-10,Area Sales Manager,Sales,Male,White,276,0,2022,2022,25,25,25-34,Fully Meets,Low Value,Junior,4,2,3,High risk
3516,Deborah Love,2022-04-07,2023-01-22,Area Sales Manager,Sales,Male,Asian,290,0,2022,2023,34,35,35-44,Fully Meets,Low Value,Junior,3,4,3,High risk
3517,Milagros Francis,2020-02-19,NULL,Area Sales Manager,Sales,Male,Hispanic,0,1,2020,0,78,0,55+,Fully Meets,Low Value,Junior,2,1,3,Medium
3518,Roberto Michael,2021-04-10,2022-07-04,Area Sales Manager,Sales,Female,Hispanic,450,0,2021,2022,52,53,55+,Fully Meets,Low Value,Junior,3,1,3,High risk
3519,Elaine Ewing,2021-12-19,2022-03-02,Area Sales Manager,Sales,Male,Hispanic,73,0,2021,2022,70,71,55+,Fully Meets,Low Value,Junior,3,1,3,High risk
3520,Caiden Munoz,2020-12-13,2023-01-13,Area Sales Manager,Sales,Female,Black,761,0,2020,2023,57,60,55+,Fully Meets,Low Value,Junior,3,1,3,High risk
3521,Jocelyn Bradford,2019-02-26,NULL,Area Sales Manager,Sales,Female,Asian,0,1,2019,0,70,0,55+,Fully Meets,Low Value,Junior,1,1,3,Medium
3522,Marques Armstrong,2020-03-02,NULL,Area Sales Manager,Sales,Female,Other,0,1,2020,0,37,0,35-44,Fully Meets,Low Value,Junior,2,4,3,High risk
3523,Rohan Chapman,2021-06-25,2022-08-25,Area Sales Manager,Sales,Female,Other,426,0,2021,2022,43,44,45-54,Fully Meets,Low Value,Junior,3,3,3,High risk
3524,Emmanuel Franklin,2021-07-26,2022-05-04,Area Sales Manager,Sales,Male,Asian,282,0,2021,2022,22,23,25-34,Fully Meets,Low Value,Junior,3,2,3,High risk
3525,Clayton Mccormick,2022-07-03,2023-01-10,Area Sales Manager,Sales,Male,Hispanic,191,0,2022,2023,55,56,55+,Fully Meets,Low Value,Junior,3,1,3,High risk
3526,Darius Krause,2022-09-15,NULL,Area Sales Manager,Sales,Male,White,0,1,2022,0,74,0,55+,Fully Meets,Low Value,Junior,3,1,3,High risk
3527,Ahmed Hawkins,2020-05-01,2021-02-25,Area Sales Manager,Sales,Male,Black,300,0,2020,2021,46,47,45-54,Fully Meets,Low Value,Junior,3,3,3,High risk
3528,Kymani Benjamin,2022-10-13,NULL,Area Sales Manager,Sales,Male,Hispanic,0,1,2022,0,31,0,25-34,Fully Meets,Low Value,Junior,3,2,3,High risk
3529,Callum Mcdaniel,2020-01-03,2020-08-24,Area Sales Manager,Sales,Male,Hispanic,234,0,2020,2020,26,26,25-34,Fully Meets,Low Value,Junior,4,2,3,High risk
3530,Zariah Black,2019-11-13,NULL,Area Sales Manager,Sales,Female,Black,0,1,2019,0,26,0,25-34,Fully Meets,Low Value,Junior,1,2,3,Medium
3531,Ronnie Mayer,2023-06-17,NULL,Area Sales Manager,Sales,Male,Black,0,1,2023,0,80,0,55+,Fully Meets,Low Value,Junior,3,1,3,High risk
3532,Marlon Ford,2021-10-14,NULL,Area Sales Manager,IT/IS,Female,Black,0,1,2021,0,55,0,55+,Fully Meets,Low Value,Junior,2,1,3,Medium
3533,Slade Griffith,2021-06-01,2023-07-16,Area Sales Manager,Sales,Male,White,775,0,2021,2023,55,57,55+,Fully Meets,Low Value,Junior,3,1,3,High risk
3534,Lee Frye,2018-09-14,NULL,Area Sales Manager,Sales,Female,Asian,0,1,2018,0,59,0,55+,Fully Meets,Low Value,Junior,1,1,3,Medium
3535,Veronica Rowe,2018-12-11,2022-06-02,Area Sales Manager,Sales,Female,Black,1269,0,2018,2022,24,28,25-34,Fully Meets,Low Value,Mid,2,2,3,High risk
3536,Aylin Berg,2022-08-06,NULL,Area Sales Manager,Sales,Female,Black,0,1,2022,0,33,0,35-44,Fully Meets,Low Value,Junior,3,4,3,High risk
3537,Neveah Rowe,2022-05-28,2023-02-24,Area Sales Manager,Sales,Male,Hispanic,272,0,2022,2023,68,69,55+,Fully Meets,Low Value,Junior,3,1,3,High risk
3538,Keith Baxter,2019-06-16,2022-03-05,Area Sales Manager,Sales,Male,Asian,993,0,2019,2022,60,63,55+,Fully Meets,Low Value,Junior,3,1,3,High risk
3539,Chaz Bruce,2019-12-08,NULL,Area Sales Manager,Sales,Male,Hispanic,0,1,2019,0,36,0,35-44,Fully Meets,Low Value,Junior,1,4,3,High risk
3540,Maya Mccann,2020-03-12,2022-10-09,Area Sales Manager,Sales,Male,White,941,0,2020,2022,37,39,35-44,Exceeds,Low Value,Junior,3,4,4,High risk
3541,Aaron Weber,2020-04-06,2023-07-24,Area Sales Manager,Sales,Male,Black,1204,0,2020,2023,29,32,25-34,Exceeds,Low Value,Mid,3,2,4,High risk
3542,Ellie Gill,2023-04-15,NULL,Area Sales Manager,Sales,Male,White,0,1,2023,0,75,0,55+,Needs Improvement,Low Value,Junior,3,1,1,Medium
3543,Rayne Kerr,2020-11-10,NULL,Area Sales Manager,Sales,Female,Black,0,1,2020,0,39,0,35-44,Fully Meets,Low Value,Junior,2,4,3,High risk
3544,Samara Mcbride,2023-06-29,2023-07-09,Area Sales Manager,Sales,Male,Asian,10,0,2023,2023,23,23,25-34,Fully Meets,Low Value,Junior,4,2,3,High risk
3545,Ryann Rubio,2022-03-07,NULL,Area Sales Manager,IT/IS,Female,Black,0,1,2022,0,79,0,55+,Fully Meets,Low Value,Junior,3,1,3,High risk
3546,Paris Carr,2021-07-31,2023-01-27,Area Sales Manager,Sales,Male,Hispanic,545,0,2021,2023,41,43,45-54,Exceeds,Low Value,Junior,3,3,4,High risk
3547,Adriel Wiggins,2022-01-20,NULL,Area Sales Manager,Sales,Female,Other,0,1,2022,0,75,0,55+,Needs Improvement,Low Value,Junior,3,1,1,Medium
3548,Sanaa Glass,2021-07-11,2022-10-10,Area Sales Manager,Sales,Female,White,456,0,2021,2022,57,58,55+,Fully Meets,Low Value,Junior,3,1,3,High risk
3549,Ryan Lynch,2018-10-15,2020-10-18,Area Sales Manager,Sales,Female,Black,734,0,2018,2020,63,65,55+,Fully Meets,Low Value,Junior,3,1,3,High risk
3550,Charlie Atkinson,2021-11-26,2022-10-14,Area Sales Manager,Sales,Male,White,322,0,2021,2022,33,34,35-44,Fully Meets,Low Value,Junior,3,4,3,High risk
3551,Emery Roach,2018-08-11,NULL,Area Sales Manager,Sales,Male,Black,0,1,2018,0,64,0,55+,Needs Improvement,Low Value,Junior,1,1,1,Low
3552,Harper Ramos,2020-02-16,2020-06-03,Area Sales Manager,Sales,Male,White,108,0,2020,2020,78,78,55+,Needs Improvement,Low Value,Junior,4,1,1,Medium
3553,Khalil Mendez,2020-01-20,NULL,Area Sales Manager,Sales,Male,Black,0,1,2020,0,71,0,55+,Fully Meets,Low Value,Junior,2,1,3,Medium
3554,Lizeth Holland,2019-03-31,NULL,Area Sales Manager,Sales,Male,Asian,0,1,2019,0,61,0,55+,Fully Meets,Low Value,Junior,1,1,3,Medium
3555,Matilda Randall,2023-01-06,2023-05-07,Area Sales Manager,Sales,Female,Hispanic,121,0,2023,2023,35,35,35-44,Fully Meets,Low Value,Junior,4,4,3,High risk
3556,Damien Howe,2019-07-18,2020-01-15,Area Sales Manager,Sales,Male,White,181,0,2019,2020,58,59,55+,Exceeds,Low Value,Junior,3,1,4,High risk
3557,Nicholas Obrien,2019-02-13,NULL,Area Sales Manager,Sales,Male,Other,0,1,2019,0,59,0,55+,Fully Meets,Low Value,Junior,1,1,3,Medium
3558,Mildred Gentry,2018-12-30,NULL,Production Technician I,Production,Female,Black,0,1,2018,0,59,0,55+,Fully Meets,Low Value,Junior,1,1,3,Medium
3559,Wilson K Adinolfi,2019-11-06,2020-09-06,Production Technician I,Production,Male,White,305,0,2019,2020,28,29,25-34,Fully Meets,Low Value,Junior,3,2,3,High risk
3560,Joanne Handschiegl,2022-06-01,NULL,Production Technician I,Production,Female,Asian,0,1,2022,0,68,0,55+,Exceeds,Low Value,Junior,3,1,4,High risk
3561,Dianna Blount,2023-03-28,NULL,Production Technician II,Production,Female,White,0,1,2023,0,64,0,55+,Fully Meets,Low Value,Junior,3,1,3,High risk
3562,Jean Crimmings,2019-05-21,2023-01-05,Production Technician I,Production,Female,Other,1325,0,2019,2023,65,69,55+,Exceeds,Low Value,Mid,2,1,4,High risk
3563,Nore Sadki,2019-01-01,NULL,Production Technician I,Production,Male,Black,0,1,2019,0,73,0,55+,Performance Improvement Plan,Low Value,Junior,1,1,2,Medium
3564,Susan Lundy,2019-01-26,2020-12-02,Production Technician II,Production,Female,White,676,0,2019,2020,25,26,25-34,Fully Meets,Low Value,Junior,3,2,3,High risk
3565,Kramer Keatts,2021-09-11,NULL,Production Technician I,Production,Male,Other,0,1,2021,0,53,0,55+,Fully Meets,Low Value,Junior,2,1,3,Medium
3566,Maliki Moumanil,2021-09-26,NULL,Production Technician II,Production,Male,Black,0,1,2021,0,58,0,55+,Fully Meets,Low Value,Junior,2,1,3,Medium
3567,Nader Barton,2023-03-04,NULL,Production Technician I,Production,Male,Asian,0,1,2023,0,57,0,55+,Fully Meets,Low Value,Junior,3,1,3,High risk
3568,Quinn Rarrick,2023-07-11,2023-07-29,Production Technician I,Production,Male,Asian,18,0,2023,2023,49,49,45-54,Fully Meets,Low Value,Junior,4,3,3,High risk
3569,Beatrice Chace,2019-02-09,2020-08-28,Production Technician I,Production,Female,Hispanic,566,0,2019,2020,24,25,25-34,Fully Meets,Low Value,Junior,3,2,3,High risk
3570,Adrienne J Homberger,2019-04-19,2021-10-26,Production Technician II,Production,Female,Asian,921,0,2019,2021,45,47,45-54,Fully Meets,Low Value,Junior,3,3,3,High risk
3571,Marilyn Linares,2022-07-07,2023-07-17,Production Technician I,Production,Female,White,375,0,2022,2023,75,76,55+,Fully Meets,Low Value,Junior,3,1,3,High risk
3572,Timothy Sullivan,2019-03-12,2020-05-19,Production Technician I,Production,Male,White,434,0,2019,2020,25,26,25-34,Fully Meets,Low Value,Junior,3,2,3,High risk
3573,Jennifer Medeiros,2020-03-09,2021-10-17,Production Technician I,Production,Female,Asian,587,0,2020,2021,37,38,35-44,Exceeds,Low Value,Junior,3,4,4,High risk
3574,Anna Von Massenbach,2021-05-18,2022-01-04,Production Technician I,Production,Female,Hispanic,231,0,2021,2022,70,71,55+,Fully Meets,Low Value,Junior,3,1,3,High risk
3575,George Johnson,2021-04-28,2022-01-18,Production Technician I,Production,Male,Hispanic,265,0,2021,2022,34,35,35-44,Exceeds,Low Value,Junior,3,4,4,High risk
3576,Angela Erilus,2021-07-21,2023-04-26,Production Technician II,Production,Female,Asian,644,0,2021,2023,29,31,25-34,Exceeds,Low Value,Junior,3,2,4,High risk
3577,Miguel Estremera,2019-09-15,NULL,Production Technician I,Production,Male,White,0,1,2019,0,62,0,55+,Fully Meets,Low Value,Junior,1,1,3,Medium
3578,Clinton Owad,2019-05-04,NULL,Production Technician I,Production,Male,Hispanic,0,1,2019,0,62,0,55+,Exceeds,Low Value,Junior,1,1,4,Medium
3579,Constance Sloan,2021-05-20,NULL,Production Technician II,Production,Female,Asian,0,1,2021,0,75,0,55+,Needs Improvement,Low Value,Junior,2,1,1,Medium
3580,Davion Sanchez,2019-12-16,NULL,Production Technician I,Production,Male,Other,0,1,2019,0,77,0,55+,Fully Meets,Low Value,Junior,1,1,3,Medium
3581,Ross Strickland,2020-11-20,2023-05-01,Production Technician I,Production,Male,Other,892,0,2020,2023,77,80,55+,Fully Meets,Low Value,Junior,3,1,3,High risk
3582,Augustus Drake,2020-08-19,2022-05-04,Production Technician I,Production,Male,Asian,623,0,2020,2022,52,54,55+,Fully Meets,Low Value,Junior,3,1,3,High risk
3583,Gracelyn Huynh,2021-04-28,2022-04-18,Production Technician I,Production,Female,White,355,0,2021,2022,63,64,55+,Needs Improvement,Low Value,Junior,3,1,1,Medium
3584,Orlando Armstrong,2020-08-14,NULL,Production Technician I,Production,Female,Other,0,1,2020,0,33,0,35-44,Fully Meets,Low Value,Junior,2,4,3,High risk
3585,Edward Everett,2021-12-22,NULL,Production Technician I,Production,Female,Black,0,1,2021,0,29,0,25-34,Fully Meets,Low Value,Junior,2,2,3,High risk
3586,Jaqueline Terrell,2019-02-01,2019-02-10,Production Technician I,Production,Female,Hispanic,9,0,2019,2019,19,19,25-34,Fully Meets,Low Value,Junior,4,2,3,High risk
3587,Quinn Mccullough,2021-05-10,2021-12-17,Production Technician I,Production,Male,Other,221,0,2021,2021,44,44,45-54,Fully Meets,Low Value,Junior,4,3,3,High risk
3588,Selena Greer,2019-06-25,2019-08-15,Production Technician I,Production,Male,Black,51,0,2019,2019,47,47,45-54,Fully Meets,Low Value,Junior,4,3,3,High risk
3589,Giovani Roy,2019-04-25,NULL,Production Technician I,Production,Male,White,0,1,2019,0,68,0,55+,Fully Meets,Low Value,Junior,1,1,3,Medium
3590,Dominik Mullen,2021-02-25,2022-10-13,Production Technician I,Production,Male,Asian,595,0,2021,2022,26,27,25-34,Fully Meets,Low Value,Junior,3,2,3,High risk
3591,Abdullah Ellison,2021-11-23,2023-05-29,Production Technician I,Production,Female,White,552,0,2021,2023,23,25,25-34,Needs Improvement,Low Value,Junior,3,2,1,Medium
3592,Andre Guzman,2021-10-05,2022-06-18,Production Technician I,Production,Male,Other,256,0,2021,2022,23,24,25-34,Fully Meets,Low Value,Junior,3,2,3,High risk
3593,Brayden Malone,2020-05-30,NULL,Production Technician I,Production,Male,Asian,0,1,2020,0,71,0,55+,Fully Meets,Low Value,Junior,2,1,3,Medium
3594,Maribel Morrison,2018-12-11,NULL,Production Technician I,Production,Male,Black,0,1,2018,0,50,0,55+,Needs Improvement,Low Value,Junior,1,1,1,Low
3595,Fisher Stafford,2020-09-22,2022-09-14,Production Technician I,Production,Male,Other,722,0,2020,2022,68,70,55+,Fully Meets,Low Value,Junior,3,1,3,High risk
3596,Kellen Medina,2019-07-28,NULL,Production Technician I,Production,Male,Other,0,1,2019,0,37,0,35-44,Needs Improvement,Low Value,Junior,1,4,1,Medium
3597,Brenton Monroe,2020-06-06,2021-04-14,Production Technician II,Production,Female,Black,312,0,2020,2021,34,35,35-44,Fully Meets,Low Value,Junior,3,4,3,High risk
3598,Derick Rocha,2018-09-28,2023-08-05,Production Technician II,Production,Female,Other,1772,0,2018,2023,68,73,55+,Needs Improvement,Low Value,Senior,2,1,1,Medium
3599,Elaine Weeks,2020-04-12,NULL,Production Technician II,Production,Female,White,0,1,2020,0,70,0,55+,Fully Meets,Low Value,Junior,2,1,3,Medium
3600,Marely Dixon,2022-11-01,NULL,Production Technician II,Production,Female,White,0,1,2022,0,73,0,55+,Fully Meets,Low Value,Junior,3,1,3,High risk
3601,Keagan Henson,2022-11-21,NULL,Production Technician II,Production,Female,White,0,1,2022,0,56,0,55+,Fully Meets,Low Value,Junior,3,1,3,High risk
3602,Helena Davenport,2021-04-11,2023-05-24,Production Technician II,Production,Female,Hispanic,773,0,2021,2023,27,29,25-34,Fully Meets,Low Value,Junior,3,2,3,High risk
3603,Houston Aguirre,2018-11-29,2019-02-21,Production Technician II,Production,Female,White,84,0,2018,2019,41,42,45-54,Fully Meets,Low Value,Junior,3,3,3,High risk
3604,Kane Owen,2019-01-16,2022-08-31,Production Technician II,Production,Female,Hispanic,1323,0,2019,2022,71,74,55+,Needs Improvement,Low Value,Mid,3,1,1,Medium
3605,Emerson Pitts,2019-09-18,NULL,Production Technician I,Production,Male,Other,0,1,2019,0,76,0,55+,Fully Meets,Low Value,Junior,1,1,3,Medium
3606,Clarissa Winters,2019-08-01,2023-01-20,Production Technician I,Production,Male,Other,1268,0,2019,2023,54,58,55+,Fully Meets,Medium Value,Mid,2,1,3,Medium
3607,Frankie Atkins,2019-06-18,2021-04-14,Production Technician I,Production,Male,Other,666,0,2019,2021,43,45,45-54,Fully Meets,Low Value,Junior,3,3,3,High risk
3608,Ally Zhang,2019-02-13,NULL,Production Technician I,Production,Male,Other,0,1,2019,0,40,0,45-54,Fully Meets,Low Value,Junior,1,3,3,High risk
3609,Kayleigh Harmon,2021-06-02,NULL,Production Technician I,Production,Female,Other,0,1,2021,0,28,0,25-34,Fully Meets,Low Value,Junior,2,2,3,High risk
3610,Kayley Myers,2018-10-11,NULL,Production Technician I,Production,Female,Other,0,1,2018,0,45,0,45-54,Fully Meets,Low Value,Junior,1,3,3,High risk
3611,Rowan Cobb,2021-03-09,NULL,Production Technician I,Production,Female,Hispanic,0,1,2021,0,69,0,55+,Fully Meets,Low Value,Junior,2,1,3,Medium
3612,Edward Mann,2022-01-23,NULL,Production Technician I,Production,Male,Black,0,1,2022,0,38,0,35-44,Performance Improvement Plan,Low Value,Junior,3,4,2,High risk
3613,Amirah Johnson,2019-02-24,NULL,Production Technician I,Production,Male,Asian,0,1,2019,0,46,0,45-54,Exceeds,Low Value,Junior,1,3,4,High risk
3614,Bridget Deleon,2020-01-08,2021-07-02,Production Technician I,Production,Male,White,541,0,2020,2021,47,48,45-54,Fully Meets,Low Value,Junior,3,3,3,High risk
3615,Martin Weber,2021-05-13,2022-09-22,Production Technician I,Production,Male,Asian,497,0,2021,2022,35,36,35-44,Exceeds,Low Value,Junior,3,4,4,High risk
3616,Ruben Lewis,2022-02-12,NULL,Production Technician I,Production,Female,Hispanic,0,1,2022,0,41,0,35-44,Fully Meets,Low Value,Junior,3,4,3,High risk
3617,Bailey Collier,2023-02-01,NULL,Production Technician I,Production,Female,Hispanic,0,1,2023,0,62,0,55+,Fully Meets,Low Value,Junior,3,1,3,High risk
3618,Charlee Roth,2023-02-04,NULL,Production Technician I,Production,Male,Black,0,1,2023,0,79,0,55+,Fully Meets,Low Value,Junior,3,1,3,High risk
3619,Karissa Bowers,2023-03-23,2023-05-01,Production Technician I,Production,Male,Asian,39,0,2023,2023,39,39,35-44,Fully Meets,Low Value,Junior,4,4,3,High risk
3620,Noel Ramirez,2023-03-22,2023-07-14,Production Technician I,Production,Male,Hispanic,114,0,2023,2023,29,29,25-34,Fully Meets,Low Value,Junior,4,2,3,High risk
3621,Victoria Franco,2018-11-28,NULL,Production Technician I,Production,Male,White,0,1,2018,0,21,0,25-34,Fully Meets,Low Value,Junior,1,2,3,Medium
3622,Danika Fleming,2020-07-09,2021-07-10,Production Technician II,Production,Female,Hispanic,366,0,2020,2021,25,26,25-34,Fully Meets,Low Value,Junior,3,2,3,High risk
3623,Jocelyn Kline,2019-02-11,NULL,Production Technician II,Production,Female,Asian,0,1,2019,0,61,0,55+,Fully Meets,Low Value,Junior,1,1,3,Medium
3624,Cesar Higgins,2020-01-09,NULL,Production Technician II,Production,Female,Asian,0,1,2020,0,24,0,25-34,Fully Meets,Low Value,Junior,2,2,3,High risk
3625,Gabriel Dodson,2021-11-11,2022-07-31,Production Technician II,Production,Female,Asian,262,0,2021,2022,46,47,45-54,Fully Meets,Low Value,Junior,3,3,3,High risk
3626,Raphael Sandoval,2021-05-15,NULL,Production Technician II,Production,Female,Asian,0,1,2021,0,28,0,25-34,Fully Meets,Low Value,Junior,2,2,3,High risk
3627,Ruth Harrell,2019-08-21,2022-10-28,Production Technician II,Production,Female,Black,1164,0,2019,2022,52,55,55+,Fully Meets,Medium Value,Mid,3,1,3,High risk
3628,Peyton Barber,2020-09-18,NULL,Production Technician II,Production,Female,Hispanic,0,1,2020,0,74,0,55+,Fully Meets,Low Value,Junior,2,1,3,Medium
3629,Reginald Lowery,2022-08-27,2022-12-03,Production Technician I,Production,Male,Black,98,0,2022,2022,39,39,35-44,Fully Meets,Low Value,Junior,4,4,3,High risk
3630,Stephanie Briggs,2019-02-23,NULL,Production Technician I,Production,Male,Other,0,1,2019,0,54,0,55+,Fully Meets,Low Value,Junior,1,1,3,Medium
3631,Shaniya Becker,2022-08-08,2022-10-25,Production Technician I,Production,Male,Other,78,0,2022,2022,75,75,55+,Fully Meets,Low Value,Junior,4,1,3,High risk
3632,Ryan Oconnell,2022-09-24,2022-10-24,Production Technician I,Production,Male,Asian,30,0,2022,2022,77,77,55+,Fully Meets,Low Value,Junior,4,1,3,High risk
3633,Emma Ware,2022-03-21,NULL,Production Technician I,Production,Female,Hispanic,0,1,2022,0,35,0,35-44,Fully Meets,Low Value,Junior,3,4,3,High risk
3634,Keyon Haley,2023-06-23,2023-07-26,Production Technician I,Production,Female,Other,33,0,2023,2023,61,61,55+,Fully Meets,Low Value,Junior,4,1,3,High risk
3635,Kylee Bates,2020-10-26,NULL,Production Technician I,Production,Female,Hispanic,0,1,2020,0,42,0,45-54,Fully Meets,Low Value,Junior,2,3,3,High risk
3636,Marc Chandler,2020-01-29,NULL,Production Technician I,Production,Male,Asian,0,1,2020,0,38,0,35-44,Fully Meets,Low Value,Junior,2,4,3,High risk
3637,Abdullah Pruitt,2022-04-23,NULL,Production Technician I,Production,Male,Asian,0,1,2022,0,27,0,25-34,Fully Meets,Low Value,Junior,3,2,3,High risk
3638,Shamar Roth,2023-06-15,NULL,Production Technician I,Production,Male,Hispanic,0,1,2023,0,45,0,45-54,Fully Meets,Low Value,Junior,3,3,3,High risk
3639,Jaylen Acosta,2019-09-19,2020-04-14,Production Technician I,Production,Female,Hispanic,208,0,2019,2020,53,54,55+,Fully Meets,Low Value,Junior,3,1,3,High risk
3640,Kale House,2023-01-07,NULL,Production Technician I,Production,Female,Asian,0,1,2023,0,23,0,25-34,Fully Meets,Low Value,Junior,3,2,3,High risk
3641,Kiersten Ellis,2020-02-07,2021-05-01,Production Technician I,Production,Male,Other,449,0,2020,2021,49,50,45-54,Fully Meets,Low Value,Junior,3,3,3,High risk
3642,Karissa Carrillo,2020-04-29,2021-11-12,Production Technician I,Production,Male,Black,562,0,2020,2021,42,43,45-54,Fully Meets,Low Value,Junior,3,3,3,High risk
3643,Issac Whitehead,2020-04-16,NULL,Production Technician I,Production,Male,Asian,0,1,2020,0,59,0,55+,Fully Meets,Low Value,Junior,2,1,3,Medium
3644,Madisyn Andrews,2022-06-16,NULL,Production Technician I,Production,Male,Black,0,1,2022,0,36,0,35-44,Fully Meets,Low Value,Junior,3,4,3,High risk
3645,Madyson Rhodes,2019-07-22,NULL,Production Technician I,Production,Male,Asian,0,1,2019,0,42,0,45-54,Fully Meets,Low Value,Junior,1,3,3,High risk
3646,Brenton Rodriguez,2023-04-22,NULL,Production Technician II,Production,Female,Hispanic,0,1,2023,0,55,0,55+,Fully Meets,Low Value,Junior,3,1,3,High risk
3647,Nathen Arias,2020-12-28,2021-01-30,Production Technician II,Production,Female,Black,33,0,2020,2021,54,55,55+,Fully Meets,Low Value,Junior,3,1,3,High risk
3648,Keyon Hensley,2022-02-23,NULL,Production Technician II,Production,Female,Other,0,1,2022,0,74,0,55+,Exceeds,Low Value,Junior,3,1,4,High risk
3649,Elisha Ruiz,2022-08-13,NULL,Production Technician II,Production,Female,White,0,1,2022,0,54,0,55+,Exceeds,Low Value,Junior,3,1,4,High risk
3650,Amirah Stanley,2019-10-03,2022-02-28,Production Technician II,Production,Female,White,879,0,2019,2022,28,31,25-34,Fully Meets,Medium Value,Junior,3,2,3,High risk
3651,Jeremy Meyer,2019-10-14,NULL,Production Technician II,Production,Female,White,0,1,2019,0,28,0,25-34,Fully Meets,Low Value,Junior,1,2,3,Medium
3652,Owen Dillon,2019-08-30,2022-08-27,Production Technician I,Production,Male,Other,1093,0,2019,2022,73,76,55+,Fully Meets,Medium Value,Junior,3,1,3,High risk
3653,Bridget Bray,2021-02-04,2023-07-30,Production Technician I,Production,Male,Asian,906,0,2021,2023,26,28,25-34,Exceeds,Medium Value,Junior,3,2,4,High risk
3654,Cassius Gates,2022-11-23,NULL,Production Technician I,Production,Male,Asian,0,1,2022,0,27,0,25-34,Exceeds,Low Value,Junior,3,2,4,High risk
3655,Martha Kemp,2023-02-25,NULL,Production Technician I,Production,Male,Asian,0,1,2023,0,25,0,25-34,Fully Meets,Low Value,Junior,3,2,3,High risk
3656,Francesca Mcmahon,2019-12-15,NULL,Production Technician I,Production,Male,Hispanic,0,1,2019,0,18,0,Under 25,Exceeds,Low Value,Junior,1,5,4,High risk
3657,Lorelei Walls,2021-08-29,NULL,Production Technician I,Production,Female,Black,0,1,2021,0,29,0,25-34,Fully Meets,Low Value,Junior,2,2,3,High risk
3658,Emery Gillespie,2022-11-04,2023-07-07,Production Technician I,Production,Female,Black,245,0,2022,2023,56,57,55+,Fully Meets,Low Value,Junior,3,1,3,High risk
3659,Kaylee Baldwin,2019-10-02,2019-10-13,Production Technician I,Production,Male,Other,11,0,2019,2019,30,30,35-44,Exceeds,Low Value,Junior,4,4,4,High risk
3660,Aron Hester,2019-05-24,NULL,Production Technician I,Production,Male,Hispanic,0,1,2019,0,45,0,45-54,Exceeds,Low Value,Junior,1,3,4,High risk
3661,Reagan Brennan,2022-02-28,2022-09-05,Production Technician I,Production,Male,Asian,189,0,2022,2022,70,70,55+,Fully Meets,Low Value,Junior,4,1,3,High risk
3662,Hugh Berry,2023-06-13,NULL,Production Technician I,Production,Male,Other,0,1,2023,0,50,0,45-54,Exceeds,Low Value,Junior,3,3,4,High risk
3663,Brandon Anderson,2019-10-07,2022-01-22,Production Technician I,Production,Female,Black,838,0,2019,2022,42,45,45-54,Exceeds,Medium Value,Junior,3,3,4,High risk
3664,Diana Garza,2020-10-06,2022-01-12,Production Technician I,Production,Female,Other,463,0,2020,2022,64,66,55+,Fully Meets,Low Value,Junior,3,1,3,High risk
3665,Dalton Bowen,2019-11-22,NULL,Production Technician I,Production,Male,Asian,0,1,2019,0,34,0,35-44,Fully Meets,Low Value,Junior,1,4,3,High risk
3666,Davin Peters,2022-04-29,2023-01-21,Production Technician I,Production,Male,Hispanic,267,0,2022,2023,66,67,55+,Fully Meets,Low Value,Junior,3,1,3,High risk
3667,Leyla Warren,2022-12-11,2023-04-28,Production Technician I,Production,Male,Black,138,0,2022,2023,24,25,25-34,Fully Meets,Low Value,Junior,3,2,3,High risk
3668,Victoria Allen,2023-08-06,2023-08-06,Production Technician I,Production,Male,Asian,0,1,2023,2023,27,27,25-34,Needs Improvement,Low Value,Junior,4,2,1,High risk
3669,Tyler Hines,2020-03-28,2023-03-12,Production Technician I,Production,Male,Black,1079,0,2020,2023,53,56,55+,Fully Meets,Medium Value,Junior,3,1,3,High risk
3670,Sandra Atkinson,2022-08-11,2023-03-27,Production Technician II,Production,Female,Hispanic,228,0,2022,2023,53,54,55+,Needs Improvement,Low Value,Junior,3,1,1,Medium
3671,Simone Hayes,2023-01-26,2023-06-19,Production Technician II,Production,Female,Asian,144,0,2023,2023,34,34,35-44,Needs Improvement,Low Value,Junior,4,4,1,High risk
3672,Rhett Valenzuela,2019-01-14,NULL,Production Technician II,Production,Female,Asian,0,1,2019,0,28,0,25-34,Fully Meets,Low Value,Junior,1,2,3,Medium
3673,Lane Zuniga,2022-06-11,2023-01-10,Production Technician II,Production,Female,Other,213,0,2022,2023,49,50,45-54,Fully Meets,Low Value,Junior,3,3,3,High risk
3674,Isabelle Shields,2020-06-25,2022-03-02,Production Technician II,Production,Female,Other,615,0,2020,2022,24,26,25-34,Fully Meets,Low Value,Junior,3,2,3,High risk
3675,Mario Mays,2020-06-08,2022-12-29,Production Technician II,Production,Female,Hispanic,934,0,2020,2022,68,70,55+,Fully Meets,Medium Value,Junior,3,1,3,High risk
3676,Leah Robinson,2018-08-29,NULL,Production Technician I,Production,Male,Black,0,1,2018,0,25,0,25-34,Fully Meets,Low Value,Junior,1,2,3,Medium
3677,Dayami Bailey,2022-10-01,NULL,Production Technician I,Production,Male,Hispanic,0,1,2022,0,62,0,55+,Fully Meets,Low Value,Junior,3,1,3,High risk
3678,Ramon Fleming,2021-07-22,NULL,Production Technician I,Production,Male,Asian,0,1,2021,0,22,0,25-34,Fully Meets,Low Value,Junior,2,2,3,High risk
3679,Pedro Harrison,2019-12-14,NULL,Production Technician I,Production,Male,Asian,0,1,2019,0,30,0,35-44,Fully Meets,Low Value,Junior,1,4,3,High risk
3680,Harrison Hudson,2020-03-27,NULL,Production Technician I,Production,Female,Other,0,1,2020,0,35,0,35-44,Fully Meets,Low Value,Junior,2,4,3,High risk
3681,Taniya Lane,2021-11-25,NULL,Production Technician I,Production,Female,Black,0,1,2021,0,45,0,45-54,Fully Meets,Low Value,Junior,2,3,3,High risk
3682,Rene Wallace,2023-07-08,NULL,Production Technician I,Production,Female,Black,0,1,2023,0,80,0,55+,Fully Meets,Low Value,Junior,3,1,3,High risk
3683,Kai Gaines,2021-11-02,2021-12-11,Production Technician I,Production,Male,Other,39,0,2021,2021,65,65,55+,Fully Meets,Low Value,Junior,4,1,3,High risk
3684,Noelle Levy,2019-12-01,2022-12-25,Production Technician I,Production,Male,Hispanic,1120,0,2019,2022,65,68,55+,Fully Meets,Medium Value,Mid,3,1,3,High risk
3685,Kylie Jimenez,2022-08-16,2022-11-10,Production Technician I,Production,Male,Asian,86,0,2022,2022,36,36,35-44,Fully Meets,Low Value,Junior,4,4,3,High risk
3686,Carly Figueroa,2021-04-25,2022-12-12,Production Technician I,Production,Male,White,596,0,2021,2022,23,24,25-34,Exceeds,Low Value,Junior,3,2,4,High risk
3687,Bria Mcpherson,2019-05-17,NULL,Production Technician I,Production,Female,White,0,1,2019,0,75,0,55+,Exceeds,Low Value,Junior,1,1,4,Medium
3688,Brynn Harding,2019-05-04,2021-08-03,Production Technician I,Production,Female,Asian,822,0,2019,2021,68,70,55+,Exceeds,Medium Value,Junior,3,1,4,High risk
3689,Rashad Wells,2021-07-16,NULL,Production Technician I,Production,Male,Asian,0,1,2021,0,61,0,55+,Exceeds,Low Value,Junior,2,1,4,High risk
3690,Jaylene Deleon,2020-08-04,2021-02-27,Production Technician I,Production,Male,White,207,0,2020,2021,70,71,55+,Needs Improvement,Low Value,Junior,3,1,1,Medium
3691,Chace Church,2020-11-23,NULL,Production Technician I,Production,Male,Asian,0,1,2020,0,27,0,25-34,Needs Improvement,Low Value,Junior,2,2,1,Medium
3692,Zayne Hunter,2019-11-11,NULL,Production Technician I,Production,Male,Black,0,1,2019,0,40,0,45-54,Needs Improvement,Low Value,Junior,1,3,1,Medium
3693,Amya Vega,2019-05-20,2020-08-30,Production Technician II,Production,Female,White,468,0,2019,2020,42,43,45-54,Exceeds,Low Value,Junior,3,3,4,High risk
3694,Nickolas West,2019-11-05,2022-04-16,Production Technician II,Production,Female,Hispanic,893,0,2019,2022,58,61,55+,Performance Improvement Plan,Low Value,Junior,3,1,2,Medium
3695,Cason Neal,2018-09-20,2021-02-04,Production Technician II,Production,Female,Hispanic,868,0,2018,2021,29,32,35-44,Performance Improvement Plan,Low Value,Junior,3,4,2,High risk
3696,Aldo Dyer,2020-09-02,2023-05-26,Production Technician II,Production,Female,Hispanic,996,0,2020,2023,31,34,35-44,Performance Improvement Plan,Medium Value,Junior,3,4,2,High risk
3697,Sonia Skinner,2020-06-28,NULL,Production Technician II,Production,Female,Other,0,1,2020,0,28,0,25-34,Performance Improvement Plan,Low Value,Junior,2,2,2,Medium
3698,Julien Banks,2023-03-22,2023-05-30,Production Technician II,Production,Female,Hispanic,69,0,2023,2023,39,39,35-44,Performance Improvement Plan,Low Value,Junior,4,4,2,High risk
3699,Madelyn Mcdonald,2022-08-30,2022-09-20,Production Technician I,Production,Male,Asian,21,0,2022,2022,45,45,45-54,Performance Improvement Plan,Low Value,Junior,4,3,2,High risk
3700,Brenden Nash,2019-10-24,NULL,Production Technician I,Production,Male,Hispanic,0,1,2019,0,31,0,35-44,Performance Improvement Plan,Low Value,Junior,1,4,2,High risk
3701,Genesis Coleman,2019-11-09,NULL,Production Technician I,Production,Male,Other,0,1,2019,0,71,0,55+,Performance Improvement Plan,Low Value,Junior,1,1,2,Medium
3702,Justice Branch,2019-07-13,NULL,Production Technician I,Production,Male,Asian,0,1,2019,0,43,0,45-54,Exceeds,Low Value,Junior,1,3,4,High risk
3703,Addisyn Guerrero,2020-08-31,2022-06-26,Production Technician I,Production,Female,White,664,0,2020,2022,69,71,55+,Exceeds,Low Value,Junior,3,1,4,High risk
3704,Addisyn Aguilar,2019-01-25,2021-10-26,Production Technician I,Production,Female,Asian,1005,0,2019,2021,43,45,45-54,Exceeds,Low Value,Junior,3,3,4,High risk
3705,Marcos Gallagher,2020-11-21,2023-04-09,Production Technician I,Production,Female,White,869,0,2020,2023,53,56,55+,Exceeds,Medium Value,Junior,3,1,4,High risk
3706,Mareli Parker,2019-09-23,NULL,Production Technician I,Production,Male,White,0,1,2019,0,45,0,45-54,Exceeds,Low Value,Junior,1,3,4,High risk
3707,Joshua Mitchell,2022-12-11,NULL,Production Technician I,Production,Male,Asian,0,1,2022,0,27,0,25-34,Exceeds,Low Value,Junior,3,2,4,High risk
3708,Case Gaines,2020-08-21,2022-09-20,Production Technician I,Production,Male,Black,760,0,2020,2022,46,48,45-54,Exceeds,Low Value,Junior,3,3,4,High risk
3709,Jacey Reyes,2019-02-04,2023-04-17,Production Technician I,Production,Male,Black,1533,0,2019,2023,50,54,55+,Exceeds,Low Value,Mid,2,1,4,High risk
3710,Dean Middleton,2021-10-29,NULL,Production Technician I,Production,Female,Hispanic,0,1,2021,0,61,0,55+,Exceeds,Low Value,Junior,2,1,4,High risk
3711,Marlene Bates,2021-07-17,NULL,Production Technician I,Production,Female,Black,0,1,2021,0,40,0,35-44,Needs Improvement,Low Value,Junior,2,4,1,High risk
3712,Kyra Ray,2019-04-28,2022-09-01,Production Technician I,Production,Male,Asian,1222,0,2019,2022,63,66,55+,Needs Improvement,Low Value,Mid,3,1,1,Medium
3713,Melanie Kennedy,2020-07-21,NULL,Production Technician I,Production,Male,Hispanic,0,1,2020,0,35,0,35-44,Fully Meets,Low Value,Junior,2,4,3,High risk
3714,Aleena Mercer,2020-01-19,NULL,Production Technician I,Production,Male,White,0,1,2020,0,55,0,55+,Fully Meets,Low Value,Junior,2,1,3,Medium
3715,Jake White,2021-09-12,NULL,Production Technician I,Production,Male,Black,0,1,2021,0,45,0,45-54,Fully Meets,Low Value,Junior,2,3,3,High risk
3716,Chaim Chase,2022-07-31,2023-02-18,Production Technician II,Production,Female,Black,202,0,2022,2023,29,30,25-34,Fully Meets,Low Value,Junior,3,2,3,High risk
3717,Keshawn Le,2023-05-18,NULL,Production Technician II,Production,Female,Asian,0,1,2023,0,31,0,25-34,Fully Meets,Low Value,Junior,3,2,3,High risk
3718,Dalton Frazier,2021-05-25,2021-10-22,Production Technician II,Production,Female,Other,150,0,2021,2021,75,75,55+,Fully Meets,Low Value,Junior,4,1,3,High risk
3719,Cannon Hester,2022-07-22,NULL,Production Technician II,Production,Female,Hispanic,0,1,2022,0,75,0,55+,Fully Meets,Low Value,Junior,3,1,3,High risk
3720,Crystal Brandt,2019-05-23,2020-09-12,Production Technician II,Production,Female,White,478,0,2019,2020,61,62,55+,Fully Meets,Low Value,Junior,3,1,3,High risk
3721,Johnny Goodman,2020-02-12,2020-04-07,Production Technician I,Production,Male,Black,55,0,2020,2020,60,60,55+,Fully Meets,Low Value,Junior,4,1,3,High risk
3722,Nehemiah Hancock,2020-02-16,2022-01-09,Production Technician I,Production,Male,White,693,0,2020,2022,73,75,55+,Fully Meets,Low Value,Junior,3,1,3,High risk
3723,Elliana Villanueva,2022-04-29,2022-07-16,Production Technician I,Production,Male,Asian,78,0,2022,2022,50,50,45-54,Fully Meets,Low Value,Junior,4,3,3,High risk
3724,Essence Schwartz,2019-10-10,2021-10-30,Production Technician I,Production,Male,Asian,751,0,2019,2021,50,52,55+,Fully Meets,Low Value,Junior,3,1,3,High risk
3725,Ryker Cox,2019-04-07,2023-07-09,Production Technician I,Production,Male,Asian,1554,0,2019,2023,64,68,55+,Fully Meets,Low Value,Mid,2,1,3,Medium
3726,Averi Stevenson,2020-07-13,2021-09-18,Production Technician I,Production,Female,Other,432,0,2020,2021,25,26,25-34,Fully Meets,Low Value,Junior,3,2,3,High risk
3727,Katherine Russo,2021-08-26,NULL,Production Technician I,Production,Female,Other,0,1,2021,0,76,0,55+,Fully Meets,Low Value,Junior,2,1,3,Medium
3728,Aydan Robbins,2021-12-23,NULL,Production Technician I,Production,Male,Hispanic,0,1,2021,0,54,0,55+,Fully Meets,Low Value,Junior,2,1,3,Medium
3729,Heaven Walls,2022-12-08,2023-07-04,Production Technician I,Production,Male,Other,208,0,2022,2023,79,80,55+,Fully Meets,Low Value,Junior,3,1,3,High risk
3730,Bobby Chung,2022-01-18,NULL,Production Technician I,Production,Male,Black,0,1,2022,0,57,0,55+,Fully Meets,Low Value,Junior,3,1,3,High risk
3731,Maximus Fields,2020-02-28,2022-12-14,Production Technician I,Production,Male,Hispanic,1020,0,2020,2022,22,24,25-34,Fully Meets,Medium Value,Junior,3,2,3,High risk
3732,Orion Ochoa,2020-05-31,NULL,Production Technician I,Production,Male,Black,0,1,2020,0,66,0,55+,Fully Meets,Low Value,Junior,2,1,3,Medium
3733,Halle Boyd,2020-04-20,2022-07-23,Production Technician I,Production,Female,Hispanic,824,0,2020,2022,26,28,25-34,Fully Meets,Medium Value,Junior,3,2,3,High risk
3734,Lindsey Rocha,2019-03-07,NULL,Production Technician I,Production,Male,White,0,1,2019,0,55,0,55+,Fully Meets,Low Value,Junior,1,1,3,Medium
3735,Chace Gray,2019-05-29,NULL,Production Technician I,Production,Male,White,0,1,2019,0,56,0,55+,Fully Meets,Low Value,Junior,1,1,3,Medium
3736,Carsen Wheeler,2020-10-18,2023-03-22,Production Technician I,Production,Male,Other,885,0,2020,2023,44,47,45-54,Fully Meets,Low Value,Junior,3,3,3,High risk
3737,Arielle Escobar,2018-11-19,NULL,Production Technician I,Production,Male,Hispanic,0,1,2018,0,72,0,55+,Fully Meets,Low Value,Junior,1,1,3,Medium
3738,Kaitlynn Blair,2022-04-15,2023-01-09,Production Technician II,Production,Female,Hispanic,269,0,2022,2023,22,23,25-34,Fully Meets,Low Value,Junior,3,2,3,High risk
3739,Amir Melendez,2018-08-24,2021-03-22,Production Technician II,Production,Female,Asian,941,0,2018,2021,67,70,55+,Fully Meets,Medium Value,Junior,3,1,3,High risk
3740,Monique Buckley,2022-10-15,2023-02-17,Production Technician II,Production,Female,Other,125,0,2022,2023,21,22,Under 25,Fully Meets,Low Value,Junior,3,5,3,High risk
3741,Clark Blanchard,2023-02-27,2023-03-28,Production Technician II,Production,Female,Hispanic,29,0,2023,2023,75,75,55+,Fully Meets,Low Value,Junior,4,1,3,High risk
3742,Gabriel Pearson,2021-09-22,2023-05-15,Production Technician II,Production,Female,Asian,600,0,2021,2023,40,42,35-44,Fully Meets,Low Value,Junior,3,4,3,High risk
3743,Mercedes Cook,2020-05-30,NULL,Production Technician I,Production,Male,Black,0,1,2020,0,70,0,55+,Fully Meets,Low Value,Junior,2,1,3,Medium
3744,Skyler Blankenship,2020-09-11,NULL,Production Technician I,Production,Female,Asian,0,1,2020,0,56,0,55+,Fully Meets,Low Value,Junior,2,1,3,Medium
3745,Jordan Davis,2019-05-31,2020-10-06,Production Technician I,Production,Male,Asian,494,0,2019,2020,41,42,45-54,Fully Meets,Low Value,Junior,3,3,3,High risk
3746,Bridget Wu,2020-07-13,NULL,Production Technician I,Production,Male,Black,0,1,2020,0,51,0,55+,Fully Meets,Low Value,Junior,2,1,3,Medium
3747,Gabriel Kirk,2021-09-09,2023-02-10,Production Technician I,Production,Male,Black,519,0,2021,2023,77,79,55+,Fully Meets,Low Value,Junior,3,1,3,High risk
3748,Aron Ali,2019-04-06,NULL,Production Technician I,Production,Male,Other,0,1,2019,0,50,0,55+,Fully Meets,Low Value,Junior,1,1,3,Medium
3749,Kayden Soto,2021-02-16,NULL,Production Technician I,Production,Female,Other,0,1,2021,0,36,0,35-44,Fully Meets,Low Value,Junior,2,4,3,High risk
3750,Micaela Conner,2020-02-17,NULL,Production Technician I,Production,Male,Black,0,1,2020,0,65,0,55+,Fully Meets,Low Value,Junior,2,1,3,Medium
3751,Arthur Mitchell,2021-10-15,NULL,Production Technician I,Production,Male,Other,0,1,2021,0,49,0,45-54,Fully Meets,Low Value,Junior,2,3,3,High risk
3752,Deven Morse,2022-07-06,NULL,Production Technician I,Production,Male,White,0,1,2022,0,68,0,55+,Fully Meets,Low Value,Junior,3,1,3,High risk
3753,George Villegas,2019-03-05,2020-12-10,Production Technician I,Production,Male,White,646,0,2019,2020,60,61,55+,Fully Meets,Low Value,Junior,3,1,3,High risk
3754,Arielle Potts,2020-06-02,2022-01-25,Production Technician I,Production,Male,Black,602,0,2020,2022,42,44,45-54,Fully Meets,Low Value,Junior,3,3,3,High risk
3755,Maxwell Howell,2020-11-26,2023-02-17,Production Technician I,Production,Female,Black,813,0,2020,2023,19,22,Under 25,Fully Meets,Low Value,Junior,3,5,3,High risk
3756,Junior Bridges,2021-05-24,NULL,Production Technician I,Production,Female,Hispanic,0,1,2021,0,77,0,55+,Fully Meets,Low Value,Junior,2,1,3,Medium
3757,Salvatore Noble,2022-10-17,2023-03-26,Production Technician I,Production,Male,Asian,160,0,2022,2023,29,30,25-34,Fully Meets,Low Value,Junior,3,2,3,High risk
3758,Heath Hodges,2022-11-16,2023-06-24,Production Technician I,Production,Male,Other,220,0,2022,2023,76,77,55+,Fully Meets,Low Value,Junior,3,1,3,High risk
3759,Gabriella Warner,2022-05-01,2022-09-25,Production Technician I,Production,Male,Black,147,0,2022,2022,64,64,55+,Fully Meets,Low Value,Junior,4,1,3,High risk
3760,Ryan Tate,2021-08-24,NULL,Production Technician I,Production,Male,Other,0,1,2021,0,61,0,55+,Fully Meets,Low Value,Junior,2,1,3,Medium
3761,Hazel Vincent,2023-06-22,2023-07-10,Production Technician II,Production,Female,Black,18,0,2023,2023,36,36,35-44,Fully Meets,Low Value,Junior,4,4,3,High risk
3762,Gavyn Riggs,2020-07-18,NULL,Production Technician II,Production,Female,Black,0,1,2020,0,71,0,55+,Fully Meets,Low Value,Junior,2,1,3,Medium
3763,Giancarlo Cross,2023-01-12,2023-02-06,Production Technician II,Production,Female,White,25,0,2023,2023,73,73,55+,Fully Meets,Low Value,Junior,4,1,3,High risk
3764,Cristal Bradshaw,2022-02-16,NULL,Production Technician II,Production,Female,Black,0,1,2022,0,27,0,25-34,Fully Meets,Low Value,Junior,3,2,3,High risk
3765,Guadalupe Burke,2022-09-02,NULL,Production Technician II,Production,Female,Hispanic,0,1,2022,0,53,0,55+,Fully Meets,Low Value,Junior,3,1,3,High risk
3766,Elisa Henry,2019-02-02,2023-02-03,Production Technician II,Production,Female,Black,1462,0,2019,2023,76,80,55+,Fully Meets,Medium Value,Mid,2,1,3,Medium
3767,Kale Fischer,2021-08-26,2022-09-05,Production Technician I,Production,Female,Black,375,0,2021,2022,28,29,25-34,Fully Meets,Low Value,Junior,3,2,3,High risk
3768,Morgan Blackwell,2020-12-31,NULL,Production Technician I,Production,Female,Black,0,1,2020,0,29,0,25-34,Fully Meets,Low Value,Junior,2,2,3,High risk
3769,Ivan Wright,2020-12-12,NULL,Production Technician I,Production,Male,Asian,0,1,2020,0,68,0,55+,Fully Meets,Low Value,Junior,2,1,3,Medium
3770,Nayeli Hood,2022-01-13,2023-04-11,Production Technician I,Production,Male,Asian,453,0,2022,2023,27,28,25-34,Fully Meets,Low Value,Junior,3,2,3,High risk
3771,Marilyn Smith,2021-01-24,2023-05-07,Production Technician I,Production,Male,Asian,833,0,2021,2023,40,42,35-44,Fully Meets,Medium Value,Junior,3,4,3,High risk
3772,Zoie Rowland,2022-02-08,2022-07-22,Production Technician I,Production,Female,Asian,164,0,2022,2022,56,56,55+,Fully Meets,Low Value,Junior,4,1,3,High risk
3773,Ann Nguyen,2020-10-11,2022-02-26,Production Technician I,Production,Female,Hispanic,503,0,2020,2022,48,50,45-54,Fully Meets,Low Value,Junior,3,3,3,High risk
3774,Ramiro Savage,2019-06-20,2021-10-13,Production Technician I,Production,Male,Black,846,0,2019,2021,21,23,25-34,Fully Meets,Medium Value,Junior,3,2,3,High risk
3775,Karma Koch,2021-07-13,2022-11-26,Production Technician I,Production,Male,Other,501,0,2021,2022,41,42,45-54,Fully Meets,Low Value,Junior,3,3,3,High risk
3776,Jacqueline Hendrix,2021-10-14,2021-10-30,Production Technician I,Production,Male,Black,16,0,2021,2021,41,41,45-54,Fully Meets,Low Value,Junior,4,3,3,High risk
3777,Kaitlin Barker,2021-11-09,NULL,Production Technician I,Production,Male,Black,0,1,2021,0,55,0,55+,Fully Meets,Low Value,Junior,2,1,3,Medium
3778,Semaj Griffith,2023-04-02,2023-07-27,Production Technician I,Production,Male,Other,116,0,2023,2023,31,31,25-34,Fully Meets,Low Value,Junior,4,2,3,High risk
3779,Damian Burke,2022-10-19,2023-05-03,Production Technician I,Production,Female,Other,196,0,2022,2023,59,60,55+,Fully Meets,Low Value,Junior,3,1,3,High risk
3780,Jessie Smith,2020-05-09,2021-09-14,Production Technician I,Production,Female,Black,493,0,2020,2021,75,76,55+,Fully Meets,Low Value,Junior,3,1,3,High risk
3781,Hezekiah Cummings,2019-08-18,2022-05-05,Production Technician I,Production,Male,Black,991,0,2019,2022,59,62,55+,Fully Meets,Medium Value,Junior,3,1,3,High risk
3782,Brody House,2019-03-09,2020-05-02,Production Technician I,Production,Male,Asian,420,0,2019,2020,35,36,35-44,Fully Meets,Low Value,Junior,3,4,3,High risk
3783,Aaliyah Watts,2020-05-09,NULL,Production Technician I,Production,Male,Asian,0,1,2020,0,58,0,55+,Fully Meets,Low Value,Junior,2,1,3,Medium
3784,Ashton Larsen,2022-08-14,NULL,Production Technician I,Production,Female,White,0,1,2022,0,24,0,25-34,Fully Meets,Low Value,Junior,3,2,3,High risk
3785,Joshua Gibson,2022-01-18,NULL,Production Technician II,Production,Female,Black,0,1,2022,0,45,0,45-54,Fully Meets,Low Value,Junior,3,3,3,High risk
3786,Kyleigh Bauer,2021-06-22,2022-07-26,Production Technician II,Production,Female,Black,399,0,2021,2022,59,60,55+,Fully Meets,Low Value,Junior,3,1,3,High risk
3787,Ramon Schultz,2023-01-19,2023-06-20,Production Technician II,Production,Female,White,152,0,2023,2023,51,51,45-54,Fully Meets,Low Value,Junior,4,3,3,High risk
3788,Maxim Houston,2023-05-17,2023-06-13,Production Technician II,Production,Female,Black,27,0,2023,2023,47,47,45-54,Fully Meets,Low Value,Junior,4,3,3,High risk
3789,Deanna Sellers,2020-06-07,NULL,Production Technician II,Production,Female,Other,0,1,2020,0,43,0,45-54,Fully Meets,Low Value,Junior,2,3,3,High risk
3790,Frankie Figueroa,2023-07-07,2023-07-11,Production Technician II,Production,Female,Hispanic,4,0,2023,2023,61,61,55+,Fully Meets,Low Value,Junior,4,1,3,High risk
3791,Bentley Rush,2020-03-28,NULL,Production Technician I,Production,Female,Asian,0,1,2020,0,42,0,45-54,Fully Meets,Low Value,Junior,2,3,3,High risk
3792,Alexia Pham,2019-05-23,2022-05-10,Production Technician I,Production,Male,White,1083,0,2019,2022,21,24,25-34,Fully Meets,Medium Value,Junior,3,2,3,High risk
3793,Roselyn Roberts,2019-04-20,NULL,Production Technician I,Production,Male,Asian,0,1,2019,0,67,0,55+,Fully Meets,Low Value,Junior,1,1,3,Medium
3794,Ayden Chambers,2018-09-09,NULL,Production Technician I,Production,Male,Asian,0,1,2018,0,22,0,25-34,Fully Meets,Low Value,Junior,1,2,3,Medium
3795,Kaitlynn Serrano,2022-07-14,NULL,Production Technician I,Production,Male,White,0,1,2022,0,33,0,35-44,Exceeds,Low Value,Junior,3,4,4,High risk
3796,Jefferson White,2019-04-17,2021-12-02,Production Technician I,Production,Female,Hispanic,960,0,2019,2021,55,57,55+,Exceeds,Medium Value,Junior,3,1,4,High risk
3797,Maria Grant,2020-05-15,NULL,Production Technician I,Production,Female,Black,0,1,2020,0,45,0,45-54,Fully Meets,Low Value,Junior,2,3,3,High risk
3798,Bryanna Ibarra,2020-04-04,2023-07-04,Production Technician I,Production,Male,Other,1186,0,2020,2023,59,62,55+,Fully Meets,Medium Value,Mid,3,1,3,High risk
3799,Sophie Zavala,2022-10-15,NULL,Production Technician I,Production,Male,Hispanic,0,1,2022,0,58,0,55+,Exceeds,Low Value,Junior,3,1,4,High risk
3800,Amya Grant,2019-07-11,NULL,Production Technician I,Production,Male,Other,0,1,2019,0,69,0,55+,Fully Meets,Low Value,Junior,1,1,3,Medium
3801,Jaydan Neal,2019-10-02,NULL,Production Technician I,Production,Female,Hispanic,0,1,2019,0,71,0,55+,Fully Meets,Low Value,Junior,1,1,3,Medium
3802,Amiyah Ramirez,2021-03-04,NULL,Production Technician I,Production,Male,White,0,1,2021,0,74,0,55+,Fully Meets,Low Value,Junior,2,1,3,Medium
3803,Kai Holt,2021-02-10,2022-01-01,Production Technician I,Production,Female,Black,325,0,2021,2022,36,37,35-44,Fully Meets,Low Value,Junior,3,4,3,High risk
3804,Brendon Wilson,2019-05-15,NULL,Production Technician I,Production,Female,Hispanic,0,1,2019,0,41,0,45-54,Fully Meets,Low Value,Junior,1,3,3,High risk
3805,Nancy Short,2022-04-28,NULL,Production Technician I,Production,Male,Other,0,1,2022,0,40,0,35-44,Fully Meets,Low Value,Junior,3,4,3,High risk
3806,Isabella Wilkins,2021-09-23,2023-07-01,Production Technician I,Production,Male,Other,646,0,2021,2023,47,49,45-54,Fully Meets,Low Value,Junior,3,3,3,High risk
3807,Mayra Moss,2021-09-15,2021-11-10,Production Technician I,Production,Male,Asian,56,0,2021,2021,57,57,55+,Fully Meets,Low Value,Junior,4,1,3,High risk
3808,Maria Gonzalez,2019-04-27,2020-03-20,IT Support,IT/IS,Female,White,328,0,2019,2020,71,72,55+,Fully Meets,Low Value,Junior,3,1,3,High risk
3809,Jumil Turpin,2019-10-06,2020-08-23,Network Engineer,IT/IS,Male,Hispanic,322,0,2019,2020,18,19,Under 25,Fully Meets,Low Value,Junior,3,5,3,High risk
3810,Ann Daniele,2020-02-16,NULL,Sr. Network Engineer,IT/IS,Female,Black,0,1,2020,0,61,0,55+,Fully Meets,Low Value,Junior,2,1,3,Medium
3811,Joe South,2022-05-14,2022-10-21,Sr. Network Engineer,IT/IS,Male,Hispanic,160,0,2022,2022,64,64,55+,Fully Meets,Low Value,Junior,4,1,3,High risk
3812,Sarah Warfield,2019-02-13,2020-08-06,Sr. Network Engineer,IT/IS,Female,Hispanic,540,0,2019,2020,34,35,35-44,Fully Meets,Low Value,Junior,3,4,3,High risk
3813,Alejandro Bacong,2022-08-24,NULL,IT Support,IT/IS,Male,Hispanic,0,1,2022,0,67,0,55+,Fully Meets,Low Value,Junior,3,1,3,High risk
3814,Jyoti Lajiri,2019-01-07,2020-09-05,Sr. Network Engineer,IT/IS,Male,Black,607,0,2019,2020,64,65,55+,Fully Meets,Low Value,Junior,3,1,3,High risk
3815,Neville Tredinnick,2021-03-26,NULL,Network Engineer,IT/IS,Male,White,0,1,2021,0,37,0,35-44,Fully Meets,Low Value,Junior,2,4,3,High risk
3816,Anthony Cisco,2021-05-01,NULL,IT Support,IT/IS,Male,Hispanic,0,1,2021,0,65,0,55+,Fully Meets,Low Value,Junior,2,1,3,Medium
3817,Linda Dolan,2021-10-10,2023-01-21,IT Support,IT/IS,Female,Black,468,0,2021,2023,43,45,45-54,Needs Improvement,Low Value,Junior,3,3,1,High risk
3818,Carlos Merlos,2020-01-02,2022-04-03,Network Engineer,IT/IS,Male,Asian,822,0,2020,2022,70,72,55+,Fully Meets,Medium Value,Junior,3,1,3,High risk
3819,Tanya Morway,2020-01-20,NULL,Network Engineer,IT/IS,Female,Asian,0,1,2020,0,63,0,55+,Fully Meets,Low Value,Junior,2,1,3,Medium
3820,Anita Shepard,2018-08-11,2021-05-21,Network Engineer,IT/IS,Female,Other,1014,0,2018,2021,42,45,45-54,Fully Meets,Medium Value,Junior,3,3,3,High risk
3821,Jeremiah Semizoglou,2021-12-18,NULL,Sr. Network Engineer,IT/IS,Male,White,0,1,2021,0,40,0,35-44,Fully Meets,Low Value,Junior,2,4,3,High risk
3822,Katrina Lambert,2019-09-24,2022-04-04,Network Engineer,Executive Office,Male,Hispanic,923,0,2019,2022,44,47,45-54,Fully Meets,Medium Value,Junior,3,3,3,High risk
3823,Alexzander Pope,2022-10-17,2023-06-26,Network Engineer,Executive Office,Male,White,252,0,2022,2023,35,36,35-44,Needs Improvement,Low Value,Junior,3,4,1,High risk
3824,Derek Holmes,2020-01-07,NULL,IT Support,IT/IS,Male,Black,0,1,2020,0,72,0,55+,Fully Meets,Low Value,Junior,2,1,3,Medium
3825,Danika Deleon,2022-11-05,NULL,IT Support,IT/IS,Male,Black,0,1,2022,0,24,0,25-34,Fully Meets,Low Value,Junior,3,2,3,High risk
3826,Sabrina Durham,2023-04-26,2023-06-03,IT Support,IT/IS,Male,Asian,38,0,2023,2023,22,22,Under 25,Fully Meets,Low Value,Junior,4,5,3,High risk
3827,Frankie Carrillo,2019-05-29,NULL,IT Support,IT/IS,Male,Asian,0,1,2019,0,27,0,25-34,Fully Meets,Low Value,Junior,1,2,3,Medium
3828,Quintin Solomon,2019-09-12,NULL,Sr. Network Engineer,IT/IS,Male,Black,0,1,2019,0,29,0,35-44,Fully Meets,Low Value,Junior,1,4,3,High risk
3829,Jaqueline Pittman,2019-01-27,2021-02-26,Sr. Network Engineer,IT/IS,Male,Other,761,0,2019,2021,63,65,55+,Exceeds,Medium Value,Junior,3,1,4,High risk
3830,Mariana Glass,2019-08-20,NULL,Principal Data Architect,IT/IS,Male,White,0,1,2019,0,72,0,55+,Performance Improvement Plan,Low Value,Junior,1,1,2,Medium
3831,Payton Cross,2018-09-14,NULL,Enterprise Architect,IT/IS,Female,Hispanic,0,1,2018,0,68,0,55+,Needs Improvement,Low Value,Junior,1,1,1,Low
3832,Sloane Rasmussen,2021-08-02,2022-09-29,Sr. DBA,IT/IS,Female,Hispanic,423,0,2021,2022,57,58,55+,Performance Improvement Plan,Low Value,Junior,3,1,2,Medium
3833,Elise Vazquez,2022-01-26,2022-11-02,Network Engineer,Executive Office,Male,Asian,280,0,2022,2022,69,69,55+,Performance Improvement Plan,Low Value,Junior,4,1,2,High risk
3834,Monique Pierce,2019-05-10,2021-08-05,Network Engineer,Executive Office,Male,Hispanic,818,0,2019,2021,58,60,55+,Fully Meets,Medium Value,Junior,3,1,3,High risk
3835,Axel Higgins,2019-01-02,2022-12-06,IT Support,IT/IS,Male,Hispanic,1434,0,2019,2022,26,29,25-34,Fully Meets,Medium Value,Mid,3,2,3,High risk
3836,Marcos Petty,2021-08-13,NULL,IT Support,IT/IS,Male,Black,0,1,2021,0,75,0,55+,Fully Meets,Low Value,Junior,2,1,3,Medium
3837,Mia Cowan,2022-10-02,2022-11-13,IT Support,IT/IS,Male,Other,42,0,2022,2022,66,66,55+,Performance Improvement Plan,Low Value,Junior,4,1,2,High risk
3838,Tanya Leonard,2018-12-17,2021-04-21,IT Support,IT/IS,Female,Asian,856,0,2018,2021,39,42,45-54,Performance Improvement Plan,Medium Value,Junior,3,3,2,High risk
3839,Dereon Page,2021-10-11,NULL,Sr. Network Engineer,IT/IS,Male,Hispanic,0,1,2021,0,21,0,25-34,Performance Improvement Plan,Low Value,Junior,2,2,2,Medium
3840,Meadow Boyer,2023-04-01,2023-05-18,Sr. Network Engineer,IT/IS,Male,Hispanic,47,0,2023,2023,54,54,55+,Fully Meets,Low Value,Junior,4,1,3,High risk
3841,Paris Simpson,2021-03-20,NULL,Principal Data Architect,IT/IS,Male,Asian,0,1,2021,0,51,0,55+,Fully Meets,Low Value,Junior,2,1,3,Medium
3842,Kyla Durham,2020-08-20,2021-08-11,Enterprise Architect,IT/IS,Female,White,356,0,2020,2021,69,70,55+,Fully Meets,Low Value,Junior,3,1,3,High risk
3843,Cassidy Maddox,2023-07-16,2023-07-30,Sr. DBA,IT/IS,Female,Asian,14,0,2023,2023,46,46,45-54,Fully Meets,Low Value,Junior,4,3,3,High risk
3844,Edgar Underwood,2021-06-10,2022-08-18,Network Engineer,Executive Office,Male,White,434,0,2021,2022,60,61,55+,Performance Improvement Plan,Low Value,Junior,3,1,2,Medium
3845,Jaiden Underwood,2019-08-25,NULL,Network Engineer,Executive Office,Male,Hispanic,0,1,2019,0,50,0,55+,Performance Improvement Plan,Low Value,Junior,1,1,2,Medium
3846,Eugene Potts,2020-05-04,2023-05-15,IT Support,IT/IS,Male,Asian,1106,0,2020,2023,45,48,45-54,Fully Meets,Medium Value,Mid,3,3,3,High risk
3847,Gilbert Klein,2019-02-24,2020-06-11,IT Support,IT/IS,Male,Hispanic,473,0,2019,2020,21,22,25-34,Fully Meets,Low Value,Junior,3,2,3,High risk
3848,Nathaly Huffman,2019-09-24,NULL,IT Support,IT/IS,Male,Asian,0,1,2019,0,23,0,25-34,Fully Meets,Low Value,Junior,1,2,3,Medium
3849,Nancy Clay,2021-02-13,NULL,IT Support,IT/IS,Female,White,0,1,2021,0,42,0,45-54,Fully Meets,Low Value,Junior,2,3,3,High risk
3850,Kylie Cantrell,2020-01-05,2022-04-25,Sr. Network Engineer,IT/IS,Male,Hispanic,841,0,2020,2022,67,69,55+,Fully Meets,Medium Value,Junior,3,1,3,High risk
3851,Vance Marquez,2019-01-18,2020-03-30,Sr. Network Engineer,IT/IS,Male,Black,437,0,2019,2020,25,26,25-34,Performance Improvement Plan,Low Value,Junior,3,2,2,High risk
3852,Dante Wyatt,2019-03-01,2021-09-25,Principal Data Architect,IT/IS,Female,White,939,0,2019,2021,32,34,35-44,Performance Improvement Plan,Medium Value,Junior,3,4,2,High risk
3853,Rey Monroe,2021-08-14,2022-11-05,Enterprise Architect,IT/IS,Female,Asian,448,0,2021,2022,38,39,35-44,Fully Meets,Low Value,Junior,3,4,3,High risk
3854,Jayden Mckee,2019-06-06,2019-09-05,Network Engineer,Executive Office,Male,Black,91,0,2019,2019,77,77,55+,Fully Meets,Low Value,Junior,4,1,3,High risk
3855,Brady Yoder,2021-05-25,2022-08-13,Network Engineer,Executive Office,Male,Other,445,0,2021,2022,22,23,25-34,Fully Meets,Low Value,Junior,3,2,3,High risk
3856,Darwin Allen,2023-03-17,2023-06-12,Network Engineer,Executive Office,Male,Other,87,0,2023,2023,29,29,25-34,Performance Improvement Plan,Low Value,Junior,4,2,2,High risk
3857,Jasper Harrison,2022-10-02,2022-10-11,IT Support,IT/IS,Male,Black,9,0,2022,2022,59,59,55+,Performance Improvement Plan,Low Value,Junior,4,1,2,High risk
3858,Bailey Humphrey,2022-01-22,NULL,IT Support,IT/IS,Male,Other,0,1,2022,0,71,0,55+,Fully Meets,Low Value,Junior,3,1,3,High risk
3859,Clare English,2019-11-29,2022-08-18,IT Support,IT/IS,Female,Hispanic,993,0,2019,2022,27,30,25-34,Performance Improvement Plan,Medium Value,Junior,3,2,2,High risk
3860,Amy Sherman,2020-07-01,2022-09-22,IT Support,IT/IS,Female,Asian,813,0,2020,2022,24,26,25-34,Fully Meets,Medium Value,Junior,3,2,3,High risk
3861,Lizbeth Hunt,2022-03-24,NULL,Sr. Network Engineer,IT/IS,Male,Other,0,1,2022,0,57,0,55+,Performance Improvement Plan,Low Value,Junior,3,1,2,Medium
3862,Eden Armstrong,2019-05-13,2023-06-06,Sr. Network Engineer,IT/IS,Male,White,1485,0,2019,2023,30,34,35-44,Performance Improvement Plan,Medium Value,Mid,2,4,2,High risk
3863,Eugene Mueller,2019-06-07,NULL,Principal Data Architect,IT/IS,Female,Other,0,1,2019,0,47,0,45-54,Performance Improvement Plan,Low Value,Junior,1,3,2,Medium
3864,Tiffany Washington,2022-12-05,2023-06-13,Enterprise Architect,IT/IS,Female,Other,190,0,2022,2023,53,54,55+,Needs Improvement,Low Value,Junior,3,1,1,Medium
3865,Sloane Moss,2020-09-29,2021-10-22,Network Engineer,Production,Male,Asian,388,0,2020,2021,57,58,55+,Needs Improvement,Low Value,Junior,3,1,1,Medium
3866,Kaeden Vargas,2020-09-04,2021-04-17,Network Engineer,Executive Office,Male,Other,225,0,2020,2021,61,62,55+,Fully Meets,Low Value,Junior,3,1,3,High risk
3867,Lena Sandoval,2018-08-26,NULL,Network Engineer,Executive Office,Male,Other,0,1,2018,0,32,0,35-44,Fully Meets,Low Value,Junior,1,4,3,High risk
3868,Adrien Olsen,2019-08-17,NULL,Network Engineer,IT/IS,Male,Hispanic,0,1,2019,0,19,0,25-34,Fully Meets,Low Value,Junior,1,2,3,Medium
3869,Damari Brewer,2019-09-25,2020-02-07,IT Support,IT/IS,Male,Hispanic,135,0,2019,2020,42,43,45-54,Fully Meets,Low Value,Junior,3,3,3,High risk
3870,Annalise Gross,2023-03-11,2023-03-11,IT Support,IT/IS,Male,Asian,0,1,2023,2023,57,57,55+,Fully Meets,Low Value,Junior,4,1,3,High risk
3871,Kamari Mcgrath,2022-12-15,NULL,IT Support,IT/IS,Female,White,0,1,2022,0,51,0,45-54,Fully Meets,Low Value,Junior,3,3,3,High risk
3872,Lorena Rice,2018-08-10,2021-02-08,IT Support,IT/IS,Female,Asian,913,0,2018,2021,52,55,55+,Fully Meets,Medium Value,Junior,3,1,3,High risk
3873,Eliezer Stokes,2022-03-04,2023-06-22,Sr. Network Engineer,IT/IS,Male,Hispanic,475,0,2022,2023,50,51,45-54,Fully Meets,Low Value,Junior,3,3,3,High risk
3874,Aspen Reyes,2020-06-02,NULL,Sr. Network Engineer,IT/IS,Male,Hispanic,0,1,2020,0,23,0,25-34,Fully Meets,Low Value,Junior,2,2,3,High risk
3875,Rudy Richardson,2021-06-29,NULL,Sr. Network Engineer,IT/IS,Male,Asian,0,1,2021,0,52,0,55+,Fully Meets,Low Value,Junior,2,1,3,Medium
3876,Alana Castro,2021-10-24,NULL,Principal Data Architect,IT/IS,Female,Hispanic,0,1,2021,0,67,0,55+,Performance Improvement Plan,Low Value,Junior,2,1,2,Medium
3877,Oscar Lopez,2018-10-22,2020-04-07,Network Engineer,Executive Office,Male,Asian,533,0,2018,2020,42,44,45-54,Performance Improvement Plan,Low Value,Junior,3,3,2,High risk
3878,Carter Cook,2018-09-08,2021-08-23,Network Engineer,Executive Office,Male,Other,1080,0,2018,2021,51,54,55+,Fully Meets,Medium Value,Junior,3,1,3,High risk
3879,Liam Hanna,2019-02-08,2023-02-24,Network Engineer,IT/IS,Male,Hispanic,1477,0,2019,2023,23,27,25-34,Fully Meets,Medium Value,Mid,2,2,3,High risk
3880,Zara Pitts,2021-03-29,2021-06-27,Network Engineer,IT/IS,Male,Black,90,0,2021,2021,48,48,45-54,Fully Meets,Low Value,Junior,4,3,3,High risk
3881,Abby Woodward,2019-06-19,NULL,IT Support,IT/IS,Male,Other,0,1,2019,0,27,0,25-34,Fully Meets,Low Value,Junior,1,2,3,Medium
3882,Litzy Esparza,2019-01-30,NULL,IT Support,IT/IS,Female,Asian,0,1,2019,0,73,0,55+,Fully Meets,Low Value,Junior,1,1,3,Medium
3883,Noemi Brewer,2022-05-06,2022-09-26,IT Support,IT/IS,Female,White,143,0,2022,2022,31,31,25-34,Fully Meets,Low Value,Junior,4,2,3,High risk
3884,Gilberto Macdonald,2019-02-02,NULL,IT Support,IT/IS,Female,Black,0,1,2019,0,32,0,35-44,Fully Meets,Low Value,Junior,1,4,3,High risk
3885,Armando Macias,2021-12-08,NULL,Sr. Network Engineer,IT/IS,Female,Black,0,1,2021,0,73,0,55+,Fully Meets,Low Value,Junior,2,1,3,Medium
3886,Britney Kelly,2018-10-12,NULL,Sr. Network Engineer,IT/IS,Male,Other,0,1,2018,0,41,0,45-54,Fully Meets,Low Value,Junior,1,3,3,High risk
3887,Emanuel Haas,2022-04-22,2023-05-15,Sr. Network Engineer,IT/IS,Male,White,388,0,2022,2023,68,69,55+,Exceeds,Low Value,Junior,3,1,4,High risk
3888,Karlie Drake,2021-09-05,2022-07-08,Principal Data Architect,IT/IS,Female,Other,306,0,2021,2022,34,35,35-44,Fully Meets,Low Value,Junior,3,4,3,High risk
3889,Myla Mullen,2022-09-05,2022-10-30,Network Engineer,Executive Office,Male,Black,55,0,2022,2022,40,40,35-44,Fully Meets,Low Value,Junior,4,4,3,High risk
3890,Alan Holland,2022-07-19,2023-04-25,Network Engineer,IT/IS,Male,Asian,280,0,2022,2023,23,24,25-34,Fully Meets,Low Value,Junior,3,2,3,High risk
3891,Brooklynn Greene,2022-05-26,NULL,Network Engineer,IT/IS,Male,Other,0,1,2022,0,62,0,55+,Fully Meets,Low Value,Junior,3,1,3,High risk
3892,Maxwell Mcpherson,2022-10-31,NULL,Network Engineer,IT/IS,Male,Hispanic,0,1,2022,0,44,0,45-54,Fully Meets,Low Value,Junior,3,3,3,High risk
3893,Lukas Freeman,2023-03-22,2023-07-28,IT Support,IT/IS,Female,Asian,128,0,2023,2023,70,70,55+,Fully Meets,Low Value,Junior,4,1,3,High risk
3894,Yesenia Nielsen,2023-05-29,NULL,IT Support,IT/IS,Female,Black,0,1,2023,0,64,0,55+,Fully Meets,Low Value,Junior,3,1,3,High risk
3895,Myah Marsh,2020-02-23,2021-09-08,IT Support,IT/IS,Female,Other,563,0,2020,2021,77,78,55+,Fully Meets,Low Value,Junior,3,1,3,High risk
3896,Korbin Gilbert,2019-08-13,2022-07-10,IT Support,IT/IS,Female,Other,1062,0,2019,2022,39,42,45-54,Fully Meets,Medium Value,Junior,3,3,3,High risk
3897,Jenna Maddox,2019-03-25,2021-09-13,Sr. Network Engineer,IT/IS,Female,Black,903,0,2019,2021,63,65,55+,Fully Meets,Medium Value,Junior,3,1,3,High risk
3898,Anaya Preston,2018-12-14,2023-02-11,Sr. Network Engineer,IT/IS,Male,Asian,1520,0,2018,2023,70,75,55+,Fully Meets,Medium Value,Mid,2,1,3,Medium
3899,Eugene Pena,2021-03-07,2021-08-31,Sr. Network Engineer,IT/IS,Female,Other,177,0,2021,2021,78,78,55+,Fully Meets,Low Value,Junior,4,1,3,High risk
3900,Abel Baker,2023-06-16,NULL,Principal Data Architect,IT/IS,Female,Asian,0,1,2023,0,28,0,25-34,Fully Meets,Low Value,Junior,3,2,3,High risk
3901,Deven Merritt,2021-06-18,NULL,Network Engineer,Executive Office,Male,Hispanic,0,1,2021,0,33,0,35-44,Fully Meets,Low Value,Junior,2,4,3,High risk
3902,Hadassah Moran,2023-05-22,2023-06-16,Network Engineer,Executive Office,Male,Black,25,0,2023,2023,59,59,55+,Fully Meets,Low Value,Junior,4,1,3,High risk
3903,Hezekiah Thompson,2019-05-14,NULL,Network Engineer,IT/IS,Male,Hispanic,0,1,2019,0,26,0,25-34,Fully Meets,Low Value,Junior,1,2,3,Medium
3904,Quintin Fry,2020-12-27,NULL,Network Engineer,IT/IS,Male,Asian,0,1,2020,0,50,0,55+,Fully Meets,Low Value,Junior,2,1,3,Medium
3905,Alayna Hess,2020-08-04,2022-02-04,Network Engineer,IT/IS,Female,Black,549,0,2020,2022,62,64,55+,Fully Meets,Low Value,Junior,3,1,3,High risk
3906,Amaris Miller,2020-08-25,NULL,IT Support,IT/IS,Female,Other,0,1,2020,0,45,0,45-54,Fully Meets,Low Value,Junior,2,3,3,High risk
3907,Barrett Wilcox,2022-02-24,NULL,IT Support,IT/IS,Female,White,0,1,2022,0,58,0,55+,Fully Meets,Low Value,Junior,3,1,3,High risk
3908,Kimberly Watson,2019-08-06,2021-03-21,IT Support,IT/IS,Female,Black,593,0,2019,2021,33,35,35-44,Needs Improvement,Low Value,Junior,3,4,1,High risk
3909,Rebecca Park,2021-08-01,2021-09-24,IT Support,IT/IS,Female,Other,54,0,2021,2021,77,77,55+,Needs Improvement,Low Value,Junior,4,1,1,Medium
3910,Caleb Schneider,2022-07-13,2023-01-22,Sr. Network Engineer,IT/IS,Female,White,193,0,2022,2023,25,26,25-34,Needs Improvement,Low Value,Junior,3,2,1,Medium
3911,Vanessa James,2021-05-28,NULL,Sr. Network Engineer,IT/IS,Male,White,0,1,2021,0,71,0,55+,Fully Meets,Low Value,Junior,2,1,3,Medium
3912,Maribel Copeland,2020-07-06,2021-01-18,Sr. Network Engineer,IT/IS,Male,Hispanic,196,0,2020,2021,52,53,55+,Needs Improvement,Low Value,Junior,3,1,1,Medium
3913,Henry Zimmerman,2020-01-14,2022-06-08,Sr. Network Engineer,IT/IS,Female,White,876,0,2020,2022,78,80,55+,Fully Meets,Medium Value,Junior,3,1,3,High risk
3914,Nathanial Booth,2020-02-04,2021-01-29,Network Engineer,Executive Office,Male,Other,360,0,2020,2021,62,63,55+,Exceeds,Low Value,Junior,3,1,4,High risk
3915,Rhys Barry,2022-08-28,NULL,Network Engineer,IT/IS,Male,Other,0,1,2022,0,31,0,25-34,Fully Meets,Low Value,Junior,3,2,3,High risk
3916,Jonas Rowland,2022-06-27,NULL,Network Engineer,IT/IS,Male,Other,0,1,2022,0,58,0,55+,Fully Meets,Low Value,Junior,3,1,3,High risk
3917,Chris Vincent,2019-12-19,2023-03-31,Network Engineer,IT/IS,Female,Black,1198,0,2019,2023,26,30,25-34,Exceeds,Medium Value,Mid,2,2,4,High risk
3918,Myah Waller,2020-09-24,2023-03-27,Network Engineer,IT/IS,Female,Asian,914,0,2020,2023,60,63,55+,Fully Meets,Medium Value,Junior,3,1,3,High risk
3919,Yaritza Sherman,2023-07-06,NULL,IT Support,IT/IS,Female,Asian,0,1,2023,0,79,0,55+,Fully Meets,Low Value,Junior,3,1,3,High risk
3920,Haley Weaver,2021-04-11,2022-12-19,IT Support,IT/IS,Female,Other,617,0,2021,2022,60,61,55+,Fully Meets,Low Value,Junior,3,1,3,High risk
3921,Alessandra Lee,2020-02-12,2022-07-15,IT Support,IT/IS,Female,Other,884,0,2020,2022,77,79,55+,Fully Meets,Medium Value,Junior,3,1,3,High risk
3922,Kaitlin Hickman,2018-12-25,NULL,IT Support,IT/IS,Female,White,0,1,2018,0,22,0,25-34,Fully Meets,Low Value,Junior,1,2,3,Medium
3923,Giancarlo Juarez,2021-12-25,2023-06-19,Sr. Network Engineer,IT/IS,Female,Hispanic,541,0,2021,2023,66,68,55+,Exceeds,Low Value,Junior,3,1,4,High risk
3924,Walter Zuniga,2021-05-22,NULL,Sr. Network Engineer,IT/IS,Male,Other,0,1,2021,0,28,0,25-34,Fully Meets,Low Value,Junior,2,2,3,High risk
3925,Anna Jordan,2020-05-03,2022-11-14,Sr. Network Engineer,IT/IS,Male,Hispanic,925,0,2020,2022,60,62,55+,Fully Meets,Medium Value,Junior,3,1,3,High risk
3926,Jeffery Gamble,2019-02-27,NULL,Sr. Network Engineer,IT/IS,Female,Hispanic,0,1,2019,0,78,0,55+,Needs Improvement,Low Value,Junior,1,1,1,Low
3927,Misael Hunter,2020-03-01,2022-03-05,Network Engineer,Executive Office,Male,Other,734,0,2020,2022,38,40,35-44,Fully Meets,Medium Value,Junior,3,4,3,High risk
3928,Audrina Yu,2021-01-27,2021-10-18,Network Engineer,IT/IS,Male,White,264,0,2021,2021,65,65,55+,Fully Meets,Low Value,Junior,4,1,3,High risk
3929,Jeramiah Foster,2023-06-18,2023-07-24,Network Engineer,IT/IS,Female,Asian,36,0,2023,2023,46,46,45-54,Fully Meets,Low Value,Junior,4,3,3,High risk
3930,Bruce Wallace,2019-11-24,NULL,Network Engineer,IT/IS,Female,Asian,0,1,2019,0,35,0,35-44,Fully Meets,Low Value,Junior,1,4,3,High risk
3931,Giovani Nelson,2021-09-24,NULL,Network Engineer,IT/IS,Male,Black,0,1,2021,0,61,0,55+,Fully Meets,Low Value,Junior,2,1,3,Medium
3932,Ari Anthony,2022-08-17,NULL,IT Support,IT/IS,Female,Black,0,1,2022,0,57,0,55+,Fully Meets,Low Value,Junior,3,1,3,High risk
3933,Laylah Branch,2023-04-18,NULL,IT Support,IT/IS,Female,White,0,1,2023,0,56,0,55+,Fully Meets,Low Value,Junior,3,1,3,High risk
3934,Alanna Mullins,2020-04-15,2022-05-13,IT Support,IT/IS,Female,Asian,758,0,2020,2022,41,43,45-54,Fully Meets,Medium Value,Junior,3,3,3,High risk
3935,Arjun Tyler,2020-12-25,NULL,IT Support,IT/IS,Male,White,0,1,2020,0,27,0,25-34,Fully Meets,Low Value,Junior,2,2,3,High risk
3936,Donald Favis,2022-07-21,2023-05-01,Enterprise Architect,IT/IS,Male,Other,284,0,2022,2023,24,25,25-34,Fully Meets,Low Value,Junior,3,2,3,High risk
3937,Daniff Hernandez,2022-11-04,NULL,Database Administrator,IT/IS,Male,White,0,1,2022,0,78,0,55+,Fully Meets,Low Value,Junior,3,1,3,High risk
3938,Lori Roby,2020-04-20,NULL,Data Analyst,IT/IS,Female,Hispanic,0,1,2020,0,65,0,55+,Fully Meets,Low Value,Junior,2,1,3,Medium
3939,Thomas Murray,2019-09-05,NULL,Data Analyst,IT/IS,Male,Black,0,1,2019,0,27,0,25-34,Fully Meets,Low Value,Junior,1,2,3,Medium
3940,Karthikeyan Ait Sidi,2019-08-11,NULL,Sr. DBA,IT/IS,Male,Other,0,1,2019,0,61,0,55+,Fully Meets,Low Value,Junior,1,1,3,Medium
3941,Ivan Rogers,2018-11-04,NULL,Data Analyst,IT/IS,Male,White,0,1,2018,0,33,0,35-44,Fully Meets,Low Value,Junior,1,4,3,High risk
3942,Bianca Roehrich,2018-11-04,2021-12-22,Principal Data Architect,IT/IS,Female,Asian,1144,0,2018,2021,67,70,55+,Performance Improvement Plan,Medium Value,Mid,3,1,2,Medium
3943,Jason Salter,2019-07-27,2021-07-25,Data Analyst,IT/IS,Male,Black,729,0,2019,2021,48,50,45-54,Fully Meets,Low Value,Junior,3,3,3,High risk
3944,Julia Zhou,2020-12-21,NULL,Data Analyst,IT/IS,Female,White,0,1,2020,0,23,0,25-34,Fully Meets,Low Value,Junior,2,2,3,High risk
3945,Thelma Petrowsky,2022-07-25,NULL,Data Analyst,IT/IS,Female,Black,0,1,2022,0,24,0,25-34,Performance Improvement Plan,Low Value,Junior,3,2,2,High risk
3946,Jayne Horton,2019-06-15,NULL,Database Administrator,IT/IS,Female,White,0,1,2019,0,62,0,55+,Fully Meets,Low Value,Junior,1,1,3,Medium
3947,Renee Becker,2020-04-04,2022-06-22,Database Administrator,IT/IS,Female,Hispanic,809,0,2020,2022,24,26,25-34,Fully Meets,Medium Value,Junior,3,2,3,High risk
3948,Randall Pearson,2023-02-03,2023-05-29,Data Analyst,IT/IS,Male,Hispanic,115,0,2023,2023,80,80,55+,Fully Meets,Low Value,Junior,4,1,3,High risk
3949,Claudia N Carr,2022-09-20,2023-07-04,Sr. DBA,IT/IS,Female,White,287,0,2022,2023,31,32,25-34,Fully Meets,Low Value,Junior,3,2,3,High risk
3950,Noelle Johnson,2023-07-12,NULL,Database Administrator,IT/IS,Female,Hispanic,0,1,2023,0,34,0,35-44,Fully Meets,Low Value,Junior,3,4,3,High risk
3951,Taisha Goble,2021-04-25,2023-02-12,Database Administrator,IT/IS,Female,Asian,658,0,2021,2023,60,62,55+,Fully Meets,Low Value,Junior,3,1,3,High risk
3952,Kramer Simard,2021-03-13,NULL,Data Analyst,IT/IS,Male,Black,0,1,2021,0,71,0,55+,Fully Meets,Low Value,Junior,2,1,3,Medium
3953,Mark Griffith,2021-08-16,NULL,Data Analyst,IT/IS,Female,White,0,1,2021,0,56,0,55+,Fully Meets,Low Value,Junior,2,1,3,Medium
3954,Denisse Hayes,2021-10-18,NULL,Database Administrator,IT/IS,Female,Hispanic,0,1,2021,0,75,0,55+,Fully Meets,Low Value,Junior,2,1,3,Medium
3955,Draven Giles,2020-02-16,2023-03-16,Database Administrator,IT/IS,Female,Hispanic,1124,0,2020,2023,22,25,25-34,Fully Meets,Medium Value,Mid,3,2,3,High risk
3956,Aliana Shaw,2019-08-07,2023-03-08,Database Administrator,IT/IS,Female,Black,1309,0,2019,2023,22,26,25-34,Fully Meets,Medium Value,Mid,2,2,3,High risk
3957,Makaila Nixon,2022-01-03,NULL,Database Administrator,IT/IS,Female,Other,0,1,2022,0,31,0,25-34,Fully Meets,Low Value,Junior,3,2,3,High risk
3958,Mohammed Orr,2020-09-22,NULL,Database Administrator,IT/IS,Female,Hispanic,0,1,2020,0,46,0,45-54,Performance Improvement Plan,Low Value,Junior,2,3,2,High risk
3959,Braylen Mendoza,2022-11-11,2023-07-14,Data Architect,IT/IS,Male,Hispanic,245,0,2022,2023,34,35,35-44,Fully Meets,Low Value,Junior,3,4,3,High risk
3960,Andreas Torres,2018-08-11,NULL,CIO,IT/IS,Male,White,0,1,2018,0,71,0,55+,Fully Meets,Low Value,Junior,1,1,3,Medium
3961,Maddison Perez,2023-03-31,NULL,BI Director,IT/IS,Male,Black,0,1,2023,0,45,0,45-54,Fully Meets,Low Value,Junior,3,3,3,High risk
3962,Charlize Wagner,2021-03-10,NULL,Sr. DBA,IT/IS,Female,Hispanic,0,1,2021,0,31,0,35-44,Fully Meets,Low Value,Junior,2,4,3,High risk
3963,Micah Pace,2019-08-30,NULL,Sr. Accountant,IT/IS,Female,Black,0,1,2019,0,21,0,25-34,Fully Meets,Low Value,Junior,1,2,3,Medium
3964,Marlee Stevens,2021-06-07,2023-01-25,Sr. Accountant,IT/IS,Male,Black,597,0,2021,2023,20,22,Under 25,Exceeds,Low Value,Junior,3,5,4,High risk
3965,Precious Roth,2020-04-22,NULL,Software Engineering Manager,IT/IS,Female,Other,0,1,2020,0,22,0,25-34,Fully Meets,Low Value,Junior,2,2,3,High risk
3966,Konner Villegas,2018-10-19,2021-09-04,Software Engineer,Software Engineering,Female,Black,1051,0,2018,2021,40,43,45-54,Fully Meets,Medium Value,Junior,3,3,3,High risk
3967,Anastasia Gillespie,2018-12-03,2021-01-20,Data Analyst,IT/IS,Female,Black,779,0,2018,2021,63,66,55+,Fully Meets,Medium Value,Junior,3,1,3,High risk
3968,Emely Rice,2021-02-20,NULL,Data Analyst,IT/IS,Female,Other,0,1,2021,0,54,0,55+,Fully Meets,Low Value,Junior,2,1,3,Medium
3969,Lewis Nixon,2021-01-17,NULL,Database Administrator,IT/IS,Female,Asian,0,1,2021,0,55,0,55+,Exceeds,Low Value,Junior,2,1,4,High risk
3970,Macy Webster,2020-10-04,2023-04-27,Database Administrator,IT/IS,Female,Other,935,0,2020,2023,70,73,55+,Exceeds,Medium Value,Junior,3,1,4,High risk
3971,Ciara Acevedo,2021-01-29,NULL,Database Administrator,IT/IS,Female,Other,0,1,2021,0,63,0,55+,Fully Meets,Low Value,Junior,2,1,3,Medium
3972,Eleanor Patton,2022-07-26,NULL,Database Administrator,IT/IS,Female,Black,0,1,2022,0,67,0,55+,Fully Meets,Low Value,Junior,3,1,3,High risk
3973,Brooklyn Tanner,2018-09-21,2023-06-22,Database Administrator,IT/IS,Female,Hispanic,1735,0,2018,2023,45,50,45-54,Exceeds,Medium Value,Senior,2,3,4,High risk
3974,Zander Franco,2018-12-25,2019-07-10,Data Architect,IT/IS,Male,Other,197,0,2018,2019,32,33,35-44,Exceeds,Low Value,Junior,3,4,4,High risk
3975,Kianna Rhodes,2020-11-03,2022-09-25,CIO,IT/IS,Male,Asian,691,0,2020,2022,21,23,25-34,Fully Meets,Low Value,Junior,3,2,3,High risk
3976,Kinsley Braun,2021-10-22,NULL,Sr. DBA,IT/IS,Female,White,0,1,2021,0,30,0,25-34,Fully Meets,Low Value,Junior,2,2,3,High risk
3977,Gordon Wu,2018-08-27,NULL,Sr. Accountant,IT/IS,Female,Black,0,1,2018,0,75,0,55+,Fully Meets,Low Value,Junior,1,1,3,Medium
3978,Maryjane Cross,2020-07-12,NULL,Sr. Accountant,IT/IS,Male,Asian,0,1,2020,0,40,0,45-54,Fully Meets,Low Value,Junior,2,3,3,High risk
3979,Peyton Phelps,2021-01-25,2022-06-11,Software Engineering Manager,IT/IS,Female,Black,502,0,2021,2022,54,55,55+,Fully Meets,Low Value,Junior,3,1,3,High risk
3980,Carmen Atkins,2020-05-11,NULL,Data Analyst,IT/IS,Female,White,0,1,2020,0,45,0,45-54,Exceeds,Low Value,Junior,2,3,4,High risk
3981,Kiara Fox,2020-07-24,2023-04-09,Data Analyst,IT/IS,Female,Black,989,0,2020,2023,60,63,55+,Fully Meets,Medium Value,Junior,3,1,3,High risk
3982,Yair Jennings,2022-08-09,NULL,Database Administrator,IT/IS,Female,Other,0,1,2022,0,65,0,55+,Needs Improvement,Low Value,Junior,3,1,1,Medium
3983,Kaylie Velazquez,2022-06-12,NULL,Database Administrator,IT/IS,Female,Hispanic,0,1,2022,0,58,0,55+,Exceeds,Low Value,Junior,3,1,4,High risk
3984,Christine Skinner,2022-02-10,2022-06-08,Database Administrator,IT/IS,Female,Hispanic,118,0,2022,2022,59,59,55+,Fully Meets,Low Value,Junior,4,1,3,High risk
3985,Zayne Mccullough,2023-01-13,2023-05-19,Database Administrator,IT/IS,Male,White,126,0,2023,2023,31,31,25-34,Fully Meets,Low Value,Junior,4,2,3,High risk
3986,Dennis Key,2020-03-10,NULL,Database Administrator,IT/IS,Female,Hispanic,0,1,2020,0,48,0,45-54,Fully Meets,Low Value,Junior,2,3,3,High risk
3987,Aydan Benjamin,2022-02-25,2022-07-19,Data Architect,IT/IS,Male,Other,144,0,2022,2022,40,40,35-44,Exceeds,Low Value,Junior,4,4,4,High risk
3988,Kenzie Mullins,2022-07-21,2022-11-21,Sr. DBA,IT/IS,Female,White,123,0,2022,2022,41,41,35-44,Fully Meets,Low Value,Junior,4,4,3,High risk
3989,Asa Pham,2022-07-11,NULL,Sr. DBA,IT/IS,Female,Asian,0,1,2022,0,70,0,55+,Fully Meets,Low Value,Junior,3,1,3,High risk
3990,Damarion Schneider,2019-12-02,2019-12-26,Sr. Accountant,IT/IS,Male,White,24,0,2019,2019,63,63,55+,Fully Meets,Low Value,Junior,4,1,3,High risk
3991,Talan Rodgers,2023-04-10,NULL,Sr. Accountant,IT/IS,Male,Black,0,1,2023,0,49,0,45-54,Fully Meets,Low Value,Junior,3,3,3,High risk
3992,Evelin Snow,2022-12-08,2023-05-07,Data Analyst,IT/IS,Male,Black,150,0,2022,2023,61,62,55+,Fully Meets,Low Value,Junior,3,1,3,High risk
3993,Sienna Preston,2022-06-22,NULL,Data Analyst,IT/IS,Female,Asian,0,1,2022,0,26,0,25-34,Fully Meets,Low Value,Junior,3,2,3,High risk
3994,Taylor Dennis,2022-09-22,NULL,Data Analyst,IT/IS,Female,Asian,0,1,2022,0,35,0,35-44,Fully Meets,Low Value,Junior,3,4,3,High risk
3995,Cortez Murillo,2019-07-15,2021-06-01,Database Administrator,IT/IS,Female,Black,687,0,2019,2021,73,75,55+,Exceeds,Low Value,Junior,3,1,4,High risk
3996,Leonel Combs,2021-09-01,NULL,Database Administrator,IT/IS,Female,White,0,1,2021,0,22,0,25-34,Fully Meets,Low Value,Junior,2,2,3,High risk
3997,Carmen Frost,2019-07-16,NULL,Database Administrator,IT/IS,Male,Black,0,1,2019,0,73,0,55+,Needs Improvement,Low Value,Junior,1,1,1,Low
3998,Ace Krause,2021-12-24,2022-07-27,Database Administrator,IT/IS,Female,Other,215,0,2021,2022,50,51,45-54,Fully Meets,Low Value,Junior,3,3,3,High risk
3999,Reuben Davila,2019-04-17,2021-08-17,Database Administrator,IT/IS,Male,Asian,853,0,2019,2021,76,78,55+,Exceeds,Medium Value,Junior,3,1,4,High risk
4000,Angelique Mann,2019-10-26,2021-06-08,Data Architect,IT/IS,Male,Black,591,0,2019,2021,59,61,55+,Fully Meets,Low Value,Junior,3,1,3,High risk
1001,Susan Exantus,2019-08-29,NULL,Software Engineer,Software Engineering,Female,Black,0,1,2019,0,62,0,55+,Fully Meets,Low Value,Junior,1,1,3,Medium
1002,Sandra Martin,2022-12-12,2023-05-28,Software Engineer,Software Engineering,Female,Asian,167,0,2022,2023,72,73,55+,Fully Meets,Low Value,Junior,3,1,3,High risk
1003,Keyla Del Bosque,2023-03-08,2023-03-15,Software Engineer,Software Engineering,Female,White,7,0,2023,2023,50,50,45-54,Fully Meets,Low Value,Junior,4,3,3,High risk
1004,Andrew Szabo,2020-05-29,2021-03-05,Software Engineer,Software Engineering,Male,Black,280,0,2020,2021,63,64,55+,Fully Meets,Low Value,Junior,3,1,3,High risk
1005,Luke Patronick,2022-09-16,NULL,Software Engineer,Software Engineering,Male,Black,0,1,2022,0,52,0,55+,Fully Meets,Low Value,Junior,3,1,3,High risk
1006,Colby Andreola,2021-08-15,2021-11-20,Software Engineer,Software Engineering,Female,White,97,0,2021,2021,62,62,55+,Fully Meets,Low Value,Junior,4,1,3,High risk
1007,Edward TRUE,2020-10-25,2021-09-26,Software Engineer,Software Engineering,Male,Black,336,0,2020,2021,20,21,25-34,Fully Meets,Low Value,Junior,3,2,3,High risk
1008,Judith Carabbio,2019-08-28,2020-05-04,Software Engineer,Software Engineering,Female,Hispanic,250,0,2019,2020,38,39,35-44,Fully Meets,Low Value,Junior,3,4,3,High risk
1009,Adell Saada,2019-06-13,2023-01-12,Software Engineer,Software Engineering,Female,Other,1309,0,2019,2023,32,36,35-44,Fully Meets,Medium Value,Mid,2,4,3,High risk
1010,Kamari Hunter,2021-01-12,2022-03-18,Software Engineer,Software Engineering,Male,Hispanic,430,0,2021,2022,29,30,25-34,Fully Meets,Low Value,Junior,3,2,3,High risk
1011,Sarah Malone,2022-02-07,2023-02-12,Software Engineer,Software Engineering,Male,Hispanic,370,0,2022,2023,74,75,55+,Fully Meets,Low Value,Junior,3,1,3,High risk
1012,Skyler Blackwell,2020-11-09,2021-06-06,Software Engineer,Software Engineering,Male,White,209,0,2020,2021,42,43,45-54,Fully Meets,Low Value,Junior,3,3,3,High risk
1013,Jasmin Shah,2020-05-13,NULL,Software Engineer,Software Engineering,Male,Asian,0,1,2020,0,46,0,45-54,Fully Meets,Low Value,Junior,2,3,3,High risk
1014,Kole Quinn,2022-12-31,2023-07-13,Shared Services Manager,Software Engineering,Male,Other,194,0,2022,2023,69,70,55+,Fully Meets,Low Value,Junior,3,1,3,High risk
1015,Ansley Jackson,2018-12-03,NULL,Shared Services Manager,Software Engineering,Female,White,0,1,2018,0,57,0,55+,Fully Meets,Low Value,Junior,1,1,3,Medium
1016,Jayda Reese,2020-02-21,2021-05-29,Senior BI Developer,Admin Offices,Female,White,463,0,2020,2021,64,65,55+,Fully Meets,Low Value,Junior,3,1,3,High risk
1017,Julien Whitehead,2020-09-07,2021-12-15,Senior BI Developer,Admin Offices,Female,Black,464,0,2020,2021,73,74,55+,Fully Meets,Low Value,Junior,3,1,3,High risk
1018,Alan Haynes,2020-06-19,2021-12-08,Senior BI Developer,Admin Offices,Female,White,537,0,2020,2021,78,79,55+,Fully Meets,Low Value,Junior,3,1,3,High risk
1019,Kamryn Herrera,2022-10-14,2023-07-28,Software Engineer,Software Engineering,Male,Hispanic,287,0,2022,2023,44,45,45-54,Fully Meets,Low Value,Junior,3,3,3,High risk
1020,Kelvin Foster,2023-06-20,2023-07-18,Software Engineer,Software Engineering,Female,Black,28,0,2023,2023,33,33,35-44,Fully Meets,Low Value,Junior,4,4,3,High risk
1021,Joe Fletcher,2020-11-09,2023-07-17,Software Engineer,Software Engineering,Male,Hispanic,980,0,2020,2023,31,34,35-44,Fully Meets,Medium Value,Junior,3,4,3,High risk
1022,Frederick Howe,2022-09-19,NULL,Software Engineer,Software Engineering,Male,Black,0,1,2022,0,60,0,55+,Fully Meets,Low Value,Junior,3,1,3,High risk
1023,Nickolas Davila,2018-11-09,2021-10-10,Shared Services Manager,Software Engineering,Male,Hispanic,1066,0,2018,2021,26,29,25-34,Fully Meets,Medium Value,Junior,3,2,3,High risk
1024,Kasey Boyer,2018-12-30,2021-06-23,Shared Services Manager,Software Engineering,Female,Other,906,0,2018,2021,31,34,35-44,Fully Meets,Medium Value,Junior,3,4,3,High risk
1025,Giovanni Jenkins,2023-05-11,2023-05-15,Senior BI Developer,Admin Offices,Female,Other,4,0,2023,2023,63,63,55+,Fully Meets,Low Value,Junior,4,1,3,High risk
1026,Alexis Moss,2022-11-03,2023-02-09,Senior BI Developer,Admin Offices,Female,Other,98,0,2022,2023,72,73,55+,Fully Meets,Low Value,Junior,3,1,3,High risk
1027,Joanna Murphy,2020-06-14,2021-05-29,Senior BI Developer,Admin Offices,Male,Other,349,0,2020,2021,58,59,55+,Fully Meets,Low Value,Junior,3,1,3,High risk
1028,Joseph Schmidt,2019-10-15,2023-01-01,Software Engineer,Software Engineering,Male,Asian,1174,0,2019,2023,19,23,25-34,Fully Meets,Medium Value,Mid,2,2,3,High risk
1029,Brittany Hurley,2020-04-28,NULL,Software Engineer,Software Engineering,Female,Asian,0,1,2020,0,41,0,45-54,Fully Meets,Low Value,Junior,2,3,3,High risk
1030,Niko Hamilton,2019-10-29,NULL,Software Engineer,Software Engineering,Male,Black,0,1,2019,0,64,0,55+,Fully Meets,Low Value,Junior,1,1,3,Medium
1031,Ruben Martinez,2021-04-28,NULL,Software Engineer,Software Engineering,Male,White,0,1,2021,0,49,0,45-54,Fully Meets,Low Value,Junior,2,3,3,High risk
1032,Kiley Haynes,2022-04-19,2022-08-26,Software Engineer,Software Engineering,Male,Asian,129,0,2022,2022,68,68,55+,Fully Meets,Low Value,Junior,4,1,3,High risk
1033,Blaine Brooks,2023-03-28,NULL,Shared Services Manager,Software Engineering,Male,Other,0,1,2023,0,26,0,25-34,Fully Meets,Low Value,Junior,3,2,3,High risk
1034,Dennis Livingston,2019-05-06,NULL,Shared Services Manager,Software Engineering,Female,Black,0,1,2019,0,42,0,45-54,Fully Meets,Low Value,Junior,1,3,3,High risk
1035,Case Russell,2020-10-13,NULL,Senior BI Developer,Admin Offices,Female,Asian,0,1,2020,0,41,0,45-54,Fully Meets,Low Value,Junior,2,3,3,High risk
1036,Kody Jimenez,2021-07-06,2021-11-25,Senior BI Developer,Admin Offices,Male,Asian,142,0,2021,2021,28,28,25-34,Fully Meets,Low Value,Junior,4,2,3,High risk
1037,Zoe Colon,2020-09-24,2020-11-02,Software Engineer,Software Engineering,Male,Other,39,0,2020,2020,27,27,25-34,Fully Meets,Low Value,Junior,4,2,3,High risk
1038,Courtney Cowan,2023-01-18,NULL,Software Engineer,Software Engineering,Male,Hispanic,0,1,2023,0,52,0,45-54,Fully Meets,Low Value,Junior,3,3,3,High risk
1039,Nolan Perez,2019-08-22,2022-03-25,Software Engineer,Software Engineering,Female,Other,946,0,2019,2022,37,40,35-44,Fully Meets,Medium Value,Junior,3,4,3,High risk
1040,Katrina Farrell,2019-07-25,2022-12-17,Software Engineer,Software Engineering,Male,White,1241,0,2019,2022,47,50,45-54,Fully Meets,Medium Value,Mid,3,3,3,High risk
1041,Camden Kelly,2019-11-11,2020-01-10,Software Engineer,Software Engineering,Male,White,60,0,2019,2020,43,44,45-54,Fully Meets,Low Value,Junior,3,3,3,High risk
1042,Milo Hood,2022-07-16,NULL,Software Engineer,Software Engineering,Male,Black,0,1,2022,0,80,0,55+,Fully Meets,Low Value,Junior,3,1,3,High risk
1043,Kale Lang,2022-12-19,2023-05-10,Shared Services Manager,Software Engineering,Female,White,142,0,2022,2023,67,68,55+,Fully Meets,Low Value,Junior,3,1,3,High risk
1044,Shyanne Stark,2020-09-15,NULL,Shared Services Manager,Software Engineering,Female,Hispanic,0,1,2020,0,64,0,55+,Fully Meets,Low Value,Junior,2,1,3,Medium
1045,Elliott Ashley,2020-10-04,2023-02-27,Senior BI Developer,Admin Offices,Female,Black,876,0,2020,2023,57,60,55+,Fully Meets,Medium Value,Junior,3,1,3,High risk
1046,Genesis Todd,2022-04-23,2022-08-03,Software Engineer,Software Engineering,Male,White,102,0,2022,2022,60,60,55+,Fully Meets,Low Value,Junior,4,1,3,High risk
1047,Sincere Jimenez,2021-11-27,NULL,Software Engineer,Software Engineering,Female,Hispanic,0,1,2021,0,74,0,55+,Fully Meets,Low Value,Junior,2,1,3,Medium
1048,Stephen Daugherty,2019-11-29,NULL,Software Engineer,Software Engineering,Male,Asian,0,1,2019,0,63,0,55+,Fully Meets,Low Value,Junior,1,1,3,Medium
1049,Demarion Morrow,2019-05-30,2020-12-19,Software Engineer,Software Engineering,Male,White,569,0,2019,2020,65,66,55+,Fully Meets,Low Value,Junior,3,1,3,High risk
1050,Steven Schneider,2020-11-23,NULL,Software Engineer,Software Engineering,Male,Black,0,1,2020,0,27,0,25-34,Fully Meets,Low Value,Junior,2,2,3,High risk
1051,Devon Hinton,2022-04-08,2023-01-11,Software Engineer,Software Engineering,Male,White,278,0,2022,2023,41,42,35-44,Fully Meets,Low Value,Junior,3,4,3,High risk
1052,Jacquelyn Johns,2021-02-25,2021-06-04,Shared Services Manager,Software Engineering,Female,Hispanic,99,0,2021,2021,41,41,45-54,Fully Meets,Low Value,Junior,4,3,3,High risk
1053,Blaine Keith,2019-03-13,2021-04-07,Shared Services Manager,Software Engineering,Female,Hispanic,756,0,2019,2021,72,74,55+,Fully Meets,Medium Value,Junior,3,1,3,High risk
1054,Phillip Salazar,2023-02-12,NULL,Software Engineer,Software Engineering,Male,White,0,1,2023,0,30,0,25-34,Fully Meets,Low Value,Junior,3,2,3,High risk
1055,Chaz Webb,2018-09-08,NULL,Software Engineer,Software Engineering,Female,White,0,1,2018,0,23,0,25-34,Fully Meets,Low Value,Junior,1,2,3,Medium
1056,Desmond Anderson,2021-11-18,NULL,Software Engineer,Software Engineering,Male,Hispanic,0,1,2021,0,78,0,55+,Fully Meets,Low Value,Junior,2,1,3,Medium
1057,Sophie Decker,2023-07-01,NULL,Software Engineer,Software Engineering,Male,Asian,0,1,2023,0,25,0,25-34,Fully Meets,Low Value,Junior,3,2,3,High risk
1058,Lena Bryan,2022-04-18,NULL,Software Engineer,Software Engineering,Male,Hispanic,0,1,2022,0,80,0,55+,Fully Meets,Low Value,Junior,3,1,3,High risk
1059,Kelsie Mccormick,2023-04-29,NULL,Software Engineer,Software Engineering,Female,Asian,0,1,2023,0,49,0,45-54,Fully Meets,Low Value,Junior,3,3,3,High risk
1060,Frida Livingston,2018-10-10,2018-12-25,Shared Services Manager,Software Engineering,Female,Black,76,0,2018,2018,42,42,45-54,Fully Meets,Low Value,Junior,4,3,3,High risk
1061,Isai Alvarado,2022-11-20,NULL,Shared Services Manager,Software Engineering,Female,Other,0,1,2022,0,29,0,25-34,Fully Meets,Low Value,Junior,3,2,3,High risk
1062,Travis Vasquez,2019-05-18,2020-01-14,Software Engineer,Software Engineering,Male,Hispanic,241,0,2019,2020,50,51,55+,Fully Meets,Low Value,Junior,3,1,3,High risk
1063,Jazlene Maynard,2021-06-22,NULL,Software Engineer,Software Engineering,Female,Black,0,1,2021,0,76,0,55+,Fully Meets,Low Value,Junior,2,1,3,Medium
1064,Wyatt Donovan,2022-03-30,2022-04-13,Software Engineer,Software Engineering,Male,White,14,0,2022,2022,35,35,35-44,Fully Meets,Low Value,Junior,4,4,3,High risk
1065,Nathaly Cooper,2018-08-28,NULL,Software Engineer,Software Engineering,Male,Other,0,1,2018,0,23,0,25-34,Fully Meets,Low Value,Junior,1,2,3,Medium
1066,Gage Weeks,2021-12-27,2023-01-05,Software Engineer,Software Engineering,Male,Hispanic,374,0,2021,2023,40,42,35-44,Fully Meets,Low Value,Junior,3,4,3,High risk
1067,Gavin Frye,2020-11-14,NULL,Software Engineer,Software Engineering,Female,White,0,1,2020,0,72,0,55+,Fully Meets,Low Value,Junior,2,1,3,Medium
1068,Amber Ross,2021-10-01,NULL,Software Engineer,Software Engineering,Female,Black,0,1,2021,0,23,0,25-34,Fully Meets,Low Value,Junior,2,2,3,High risk
1069,Wyatt Edwards,2018-10-13,2023-05-28,Shared Services Manager,Software Engineering,Female,Other,1688,0,2018,2023,43,48,45-54,Fully Meets,Medium Value,Senior,2,3,3,High risk
1070,Karla Reed,2018-12-15,2022-05-28,Shared Services Manager,Software Engineering,Male,Black,1260,0,2018,2022,20,24,25-34,Fully Meets,Medium Value,Mid,2,2,3,High risk
1071,Yadira Mcmillan,2019-03-28,2020-10-17,Software Engineer,Software Engineering,Male,Black,569,0,2019,2020,51,52,55+,Fully Meets,Low Value,Junior,3,1,3,High risk
1072,Fernando Mcconnell,2018-12-27,NULL,Software Engineer,Software Engineering,Female,Asian,0,1,2018,0,41,0,45-54,Fully Meets,Low Value,Junior,1,3,3,High risk
1073,Sean Bean,2019-05-11,NULL,Software Engineer,Software Engineering,Male,White,0,1,2019,0,21,0,25-34,Fully Meets,Low Value,Junior,1,2,3,Medium
1074,Lilianna Mccall,2021-02-19,2023-02-24,Software Engineer,Software Engineering,Male,Asian,735,0,2021,2023,38,40,35-44,Fully Meets,Medium Value,Junior,3,4,3,High risk
1075,Salvador Thomas,2022-11-05,2023-04-16,Software Engineer,Software Engineering,Male,Asian,162,0,2022,2023,54,55,55+,Fully Meets,Low Value,Junior,3,1,3,High risk
1076,Jair Silva,2020-03-22,2020-09-28,Software Engineer,Software Engineering,Female,White,190,0,2020,2020,77,77,55+,Fully Meets,Low Value,Junior,4,1,3,High risk
1077,Derek Moreno,2019-02-02,NULL,Software Engineer,Software Engineering,Female,Black,0,1,2019,0,27,0,25-34,Fully Meets,Low Value,Junior,1,2,3,Medium
1078,Litzy Conner,2020-02-24,2021-06-16,Software Engineer,Software Engineering,Female,Asian,478,0,2020,2021,23,24,25-34,Fully Meets,Low Value,Junior,3,2,3,High risk
1079,Joanna Burnett,2021-04-07,2022-05-01,Shared Services Manager,Software Engineering,Female,Hispanic,389,0,2021,2022,21,22,25-34,Fully Meets,Low Value,Junior,3,2,3,High risk
1080,Abdullah Frederick,2020-11-14,NULL,Shared Services Manager,Software Engineering,Male,Black,0,1,2020,0,32,0,35-44,Fully Meets,Low Value,Junior,2,4,3,High risk
1081,Armani Porter,2022-01-17,2022-08-10,Software Engineer,Software Engineering,Male,Asian,205,0,2022,2022,57,57,55+,Fully Meets,Low Value,Junior,4,1,3,High risk
1082,Taylor Sanders,2021-09-02,2023-06-27,Software Engineer,Software Engineering,Male,Other,663,0,2021,2023,45,47,45-54,Fully Meets,Low Value,Junior,3,3,3,High risk
1083,Iliana Randall,2023-07-30,NULL,Software Engineer,Software Engineering,Female,Asian,0,1,2023,0,60,0,55+,Fully Meets,Low Value,Junior,3,1,3,High risk
1084,Luke Henderson,2023-06-27,NULL,Software Engineer,Software Engineering,Male,White,0,1,2023,0,34,0,35-44,Fully Meets,Low Value,Junior,3,4,3,High risk
1085,Madelyn Lambert,2022-03-27,NULL,Software Engineer,Software Engineering,Male,Other,0,1,2022,0,70,0,55+,Fully Meets,Low Value,Junior,3,1,3,High risk
1086,Ava Pace,2022-08-12,2022-10-20,Software Engineer,Software Engineering,Female,Black,69,0,2022,2022,49,49,45-54,Fully Meets,Low Value,Junior,4,3,3,High risk
1087,Delaney Bruce,2022-07-08,2023-08-04,Software Engineer,Software Engineering,Female,Other,392,0,2022,2023,48,49,45-54,Fully Meets,Low Value,Junior,3,3,3,High risk
1088,Jair Bullock,2020-08-15,2021-01-23,Software Engineer,Software Engineering,Female,White,161,0,2020,2021,29,30,25-34,Fully Meets,Low Value,Junior,3,2,3,High risk
1089,Kayla Farrell,2023-05-27,2023-06-14,Software Engineer,Software Engineering,Female,Black,18,0,2023,2023,70,70,55+,Fully Meets,Low Value,Junior,4,1,3,High risk
1090,Taylor Gamble,2023-01-02,NULL,Shared Services Manager,Software Engineering,Female,Black,0,1,2023,0,58,0,55+,Fully Meets,Low Value,Junior,3,1,3,High risk
1091,Carl Desimone,2018-11-16,2021-04-03,Production Technician I,Production,Male,Asian,869,0,2018,2021,32,35,35-44,Fully Meets,Medium Value,Junior,3,4,3,High risk
1092,Sophia Theamstern,2022-07-12,NULL,Production Technician I,Production,Female,Hispanic,0,1,2022,0,52,0,55+,Fully Meets,Low Value,Junior,3,1,3,High risk
1093,Kara Harrison,2022-12-16,NULL,Production Technician I,Production,Female,Asian,0,1,2022,0,43,0,45-54,Fully Meets,Low Value,Junior,3,3,3,High risk
1094,Ming Huynh,2023-05-08,NULL,Production Technician II,Production,Female,Other,0,1,2023,0,29,0,25-34,Fully Meets,Low Value,Junior,3,2,3,High risk
1095,Karen Mancuso,2023-04-07,NULL,Production Technician II,Production,Female,Hispanic,0,1,2023,0,82,0,55+,Fully Meets,Low Value,Junior,3,1,3,High risk
1096,Linda Anderson,2022-02-15,2022-10-19,Production Technician I,Production,Female,Asian,246,0,2022,2022,49,49,45-54,Fully Meets,Low Value,Junior,4,3,3,High risk
1097,Nilson Fernandes,2023-07-17,2023-08-03,Production Technician I,Production,Male,Hispanic,17,0,2023,2023,24,24,25-34,Fully Meets,Low Value,Junior,4,2,3,High risk
1098,Alain Robinson,2019-05-03,2023-06-02,Production Technician I,Production,Male,Asian,1491,0,2019,2023,26,30,25-34,Fully Meets,Medium Value,Mid,2,2,3,High risk
1099,Seffi Shields,2022-03-25,2022-04-22,Production Technician I,Production,Female,Other,28,0,2022,2022,51,51,45-54,Fully Meets,Low Value,Junior,4,3,3,High risk
1100,Horia Ndzi,2020-04-07,NULL,Production Technician I,Production,Male,White,0,1,2020,0,56,0,55+,Fully Meets,Low Value,Junior,2,1,3,Medium
1101,Evelyn Girifalco,2021-03-10,NULL,Production Technician I,Production,Female,White,0,1,2021,0,77,0,55+,Fully Meets,Low Value,Junior,2,1,3,Medium
1102,Ermine Pelletier,2019-08-04,NULL,Production Technician II,Production,Female,Black,0,1,2019,0,66,0,55+,Fully Meets,Low Value,Junior,1,1,3,Medium
1103,Samuel MacLennan,2021-04-11,2023-05-27,Production Technician I,Production,Male,Asian,776,0,2021,2023,64,66,55+,Fully Meets,Medium Value,Junior,3,1,3,High risk
1104,Sean Bernstein,2019-06-16,NULL,Production Technician I,Production,Male,Asian,0,1,2019,0,24,0,25-34,Fully Meets,Low Value,Junior,1,2,3,Medium
1105,Shakira Perry,2020-10-08,2022-12-04,Production Technician I,Production,Female,Hispanic,787,0,2020,2022,72,74,55+,Fully Meets,Medium Value,Junior,3,1,3,High risk
1106,Michael J Fitzpatrick,2021-08-18,NULL,Production Technician II,Production,Male,Other,0,1,2021,0,26,0,25-34,Fully Meets,Low Value,Junior,2,2,3,High risk
1107,Cybil Trzeciak,2020-03-16,NULL,Production Technician II,Production,Female,Other,0,1,2020,0,28,0,25-34,Fully Meets,Low Value,Junior,2,2,3,High risk
1108,Barry Wilber,2019-01-24,NULL,Production Technician I,Production,Male,White,0,1,2019,0,50,0,55+,Fully Meets,Low Value,Junior,1,1,3,Medium
1109,Enola Chivukula,2022-06-11,2022-09-25,Production Technician I,Production,Female,White,106,0,2022,2022,41,41,35-44,Fully Meets,Low Value,Junior,4,4,3,High risk
1110,Joelle Burke,2022-07-02,NULL,Production Technician II,Production,Female,Asian,0,1,2022,0,35,0,35-44,Fully Meets,Low Value,Junior,3,4,3,High risk
1111,Alexandra Kirill,2019-09-08,2020-08-29,Production Technician I,Production,Female,White,356,0,2019,2020,67,68,55+,Fully Meets,Low Value,Junior,3,1,3,High risk
1112,Celeste Johnson,2022-07-10,NULL,Production Technician I,Production,Female,White,0,1,2022,0,47,0,45-54,Fully Meets,Low Value,Junior,3,3,3,High risk
1113,Nathalia Hendrix,2022-04-24,NULL,Production Technician I,Production,Female,Asian,0,1,2022,0,46,0,45-54,Fully Meets,Low Value,Junior,3,3,3,High risk
1114,Justus Bowen,2020-03-31,NULL,Production Technician I,Production,Female,Hispanic,0,1,2020,0,60,0,55+,Fully Meets,Low Value,Junior,2,1,3,Medium
1115,Marcus Bender,2019-03-23,NULL,Production Technician I,Production,Male,Black,0,1,2019,0,22,0,25-34,Fully Meets,Low Value,Junior,1,2,3,Medium
1116,Ryker Logan,2019-03-09,2023-07-12,Production Technician I,Production,Male,White,1586,0,2019,2023,35,39,35-44,Fully Meets,Medium Value,Mid,2,4,3,High risk
1117,Payten Middleton,2019-02-21,2019-03-06,Production Technician I,Production,Male,Other,13,0,2019,2019,22,22,25-34,Fully Meets,Low Value,Junior,4,2,3,High risk
1118,Harrison Hunt,2019-10-04,2022-11-26,Production Technician I,Production,Male,Asian,1149,0,2019,2022,43,46,45-54,Fully Meets,Medium Value,Mid,3,3,3,High risk
1119,Orlando Henderson,2019-11-24,2020-12-20,Production Technician I,Production,Female,White,392,0,2019,2020,25,26,25-34,Fully Meets,Low Value,Junior,3,2,3,High risk
1120,Darian Potts,2020-08-17,NULL,Production Technician I,Production,Female,Black,0,1,2020,0,52,0,55+,Fully Meets,Low Value,Junior,2,1,3,Medium
1121,Isabela Collins,2021-03-16,NULL,Production Manager,Production,Female,Hispanic,0,1,2021,0,40,0,35-44,Fully Meets,Low Value,Junior,2,4,3,High risk
1122,Sierra Macias,2021-11-16,2022-08-26,Production Manager,Production,Female,White,283,0,2021,2022,46,47,45-54,Fully Meets,Low Value,Junior,3,3,3,High risk
1123,Giuliana Farmer,2022-05-03,NULL,Production Manager,Production,Female,Other,0,1,2022,0,57,0,55+,Fully Meets,Low Value,Junior,3,1,3,High risk
1124,Pierce Robbins,2019-12-24,2022-11-11,Production Manager,Production,Female,Other,1053,0,2019,2022,33,36,35-44,Fully Meets,Medium Value,Junior,3,4,3,High risk
1125,Lamont Bridges,2021-10-21,NULL,Production Technician II,Production,Male,Hispanic,0,1,2021,0,30,0,25-34,Fully Meets,Low Value,Junior,2,2,3,High risk
1126,Gretchen Richard,2018-09-08,2020-03-06,Production Technician II,Production,Male,White,545,0,2018,2020,59,61,55+,Fully Meets,Low Value,Junior,3,1,3,High risk
1127,Axel Hart,2019-02-26,NULL,Production Technician II,Production,Male,White,0,1,2019,0,18,0,Under 25,Fully Meets,Low Value,Junior,1,5,3,High risk
1128,Emma Escobar,2023-04-21,NULL,Production Technician II,Production,Female,Hispanic,0,1,2023,0,66,0,55+,Fully Meets,Low Value,Junior,3,1,3,High risk
1129,Maximilian Craig,2019-09-19,2021-10-23,Production Technician II,Production,Female,Other,765,0,2019,2021,63,65,55+,Fully Meets,Medium Value,Junior,3,1,3,High risk
1130,Erik Padilla,2020-12-23,NULL,Production Technician I,Production,Female,Hispanic,0,1,2020,0,23,0,25-34,Fully Meets,Low Value,Junior,2,2,3,High risk
1131,Gilbert Duffy,2019-03-29,NULL,Production Technician I,Production,Female,Black,0,1,2019,0,24,0,25-34,Fully Meets,Low Value,Junior,1,2,3,Medium
1132,Raymond Ayers,2021-05-15,2023-05-03,Production Technician I,Production,Female,Hispanic,718,0,2021,2023,58,60,55+,Fully Meets,Low Value,Junior,3,1,3,High risk
1133,Vincent Wyatt,2022-03-14,2022-10-02,Production Technician I,Production,Female,Hispanic,202,0,2022,2022,73,73,55+,Fully Meets,Low Value,Junior,4,1,3,High risk
1134,Micah Stanley,2021-12-06,2022-01-08,Production Technician I,Production,Female,Asian,33,0,2021,2022,25,26,25-34,Fully Meets,Low Value,Junior,3,2,3,High risk
1135,Evan Chen,2021-10-27,NULL,Production Technician I,Production,Male,Other,0,1,2021,0,57,0,55+,Fully Meets,Low Value,Junior,2,1,3,Medium
1136,Serenity Thornton,2023-04-01,NULL,Production Technician I,Production,Male,Other,0,1,2023,0,77,0,55+,Fully Meets,Low Value,Junior,3,1,3,High risk
1137,Talan Rivas,2019-05-29,NULL,Production Technician I,Production,Male,Black,0,1,2019,0,65,0,55+,Fully Meets,Low Value,Junior,1,1,3,Medium
1138,Calvin Braun,2019-07-12,2022-07-12,Production Technician I,Production,Male,Black,1096,0,2019,2022,36,39,35-44,Fully Meets,Medium Value,Mid,3,4,3,High risk
1139,Cale Bender,2018-08-10,2022-02-21,Production Technician I,Production,Male,Hispanic,1291,0,2018,2022,65,69,55+,Fully Meets,Medium Value,Mid,2,1,3,Medium
1140,Kirsten Vance,2021-09-29,NULL,Production Technician I,Production,Female,Black,0,1,2021,0,33,0,35-44,Fully Meets,Low Value,Junior,2,4,3,High risk
1141,Cade Cox,2021-08-05,NULL,Production Technician I,Production,Female,Black,0,1,2021,0,80,0,55+,Fully Meets,Low Value,Junior,2,1,3,Medium
1142,Ibrahim Wolfe,2023-08-02,NULL,Production Manager,Production,Female,Asian,0,1,2023,0,31,0,25-34,Fully Meets,Low Value,Junior,3,2,3,High risk
1143,Elianna Schmitt,2018-09-02,2021-07-28,Production Manager,Production,Female,Hispanic,1060,0,2018,2021,76,79,55+,Fully Meets,Medium Value,Junior,3,1,3,High risk
1144,Colby Wolfe,2019-10-13,NULL,Production Manager,Production,Female,Asian,0,1,2019,0,56,0,55+,Fully Meets,Low Value,Junior,1,1,3,Medium
1145,Autumn Barrera,2020-09-24,NULL,Production Technician II,Production,Male,Hispanic,0,1,2020,0,72,0,55+,Fully Meets,Low Value,Junior,2,1,3,Medium
1146,Emmalee Cervantes,2023-08-06,NULL,Production Technician II,Production,Male,Hispanic,0,1,2023,0,60,0,55+,Fully Meets,Low Value,Junior,3,1,3,High risk
1147,Ernest Willis,2019-06-11,2022-02-27,Production Technician II,Production,Female,Black,992,0,2019,2022,76,79,55+,Fully Meets,Medium Value,Junior,3,1,3,High risk
1148,Jaxon Anderson,2019-02-14,NULL,Production Technician II,Production,Female,Black,0,1,2019,0,76,0,55+,Fully Meets,Low Value,Junior,1,1,3,Medium
1149,Precious Caldwell,2022-03-17,NULL,Production Technician II,Production,Female,Asian,0,1,2022,0,81,0,55+,Fully Meets,Low Value,Junior,3,1,3,High risk
1150,Yahir Serrano,2020-08-05,NULL,Production Technician I,Production,Female,White,0,1,2020,0,39,0,35-44,Fully Meets,Low Value,Junior,2,4,3,High risk
1151,Krystal Peterson,2022-08-23,NULL,Production Technician I,Production,Male,Asian,0,1,2022,0,44,0,45-54,Fully Meets,Low Value,Junior,3,3,3,High risk
1152,Jadyn Haley,2023-01-12,NULL,Production Technician I,Production,Female,Other,0,1,2023,0,60,0,55+,Fully Meets,Low Value,Junior,3,1,3,High risk
1153,Davis Roberts,2020-04-14,2021-09-10,Production Technician I,Production,Female,Asian,514,0,2020,2021,79,80,55+,Fully Meets,Low Value,Junior,3,1,3,High risk
1154,Meadow Avery,2021-09-27,2023-02-05,Production Technician I,Production,Female,White,496,0,2021,2023,34,36,35-44,Fully Meets,Low Value,Junior,3,4,3,High risk
1155,Allyson Owen,2018-11-17,2020-03-12,Production Technician I,Production,Female,Other,481,0,2018,2020,67,69,55+,Fully Meets,Low Value,Junior,3,1,3,High risk
1156,Francisco Simon,2019-07-22,2023-02-28,Production Technician I,Production,Male,Hispanic,1317,0,2019,2023,39,43,45-54,Fully Meets,Medium Value,Mid,2,3,3,High risk
1157,Trent Christian,2019-02-10,NULL,Production Technician I,Production,Male,Hispanic,0,1,2019,0,23,0,25-34,Fully Meets,Low Value,Junior,1,2,3,Medium
1158,Chaya Boyd,2018-11-22,2020-07-19,Production Technician I,Production,Male,Asian,605,0,2018,2020,60,62,55+,Fully Meets,Low Value,Junior,3,1,3,High risk
1159,Nehemiah Rivas,2023-04-23,NULL,Production Technician I,Production,Male,Other,0,1,2023,0,44,0,45-54,Fully Meets,Low Value,Junior,3,3,3,High risk
1160,Wyatt Spence,2022-12-26,2023-05-23,Production Technician I,Production,Female,Asian,148,0,2022,2023,46,47,45-54,Fully Meets,Low Value,Junior,3,3,3,High risk
1161,Abram Fisher,2020-06-14,NULL,Production Technician I,Production,Female,Other,0,1,2020,0,66,0,55+,Fully Meets,Low Value,Junior,2,1,3,Medium
1162,Jayleen Oconnell,2022-03-29,2023-05-20,Production Technician I,Production,Female,Asian,417,0,2022,2023,39,40,35-44,Fully Meets,Low Value,Junior,3,4,3,High risk
1163,Jordon Meadows,2022-12-18,NULL,Production Manager,Production,Female,White,0,1,2022,0,26,0,25-34,Fully Meets,Low Value,Junior,3,2,3,High risk
1164,Justice Pineda,2019-03-21,NULL,Production Manager,Production,Female,Other,0,1,2019,0,69,0,55+,Fully Meets,Low Value,Junior,1,1,3,Medium
1165,Isiah Decker,2021-02-08,NULL,Production Manager,Production,Female,Other,0,1,2021,0,23,0,25-34,Fully Meets,Low Value,Junior,2,2,3,High risk
1166,Giada Boone,2022-06-06,NULL,Production Technician II,Production,Male,Other,0,1,2022,0,57,0,55+,Fully Meets,Low Value,Junior,3,1,3,High risk
1167,Camryn Guerra,2021-11-01,NULL,Production Technician II,Production,Female,Other,0,1,2021,0,66,0,55+,Fully Meets,Low Value,Junior,2,1,3,Medium
1168,Melody Rollins,2023-01-19,NULL,Production Technician II,Production,Female,White,0,1,2023,0,72,0,55+,Fully Meets,Low Value,Junior,3,1,3,High risk
1169,Lucia Cummings,2020-07-30,NULL,Production Technician II,Production,Female,Asian,0,1,2020,0,60,0,55+,Fully Meets,Low Value,Junior,2,1,3,Medium
1170,Jaylen Serrano,2023-07-16,NULL,Production Technician II,Production,Female,Black,0,1,2023,0,72,0,55+,Fully Meets,Low Value,Junior,3,1,3,High risk
1171,Jayson Bright,2022-06-16,NULL,Production Technician I,Production,Female,Hispanic,0,1,2022,0,69,0,55+,Fully Meets,Low Value,Junior,3,1,3,High risk
1172,Carlie Wilkerson,2021-06-13,2022-05-27,Production Technician I,Production,Male,Asian,348,0,2021,2022,69,70,55+,Fully Meets,Low Value,Junior,3,1,3,High risk
1173,Kaylyn Patrick,2020-11-14,2021-11-01,Production Technician I,Production,Female,White,352,0,2020,2021,52,53,55+,Fully Meets,Low Value,Junior,3,1,3,High risk
1174,Evie Pope,2020-06-16,2023-03-13,Production Technician I,Production,Female,Other,1000,0,2020,2023,47,50,45-54,Fully Meets,Medium Value,Junior,3,3,3,High risk
1175,Nayeli Kelley,2018-12-20,2020-12-24,Production Technician I,Production,Female,Asian,735,0,2018,2020,22,24,25-34,Fully Meets,Medium Value,Junior,3,2,3,High risk
1176,Krista Franco,2022-10-29,NULL,Production Technician I,Production,Female,White,0,1,2022,0,62,0,55+,Fully Meets,Low Value,Junior,3,1,3,High risk
1177,Teresa Farrell,2020-07-20,NULL,Production Technician I,Production,Female,Other,0,1,2020,0,52,0,55+,Fully Meets,Low Value,Junior,2,1,3,Medium
1178,Dorian Fox,2021-10-03,2021-12-19,Production Technician I,Production,Male,Other,77,0,2021,2021,62,62,55+,Fully Meets,Low Value,Junior,4,1,3,High risk
1179,Madeleine Sherman,2022-07-16,NULL,Production Technician I,Production,Male,Black,0,1,2022,0,32,0,35-44,Fully Meets,Low Value,Junior,3,4,3,High risk
1180,Allan Butler,2020-06-30,NULL,Production Technician I,Production,Male,Hispanic,0,1,2020,0,76,0,55+,Fully Meets,Low Value,Junior,2,1,3,Medium
1181,Nevaeh Davila,2021-06-13,NULL,Production Technician I,Production,Male,Other,0,1,2021,0,28,0,25-34,Fully Meets,Low Value,Junior,2,2,3,High risk
1182,Gunnar Webster,2020-12-29,2022-10-24,Production Technician I,Production,Female,Black,664,0,2020,2022,47,49,45-54,Fully Meets,Low Value,Junior,3,3,3,High risk
1183,Aydin Tate,2022-02-03,NULL,Production Technician I,Production,Female,Black,0,1,2022,0,76,0,55+,Fully Meets,Low Value,Junior,3,1,3,High risk
1184,Patrick Mckinney,2022-01-10,2023-05-11,Production Technician I,Production,Female,Hispanic,486,0,2022,2023,71,72,55+,Fully Meets,Low Value,Junior,3,1,3,High risk
1185,Milagros Foley,2018-12-13,NULL,Production Manager,Production,Female,Other,0,1,2018,0,45,0,45-54,Fully Meets,Low Value,Junior,1,3,3,High risk
1186,Rachael Buck,2021-03-03,NULL,Production Manager,Production,Female,Hispanic,0,1,2021,0,38,0,35-44,Fully Meets,Low Value,Junior,2,4,3,High risk
1187,Rigoberto Townsend,2021-07-04,NULL,Production Manager,Production,Female,Black,0,1,2021,0,24,0,25-34,Fully Meets,Low Value,Junior,2,2,3,High risk
1188,Reagan Odonnell,2020-02-06,2021-07-21,Production Technician II,Production,Male,Black,531,0,2020,2021,41,42,45-54,Fully Meets,Low Value,Junior,3,3,3,High risk
1189,Roy Morse,2020-06-28,2022-07-11,Production Technician II,Production,Female,Other,743,0,2020,2022,32,34,35-44,Fully Meets,Medium Value,Junior,3,4,3,High risk
1190,Rafael Buchanan,2020-12-22,2021-11-20,Production Technician II,Production,Female,Hispanic,333,0,2020,2021,22,23,25-34,Fully Meets,Low Value,Junior,3,2,3,High risk
1191,Kaitlynn Herman,2019-11-24,NULL,Production Technician II,Production,Female,Black,0,1,2019,0,41,0,45-54,Fully Meets,Low Value,Junior,1,3,3,High risk
1192,Marquise Santana,2022-09-23,NULL,Production Technician II,Production,Female,White,0,1,2022,0,34,0,35-44,Fully Meets,Low Value,Junior,3,4,3,High risk
1193,Jamarion Mitchell,2020-02-06,2022-01-23,Production Technician I,Production,Female,Black,717,0,2020,2022,70,72,55+,Fully Meets,Low Value,Junior,3,1,3,High risk
1194,Gabrielle Hardy,2019-01-14,2021-08-06,Production Technician I,Production,Male,Asian,935,0,2019,2021,66,68,55+,Fully Meets,Medium Value,Junior,3,1,3,High risk
1195,Savion Stokes,2019-06-25,2022-05-15,Production Technician I,Production,Female,Hispanic,1055,0,2019,2022,52,55,55+,Fully Meets,Medium Value,Junior,3,1,3,High risk
1196,Trevin Summers,2019-03-09,NULL,Production Technician I,Production,Female,Other,0,1,2019,0,41,0,45-54,Fully Meets,Low Value,Junior,1,3,3,High risk
1197,Hailie Bell,2020-06-13,NULL,Production Technician I,Production,Female,Hispanic,0,1,2020,0,62,0,55+,Fully Meets,Low Value,Junior,2,1,3,Medium
1198,Audrey Stevens,2019-01-22,NULL,Production Technician I,Production,Female,Asian,0,1,2019,0,67,0,55+,Fully Meets,Low Value,Junior,1,1,3,Medium
1199,Jason Munoz,2020-12-12,NULL,Production Technician I,Production,Female,White,0,1,2020,0,70,0,55+,Fully Meets,Low Value,Junior,2,1,3,Medium
1200,Carlee Foley,2022-04-27,NULL,Production Technician I,Production,Female,Other,0,1,2022,0,45,0,45-54,Fully Meets,Low Value,Junior,3,3,3,High risk
1201,Sarahi Dodson,2022-04-11,2022-09-26,Production Technician I,Production,Male,Other,168,0,2022,2022,68,68,55+,Fully Meets,Low Value,Junior,4,1,3,High risk
1202,Faith Carey,2022-09-01,2022-12-02,Production Technician I,Production,Male,White,92,0,2022,2022,39,39,35-44,Fully Meets,Low Value,Junior,4,4,3,High risk
1203,Mylie Salazar,2018-09-08,NULL,Production Technician I,Production,Male,White,0,1,2018,0,31,0,35-44,Fully Meets,Low Value,Junior,1,4,3,High risk
1204,Pablo Parker,2022-11-24,2023-08-05,Production Technician I,Production,Male,White,254,0,2022,2023,74,75,55+,Fully Meets,Low Value,Junior,3,1,3,High risk
1205,Ulises Shea,2020-07-23,NULL,Production Technician I,Production,Female,Hispanic,0,1,2020,0,64,0,55+,Fully Meets,Low Value,Junior,2,1,3,Medium
1206,Bethany Terry,2018-12-28,2023-05-15,Production Technician I,Production,Female,White,1599,0,2018,2023,62,67,55+,Fully Meets,Medium Value,Mid,2,1,3,Medium
1207,Kamari Holloway,2019-10-01,NULL,Production Technician I,Production,Female,White,0,1,2019,0,63,0,55+,Fully Meets,Low Value,Junior,1,1,3,Medium
1208,Jazlene Mcdaniel,2019-08-17,2019-10-25,Production Manager,Production,Female,Black,69,0,2019,2019,40,40,45-54,Fully Meets,Low Value,Junior,4,3,3,High risk
1209,Dane Kelly,2023-05-31,NULL,Production Manager,Production,Female,Other,0,1,2023,0,24,0,25-34,Fully Meets,Low Value,Junior,3,2,3,High risk
1210,Camila Dunn,2020-12-08,2023-06-10,Production Manager,Production,Female,Asian,914,0,2020,2023,72,75,55+,Fully Meets,Medium Value,Junior,3,1,3,High risk
1211,Aurora Frederick,2018-11-05,2023-03-23,Production Technician II,Production,Male,Other,1599,0,2018,2023,37,42,35-44,Fully Meets,Medium Value,Mid,2,4,3,High risk
1212,Caylee Nunez,2020-08-26,2023-04-05,Production Technician II,Production,Female,Hispanic,952,0,2020,2023,37,40,35-44,Fully Meets,Medium Value,Junior,3,4,3,High risk
1213,Tamia Sharp,2020-02-23,NULL,Production Technician II,Production,Female,White,0,1,2020,0,33,0,35-44,Fully Meets,Low Value,Junior,2,4,3,High risk
1214,Jaliyah Gamble,2022-02-12,NULL,Production Technician II,Production,Female,Asian,0,1,2022,0,55,0,55+,Fully Meets,Low Value,Junior,3,1,3,High risk
1215,Xander Savage,2020-02-13,NULL,Production Technician II,Production,Female,Asian,0,1,2020,0,37,0,35-44,Fully Meets,Low Value,Junior,2,4,3,High risk
1216,Marc Crosby,2023-02-15,2023-03-09,Production Technician I,Production,Female,Black,22,0,2023,2023,37,37,35-44,Fully Meets,Low Value,Junior,4,4,3,High risk
1217,Marques Zimmerman,2019-12-03,2021-08-31,Production Technician I,Production,Male,Asian,637,0,2019,2021,59,61,55+,Fully Meets,Low Value,Junior,3,1,3,High risk
1218,Livia Salazar,2018-12-31,NULL,Production Technician I,Production,Female,Black,0,1,2018,0,44,0,45-54,Fully Meets,Low Value,Junior,1,3,3,High risk
1219,Alana Choi,2020-01-16,2021-02-09,Production Technician I,Production,Female,Hispanic,390,0,2020,2021,46,47,45-54,Fully Meets,Low Value,Junior,3,3,3,High risk
1220,Levi Lawson,2018-11-20,2020-02-09,Production Technician I,Production,Female,Asian,446,0,2018,2020,69,71,55+,Fully Meets,Low Value,Junior,3,1,3,High risk
1221,Kane Black,2022-11-11,2023-07-03,Production Technician I,Production,Female,Asian,234,0,2022,2023,55,56,55+,Fully Meets,Low Value,Junior,3,1,3,High risk
1222,Paola Weeks,2020-12-18,2021-07-23,Production Technician I,Production,Female,Asian,217,0,2020,2021,71,72,55+,Fully Meets,Low Value,Junior,3,1,3,High risk
1223,Brooklynn Mack,2021-01-26,NULL,Production Technician I,Production,Female,Asian,0,1,2021,0,25,0,25-34,Fully Meets,Low Value,Junior,2,2,3,High risk
1224,Darrell Zamora,2021-11-26,2022-05-24,Production Technician I,Production,Male,Hispanic,179,0,2021,2022,57,58,55+,Fully Meets,Low Value,Junior,3,1,3,High risk
1225,Irvin Warner,2023-05-15,NULL,Production Technician I,Production,Male,Asian,0,1,2023,0,66,0,55+,Fully Meets,Low Value,Junior,3,1,3,High risk
1226,Dayton Castro,2023-06-20,NULL,Production Technician I,Production,Male,Other,0,1,2023,0,56,0,55+,Fully Meets,Low Value,Junior,3,1,3,High risk
1227,Hailey Mckay,2019-08-22,2022-06-06,Production Technician I,Production,Female,Other,1019,0,2019,2022,32,35,35-44,Fully Meets,Medium Value,Junior,3,4,3,High risk
1228,Jaquan Rowland,2021-08-30,NULL,Production Technician I,Production,Female,Other,0,1,2021,0,27,0,25-34,Fully Meets,Low Value,Junior,2,2,3,High risk
1229,David Velez,2020-01-27,NULL,Production Technician I,Production,Female,Black,0,1,2020,0,68,0,55+,Fully Meets,Low Value,Junior,2,1,3,Medium
1230,Joslyn Patel,2022-03-04,NULL,Production Technician I,Production,Female,Hispanic,0,1,2022,0,48,0,45-54,Fully Meets,Low Value,Junior,3,3,3,High risk
1231,Colt Archer,2020-03-07,NULL,Production Manager,Production,Female,Black,0,1,2020,0,26,0,25-34,Fully Meets,Low Value,Junior,2,2,3,High risk
1232,Abbigail Cameron,2020-03-19,NULL,Production Manager,Production,Female,Other,0,1,2020,0,73,0,55+,Fully Meets,Low Value,Junior,2,1,3,Medium
1233,Anastasia Escobar,2022-07-23,NULL,Production Technician II,Production,Male,Other,0,1,2022,0,30,0,25-34,Fully Meets,Low Value,Junior,3,2,3,High risk
1234,Ronin Mclaughlin,2019-10-18,2021-10-03,Production Technician II,Production,Female,Black,716,0,2019,2021,72,74,55+,Fully Meets,Low Value,Junior,3,1,3,High risk
1235,Aliana Pena,2020-04-14,NULL,Production Technician II,Production,Female,Other,0,1,2020,0,22,0,25-34,Fully Meets,Low Value,Junior,2,2,3,High risk
1236,Ramon Goodwin,2018-11-25,2019-07-25,Production Technician II,Production,Female,White,242,0,2018,2019,72,73,55+,Fully Meets,Low Value,Junior,3,1,3,High risk
1237,Cory Saunders,2021-03-23,2022-08-26,Production Technician II,Production,Female,Black,521,0,2021,2022,46,47,45-54,Fully Meets,Low Value,Junior,3,3,3,High risk
1238,Alessandra Huynh,2020-10-27,2021-11-08,Production Technician I,Production,Female,Other,377,0,2020,2021,52,53,55+,Fully Meets,Low Value,Junior,3,1,3,High risk
1239,Maeve Holmes,2022-06-11,2023-06-29,Production Technician I,Production,Female,Hispanic,383,0,2022,2023,21,22,Under 25,Fully Meets,Low Value,Junior,3,5,3,High risk
1240,Alejandra Mclean,2020-03-19,NULL,Production Technician I,Production,Female,Asian,0,1,2020,0,35,0,35-44,Fully Meets,Low Value,Junior,2,4,3,High risk
1241,Reuben Potter,2019-11-07,2022-12-07,Production Technician I,Production,Female,Black,1126,0,2019,2022,27,30,25-34,Fully Meets,Medium Value,Mid,3,2,3,High risk
1242,Marilyn Greer,2023-04-24,NULL,Production Technician I,Production,Female,White,0,1,2023,0,64,0,55+,Fully Meets,Low Value,Junior,3,1,3,High risk
1243,Camila Nichols,2020-06-04,NULL,Production Technician I,Production,Female,White,0,1,2020,0,41,0,45-54,Fully Meets,Low Value,Junior,2,3,3,High risk
1244,Iris Bruce,2022-05-23,NULL,Production Technician I,Production,Male,Asian,0,1,2022,0,68,0,55+,Fully Meets,Low Value,Junior,3,1,3,High risk
1245,Henry Pratt,2019-05-17,NULL,Production Technician I,Production,Male,White,0,1,2019,0,58,0,55+,Fully Meets,Low Value,Junior,1,1,3,Medium
1246,Kira Soto,2018-09-28,2021-04-25,Production Technician I,Production,Male,Black,940,0,2018,2021,75,78,55+,Fully Meets,Medium Value,Junior,3,1,3,High risk
1247,Ashanti Scott,2019-03-04,NULL,Production Technician I,Production,Female,Other,0,1,2019,0,47,0,45-54,Fully Meets,Low Value,Junior,1,3,3,High risk
1248,Sarahi Burke,2021-03-29,2021-12-01,Production Technician I,Production,Female,White,247,0,2021,2021,33,33,35-44,Fully Meets,Low Value,Junior,4,4,3,High risk
1249,Aimee Terry,2019-07-07,2020-02-14,Production Technician I,Production,Female,Asian,222,0,2019,2020,23,24,25-34,Fully Meets,Low Value,Junior,3,2,3,High risk
1250,Jerimiah Jackson,2018-09-06,NULL,Production Technician I,Production,Female,Black,0,1,2018,0,28,0,35-44,Fully Meets,Low Value,Junior,1,4,3,High risk
1251,Callie Murray,2018-09-25,NULL,Production Technician I,Production,Female,Asian,0,1,2018,0,70,0,55+,Fully Meets,Low Value,Junior,1,1,3,Medium
1252,Fabian Young,2022-03-11,2022-04-25,Production Manager,Production,Female,Asian,45,0,2022,2022,40,40,35-44,Fully Meets,Low Value,Junior,4,4,3,High risk
1253,Juliette Morton,2020-07-13,2021-10-06,Production Manager,Production,Female,Asian,450,0,2020,2021,49,50,45-54,Fully Meets,Low Value,Junior,3,3,3,High risk
1254,Alyvia Sellers,2020-06-22,NULL,Production Technician II,Production,Female,White,0,1,2020,0,70,0,55+,Fully Meets,Low Value,Junior,2,1,3,Medium
1255,Tyler Gay,2019-09-30,2021-03-02,Production Technician II,Production,Female,Black,519,0,2019,2021,35,37,35-44,Fully Meets,Low Value,Junior,3,4,3,High risk
1256,Noemi Randall,2020-01-08,NULL,Production Technician II,Production,Female,White,0,1,2020,0,29,0,25-34,Fully Meets,Low Value,Junior,2,2,3,High risk
1257,Jazlene Lozano,2021-10-16,NULL,Production Technician II,Production,Female,Asian,0,1,2021,0,43,0,45-54,Fully Meets,Low Value,Junior,2,3,3,High risk
1258,Jennifer Salazar,2022-06-29,NULL,Production Technician II,Production,Female,Other,0,1,2022,0,45,0,45-54,Fully Meets,Low Value,Junior,3,3,3,High risk
1259,Vaughn Leonard,2022-05-01,2023-04-24,Production Technician I,Production,Male,White,358,0,2022,2023,66,67,55+,Fully Meets,Low Value,Junior,3,1,3,High risk
1260,Caitlin Robertson,2018-08-16,NULL,Production Technician I,Production,Female,Asian,0,1,2018,0,61,0,55+,Fully Meets,Low Value,Junior,1,1,3,Medium
1261,Elyse Huerta,2019-12-27,NULL,Production Technician I,Production,Female,Hispanic,0,1,2019,0,60,0,55+,Fully Meets,Low Value,Junior,1,1,3,Medium
1262,Kyle Sanders,2021-07-01,2023-03-28,Production Technician I,Production,Female,Hispanic,635,0,2021,2023,44,46,45-54,Fully Meets,Low Value,Junior,3,3,3,High risk
1263,Barrett Jennings,2022-10-20,NULL,Production Technician I,Production,Female,Hispanic,0,1,2022,0,70,0,55+,Fully Meets,Low Value,Junior,3,1,3,High risk
1264,Darius Koch,2019-02-15,NULL,Production Technician I,Production,Female,Hispanic,0,1,2019,0,21,0,25-34,Fully Meets,Low Value,Junior,1,2,3,Medium
1265,Kolton Dawson,2022-01-17,2022-07-25,Production Technician I,Production,Male,Black,189,0,2022,2022,46,46,45-54,Fully Meets,Low Value,Junior,4,3,3,High risk
1266,Ciara Cole,2021-11-14,2022-07-01,Production Technician I,Production,Male,Hispanic,229,0,2021,2022,50,51,45-54,Fully Meets,Low Value,Junior,3,3,3,High risk
1267,Virginia Wallace,2020-11-14,2020-12-22,Production Technician I,Production,Female,White,38,0,2020,2020,49,49,45-54,Fully Meets,Low Value,Junior,4,3,3,High risk
1268,Malik Ochoa,2023-02-25,NULL,Production Technician I,Production,Female,Other,0,1,2023,0,62,0,55+,Fully Meets,Low Value,Junior,3,1,3,High risk
1269,Elyse Pratt,2022-08-23,NULL,Production Technician I,Production,Female,Black,0,1,2022,0,57,0,55+,Fully Meets,Low Value,Junior,3,1,3,High risk
1270,Yahir Hill,2019-05-01,2019-12-31,Production Technician I,Production,Female,Hispanic,244,0,2019,2019,52,52,55+,Fully Meets,Low Value,Junior,4,1,3,High risk
1271,Harley Abbott,2020-04-26,NULL,Production Technician I,Production,Female,Asian,0,1,2020,0,69,0,55+,Fully Meets,Low Value,Junior,2,1,3,Medium
1272,Dawson Pratt,2021-02-08,2022-07-15,Production Technician I,Production,Female,Black,522,0,2021,2022,50,51,45-54,Fully Meets,Low Value,Junior,3,3,3,High risk
1273,Michaela Smith,2020-10-29,2021-01-26,Production Manager,Production,Female,Asian,89,0,2020,2021,63,64,55+,Fully Meets,Low Value,Junior,3,1,3,High risk
1274,Lillie Leblanc,2022-11-22,NULL,Production Manager,Production,Female,Black,0,1,2022,0,47,0,45-54,Fully Meets,Low Value,Junior,3,3,3,High risk
1275,Sincere Rivera,2022-10-11,NULL,Production Technician II,Production,Female,Other,0,1,2022,0,40,0,35-44,Fully Meets,Low Value,Junior,3,4,3,High risk
1276,Lucas Good,2019-12-28,NULL,Production Technician II,Production,Female,White,0,1,2019,0,41,0,45-54,Fully Meets,Low Value,Junior,1,3,3,High risk
1277,Jonas Hernandez,2019-04-11,NULL,Production Technician II,Production,Female,Other,0,1,2019,0,35,0,35-44,Fully Meets,Low Value,Junior,1,4,3,High risk
1278,Cason Tyler,2020-10-26,NULL,Production Technician II,Production,Female,White,0,1,2020,0,65,0,55+,Fully Meets,Low Value,Junior,2,1,3,Medium
1279,Malachi Singleton,2021-07-09,2023-01-27,Production Technician II,Production,Female,White,567,0,2021,2023,27,29,25-34,Fully Meets,Low Value,Junior,3,2,3,High risk
1280,Natalie Christensen,2022-01-12,NULL,Production Technician I,Production,Male,Black,0,1,2022,0,78,0,55+,Fully Meets,Low Value,Junior,3,1,3,High risk
1281,Jordyn Sheppard,2020-08-07,2021-07-20,Production Technician I,Production,Female,White,347,0,2020,2021,52,53,55+,Fully Meets,Low Value,Junior,3,1,3,High risk
1282,Rohan Matthews,2021-04-10,2022-11-19,Production Technician I,Production,Female,Black,588,0,2021,2022,41,42,45-54,Fully Meets,Low Value,Junior,3,3,3,High risk
1283,Taniya Stafford,2021-01-11,NULL,Production Technician I,Production,Female,Asian,0,1,2021,0,21,0,25-34,Fully Meets,Low Value,Junior,2,2,3,High risk
1284,Cherish Preston,2019-12-08,NULL,Production Technician I,Production,Female,Other,0,1,2019,0,34,0,35-44,Fully Meets,Low Value,Junior,1,4,3,High risk
1285,Briley Hanson,2021-09-26,NULL,Production Technician I,Production,Male,Hispanic,0,1,2021,0,27,0,25-34,Fully Meets,Low Value,Junior,2,2,3,High risk
1286,Hugo Tate,2021-09-09,2021-10-28,Production Technician I,Production,Male,Asian,49,0,2021,2021,22,22,25-34,Fully Meets,Low Value,Junior,4,2,3,High risk
1287,Daniel Griffin,2020-09-19,2023-02-20,Production Technician I,Production,Female,Black,884,0,2020,2023,77,80,55+,Fully Meets,Medium Value,Junior,3,1,3,High risk
1288,Dakota Salinas,2022-01-11,2022-10-26,Production Technician I,Production,Female,Hispanic,288,0,2022,2022,24,24,25-34,Fully Meets,Low Value,Junior,4,2,3,High risk
1289,Janiyah Ballard,2019-07-18,NULL,Production Technician I,Production,Female,Other,0,1,2019,0,77,0,55+,Fully Meets,Low Value,Junior,1,1,3,Medium
1290,Annika Malone,2021-04-13,NULL,Production Technician I,Production,Female,White,0,1,2021,0,25,0,25-34,Fully Meets,Low Value,Junior,2,2,3,High risk
1291,Celeste Lin,2023-06-17,2023-07-27,Production Technician I,Production,Female,Black,40,0,2023,2023,35,35,35-44,Fully Meets,Low Value,Junior,4,4,3,High risk
1292,Larissa Warner,2018-10-27,NULL,Production Technician I,Production,Female,White,0,1,2018,0,75,0,55+,Fully Meets,Low Value,Junior,1,1,3,Medium
1293,Lawrence Cross,2021-06-01,2023-04-29,Production Technician I,Production,Female,Asian,697,0,2021,2023,28,30,25-34,Fully Meets,Low Value,Junior,3,2,3,High risk
1294,Kara Barnes,2023-04-07,2023-05-07,Production Manager,Production,Female,Hispanic,30,0,2023,2023,53,53,55+,Fully Meets,Low Value,Junior,4,1,3,High risk
1295,Emery Schmidt,2021-06-13,NULL,Production Technician II,Production,Female,Other,0,1,2021,0,51,0,55+,Fully Meets,Low Value,Junior,2,1,3,Medium
1296,Adalyn Vaughan,2019-03-13,2020-09-12,Production Technician II,Production,Female,Asian,549,0,2019,2020,34,35,35-44,Fully Meets,Low Value,Junior,3,4,3,High risk
1297,Chase Lloyd,2019-05-24,2021-10-09,Production Technician II,Production,Female,Other,869,0,2019,2021,51,53,55+,Fully Meets,Medium Value,Junior,3,1,3,High risk
1298,Hallie Delacruz,2023-02-25,NULL,Production Technician II,Production,Female,Black,0,1,2023,0,40,0,35-44,Fully Meets,Low Value,Junior,3,4,3,High risk
1299,Tia Atkins,2020-03-24,NULL,Production Technician II,Production,Female,Asian,0,1,2020,0,67,0,55+,Fully Meets,Low Value,Junior,2,1,3,Medium
1300,Nia Nicholson,2021-06-12,NULL,Production Technician II,Production,Female,Black,0,1,2021,0,54,0,55+,Fully Meets,Low Value,Junior,2,1,3,Medium
1301,Lilian Norton,2019-03-22,2022-03-23,Production Technician I,Production,Female,Asian,1097,0,2019,2022,69,72,55+,Fully Meets,Medium Value,Mid,3,1,3,High risk
1302,Aliana Pennington,2021-03-08,2022-12-17,Production Technician I,Production,Female,Other,649,0,2021,2022,21,22,25-34,Fully Meets,Low Value,Junior,3,2,3,High risk
1303,Estrella Benitez,2020-05-15,NULL,Production Technician I,Production,Female,Hispanic,0,1,2020,0,63,0,55+,Fully Meets,Low Value,Junior,2,1,3,Medium
1304,Kylie Gilbert,2023-01-24,NULL,Production Technician I,Production,Female,Asian,0,1,2023,0,27,0,25-34,Fully Meets,Low Value,Junior,3,2,3,High risk
1305,Oscar Munoz,2021-01-06,2022-12-30,Production Technician I,Production,Male,White,723,0,2021,2022,23,24,25-34,Fully Meets,Low Value,Junior,3,2,3,High risk
1306,Dane Barton,2021-04-16,NULL,Production Technician I,Production,Male,Hispanic,0,1,2021,0,24,0,25-34,Fully Meets,Low Value,Junior,2,2,3,High risk
1307,Dexter Cline,2021-09-22,2021-10-25,Production Technician I,Production,Male,Black,33,0,2021,2021,40,40,35-44,Fully Meets,Low Value,Junior,4,4,3,High risk
1308,Atticus Frost,2022-06-28,2023-03-07,Production Technician I,Production,Female,Asian,252,0,2022,2023,42,43,45-54,Fully Meets,Low Value,Junior,3,3,3,High risk
1309,Yamilet Cohen,2020-08-17,NULL,Production Technician I,Production,Female,Other,0,1,2020,0,40,0,45-54,Fully Meets,Low Value,Junior,2,3,3,High risk
1310,Emmalee Reynolds,2023-04-03,2023-07-21,Production Technician I,Production,Female,Asian,109,0,2023,2023,35,35,35-44,Fully Meets,Low Value,Junior,4,4,3,High risk
1311,Moshe Taylor,2023-05-26,2023-06-12,Production Technician I,Production,Male,Asian,17,0,2023,2023,36,36,35-44,Fully Meets,Low Value,Junior,4,4,3,High risk
1312,Irene Melton,2021-04-10,NULL,Production Technician I,Production,Female,Black,0,1,2021,0,24,0,25-34,Fully Meets,Low Value,Junior,2,2,3,High risk
1313,Eddie Whitney,2023-04-18,NULL,Production Technician I,Production,Female,Hispanic,0,1,2023,0,66,0,55+,Fully Meets,Low Value,Junior,3,1,3,High risk
1314,Marcel Gomez,2021-10-13,2023-06-21,Production Technician I,Production,Female,White,616,0,2021,2023,25,27,25-34,Fully Meets,Low Value,Junior,3,2,3,High risk
1315,Amy Foster-Baker,2020-10-10,NULL,Sr. Accountant,Admin Offices,Female,Asian,0,1,2020,0,64,0,55+,Fully Meets,Low Value,Junior,2,1,3,Medium
1316,Janet King,2019-01-20,2021-09-15,President & CEO,Executive Office,Female,Asian,969,0,2019,2021,64,66,55+,Fully Meets,Medium Value,Junior,3,1,3,High risk
1317,Bonalyn Boutwell,2021-05-09,2022-10-27,Sr. Accountant,Admin Offices,Female,Black,536,0,2021,2022,71,72,55+,Fully Meets,Low Value,Junior,3,1,3,High risk
1318,Nan Singh,2023-07-29,2023-08-04,Administrative Assistant,Admin Offices,Female,White,6,0,2023,2023,39,39,35-44,Fully Meets,Low Value,Junior,4,4,3,High risk
1319,Tyrone Steans,2019-08-24,2022-12-14,Accountant I,Admin Offices,Male,Asian,1208,0,2019,2022,55,58,55+,Fully Meets,Medium Value,Mid,3,1,3,High risk
1320,Estelle Howard,2018-12-25,NULL,Administrative Assistant,Admin Offices,Female,White,0,1,2018,0,35,0,35-44,Fully Meets,Low Value,Junior,1,4,3,High risk
1321,William LaRotonda,2021-05-27,2021-08-24,Accountant I,Admin Offices,Male,Black,89,0,2021,2021,63,63,55+,Fully Meets,Low Value,Junior,4,1,3,High risk
1322,Mia Brown,2023-02-02,2023-06-23,Accountant I,Admin Offices,Female,Hispanic,141,0,2023,2023,38,38,35-44,Fully Meets,Low Value,Junior,4,4,3,High risk
1323,Leigh Ann Smith,2022-12-06,NULL,Administrative Assistant,Admin Offices,Female,Black,0,1,2022,0,69,0,55+,Fully Meets,Low Value,Junior,3,1,3,High risk
1324,Peter Foley,2021-07-23,NULL,Accountant I,Admin Offices,Female,Hispanic,0,1,2021,0,35,0,35-44,Fully Meets,Low Value,Junior,2,4,3,High risk
1325,Maximus Carney,2019-11-16,NULL,Accountant I,Admin Offices,Female,Black,0,1,2019,0,37,0,35-44,Fully Meets,Low Value,Junior,1,4,3,High risk
1326,Jaida Sweeney,2020-03-08,2021-11-07,Sr. Network Engineer,Admin Offices,Male,White,609,0,2020,2021,43,44,45-54,Fully Meets,Low Value,Junior,3,3,3,High risk
1327,Rhys Lawson,2019-01-14,NULL,Sr. Network Engineer,Admin Offices,Male,White,0,1,2019,0,59,0,55+,Fully Meets,Low Value,Junior,1,1,3,Medium
1328,Skyler Robles,2020-02-29,2021-09-23,Sr. Network Engineer,IT/IS,Male,Asian,572,0,2020,2021,45,46,45-54,Fully Meets,Low Value,Junior,3,3,3,High risk
1329,Allyson Keller,2022-11-25,2023-04-12,Software Engineer,Software Engineering,Male,Black,138,0,2022,2023,64,65,55+,Fully Meets,Low Value,Junior,3,1,3,High risk
1330,Eddie Bauer,2022-09-15,2023-05-05,Accountant I,Admin Offices,Female,White,232,0,2022,2023,32,33,35-44,Fully Meets,Low Value,Junior,3,4,3,High risk
1331,Roger Taylor,2021-08-11,NULL,Accountant I,Admin Offices,Female,Black,0,1,2021,0,75,0,55+,Fully Meets,Low Value,Junior,2,1,3,Medium
1332,Marshall Sellers,2023-08-03,NULL,Sr. Network Engineer,Admin Offices,Male,Hispanic,0,1,2023,0,77,0,55+,Fully Meets,Low Value,Junior,3,1,3,High risk
1333,Cloe Mcgrath,2022-03-14,NULL,Sr. Network Engineer,IT/IS,Male,Black,0,1,2022,0,44,0,45-54,Fully Meets,Low Value,Junior,3,3,3,High risk
1334,Susan Gordon,2020-09-01,2020-11-29,Sr. Network Engineer,IT/IS,Male,Other,89,0,2020,2020,68,68,55+,Fully Meets,Low Value,Junior,4,1,3,High risk
1335,Makenna Newton,2021-10-31,NULL,Software Engineer,Software Engineering,Female,White,0,1,2021,0,74,0,55+,Fully Meets,Low Value,Junior,2,1,3,Medium
1336,Kellen Smith,2020-02-26,2023-03-30,Accountant I,Admin Offices,Female,Black,1128,0,2020,2023,73,76,55+,Fully Meets,Medium Value,Mid,3,1,3,High risk
1337,Sherlyn Carroll,2018-08-10,2021-12-07,Accountant I,Admin Offices,Female,White,1215,0,2018,2021,65,68,55+,Fully Meets,Medium Value,Mid,3,1,3,High risk
1338,Rogelio Flores,2020-09-30,NULL,Sr. Network Engineer,Admin Offices,Male,Other,0,1,2020,0,32,0,35-44,Fully Meets,Low Value,Junior,2,4,3,High risk
1339,Kadence Gentry,2021-04-01,2022-08-14,Sr. Network Engineer,IT/IS,Male,Hispanic,500,0,2021,2022,40,41,35-44,Fully Meets,Low Value,Junior,3,4,3,High risk
1340,Willow Golden,2021-03-21,2021-11-21,Sr. Network Engineer,IT/IS,Male,White,245,0,2021,2021,76,76,55+,Fully Meets,Low Value,Junior,4,1,3,High risk
1341,Amiyah Sims,2021-11-03,NULL,Software Engineering Manager,Software Engineering,Female,Hispanic,0,1,2021,0,42,0,45-54,Fully Meets,Low Value,Junior,2,3,3,High risk
1342,Jeffery Hogan,2019-06-22,2019-08-26,Accountant I,Admin Offices,Female,Asian,65,0,2019,2019,34,34,35-44,Fully Meets,Low Value,Junior,4,4,3,High risk
1343,Shaniya Hamilton,2019-11-12,2023-05-19,Accountant I,Admin Offices,Female,White,1284,0,2019,2023,61,65,55+,Fully Meets,Medium Value,Mid,2,1,3,Medium
1344,Johan Willis,2022-09-20,NULL,Accountant I,Admin Offices,Male,White,0,1,2022,0,42,0,45-54,Fully Meets,Low Value,Junior,3,3,3,High risk
1345,Seth Alvarez,2023-01-27,NULL,Sr. Network Engineer,Admin Offices,Male,Other,0,1,2023,0,45,0,45-54,Fully Meets,Low Value,Junior,3,3,3,High risk
1346,Aron Grant,2021-02-21,2022-08-22,Sr. Network Engineer,IT/IS,Male,White,547,0,2021,2022,73,74,55+,Fully Meets,Low Value,Junior,3,1,3,High risk
1347,Haleigh Carter,2022-03-04,2023-01-18,Sr. Network Engineer,IT/IS,Male,Hispanic,320,0,2022,2023,27,28,25-34,Fully Meets,Low Value,Junior,3,2,3,High risk
1348,Tatiana Ayala,2019-04-21,2020-12-02,Software Engineering Manager,Software Engineering,Female,Other,591,0,2019,2020,26,27,25-34,Fully Meets,Low Value,Junior,3,2,3,High risk
1349,Kaylynn Mcguire,2021-08-02,2022-11-26,Accountant I,Admin Offices,Female,White,481,0,2021,2022,72,73,55+,Fully Meets,Low Value,Junior,3,1,3,High risk
1350,Timothy Villarreal,2022-03-04,NULL,Accountant I,Admin Offices,Female,Black,0,1,2022,0,54,0,55+,Fully Meets,Low Value,Junior,3,1,3,High risk
1351,Elliott Petersen,2021-03-28,NULL,Accountant I,Admin Offices,Male,White,0,1,2021,0,23,0,25-34,Fully Meets,Low Value,Junior,2,2,3,High risk
1352,Lily Tyler,2018-08-08,2023-06-01,Sr. Network Engineer,Admin Offices,Male,Other,1758,0,2018,2023,44,49,45-54,Fully Meets,Medium Value,Senior,2,3,3,High risk
1353,Noe Mann,2020-09-15,2022-01-06,Sr. Network Engineer,IT/IS,Male,White,478,0,2020,2022,74,76,55+,Fully Meets,Low Value,Junior,3,1,3,High risk
1354,Christina Terry,2020-10-28,2022-02-27,Software Engineering Manager,Software Engineering,Female,Black,487,0,2020,2022,61,63,55+,Fully Meets,Low Value,Junior,3,1,3,High risk
1355,Niko Durham,2021-06-16,2021-11-23,Administrative Assistant,Admin Offices,Female,Hispanic,160,0,2021,2021,76,76,55+,Fully Meets,Low Value,Junior,4,1,3,High risk
1356,Dante Strong,2023-03-20,2023-06-21,Accountant I,Admin Offices,Female,Hispanic,93,0,2023,2023,35,35,35-44,Fully Meets,Low Value,Junior,4,4,3,High risk
1357,Angeline Perez,2018-09-07,2021-07-16,Accountant I,Admin Offices,Male,Black,1043,0,2018,2021,46,49,45-54,Fully Meets,Medium Value,Junior,3,3,3,High risk
1358,Jairo Blanchard,2018-11-08,2022-10-28,Accountant I,Admin Offices,Male,Black,1450,0,2018,2022,22,26,25-34,Fully Meets,Medium Value,Mid,2,2,3,High risk
1359,Rishi Watkins,2019-01-26,NULL,Sr. Network Engineer,Admin Offices,Male,Asian,0,1,2019,0,21,0,25-34,Fully Meets,Low Value,Junior,1,2,3,Medium
1360,Immanuel Goodwin,2021-08-30,NULL,Sr. Network Engineer,IT/IS,Male,Asian,0,1,2021,0,57,0,55+,Performance Improvement Plan,Low Value,Junior,2,1,2,Medium
1361,Elle Berry,2023-03-08,2023-03-30,Sr. Accountant,Admin Offices,Female,Black,22,0,2023,2023,74,74,55+,Exceeds,Low Value,Junior,4,1,4,High risk
1362,Raphael Francis,2019-11-10,2020-12-03,Administrative Assistant,Admin Offices,Female,Asian,389,0,2019,2020,36,37,35-44,Exceeds,Low Value,Junior,3,4,4,High risk
1363,Hadley Barrett,2023-07-28,NULL,Accountant I,Admin Offices,Female,Asian,0,1,2023,0,41,0,35-44,Performance Improvement Plan,Low Value,Junior,3,4,2,High risk
1364,Mollie Jenkins,2019-04-03,2019-08-05,Accountant I,Admin Offices,Male,White,124,0,2019,2019,46,46,45-54,Exceeds,Low Value,Junior,4,3,4,High risk
1365,Cali Nolan,2019-07-24,NULL,Accountant I,Admin Offices,Male,Hispanic,0,1,2019,0,37,0,35-44,Exceeds,Low Value,Junior,1,4,4,High risk
1366,Malik Crane,2022-04-29,2022-12-11,Sr. Network Engineer,IT/IS,Male,Black,226,0,2022,2022,72,72,55+,Exceeds,Low Value,Junior,4,1,4,High risk
1367,Bryce Higgins,2020-10-06,NULL,Sr. Network Engineer,IT/IS,Female,White,0,1,2020,0,30,0,35-44,Exceeds,Low Value,Junior,2,4,4,High risk
1368,Beatrice Bean,2020-04-04,NULL,Sr. Accountant,Admin Offices,Female,White,0,1,2020,0,27,0,25-34,Exceeds,Low Value,Junior,2,2,4,High risk
1369,Shea Novak,2021-03-26,NULL,Administrative Assistant,Sales,Female,Black,0,1,2021,0,47,0,45-54,Exceeds,Low Value,Junior,2,3,4,High risk
1370,Mateo Mcdaniel,2022-05-19,NULL,Administrative Assistant,Admin Offices,Female,Black,0,1,2022,0,30,0,25-34,Exceeds,Low Value,Junior,3,2,4,High risk
1371,Arianna Carlson,2021-08-28,2021-10-16,Accountant I,Admin Offices,Female,Black,49,0,2021,2021,64,64,55+,Exceeds,Low Value,Junior,4,1,4,High risk
1372,Frankie Davenport,2022-11-24,NULL,Accountant I,Admin Offices,Male,White,0,1,2022,0,31,0,25-34,Exceeds,Low Value,Junior,3,2,4,High risk
1373,Morgan Hammond,2022-01-12,2022-11-11,Accountant I,Admin Offices,Male,Other,303,0,2022,2022,36,36,35-44,Exceeds,Low Value,Junior,4,4,4,High risk
1374,Judith Mccullough,2019-07-07,NULL,Sr. Network Engineer,IT/IS,Female,White,0,1,2019,0,77,0,55+,Exceeds,Low Value,Junior,1,1,4,Medium
1375,Luca Francis,2021-07-14,NULL,Sr. Accountant,Admin Offices,Female,Asian,0,1,2021,0,22,0,25-34,Exceeds,Low Value,Junior,2,2,4,High risk
1376,Mallory Figueroa,2019-12-03,2022-02-10,Administrative Assistant,Sales,Female,Other,800,0,2019,2022,61,64,55+,Exceeds,Medium Value,Junior,3,1,4,High risk
1377,Larissa Douglas,2021-03-03,2021-07-10,Administrative Assistant,Admin Offices,Female,White,129,0,2021,2021,53,53,55+,Exceeds,Low Value,Junior,4,1,4,High risk
1378,Konnor Rivas,2022-06-13,NULL,Accountant I,Admin Offices,Female,White,0,1,2022,0,47,0,45-54,Performance Improvement Plan,Low Value,Junior,3,3,2,High risk
1379,Fernanda Yu,2023-01-23,NULL,Accountant I,Admin Offices,Male,White,0,1,2023,0,39,0,35-44,Exceeds,Low Value,Junior,3,4,4,High risk
1380,Solomon Paul,2020-09-06,NULL,Accountant I,Admin Offices,Male,Hispanic,0,1,2020,0,67,0,55+,Exceeds,Low Value,Junior,2,1,4,High risk
1381,Emiliano Young,2022-10-17,NULL,Sr. Network Engineer,IT/IS,Female,Other,0,1,2022,0,22,0,25-34,Performance Improvement Plan,Low Value,Junior,3,2,2,High risk
1382,Mason Ellis,2019-06-07,NULL,Sr. Accountant,Admin Offices,Female,White,0,1,2019,0,51,0,55+,Exceeds,Low Value,Junior,1,1,4,Medium
1383,Athena Moore,2022-01-28,2022-09-16,Sr. Accountant,Admin Offices,Female,Hispanic,231,0,2022,2022,28,28,25-34,Exceeds,Low Value,Junior,4,2,4,High risk
1384,Karla Farrell,2020-07-01,2021-03-05,Administrative Assistant,Admin Offices,Female,Other,247,0,2020,2021,64,65,55+,Performance Improvement Plan,Low Value,Junior,3,1,2,Medium
1385,Anderson Meadows,2020-05-30,NULL,Administrative Assistant,Admin Offices,Female,Hispanic,0,1,2020,0,54,0,55+,Performance Improvement Plan,Low Value,Junior,2,1,2,Medium
1386,Jacey Braun,2019-10-05,2023-02-04,Accountant I,Admin Offices,Female,White,1218,0,2019,2023,43,47,45-54,Exceeds,Medium Value,Mid,2,3,4,High risk
1387,Nathan Kline,2021-11-06,2023-04-20,Accountant I,Admin Offices,Male,Hispanic,530,0,2021,2023,70,72,55+,Performance Improvement Plan,Low Value,Junior,3,1,2,Medium
1388,Gabriella Benitez,2019-05-09,2020-05-07,Accountant I,Admin Offices,Female,Black,364,0,2019,2020,49,50,55+,Exceeds,Low Value,Junior,3,1,4,High risk
1389,Juan Gonzalez,2019-10-28,NULL,Production Technician II,Production,Male,Hispanic,0,1,2019,0,57,0,55+,Exceeds,Low Value,Junior,1,1,4,Medium
1390,Cayo Gonzalez,2019-01-11,NULL,Production Technician I,Production,Male,Asian,0,1,2019,0,64,0,55+,Exceeds,Low Value,Junior,1,1,4,Medium
1391,Taylor Sparks,2020-04-02,NULL,Production Technician I,Production,Female,Other,0,1,2020,0,79,0,55+,Needs Improvement,Low Value,Junior,2,1,1,Medium
1392,Jeanette Tippett,2019-06-07,2019-08-15,Production Technician I,Production,Female,Hispanic,69,0,2019,2019,64,64,55+,Exceeds,Low Value,Junior,4,1,4,High risk
1393,Rose Ivey,2021-11-22,2022-11-23,Production Technician I,Production,Female,Other,366,0,2021,2022,74,75,55+,Exceeds,Low Value,Junior,3,1,4,High risk
1394,Elijian Clukey,2019-01-19,NULL,Production Technician I,Production,Male,Black,0,1,2019,0,76,0,55+,Exceeds,Low Value,Junior,1,1,4,Medium
1395,Jordan Winthrop,2021-12-17,2021-12-26,Production Technician II,Production,Male,Black,9,0,2021,2021,61,61,55+,Exceeds,Low Value,Junior,4,1,4,High risk
1396,Shari Ngodup,2019-05-04,2021-02-15,Production Technician I,Production,Female,Hispanic,653,0,2019,2021,63,65,55+,Exceeds,Low Value,Junior,3,1,4,High risk
1397,John Kretschmer,2018-12-25,2019-03-11,Production Technician I,Production,Male,Other,76,0,2018,2019,37,38,35-44,Exceeds,Low Value,Junior,3,4,4,High risk
1398,Debbie Mangal,2021-01-03,2023-03-08,Production Technician I,Production,Female,White,794,0,2021,2023,49,51,45-54,Needs Improvement,Medium Value,Junior,3,3,1,High risk
1399,Helen Billis,2023-06-15,NULL,Production Technician I,Production,Female,Other,0,1,2023,0,46,0,45-54,Needs Improvement,Low Value,Junior,3,3,1,High risk
1400,Yen Johnston,2018-08-29,2023-02-09,Production Technician II,Production,Female,White,1625,0,2018,2023,63,68,55+,Exceeds,Medium Value,Mid,2,1,4,High risk
1401,Hong Pham,2019-01-04,NULL,Production Technician I,Production,Male,White,0,1,2019,0,52,0,55+,Exceeds,Low Value,Junior,1,1,4,Medium
1402,Linda Bachiochi,2021-09-10,NULL,Production Technician I,Production,Female,White,0,1,2021,0,33,0,35-44,Exceeds,Low Value,Junior,2,4,4,High risk
1403,Lily DiNocco,2021-07-08,NULL,Production Technician I,Production,Female,White,0,1,2021,0,77,0,55+,Exceeds,Low Value,Junior,2,1,4,High risk
1404,Ned Miller,2018-11-01,2021-04-29,Production Technician II,Production,Male,Hispanic,910,0,2018,2021,40,43,45-54,Exceeds,Medium Value,Junior,3,3,4,High risk
1405,Shana Petingill,2018-12-08,2022-06-11,Production Technician II,Production,Female,Other,1281,0,2018,2022,41,45,45-54,Exceeds,Medium Value,Mid,2,3,4,High risk
1406,Jennifer Cloninger,2022-10-25,NULL,Production Technician II,Production,Female,Asian,0,1,2022,0,40,0,35-44,Exceeds,Low Value,Junior,3,4,4,High risk
1407,Elias Robinson,2023-04-04,NULL,Production Technician I,Production,Male,Hispanic,0,1,2023,0,40,0,35-44,Exceeds,Low Value,Junior,3,4,4,High risk
1408,Libby Fidelia,2021-03-17,NULL,Production Technician I,Production,Female,Other,0,1,2021,0,41,0,45-54,Exceeds,Low Value,Junior,2,3,4,High risk
1409,Catherine Ybarra,2019-03-11,2021-09-06,Production Technician I,Production,Female,Other,910,0,2019,2021,38,40,35-44,Exceeds,Medium Value,Junior,3,4,4,High risk
1410,Ashanti Price,2022-02-25,2023-04-28,Production Technician I,Production,Female,White,427,0,2022,2023,77,78,55+,Exceeds,Low Value,Junior,3,1,4,High risk
1411,Makenna Rojas,2019-07-02,NULL,Production Technician I,Production,Female,Hispanic,0,1,2019,0,39,0,45-54,Exceeds,Low Value,Junior,1,3,4,High risk
1412,Rory Stone,2019-06-20,NULL,Production Technician I,Production,Female,White,0,1,2019,0,37,0,35-44,Exceeds,Low Value,Junior,1,4,4,High risk
1413,Ann Montgomery,2019-09-27,2023-02-08,Production Technician I,Production,Male,Black,1230,0,2019,2023,76,80,55+,Needs Improvement,Medium Value,Mid,2,1,1,Medium
1414,Erin Holder,2022-11-15,2023-07-26,Production Technician I,Production,Male,Asian,253,0,2022,2023,56,57,55+,Exceeds,Low Value,Junior,3,1,4,High risk
1415,Aubrey Kim,2020-08-22,NULL,Production Technician I,Production,Male,Asian,0,1,2020,0,43,0,45-54,Exceeds,Low Value,Junior,2,3,4,High risk
1416,Edward Love,2020-04-09,NULL,Production Technician I,Production,Male,Asian,0,1,2020,0,67,0,55+,Exceeds,Low Value,Junior,2,1,4,High risk
1417,Paisley Avery,2021-03-30,NULL,Production Technician I,Production,Female,Other,0,1,2021,0,72,0,55+,Exceeds,Low Value,Junior,2,1,4,High risk
1418,Kaiden Leblanc,2018-09-26,NULL,Production Technician I,Production,Female,Other,0,1,2018,0,18,0,25-34,Needs Improvement,Low Value,Junior,1,2,1,Medium
1419,Shania Bauer,2023-05-22,NULL,Production Technician I,Production,Female,Other,0,1,2023,0,39,0,35-44,Exceeds,Low Value,Junior,3,4,4,High risk
1420,Danna Hines,2021-06-04,NULL,Production Technician I,Production,Female,White,0,1,2021,0,71,0,55+,Exceeds,Low Value,Junior,2,1,4,High risk
1421,Bennett Bowen,2019-10-22,2023-07-25,Production Technician I,Production,Female,Other,1372,0,2019,2023,71,75,55+,Exceeds,Medium Value,Mid,2,1,4,High risk
1422,Gianna Lopez,2019-10-04,2020-10-18,Production Technician I,Production,Female,Hispanic,380,0,2019,2020,25,26,25-34,Needs Improvement,Low Value,Junior,3,2,1,Medium
1423,Azaria Young,2022-06-25,NULL,Production Technician I,Production,Female,White,0,1,2022,0,30,0,25-34,Needs Improvement,Low Value,Junior,3,2,1,Medium
1424,Aydin Bautista,2021-11-17,2022-08-03,Production Technician I,Production,Female,Asian,259,0,2021,2022,39,40,35-44,Needs Improvement,Low Value,Junior,3,4,1,High risk
1425,Antoine Schaefer,2019-08-04,NULL,Production Technician I,Production,Female,Black,0,1,2019,0,77,0,55+,Needs Improvement,Low Value,Junior,1,1,1,Low
1426,Milagros Cobb,2022-03-08,2022-11-12,Production Technician I,Production,Female,Hispanic,249,0,2022,2022,22,22,25-34,Exceeds,Low Value,Junior,4,2,4,High risk
1427,Jean Duffy,2019-02-22,NULL,Production Technician II,Production,Male,Asian,0,1,2019,0,66,0,55+,Needs Improvement,Low Value,Junior,1,1,1,Low
1428,Campbell Doyle,2022-12-08,NULL,Production Technician II,Production,Male,White,0,1,2022,0,52,0,55+,Exceeds,Low Value,Junior,3,1,4,High risk
1429,Deven Vincent,2019-11-22,2022-03-12,Production Technician II,Production,Female,Hispanic,841,0,2019,2022,75,78,55+,Exceeds,Medium Value,Junior,3,1,4,High risk
1430,Evangeline Downs,2023-02-13,2023-03-03,Production Technician II,Production,Female,Asian,18,0,2023,2023,64,64,55+,Needs Improvement,Low Value,Junior,4,1,1,Medium
1431,Kaley Ali,2019-03-15,NULL,Production Technician II,Production,Female,Black,0,1,2019,0,68,0,55+,Exceeds,Low Value,Junior,1,1,4,Medium
1432,Madeline Bernard,2019-07-18,NULL,Production Technician II,Production,Male,White,0,1,2019,0,28,0,25-34,Exceeds,Low Value,Junior,1,2,4,High risk
1433,Alijah Singh,2021-04-09,2021-11-28,Production Technician I,Production,Female,White,233,0,2021,2021,26,26,25-34,Needs Improvement,Low Value,Junior,4,2,1,High risk
1434,Ayla Roberts,2018-12-30,2023-03-30,Production Technician I,Production,Female,White,1551,0,2018,2023,32,37,35-44,Exceeds,Medium Value,Mid,2,4,4,High risk
1435,Isai Mcfarland,2021-07-30,NULL,Production Technician I,Production,Female,Hispanic,0,1,2021,0,23,0,25-34,Exceeds,Low Value,Junior,2,2,4,High risk
1436,Brent Dominguez,2022-10-28,NULL,Production Technician I,Production,Male,Hispanic,0,1,2022,0,33,0,35-44,Needs Improvement,Low Value,Junior,3,4,1,High risk
1437,Lorena Graves,2020-10-29,NULL,Production Technician I,Production,Male,Asian,0,1,2020,0,24,0,25-34,Exceeds,Low Value,Junior,2,2,4,High risk
1438,Lucian Mora,2023-03-17,2023-03-22,Production Technician I,Production,Male,Asian,5,0,2023,2023,46,46,45-54,Exceeds,Low Value,Junior,4,3,4,High risk
1439,Dangelo Gould,2022-07-20,2023-04-26,Production Technician I,Production,Female,Asian,280,0,2022,2023,34,35,35-44,Needs Improvement,Low Value,Junior,3,4,1,High risk
1440,Humberto Horn,2023-08-04,NULL,Production Technician I,Production,Female,Hispanic,0,1,2023,0,26,0,25-34,Needs Improvement,Low Value,Junior,3,2,1,Medium
1441,Miranda Chavez,2021-11-26,2022-09-23,Production Technician I,Production,Female,Hispanic,301,0,2021,2022,39,40,35-44,Needs Improvement,Low Value,Junior,3,4,1,High risk
1442,Makena Mcintosh,2018-09-27,NULL,Production Technician I,Production,Female,Black,0,1,2018,0,25,0,25-34,Needs Improvement,Low Value,Junior,1,2,1,Medium
1443,Armani Crawford,2019-08-04,NULL,Production Technician I,Production,Female,White,0,1,2019,0,59,0,55+,Needs Improvement,Low Value,Junior,1,1,1,Low
1444,Eugene Bird,2019-10-03,NULL,Production Technician I,Production,Female,White,0,1,2019,0,47,0,45-54,Needs Improvement,Low Value,Junior,1,3,1,Medium
1445,Connor Larsen,2021-09-05,2022-09-29,Production Technician I,Production,Female,White,389,0,2021,2022,58,59,55+,Exceeds,Low Value,Junior,3,1,4,High risk
1446,Harley Mccullough,2020-07-21,2023-02-28,Production Technician I,Production,Female,White,952,0,2020,2023,23,26,25-34,Exceeds,Medium Value,Junior,3,2,4,High risk
1447,Lucian Montoya,2022-12-12,2023-06-26,Production Technician I,Production,Female,Black,196,0,2022,2023,68,69,55+,Exceeds,Low Value,Junior,3,1,4,High risk
1448,Shiloh Baird,2020-09-13,NULL,Production Technician I,Production,Female,Other,0,1,2020,0,44,0,45-54,Needs Improvement,Low Value,Junior,2,3,1,Medium
1449,Tara Alvarado,2022-11-15,NULL,Production Technician II,Production,Male,Other,0,1,2022,0,57,0,55+,Needs Improvement,Low Value,Junior,3,1,1,Medium
1450,Raina Vaughan,2020-02-07,2022-04-20,Production Technician II,Production,Male,White,803,0,2020,2022,62,64,55+,Needs Improvement,Medium Value,Junior,3,1,1,Medium
1451,Sienna Bullock,2022-12-31,NULL,Production Technician II,Production,Female,Hispanic,0,1,2022,0,78,0,55+,Needs Improvement,Low Value,Junior,3,1,1,Medium
1452,Tyrese Goodman,2019-03-26,NULL,Production Technician II,Production,Female,White,0,1,2019,0,66,0,55+,Needs Improvement,Low Value,Junior,1,1,1,Low
1453,Giovanni Landry,2023-03-22,NULL,Production Technician II,Production,Male,Black,0,1,2023,0,33,0,35-44,Needs Improvement,Low Value,Junior,3,4,1,High risk
1454,Javon Moses,2022-12-23,2022-12-25,Production Technician II,Production,Male,Hispanic,2,0,2022,2022,45,45,45-54,Needs Improvement,Low Value,Junior,4,3,1,High risk
1455,Alonso Williams,2019-12-27,NULL,Production Technician I,Production,Female,Other,0,1,2019,0,24,0,25-34,Needs Improvement,Low Value,Junior,1,2,1,Medium
1456,Kamila Rosales,2019-06-25,2019-07-09,Production Technician I,Production,Female,Hispanic,14,0,2019,2019,63,63,55+,Exceeds,Low Value,Junior,4,1,4,High risk
1457,Jadiel French,2018-11-23,NULL,Production Technician I,Production,Female,Other,0,1,2018,0,41,0,45-54,Exceeds,Low Value,Junior,1,3,4,High risk
1458,Brennan Jefferson,2021-01-17,NULL,Production Technician I,Production,Female,Hispanic,0,1,2021,0,27,0,25-34,Exceeds,Low Value,Junior,2,2,4,High risk
1459,Noe Glenn,2021-09-08,NULL,Production Technician I,Production,Male,Black,0,1,2021,0,75,0,55+,Exceeds,Low Value,Junior,2,1,4,High risk
1460,Vaughn Kim,2021-02-24,2022-06-18,Production Technician I,Production,Male,Other,479,0,2021,2022,66,67,55+,Exceeds,Low Value,Junior,3,1,4,High risk
1461,Anabel Evans,2019-04-12,2020-09-28,Production Technician I,Production,Female,Asian,535,0,2019,2020,18,19,Under 25,Exceeds,Low Value,Junior,3,5,4,High risk
1462,Elisabeth Irwin,2023-07-13,NULL,Production Technician I,Production,Female,Other,0,1,2023,0,63,0,55+,Exceeds,Low Value,Junior,3,1,4,High risk
1463,Bo Bradford,2020-10-05,NULL,Production Technician I,Production,Female,Hispanic,0,1,2020,0,45,0,45-54,Exceeds,Low Value,Junior,2,3,4,High risk
1464,Dustin Beasley,2019-01-27,NULL,Production Technician I,Production,Female,Asian,0,1,2019,0,62,0,55+,Exceeds,Low Value,Junior,1,1,4,Medium
1465,Dean Winters,2020-12-17,2021-11-20,Production Technician I,Production,Female,Other,338,0,2020,2021,62,63,55+,Exceeds,Low Value,Junior,3,1,4,High risk
1466,Chanel Dougherty,2021-03-04,NULL,Production Technician I,Production,Female,White,0,1,2021,0,32,0,35-44,Exceeds,Low Value,Junior,2,4,4,High risk
1467,Phoebe Dorsey,2023-03-30,NULL,Production Technician I,Production,Female,Black,0,1,2023,0,34,0,35-44,Fully Meets,Low Value,Junior,3,4,3,High risk
1468,Coleman Bridges,2018-12-27,NULL,Production Technician I,Production,Female,Hispanic,0,1,2018,0,53,0,55+,Exceeds,Low Value,Junior,1,1,4,Medium
1469,Juliet Bautista,2021-09-20,NULL,Production Technician I,Production,Female,Asian,0,1,2021,0,45,0,45-54,Exceeds,Low Value,Junior,2,3,4,High risk
1470,Julia Lawrence,2023-02-08,NULL,Production Technician I,Production,Female,Asian,0,1,2023,0,28,0,25-34,Exceeds,Low Value,Junior,3,2,4,High risk
1471,Kinley Dean,2019-10-16,2022-01-12,Production Technician II,Production,Male,White,819,0,2019,2022,59,62,55+,Exceeds,Medium Value,Junior,3,1,4,High risk
1472,Karina Mccarthy,2021-08-31,NULL,Production Technician II,Production,Male,Other,0,1,2021,0,49,0,45-54,Exceeds,Low Value,Junior,2,3,4,High risk
1473,Ruben Kirby,2020-09-25,NULL,Production Technician II,Production,Female,Black,0,1,2020,0,78,0,55+,Exceeds,Low Value,Junior,2,1,4,High risk
1474,Alexia Hughes,2023-02-01,2023-02-03,Production Technician II,Production,Female,Hispanic,2,0,2023,2023,81,81,55+,Exceeds,Low Value,Junior,4,1,4,High risk
1475,Miles Gill,2023-01-17,2023-05-21,Production Technician II,Production,Male,Other,124,0,2023,2023,30,30,25-34,Exceeds,Low Value,Junior,4,2,4,High risk
1476,Kaden Woodard,2019-12-07,2020-09-02,Production Technician II,Production,Male,Other,270,0,2019,2020,57,58,55+,Performance Improvement Plan,Low Value,Junior,3,1,2,Medium
1477,Frida Wilkins,2018-11-21,2022-01-11,Production Technician I,Production,Female,Asian,1147,0,2018,2022,55,59,55+,Exceeds,Medium Value,Mid,2,1,4,High risk
1478,Kamron Doyle,2021-02-15,2023-07-18,Production Technician I,Production,Female,Other,883,0,2021,2023,68,70,55+,Exceeds,Medium Value,Junior,3,1,4,High risk
1479,Blaine Rose,2021-01-06,NULL,Production Technician I,Production,Female,White,0,1,2021,0,70,0,55+,Exceeds,Low Value,Junior,2,1,4,High risk
1480,Elena Gilmore,2019-01-18,NULL,Production Technician I,Production,Male,Black,0,1,2019,0,25,0,25-34,Needs Improvement,Low Value,Junior,1,2,1,Medium
1481,Ashlynn Moses,2023-03-15,NULL,Production Technician I,Production,Male,Asian,0,1,2023,0,23,0,25-34,Exceeds,Low Value,Junior,3,2,4,High risk
1482,Esmeralda Galvan,2019-11-11,NULL,Production Technician I,Production,Female,Asian,0,1,2019,0,67,0,55+,Exceeds,Low Value,Junior,1,1,4,Medium
1483,Ignacio Wiley,2022-08-21,2023-01-20,Production Technician I,Production,Female,Hispanic,152,0,2022,2023,61,62,55+,Exceeds,Low Value,Junior,3,1,4,High risk
1484,Lorena Mahoney,2020-05-05,NULL,Production Technician I,Production,Female,Hispanic,0,1,2020,0,29,0,25-34,Exceeds,Low Value,Junior,2,2,4,High risk
1485,Krystal Atkinson,2021-03-05,2023-04-02,Production Technician I,Production,Female,Asian,758,0,2021,2023,50,52,45-54,Exceeds,Medium Value,Junior,3,3,4,High risk
1486,Soren Merritt,2019-03-07,NULL,Production Technician I,Production,Female,Hispanic,0,1,2019,0,20,0,25-34,Fully Meets,Low Value,Junior,1,2,3,Medium
1487,Frida Salazar,2022-05-08,2023-03-27,Production Technician I,Production,Female,Asian,323,0,2022,2023,51,52,45-54,Fully Meets,Low Value,Junior,3,3,3,High risk
1488,Annie Peters,2020-08-21,2022-05-30,Production Technician I,Production,Female,Hispanic,647,0,2020,2022,57,59,55+,Fully Meets,Low Value,Junior,3,1,3,High risk
1489,Zoie Mercado,2020-12-01,NULL,Production Technician I,Production,Female,White,0,1,2020,0,76,0,55+,Fully Meets,Low Value,Junior,2,1,3,Medium
1490,Joanna Arias,2019-08-13,NULL,Production Technician I,Production,Female,White,0,1,2019,0,49,0,55+,Needs Improvement,Low Value,Junior,1,1,1,Low
1491,Tristian Wilcox,2020-03-09,NULL,Production Technician I,Production,Female,Hispanic,0,1,2020,0,38,0,35-44,Exceeds,Low Value,Junior,2,4,4,High risk
1492,Zoey Spence,2020-05-06,NULL,Production Technician II,Production,Male,Other,0,1,2020,0,65,0,55+,Exceeds,Low Value,Junior,2,1,4,High risk
1493,Bradley Barnes,2022-08-03,NULL,Production Technician II,Production,Male,Black,0,1,2022,0,42,0,45-54,Fully Meets,Low Value,Junior,3,3,3,High risk
1494,Juliana Schroeder,2018-10-13,2019-12-04,Production Technician II,Production,Female,Hispanic,417,0,2018,2019,69,70,55+,Fully Meets,Low Value,Junior,3,1,3,High risk
1495,Yasmin Warren,2021-07-04,NULL,Production Technician II,Production,Male,Hispanic,0,1,2021,0,50,0,45-54,Fully Meets,Low Value,Junior,2,3,3,High risk
1496,Izabella Barron,2019-04-30,2020-05-04,Production Technician II,Production,Male,White,370,0,2019,2020,69,70,55+,Fully Meets,Low Value,Junior,3,1,3,High risk
1497,Victoria Soto,2020-11-03,NULL,Production Technician II,Production,Male,Black,0,1,2020,0,25,0,25-34,Needs Improvement,Low Value,Junior,2,2,1,Medium
1498,Cody Beard,2022-08-15,2022-08-20,Production Technician I,Production,Female,Black,5,0,2022,2022,78,78,55+,Exceeds,Low Value,Junior,4,1,4,High risk
1499,Abigayle Mccann,2022-02-26,2022-10-16,Production Technician I,Production,Female,Other,232,0,2022,2022,47,47,45-54,Fully Meets,Low Value,Junior,4,3,3,High risk
1500,Brenden Marks,2019-05-13,NULL,Production Technician I,Production,Female,Hispanic,0,1,2019,0,34,0,35-44,Fully Meets,Low Value,Junior,1,4,3,High risk
1501,Jaqueline Gallagher,2021-10-24,2022-10-03,Production Technician I,Production,Male,Hispanic,344,0,2021,2022,22,23,25-34,Fully Meets,Low Value,Junior,3,2,3,High risk
1502,Abagail Banks,2021-05-10,2023-04-10,Production Technician I,Production,Male,White,700,0,2021,2023,35,37,35-44,Fully Meets,Low Value,Junior,3,4,3,High risk
1503,Nickolas Guzman,2021-06-13,2021-06-20,Production Technician I,Production,Female,Black,7,0,2021,2021,36,36,35-44,Fully Meets,Low Value,Junior,4,4,3,High risk
1504,Guillermo Rose,2019-11-04,2021-07-28,Production Technician I,Production,Female,Other,632,0,2019,2021,48,50,45-54,Needs Improvement,Low Value,Junior,3,3,1,High risk
1505,Moises Brock,2020-01-29,NULL,Production Technician I,Production,Female,Other,0,1,2020,0,78,0,55+,Exceeds,Low Value,Junior,2,1,4,High risk
1506,Hayden Richmond,2018-09-05,2020-09-08,Production Technician I,Production,Female,Hispanic,734,0,2018,2020,46,48,45-54,Exceeds,Medium Value,Junior,3,3,4,High risk
1507,Evelin Sellers,2021-07-21,NULL,Production Technician I,Production,Female,Black,0,1,2021,0,25,0,25-34,Fully Meets,Low Value,Junior,2,2,3,High risk
1508,Dereon Hayes,2023-05-20,NULL,Production Technician I,Production,Female,White,0,1,2023,0,59,0,55+,Fully Meets,Low Value,Junior,3,1,3,High risk
1509,Marlee Mathis,2022-05-16,NULL,Production Technician I,Production,Female,Other,0,1,2022,0,62,0,55+,Fully Meets,Low Value,Junior,3,1,3,High risk
1510,Alice House,2021-03-15,NULL,Production Technician I,Production,Female,Black,0,1,2021,0,41,0,45-54,Fully Meets,Low Value,Junior,2,3,3,High risk
1511,Jonathon Thompson,2023-06-26,2023-07-30,Production Technician I,Production,Female,Hispanic,34,0,2023,2023,28,28,25-34,Fully Meets,Low Value,Junior,4,2,3,High risk
1512,Kendal Abbott,2019-10-11,2021-04-24,Production Technician I,Production,Female,Asian,561,0,2019,2021,37,39,35-44,Fully Meets,Low Value,Junior,3,4,3,High risk
1513,Holly Taylor,2019-12-21,NULL,Production Technician II,Production,Male,Other,0,1,2019,0,26,0,25-34,Fully Meets,Low Value,Junior,1,2,3,Medium
1514,Hadassah Blackburn,2022-07-15,NULL,Production Technician II,Production,Male,Hispanic,0,1,2022,0,39,0,35-44,Fully Meets,Low Value,Junior,3,4,3,High risk
1515,Shaylee Hall,2018-09-26,NULL,Production Technician II,Production,Female,Other,0,1,2018,0,21,0,25-34,Fully Meets,Low Value,Junior,1,2,3,Medium
1516,Richard Nelson,2022-10-16,NULL,Production Technician II,Production,Male,Hispanic,0,1,2022,0,79,0,55+,Fully Meets,Low Value,Junior,3,1,3,High risk
1517,Leyla Davila,2021-12-02,2022-04-25,Production Technician II,Production,Male,White,144,0,2021,2022,35,36,35-44,Fully Meets,Low Value,Junior,3,4,3,High risk
1518,Kolten Calhoun,2019-03-07,2023-03-06,Production Technician II,Production,Male,White,1460,0,2019,2023,44,48,45-54,Fully Meets,Medium Value,Mid,2,3,3,High risk
1519,Camille Livingston,2023-05-02,2023-07-26,Production Technician I,Production,Female,Asian,85,0,2023,2023,52,52,45-54,Fully Meets,Low Value,Junior,4,3,3,High risk
1520,Lilianna Colon,2020-08-24,2023-02-26,Production Technician I,Production,Female,White,916,0,2020,2023,44,47,45-54,Fully Meets,Medium Value,Junior,3,3,3,High risk
1521,Chaim Patrick,2020-12-08,2021-09-07,Production Technician I,Production,Male,Black,273,0,2020,2021,30,31,35-44,Needs Improvement,Low Value,Junior,3,4,1,High risk
1522,Amara Castillo,2021-02-15,NULL,Production Technician I,Production,Male,Hispanic,0,1,2021,0,78,0,55+,Fully Meets,Low Value,Junior,2,1,3,Medium
1523,Joel Eaton,2020-09-15,2023-06-24,Production Technician I,Production,Male,Other,1012,0,2020,2023,49,52,45-54,Fully Meets,Medium Value,Junior,3,3,3,High risk
1524,Priscilla Walters,2023-03-16,NULL,Production Technician I,Production,Female,Other,0,1,2023,0,48,0,45-54,Fully Meets,Low Value,Junior,3,3,3,High risk
1525,Nehemiah Leach,2021-11-14,2022-10-07,Production Technician I,Production,Female,Asian,327,0,2021,2022,74,75,55+,Needs Improvement,Low Value,Junior,3,1,1,Medium
1526,Ashtyn Huynh,2021-04-23,NULL,Production Technician I,Production,Female,Other,0,1,2021,0,34,0,35-44,Fully Meets,Low Value,Junior,2,4,3,High risk
1527,Tristen Reed,2022-06-05,2022-08-26,Production Technician I,Production,Female,Asian,82,0,2022,2022,42,42,45-54,Fully Meets,Low Value,Junior,4,3,3,High risk
1528,Braedon Chandler,2022-11-19,NULL,Production Technician I,Production,Female,Asian,0,1,2022,0,69,0,55+,Fully Meets,Low Value,Junior,3,1,3,High risk
1529,Nikolas Hancock,2023-04-14,NULL,Production Technician I,Production,Female,Hispanic,0,1,2023,0,49,0,45-54,Fully Meets,Low Value,Junior,3,3,3,High risk
1530,Demetrius Sanders,2022-12-13,NULL,Production Technician I,Production,Female,Other,0,1,2022,0,22,0,25-34,Fully Meets,Low Value,Junior,3,2,3,High risk
1531,Tiana Perry,2023-03-11,2023-04-09,Production Technician I,Production,Female,Asian,29,0,2023,2023,38,38,35-44,Fully Meets,Low Value,Junior,4,4,3,High risk
1532,Rene Pena,2019-11-22,2020-02-18,Production Technician I,Production,Female,Asian,88,0,2019,2020,75,76,55+,Fully Meets,Low Value,Junior,3,1,3,High risk
1533,Angelo Fox,2021-03-13,2021-11-19,Production Technician I,Production,Female,Black,251,0,2021,2021,31,31,35-44,Fully Meets,Low Value,Junior,4,4,3,High risk
1534,Ernesto Madden,2022-02-27,NULL,Production Technician II,Production,Male,White,0,1,2022,0,58,0,55+,Fully Meets,Low Value,Junior,3,1,3,High risk
1535,Amari Christian,2021-05-08,NULL,Production Technician II,Production,Female,Black,0,1,2021,0,21,0,25-34,Fully Meets,Low Value,Junior,2,2,3,High risk
1536,Lilly Turner,2022-12-27,NULL,Production Technician II,Production,Female,Asian,0,1,2022,0,67,0,55+,Fully Meets,Low Value,Junior,3,1,3,High risk
1537,Rayne Simpson,2020-08-16,NULL,Production Technician II,Production,Male,Hispanic,0,1,2020,0,70,0,55+,Fully Meets,Low Value,Junior,2,1,3,Medium
1538,Aaron Tapia,2023-01-20,NULL,Production Technician II,Production,Male,White,0,1,2023,0,22,0,Under 25,Fully Meets,Low Value,Junior,3,5,3,High risk
1539,Aimee Santana,2020-12-28,2021-10-01,Production Technician II,Production,Male,Hispanic,277,0,2020,2021,59,60,55+,Fully Meets,Low Value,Junior,3,1,3,High risk
1540,Raegan Stanton,2021-02-18,NULL,Production Technician I,Production,Female,Black,0,1,2021,0,54,0,55+,Fully Meets,Low Value,Junior,2,1,3,Medium
1541,Johan Sosa,2021-01-16,NULL,Production Technician I,Production,Female,Black,0,1,2021,0,49,0,45-54,Fully Meets,Low Value,Junior,2,3,3,High risk
1542,Stacy Bonilla,2022-04-07,NULL,Production Technician I,Production,Male,White,0,1,2022,0,30,0,25-34,Fully Meets,Low Value,Junior,3,2,3,High risk
1543,Valery Holder,2019-07-11,2021-05-04,Production Technician I,Production,Male,Black,663,0,2019,2021,58,60,55+,Fully Meets,Low Value,Junior,3,1,3,High risk
1544,Skye Cochran,2020-08-09,2022-11-06,Production Technician I,Production,Female,Other,819,0,2020,2022,26,28,25-34,Fully Meets,Medium Value,Junior,3,2,3,High risk
1545,Jerimiah Mendez,2018-09-20,NULL,Production Technician I,Production,Female,Hispanic,0,1,2018,0,61,0,55+,Fully Meets,Low Value,Junior,1,1,3,Medium
1546,Madden Lam,2020-01-21,2021-05-19,Production Technician I,Production,Female,Hispanic,484,0,2020,2021,68,69,55+,Fully Meets,Low Value,Junior,3,1,3,High risk
1547,Nicole Stone,2022-02-17,2023-02-14,Production Technician I,Production,Female,Hispanic,362,0,2022,2023,29,30,25-34,Fully Meets,Low Value,Junior,3,2,3,High risk
1548,Brice Christian,2019-06-11,NULL,Production Technician I,Production,Male,Asian,0,1,2019,0,55,0,55+,Needs Improvement,Low Value,Junior,1,1,1,Low
1549,Sage Potter,2022-05-05,NULL,Production Technician I,Production,Female,Other,0,1,2022,0,29,0,25-34,Fully Meets,Low Value,Junior,3,2,3,High risk
1550,Kyle Peck,2018-09-19,2020-08-12,Production Technician I,Production,Female,Black,693,0,2018,2020,57,59,55+,Fully Meets,Low Value,Junior,3,1,3,High risk
1551,Zaniyah Roman,2021-06-01,2023-06-19,Production Technician I,Production,Female,Black,748,0,2021,2023,45,47,45-54,Fully Meets,Medium Value,Junior,3,3,3,High risk
1552,Katie Gutierrez,2023-07-05,2023-07-11,Production Technician I,Production,Female,Asian,6,0,2023,2023,70,70,55+,Fully Meets,Low Value,Junior,4,1,3,High risk
1553,Walker Baird,2022-12-17,NULL,Production Technician I,Production,Female,Other,0,1,2022,0,62,0,55+,Fully Meets,Low Value,Junior,3,1,3,High risk
1554,Zackery Sutton,2021-07-06,2022-09-15,Production Technician I,Production,Male,White,436,0,2021,2022,70,71,55+,Fully Meets,Low Value,Junior,3,1,3,High risk
1555,Hazel Ponce,2019-03-27,NULL,Production Technician II,Production,Female,Hispanic,0,1,2019,0,53,0,55+,Fully Meets,Low Value,Junior,1,1,3,Medium
1556,Joey Alvarez,2023-05-08,NULL,Production Technician II,Production,Female,Asian,0,1,2023,0,30,0,25-34,Fully Meets,Low Value,Junior,3,2,3,High risk
1557,Titus Day,2018-12-12,2020-12-24,Production Technician II,Production,Male,Hispanic,743,0,2018,2020,27,29,25-34,Fully Meets,Medium Value,Junior,3,2,3,High risk
1558,Bella Norris,2020-08-25,NULL,Production Technician II,Production,Male,Black,0,1,2020,0,39,0,35-44,Fully Meets,Low Value,Junior,2,4,3,High risk
1559,Braden Ballard,2022-04-22,2022-08-29,Production Technician II,Production,Male,Other,129,0,2022,2022,57,57,55+,Fully Meets,Low Value,Junior,4,1,3,High risk
1560,Aron Graham,2021-12-20,2022-12-02,Production Technician II,Production,Male,Other,347,0,2021,2022,74,75,55+,Fully Meets,Low Value,Junior,3,1,3,High risk
1561,Shamar Cross,2021-02-12,NULL,Production Technician I,Production,Female,Hispanic,0,1,2021,0,65,0,55+,Fully Meets,Low Value,Junior,2,1,3,Medium
1562,Kailee Harmon,2020-09-29,2021-10-19,Production Technician I,Production,Female,Black,385,0,2020,2021,76,77,55+,Fully Meets,Low Value,Junior,3,1,3,High risk
1563,Alice Kaufman,2022-09-10,2023-02-09,Production Technician I,Production,Female,Black,152,0,2022,2023,62,63,55+,Fully Meets,Low Value,Junior,3,1,3,High risk
1564,Cesar House,2023-03-11,2023-06-03,Production Technician I,Production,Male,Other,84,0,2023,2023,32,32,25-34,Exceeds,Low Value,Junior,4,2,4,High risk
1565,Guillermo Lynn,2022-04-28,2023-03-12,Production Technician I,Production,Male,Asian,318,0,2022,2023,62,63,55+,Fully Meets,Low Value,Junior,3,1,3,High risk
1566,Myles Hart,2022-03-20,2023-06-18,Production Technician I,Production,Female,Hispanic,455,0,2022,2023,60,61,55+,Exceeds,Low Value,Junior,3,1,4,High risk
1567,Deborah Kline,2022-03-04,2022-07-29,Production Technician I,Production,Female,Asian,147,0,2022,2022,44,44,45-54,Fully Meets,Low Value,Junior,4,3,3,High risk
1568,Patricia Pruitt,2023-02-01,NULL,Production Technician I,Production,Female,Asian,0,1,2023,0,28,0,25-34,Fully Meets,Low Value,Junior,3,2,3,High risk
1569,Alice Craig,2021-02-05,NULL,Production Technician I,Production,Male,Black,0,1,2021,0,46,0,45-54,Fully Meets,Low Value,Junior,2,3,3,High risk
1570,Mariana Copeland,2022-11-23,2023-05-26,Production Technician I,Production,Male,Asian,184,0,2022,2023,30,31,25-34,Fully Meets,Low Value,Junior,3,2,3,High risk
1571,Nick Merritt,2021-05-24,NULL,Production Technician I,Production,Female,Hispanic,0,1,2021,0,35,0,35-44,Exceeds,Low Value,Junior,2,4,4,High risk
1572,Chance Warner,2021-09-28,2022-10-09,Production Technician I,Production,Female,Black,376,0,2021,2022,70,71,55+,Fully Meets,Low Value,Junior,3,1,3,High risk
1573,Ryann Tapia,2021-03-17,NULL,Production Technician I,Production,Female,Other,0,1,2021,0,36,0,35-44,Fully Meets,Low Value,Junior,2,4,3,High risk
1574,Diego Hays,2023-07-03,2023-07-19,Production Technician I,Production,Female,Hispanic,16,0,2023,2023,34,34,35-44,Fully Meets,Low Value,Junior,4,4,3,High risk
1575,Gabriel Adams,2019-08-11,2021-07-10,Production Technician I,Production,Female,Asian,699,0,2019,2021,77,79,55+,Fully Meets,Low Value,Junior,3,1,3,High risk
1576,Rohan Mcdowell,2019-11-11,2020-09-29,Production Technician I,Production,Male,Black,323,0,2019,2020,74,75,55+,Needs Improvement,Low Value,Junior,3,1,1,Medium
1577,Sullivan Whitehead,2020-12-15,NULL,Production Technician II,Production,Female,Black,0,1,2020,0,57,0,55+,Fully Meets,Low Value,Junior,2,1,3,Medium
1578,Lilliana Randolph,2021-05-06,2023-04-08,Production Technician II,Production,Male,Hispanic,702,0,2021,2023,41,43,45-54,Needs Improvement,Low Value,Junior,3,3,1,High risk
1579,Presley Salazar,2021-07-08,NULL,Production Technician II,Production,Male,White,0,1,2021,0,27,0,25-34,Fully Meets,Low Value,Junior,2,2,3,High risk
1580,Lilianna Lynn,2023-04-04,NULL,Production Technician II,Production,Male,Asian,0,1,2023,0,51,0,45-54,Needs Improvement,Low Value,Junior,3,3,1,High risk
1581,Gerardo Sampson,2022-08-05,2023-01-30,Production Technician II,Production,Male,Asian,178,0,2022,2023,72,73,55+,Fully Meets,Low Value,Junior,3,1,3,High risk
1582,Miguel Kim,2020-04-06,2021-12-08,Production Technician II,Production,Female,Other,611,0,2020,2021,25,26,25-34,Needs Improvement,Low Value,Junior,3,2,1,Medium
1583,Muhammad Mcpherson,2023-03-02,2023-03-12,Production Technician I,Production,Female,Other,10,0,2023,2023,50,50,45-54,Fully Meets,Low Value,Junior,4,3,3,High risk
1584,Myles Jensen,2020-04-09,NULL,Production Technician I,Production,Female,White,0,1,2020,0,77,0,55+,Fully Meets,Low Value,Junior,2,1,3,Medium
1585,Alessandro Harris,2022-09-17,2023-07-10,Production Technician I,Production,Female,Black,296,0,2022,2023,66,67,55+,Fully Meets,Low Value,Junior,3,1,3,High risk
1586,Eugene Reyes,2022-01-15,NULL,Production Technician I,Production,Female,Hispanic,0,1,2022,0,49,0,45-54,Fully Meets,Low Value,Junior,3,3,3,High risk
1587,Shamar Guzman,2022-05-23,NULL,Production Technician I,Production,Male,Other,0,1,2022,0,38,0,35-44,Fully Meets,Low Value,Junior,3,4,3,High risk
1588,Mohammed Mcintyre,2021-07-15,NULL,Production Technician I,Production,Male,Hispanic,0,1,2021,0,75,0,55+,Fully Meets,Low Value,Junior,2,1,3,Medium
1589,Travis Morgan,2020-08-28,2022-08-25,Production Technician I,Production,Female,White,727,0,2020,2022,24,26,25-34,Fully Meets,Low Value,Junior,3,2,3,High risk
1590,Alessandro Fuller,2021-09-09,NULL,Production Technician I,Production,Male,Black,0,1,2021,0,38,0,35-44,Fully Meets,Low Value,Junior,2,4,3,High risk
1591,Kamden Ochoa,2023-02-10,2023-05-23,Production Technician I,Production,Female,Asian,102,0,2023,2023,66,66,55+,Fully Meets,Low Value,Junior,4,1,3,High risk
1592,Charlee Wiggins,2020-06-14,2023-07-18,Production Technician I,Production,Male,Other,1129,0,2020,2023,39,42,35-44,Exceeds,Medium Value,Mid,3,4,4,High risk
1593,Natalia Hamilton,2020-12-05,NULL,Production Technician I,Production,Male,Asian,0,1,2020,0,36,0,35-44,Exceeds,Low Value,Junior,2,4,4,High risk
1594,Kierra Boone,2022-07-16,NULL,Production Technician I,Production,Female,Black,0,1,2022,0,54,0,55+,Exceeds,Low Value,Junior,3,1,4,High risk
1595,Charlie Ramirez,2023-06-09,NULL,Production Technician I,Production,Female,Black,0,1,2023,0,54,0,55+,Exceeds,Low Value,Junior,3,1,4,High risk
1596,Chris Johnson,2020-03-02,2020-05-25,Production Technician I,Production,Female,Other,84,0,2020,2020,62,62,55+,Exceeds,Low Value,Junior,4,1,4,High risk
1597,John Bentley,2018-11-23,2021-09-27,Production Technician I,Production,Female,White,1039,0,2018,2021,20,23,25-34,Exceeds,Medium Value,Junior,3,2,4,High risk
1598,Myla Mcintyre,2019-05-27,2023-06-19,Production Technician I,Production,Female,Black,1484,0,2019,2023,41,45,45-54,Needs Improvement,Medium Value,Mid,2,3,1,Medium
1599,Demarcus Ware,2022-05-18,2023-04-10,Production Technician II,Production,Male,White,327,0,2022,2023,47,48,45-54,Exceeds,Low Value,Junior,3,3,4,High risk
1600,Devon Daniels,2018-11-06,NULL,Production Technician II,Production,Female,Hispanic,0,1,2018,0,25,0,25-34,Exceeds,Low Value,Junior,1,2,4,High risk
1601,Odin Heath,2022-03-29,2023-07-24,Production Technician II,Production,Male,Asian,482,0,2022,2023,32,33,35-44,Exceeds,Low Value,Junior,3,4,4,High risk
1602,Bryanna Mahoney,2021-11-04,2022-05-10,Production Technician II,Production,Female,Asian,187,0,2021,2022,21,22,25-34,Exceeds,Low Value,Junior,3,2,4,High risk
1603,Ashlynn Thompson,2023-04-27,NULL,Production Technician II,Production,Male,White,0,1,2023,0,55,0,55+,Exceeds,Low Value,Junior,3,1,4,High risk
1604,Ansley Duke,2020-03-08,NULL,Production Technician II,Production,Male,Asian,0,1,2020,0,44,0,45-54,Exceeds,Low Value,Junior,2,3,4,High risk
1605,Izaiah Quinn,2019-04-27,2020-10-08,Production Technician I,Production,Female,Black,530,0,2019,2020,63,64,55+,Exceeds,Low Value,Junior,3,1,4,High risk
1606,Hillary Clements,2019-05-11,NULL,Production Technician I,Production,Female,White,0,1,2019,0,75,0,55+,Exceeds,Low Value,Junior,1,1,4,Medium
1607,Diana Cameron,2021-03-09,NULL,Production Technician I,Production,Female,Hispanic,0,1,2021,0,34,0,35-44,Needs Improvement,Low Value,Junior,2,4,1,High risk
1608,Rhianna Allison,2020-11-05,NULL,Production Technician I,Production,Female,White,0,1,2020,0,23,0,25-34,Performance Improvement Plan,Low Value,Junior,2,2,2,Medium
1609,Ramon Watson,2018-09-12,2023-02-25,Production Technician I,Production,Male,Black,1627,0,2018,2023,65,70,55+,Performance Improvement Plan,Medium Value,Mid,2,1,2,Medium
1610,Raegan Spence,2019-11-09,2019-11-18,Production Technician I,Production,Female,White,9,0,2019,2019,33,33,35-44,Needs Improvement,Low Value,Junior,4,4,1,High risk
1611,Jacoby Singleton,2018-11-29,2022-07-09,Production Technician I,Production,Female,Hispanic,1318,0,2018,2022,56,60,55+,Needs Improvement,Medium Value,Mid,2,1,1,Medium
1612,Kara Yates,2022-07-03,2023-02-22,Production Technician I,Production,Male,White,234,0,2022,2023,29,30,25-34,Needs Improvement,Low Value,Junior,3,2,1,Medium
1613,Beau Barron,2019-09-26,2020-08-01,Production Technician I,Production,Female,Other,310,0,2019,2020,24,25,25-34,Exceeds,Low Value,Junior,3,2,4,High risk
1614,Giovanna Morton,2022-12-23,NULL,Production Technician I,Production,Male,Asian,0,1,2022,0,71,0,55+,Needs Improvement,Low Value,Junior,3,1,1,Medium
1615,Braelyn Dominguez,2023-01-19,NULL,Production Technician I,Production,Male,White,0,1,2023,0,63,0,55+,Exceeds,Low Value,Junior,3,1,4,High risk
1616,Rhett Andrews,2018-10-01,NULL,Production Technician I,Production,Female,Black,0,1,2018,0,27,0,25-34,Needs Improvement,Low Value,Junior,1,2,1,Medium
1617,Terrell Crosby,2022-02-18,NULL,Production Technician I,Production,Female,Black,0,1,2022,0,31,0,25-34,Needs Improvement,Low Value,Junior,3,2,1,Medium
1618,Corbin Roberson,2021-12-09,NULL,Production Technician I,Production,Male,White,0,1,2021,0,44,0,45-54,Needs Improvement,Low Value,Junior,2,3,1,Medium
1619,Micheal Drake,2019-01-01,2021-09-23,Production Technician I,Production,Female,Black,996,0,2019,2021,55,57,55+,Needs Improvement,Medium Value,Junior,3,1,1,Medium
1620,Evie Mclaughlin,2020-05-27,NULL,Production Technician I,Production,Male,Asian,0,1,2020,0,53,0,55+,Needs Improvement,Low Value,Junior,2,1,1,Medium
1621,Robert Hubert,2021-09-21,2023-01-28,BI Developer,IT/IS,Male,Other,494,0,2021,2023,46,48,45-54,Needs Improvement,Low Value,Junior,3,3,1,High risk
1622,Matthew Westinghouse,2021-08-30,2022-03-22,BI Developer,IT/IS,Male,Asian,204,0,2021,2022,79,80,55+,Needs Improvement,Low Value,Junior,3,1,1,Medium
1623,Jason Smith,2023-06-19,2023-07-31,BI Developer,IT/IS,Male,Other,42,0,2023,2023,22,22,Under 25,Needs Improvement,Low Value,Junior,4,5,1,High risk
1624,Charlie Wang,2023-05-12,2023-05-16,Senior BI Developer,IT/IS,Male,White,4,0,2023,2023,27,27,25-34,Needs Improvement,Low Value,Junior,4,2,1,High risk
1625,Kurt Navathe,2022-06-05,NULL,Senior BI Developer,IT/IS,Male,Other,0,1,2022,0,45,0,45-54,Exceeds,Low Value,Junior,3,3,4,High risk
1626,Katie Roper,2020-09-17,2021-06-08,Data Architect,IT/IS,Female,Other,264,0,2020,2021,73,74,55+,Needs Improvement,Low Value,Junior,3,1,1,Medium
1627,Maggie Rachael,2023-05-15,NULL,BI Developer,IT/IS,Female,Other,0,1,2023,0,57,0,55+,Exceeds,Low Value,Junior,3,1,4,High risk
1628,Binh Le,2018-12-15,2019-11-14,Senior BI Developer,IT/IS,Female,Asian,334,0,2018,2019,44,45,45-54,Needs Improvement,Low Value,Junior,3,3,1,High risk
1629,Lucia Peterson,2019-11-06,2023-03-22,BI Developer,IT/IS,Female,Hispanic,1232,0,2019,2023,73,77,55+,Fully Meets,Medium Value,Mid,2,1,3,Medium
1630,Nola Moss,2021-04-25,2022-10-25,BI Developer,IT/IS,Female,Other,548,0,2021,2022,77,78,55+,Fully Meets,Low Value,Junior,3,1,3,High risk
1631,Chance Braun,2023-06-17,2023-07-19,BI Developer,IT/IS,Female,White,32,0,2023,2023,37,37,35-44,Fully Meets,Low Value,Junior,4,4,3,High risk
1632,Alma Pennington,2022-01-14,NULL,BI Developer,IT/IS,Female,Black,0,1,2022,0,52,0,55+,Fully Meets,Low Value,Junior,3,1,3,High risk
1633,Miley French,2018-10-22,2019-03-13,Area Sales Manager,IT/IS,Female,Black,142,0,2018,2019,24,25,25-34,Fully Meets,Low Value,Junior,3,2,3,High risk
1634,Kole Levine,2021-10-17,2022-11-13,Area Sales Manager,IT/IS,Male,Black,392,0,2021,2022,47,48,45-54,Fully Meets,Low Value,Junior,3,3,3,High risk
1635,Azul Watkins,2021-10-19,2023-04-10,Area Sales Manager,IT/IS,Male,Hispanic,538,0,2021,2023,33,35,35-44,Fully Meets,Low Value,Junior,3,4,3,High risk
1636,Landen Blanchard,2018-10-16,2018-12-17,Sales Manager,Admin Offices,Male,White,62,0,2018,2018,20,20,25-34,Fully Meets,Low Value,Junior,4,2,3,High risk
1637,Leroy Norman,2020-04-26,2020-07-21,Sales Manager,Admin Offices,Male,Black,86,0,2020,2020,34,34,35-44,Fully Meets,Low Value,Junior,4,4,3,High risk
1638,Nikhil Pineda,2020-01-22,2022-10-26,Sales Manager,Sales,Male,Asian,1008,0,2020,2022,26,28,25-34,Fully Meets,Medium Value,Junior,3,2,3,High risk
1639,Kadence Simon,2022-03-30,2022-07-21,BI Director,IT/IS,Male,Black,113,0,2022,2022,64,64,55+,Fully Meets,Low Value,Junior,4,1,3,High risk
1640,Elliot Phillips,2021-05-29,2022-09-03,BI Developer,IT/IS,Female,Hispanic,462,0,2021,2022,60,61,55+,Fully Meets,Low Value,Junior,3,1,3,High risk
1641,Taniya Daniels,2023-03-09,2023-05-30,BI Developer,IT/IS,Female,Other,82,0,2023,2023,34,34,35-44,Fully Meets,Low Value,Junior,4,4,3,High risk
1642,Julia Jimenez,2019-11-22,2019-12-28,BI Developer,IT/IS,Female,Black,36,0,2019,2019,73,73,55+,Fully Meets,Low Value,Junior,4,1,3,High risk
1643,Kamden Paul,2019-04-07,2020-12-22,Area Sales Manager,IT/IS,Male,Other,625,0,2019,2020,38,39,35-44,Fully Meets,Low Value,Junior,3,4,3,High risk
1644,Octavio Hicks,2023-03-23,2023-03-28,Area Sales Manager,IT/IS,Male,Other,5,0,2023,2023,23,23,25-34,Fully Meets,Low Value,Junior,4,2,3,High risk
1645,Jaidyn Malone,2021-02-18,2022-10-28,Area Sales Manager,IT/IS,Male,Hispanic,617,0,2021,2022,46,47,45-54,Fully Meets,Low Value,Junior,3,3,3,High risk
1646,Cora Perez,2019-04-05,2021-05-07,Sales Manager,Admin Offices,Male,Black,763,0,2019,2021,32,34,35-44,Fully Meets,Medium Value,Junior,3,4,3,High risk
1647,Isis Ayala,2019-10-23,2022-07-09,Sales Manager,IT/IS,Male,Black,990,0,2019,2022,33,36,35-44,Fully Meets,Medium Value,Junior,3,4,3,High risk
1648,Charlee Calhoun,2021-05-14,NULL,Sales Manager,Sales,Male,White,0,1,2021,0,44,0,45-54,Fully Meets,Low Value,Junior,2,3,3,High risk
1649,Walter Pruitt,2019-03-19,NULL,CIO,IT/IS,Male,White,0,1,2019,0,55,0,55+,Fully Meets,Low Value,Junior,1,1,3,Medium
1650,Julie Harrington,2019-05-08,2020-10-01,BI Director,IT/IS,Male,Asian,512,0,2019,2020,73,74,55+,Fully Meets,Low Value,Junior,3,1,3,High risk
1651,Amara Wood,2019-10-05,2023-05-21,BI Developer,IT/IS,Female,Black,1324,0,2019,2023,26,30,25-34,Fully Meets,Medium Value,Mid,2,2,3,High risk
1652,Nevaeh Ponce,2021-11-29,2022-05-31,BI Developer,IT/IS,Female,White,183,0,2021,2022,36,37,35-44,Fully Meets,Low Value,Junior,3,4,3,High risk
1653,Greta Fields,2018-11-06,2019-12-26,Area Sales Manager,IT/IS,Male,Hispanic,415,0,2018,2019,61,62,55+,Fully Meets,Low Value,Junior,3,1,3,High risk
1654,Zackery Hess,2021-07-27,2021-11-23,Area Sales Manager,IT/IS,Male,Black,119,0,2021,2021,22,22,25-34,Fully Meets,Low Value,Junior,4,2,3,High risk
1655,Chloe Gould,2023-07-18,NULL,Area Sales Manager,IT/IS,Male,Black,0,1,2023,0,81,0,55+,Fully Meets,Low Value,Junior,3,1,3,High risk
1656,Elyse Chandler,2022-09-04,NULL,Senior BI Developer,Admin Offices,Male,Black,0,1,2022,0,37,0,35-44,Fully Meets,Low Value,Junior,3,4,3,High risk
1657,Isaias Briggs,2019-05-24,NULL,Sales Manager,IT/IS,Male,Other,0,1,2019,0,50,0,55+,Fully Meets,Low Value,Junior,1,1,3,Medium
1658,Allison Frank,2019-11-03,NULL,Sales Manager,IT/IS,Male,Other,0,1,2019,0,44,0,45-54,Fully Meets,Low Value,Junior,1,3,3,High risk
1659,Joaquin Hahn,2019-11-26,2021-03-19,Sales Manager,Sales,Female,White,479,0,2019,2021,42,44,45-54,Fully Meets,Low Value,Junior,3,3,3,High risk
1660,Drake Nicholson,2022-08-09,2022-09-01,CIO,IT/IS,Male,Other,23,0,2022,2022,51,51,45-54,Fully Meets,Low Value,Junior,4,3,3,High risk
1661,Kenna Porter,2019-03-19,NULL,BI Director,IT/IS,Male,Hispanic,0,1,2019,0,37,0,35-44,Fully Meets,Low Value,Junior,1,4,3,High risk
1662,Peter Wong,2018-11-25,NULL,BI Developer,IT/IS,Female,Hispanic,0,1,2018,0,55,0,55+,Fully Meets,Low Value,Junior,1,1,3,Medium
1663,Fatima Pennington,2022-04-10,2023-04-03,BI Developer,IT/IS,Female,Asian,358,0,2022,2023,61,62,55+,Fully Meets,Low Value,Junior,3,1,3,High risk
1664,Lainey Ayers,2021-04-02,NULL,Area Sales Manager,IT/IS,Male,White,0,1,2021,0,30,0,25-34,Fully Meets,Low Value,Junior,2,2,3,High risk
1665,Tania Jennings,2019-12-22,NULL,Area Sales Manager,IT/IS,Male,Black,0,1,2019,0,56,0,55+,Fully Meets,Low Value,Junior,1,1,3,Medium
1666,Kara Ferrell,2021-08-14,NULL,Area Sales Manager,IT/IS,Male,Black,0,1,2021,0,43,0,45-54,Fully Meets,Low Value,Junior,2,3,3,High risk
1667,George Sheppard,2018-08-28,NULL,Senior BI Developer,Admin Offices,Male,Black,0,1,2018,0,46,0,45-54,Fully Meets,Low Value,Junior,1,3,3,High risk
1668,Taniyah Mcmillan,2023-07-10,NULL,Senior BI Developer,Admin Offices,Male,Black,0,1,2023,0,76,0,55+,Fully Meets,Low Value,Junior,3,1,3,High risk
1669,Kole Avila,2020-09-18,NULL,Sales Manager,IT/IS,Male,Asian,0,1,2020,0,59,0,55+,Fully Meets,Low Value,Junior,2,1,3,Medium
1670,Ernest Munoz,2019-07-18,NULL,Sales Manager,IT/IS,Female,Other,0,1,2019,0,59,0,55+,Fully Meets,Low Value,Junior,1,1,3,Medium
1671,Rose Jordan,2021-11-21,2021-12-12,Sales Manager,Sales,Female,White,21,0,2021,2021,57,57,55+,Fully Meets,Low Value,Junior,4,1,3,High risk
1672,Amaris Torres,2021-03-08,NULL,CIO,IT/IS,Male,Asian,0,1,2021,0,74,0,55+,Fully Meets,Low Value,Junior,2,1,3,Medium
1673,Titus Lowe,2019-08-21,NULL,BI Director,IT/IS,Female,Other,0,1,2019,0,69,0,55+,Fully Meets,Low Value,Junior,1,1,3,Medium
1674,Savanah Prince,2022-04-30,2023-06-09,BI Developer,IT/IS,Female,Other,405,0,2022,2023,76,77,55+,Fully Meets,Low Value,Junior,3,1,3,High risk
1675,Dawson Pollard,2023-02-03,2023-04-16,Area Sales Manager,IT/IS,Male,Hispanic,72,0,2023,2023,64,64,55+,Fully Meets,Low Value,Junior,4,1,3,High risk
1676,Moises Day,2023-05-08,NULL,Area Sales Manager,IT/IS,Male,Other,0,1,2023,0,60,0,55+,Fully Meets,Low Value,Junior,3,1,3,High risk
1677,Sadie Sheppard,2022-07-29,NULL,Area Sales Manager,IT/IS,Female,Other,0,1,2022,0,57,0,55+,Fully Meets,Low Value,Junior,3,1,3,High risk
1678,Soren Coleman,2020-11-18,2021-05-22,Senior BI Developer,Admin Offices,Female,Black,185,0,2020,2021,74,75,55+,Fully Meets,Low Value,Junior,3,1,3,High risk
1679,Sage Morris,2021-05-16,2022-04-14,Senior BI Developer,Admin Offices,Male,Black,333,0,2021,2022,77,78,55+,Fully Meets,Low Value,Junior,3,1,3,High risk
1680,Lillian Steele,2019-10-25,2020-10-16,Senior BI Developer,IT/IS,Male,Other,357,0,2019,2020,43,44,45-54,Fully Meets,Low Value,Junior,3,3,3,High risk
1681,Deanna Meza,2023-03-05,2023-05-04,Sales Manager,IT/IS,Female,White,60,0,2023,2023,49,49,45-54,Fully Meets,Low Value,Junior,4,3,3,High risk
1682,Troy Todd,2021-06-01,NULL,Sales Manager,IT/IS,Female,Black,0,1,2021,0,51,0,55+,Fully Meets,Low Value,Junior,2,1,3,Medium
1683,Beckett Shea,2022-01-22,2022-07-25,Sales Manager,Sales,Female,Other,184,0,2022,2022,34,34,35-44,Fully Meets,Low Value,Junior,4,4,3,High risk
1684,Eve Barker,2023-07-09,2023-07-31,CIO,IT/IS,Male,Hispanic,22,0,2023,2023,60,60,55+,Fully Meets,Low Value,Junior,4,1,3,High risk
1685,Lillie Wilkerson,2018-11-11,2019-05-27,BI Director,IT/IS,Female,Black,197,0,2018,2019,50,51,55+,Fully Meets,Low Value,Junior,3,1,3,High risk
1686,Alexis Harrell,2021-01-05,2021-06-18,BI Developer,IT/IS,Male,Black,164,0,2021,2021,67,67,55+,Fully Meets,Low Value,Junior,4,1,3,High risk
1687,Mylee Snow,2022-11-25,NULL,Area Sales Manager,IT/IS,Male,White,0,1,2022,0,55,0,55+,Fully Meets,Low Value,Junior,3,1,3,High risk
1688,Elsa Mckenzie,2020-03-30,2023-07-21,Area Sales Manager,IT/IS,Male,Other,1208,0,2020,2023,64,67,55+,Fully Meets,Medium Value,Mid,3,1,3,High risk
1689,Kolby Reed,2021-01-02,2022-09-22,Senior BI Developer,Admin Offices,Male,Other,628,0,2021,2022,36,37,35-44,Fully Meets,Low Value,Junior,3,4,3,High risk
1690,Kyler Morales,2019-02-26,2019-07-26,Senior BI Developer,Admin Offices,Male,Black,150,0,2019,2019,77,77,55+,Fully Meets,Low Value,Junior,4,1,3,High risk
1691,Jasiah Walton,2019-10-06,NULL,Senior BI Developer,IT/IS,Male,Black,0,1,2019,0,73,0,55+,Fully Meets,Low Value,Junior,1,1,3,Medium
1692,Urijah Brandt,2020-04-19,2022-07-30,Sales Manager,IT/IS,Female,Other,832,0,2020,2022,77,79,55+,Fully Meets,Medium Value,Junior,3,1,3,High risk
1693,Gianna Pope,2022-12-24,NULL,Sales Manager,IT/IS,Female,Other,0,1,2022,0,37,0,35-44,Fully Meets,Low Value,Junior,3,4,3,High risk
1694,Malia Reynolds,2021-04-09,2021-05-29,CIO,IT/IS,Male,Asian,50,0,2021,2021,60,60,55+,Fully Meets,Low Value,Junior,4,1,3,High risk
1695,Claire Gordon,2018-09-04,2022-12-16,BI Director,IT/IS,Female,Other,1564,0,2018,2022,37,41,35-44,Fully Meets,Medium Value,Mid,2,4,3,High risk
1696,Joshua Hall,2021-11-07,NULL,BI Developer,IT/IS,Male,Hispanic,0,1,2021,0,59,0,55+,Fully Meets,Low Value,Junior,2,1,3,Medium
1697,Mattie Peters,2023-05-24,2023-07-21,BI Developer,IT/IS,Male,Asian,58,0,2023,2023,36,36,35-44,Fully Meets,Low Value,Junior,4,4,3,High risk
1698,Makai Nolan,2021-02-15,2021-06-05,Area Sales Manager,IT/IS,Male,White,110,0,2021,2021,27,27,25-34,Fully Meets,Low Value,Junior,4,2,3,High risk
1699,Trevon Briggs,2021-11-03,2022-08-19,Senior BI Developer,Admin Offices,Male,Hispanic,289,0,2021,2022,28,29,25-34,Fully Meets,Low Value,Junior,3,2,3,High risk
1700,Gretchen Weeks,2018-09-20,NULL,Senior BI Developer,IT/IS,Male,Asian,0,1,2018,0,60,0,55+,Fully Meets,Low Value,Junior,1,1,3,Medium
1701,Corey Hurst,2019-07-23,2023-01-07,Senior BI Developer,IT/IS,Male,Other,1264,0,2019,2023,65,69,55+,Fully Meets,Medium Value,Mid,2,1,3,Medium
1702,Alison Pugh,2022-05-12,NULL,Sales Manager,IT/IS,Female,Other,0,1,2022,0,33,0,35-44,Fully Meets,Low Value,Junior,3,4,3,High risk
1703,Kadence Sandoval,2018-10-03,NULL,Sales Manager,Sales,Female,Other,0,1,2018,0,40,0,45-54,Fully Meets,Low Value,Junior,1,3,3,High risk
1704,Mckenzie Kim,2020-11-26,NULL,CIO,IT/IS,Female,Hispanic,0,1,2020,0,26,0,25-34,Fully Meets,Low Value,Junior,2,2,3,High risk
1705,Randall Miller,2018-10-04,NULL,BI Director,IT/IS,Female,Hispanic,0,1,2018,0,60,0,55+,Fully Meets,Low Value,Junior,1,1,3,Medium
1706,Lailah Hughes,2020-12-02,2023-02-25,BI Developer,IT/IS,Female,Hispanic,815,0,2020,2023,30,33,35-44,Fully Meets,Medium Value,Junior,3,4,3,High risk
1707,Quentin Calderon,2021-09-24,2023-07-20,BI Developer,IT/IS,Male,Asian,664,0,2021,2023,27,29,25-34,Fully Meets,Low Value,Junior,3,2,3,High risk
1708,Molly Fischer,2020-09-10,2021-05-22,BI Developer,IT/IS,Male,Asian,254,0,2020,2021,30,31,35-44,Fully Meets,Low Value,Junior,3,4,3,High risk
1709,Anaya Stanton,2022-05-25,2022-11-17,Area Sales Manager,IT/IS,Male,Black,176,0,2022,2022,60,60,55+,Fully Meets,Low Value,Junior,4,1,3,High risk
1710,Jaden Houston,2019-02-15,2019-12-09,Senior BI Developer,Admin Offices,Male,Black,297,0,2019,2019,48,48,45-54,Fully Meets,Low Value,Junior,4,3,3,High risk
1711,Lance Bailey,2018-09-28,2023-02-01,Senior BI Developer,IT/IS,Male,Other,1587,0,2018,2023,33,38,35-44,Fully Meets,Medium Value,Mid,2,4,3,High risk
1712,Quintin Hicks,2018-12-12,NULL,Senior BI Developer,IT/IS,Female,Black,0,1,2018,0,46,0,45-54,Fully Meets,Low Value,Junior,1,3,3,High risk
1713,Mauricio Meyers,2021-12-01,NULL,Sales Manager,IT/IS,Female,Asian,0,1,2021,0,31,0,35-44,Fully Meets,Low Value,Junior,2,4,3,High risk
1714,Tess Reilly,2022-01-12,NULL,Sales Manager,Sales,Female,White,0,1,2022,0,22,0,25-34,Fully Meets,Low Value,Junior,3,2,3,High risk
1715,Reece Callahan,2020-10-27,2022-09-28,CIO,IT/IS,Female,White,701,0,2020,2022,54,56,55+,Fully Meets,Low Value,Junior,3,1,3,High risk
1716,Tyrell Fuentes,2020-11-02,2022-06-21,BI Director,IT/IS,Female,Asian,596,0,2020,2022,59,61,55+,Fully Meets,Low Value,Junior,3,1,3,High risk
1717,Benjamin Kaufman,2021-04-24,2023-02-28,BI Developer,IT/IS,Male,Asian,675,0,2021,2023,62,64,55+,Fully Meets,Low Value,Junior,3,1,3,High risk
1718,Ayla Mcgrath,2020-06-29,2023-08-03,BI Developer,IT/IS,Male,Other,1130,0,2020,2023,19,22,Under 25,Fully Meets,Medium Value,Mid,3,5,3,High risk
1719,Katelyn Stevens,2021-07-15,NULL,BI Developer,IT/IS,Male,Hispanic,0,1,2021,0,28,0,25-34,Fully Meets,Low Value,Junior,2,2,3,High risk
1720,Jaiden Christian,2023-06-20,NULL,Senior BI Developer,IT/IS,Male,Other,0,1,2023,0,58,0,55+,Fully Meets,Low Value,Junior,3,1,3,High risk
1721,Elliott Odonnell,2019-09-22,2022-11-10,Senior BI Developer,IT/IS,Male,White,1145,0,2019,2022,21,24,25-34,Fully Meets,Medium Value,Mid,3,2,3,High risk
1722,Ronnie Dillon,2022-02-22,NULL,Senior BI Developer,IT/IS,Female,Hispanic,0,1,2022,0,54,0,55+,Fully Meets,Low Value,Junior,3,1,3,High risk
1723,Gideon Saunders,2020-07-01,2022-06-26,Sales Manager,Sales,Female,Black,725,0,2020,2022,51,53,55+,Fully Meets,Low Value,Junior,3,1,3,High risk
1724,Valerie Davis,2021-05-13,2021-12-11,CIO,IT/IS,Female,Other,212,0,2021,2021,64,64,55+,Fully Meets,Low Value,Junior,4,1,3,High risk
1725,Jamarcus Thomas,2021-05-30,NULL,BI Developer,IT/IS,Male,Black,0,1,2021,0,74,0,55+,Fully Meets,Low Value,Junior,2,1,3,Medium
1726,Alden Powers,2019-07-04,NULL,BI Developer,IT/IS,Male,Asian,0,1,2019,0,38,0,35-44,Fully Meets,Low Value,Junior,1,4,3,High risk
1727,Haylie Arnold,2019-05-31,2022-05-31,BI Developer,IT/IS,Male,Hispanic,1096,0,2019,2022,23,26,25-34,Fully Meets,Medium Value,Mid,3,2,3,High risk
1728,James Cockel,2020-03-13,NULL,Production Technician I,Production,Male,White,0,1,2020,0,48,0,45-54,Fully Meets,Low Value,Junior,2,3,3,High risk
1729,Donna Brill,2020-01-06,2020-12-24,Production Technician I,Production,Female,Other,353,0,2020,2020,74,74,55+,Fully Meets,Low Value,Junior,4,1,3,High risk
1730,Kristen Squatrito,2023-04-30,NULL,Production Technician I,Production,Female,White,0,1,2023,0,47,0,45-54,Fully Meets,Low Value,Junior,3,3,3,High risk
1731,Erasumus Monkfish,2021-07-11,2022-02-08,Production Technician II,Production,Male,Black,212,0,2021,2022,74,75,55+,Fully Meets,Low Value,Junior,3,1,3,High risk
1732,May Roberson,2021-07-02,2021-12-13,Production Technician II,Production,Female,Hispanic,164,0,2021,2021,60,60,55+,Fully Meets,Low Value,Junior,4,1,3,High risk
1733,Shana Maurice,2019-10-23,2020-12-03,Production Technician I,Production,Female,Black,407,0,2019,2020,69,70,55+,Fully Meets,Low Value,Junior,3,1,3,High risk
1734,Raul Garcia,2019-01-19,NULL,Production Technician I,Production,Male,White,0,1,2019,0,77,0,55+,Fully Meets,Low Value,Junior,1,1,3,Medium
1735,Rachael Baczenski,2021-01-08,2023-01-14,Production Technician I,Production,Female,White,736,0,2021,2023,79,81,55+,Fully Meets,Medium Value,Junior,3,1,3,High risk
1736,Enrico Langton,2019-01-29,2022-07-08,Production Technician I,Production,Male,Other,1256,0,2019,2022,64,67,55+,Fully Meets,Medium Value,Mid,3,1,3,High risk
1737,Colleen Zima,2018-10-27,NULL,Production Technician I,Production,Female,Hispanic,0,1,2018,0,35,0,35-44,Fully Meets,Low Value,Junior,1,4,3,High risk
1738,Phil Close,2023-05-30,2023-07-05,Production Technician II,Production,Male,White,36,0,2023,2023,40,40,35-44,Fully Meets,Low Value,Junior,4,4,3,High risk
1739,Hang T Wolk,2019-07-15,2023-05-01,Production Technician II,Production,Female,Hispanic,1386,0,2019,2023,37,41,35-44,Fully Meets,Medium Value,Mid,2,4,3,High risk
1740,Lei-Ming Nguyen,2020-03-17,2021-08-02,Production Technician I,Production,Female,Other,503,0,2020,2021,57,58,55+,Fully Meets,Low Value,Junior,3,1,3,High risk
1741,Denisa S Dobrin,2022-09-16,NULL,Production Technician I,Production,Female,Asian,0,1,2022,0,41,0,35-44,Fully Meets,Low Value,Junior,3,4,3,High risk
1742,Maryellen Jackson,2021-01-04,NULL,Production Technician I,Production,Female,Asian,0,1,2021,0,50,0,45-54,Fully Meets,Low Value,Junior,2,3,3,High risk
1743,David Gordon,2018-11-30,NULL,Production Technician I,Production,Male,Black,0,1,2018,0,17,0,Under 25,Fully Meets,Low Value,Junior,1,5,3,High risk
1744,Mei Trang,2022-07-24,NULL,Production Technician I,Production,Female,Hispanic,0,1,2022,0,75,0,55+,Fully Meets,Low Value,Junior,3,1,3,High risk
1745,Lindsey Langford,2022-02-05,NULL,Production Technician II,Production,Female,Other,0,1,2022,0,33,0,35-44,Fully Meets,Low Value,Junior,3,4,3,High risk
1746,Brad Pitt,2020-04-23,2022-01-07,Production Technician I,Production,Male,Hispanic,624,0,2020,2022,58,60,55+,Fully Meets,Low Value,Junior,3,1,3,High risk
1747,Susan Good,2023-06-23,2023-07-10,Production Technician II,Production,Female,White,17,0,2023,2023,31,31,25-34,Fully Meets,Low Value,Junior,4,2,3,High risk
1748,Ashley Rose,2022-01-13,2022-07-05,Production Technician I,Production,Female,White,173,0,2022,2022,49,49,45-54,Fully Meets,Low Value,Junior,4,3,3,High risk
1749,Kaeden Gonzales,2020-11-26,NULL,Production Technician I,Production,Female,Hispanic,0,1,2020,0,56,0,55+,Fully Meets,Low Value,Junior,2,1,3,Medium
1750,Alissa Frey,2018-12-07,NULL,Production Technician I,Production,Female,Other,0,1,2018,0,41,0,45-54,Fully Meets,Low Value,Junior,1,3,3,High risk
1751,Presley Steele,2023-04-19,NULL,Production Technician I,Production,Female,Hispanic,0,1,2023,0,22,0,Under 25,Fully Meets,Low Value,Junior,3,5,3,High risk
1752,Boston Avila,2022-03-05,2022-04-08,Production Technician I,Production,Male,White,34,0,2022,2022,40,40,35-44,Fully Meets,Low Value,Junior,4,4,3,High risk
1753,Rodolfo Michael,2019-06-20,2019-10-14,Production Technician I,Production,Male,Black,116,0,2019,2019,76,76,55+,Fully Meets,Low Value,Junior,4,1,3,High risk
1754,Felix Fritz,2022-09-13,NULL,Production Technician I,Production,Male,Asian,0,1,2022,0,31,0,25-34,Fully Meets,Low Value,Junior,3,2,3,High risk
1755,Amira Mcmillan,2019-01-02,NULL,Production Technician I,Production,Male,Other,0,1,2019,0,25,0,25-34,Fully Meets,Low Value,Junior,1,2,3,Medium
1756,Annabelle Graham,2022-06-06,NULL,Production Technician I,Production,Male,Black,0,1,2022,0,61,0,55+,Fully Meets,Low Value,Junior,3,1,3,High risk
1757,Leia Mccann,2020-01-09,NULL,Production Technician I,Production,Female,White,0,1,2020,0,35,0,35-44,Fully Meets,Low Value,Junior,2,4,3,High risk
1758,Henry Gray,2019-01-03,NULL,Production Technician I,Production,Male,White,0,1,2019,0,61,0,55+,Fully Meets,Low Value,Junior,1,1,3,Medium
1759,Jose Houston,2021-01-23,2022-10-23,Production Technician I,Production,Male,White,638,0,2021,2022,74,75,55+,Fully Meets,Low Value,Junior,3,1,3,High risk
1760,Janessa Mcconnell,2020-02-08,2020-05-04,Production Technician I,Production,Male,Hispanic,86,0,2020,2020,27,27,25-34,Fully Meets,Low Value,Junior,4,2,3,High risk
1761,Samson Ellis,2021-10-29,2022-08-02,Production Technician I,Production,Female,Other,277,0,2021,2022,60,61,55+,Fully Meets,Low Value,Junior,3,1,3,High risk
1762,Lauren Kent,2023-07-04,2023-07-12,Production Technician I,Production,Female,White,8,0,2023,2023,22,22,Under 25,Fully Meets,Low Value,Junior,4,5,3,High risk
1763,Mckenzie Mack,2023-04-06,NULL,Production Technician I,Production,Female,Asian,0,1,2023,0,73,0,55+,Fully Meets,Low Value,Junior,3,1,3,High risk
1764,Donavan Chavez,2023-01-17,NULL,Production Technician I,Production,Female,Black,0,1,2023,0,74,0,55+,Fully Meets,Low Value,Junior,3,1,3,High risk
1765,Haiden Coffey,2019-10-17,NULL,Production Technician II,Production,Female,Asian,0,1,2019,0,28,0,25-34,Fully Meets,Low Value,Junior,1,2,3,Medium
1766,Kasey Alexander,2019-06-22,2021-05-01,Production Technician I,Production,Female,Asian,679,0,2019,2021,62,64,55+,Fully Meets,Low Value,Junior,3,1,3,High risk
1767,Kenneth Peters,2023-02-10,2023-05-01,Production Technician I,Production,Female,White,80,0,2023,2023,28,28,25-34,Fully Meets,Low Value,Junior,4,2,3,High risk
1768,Lucia Hudson,2022-10-13,2023-05-02,Production Technician I,Production,Female,Black,201,0,2022,2023,45,46,45-54,Fully Meets,Low Value,Junior,3,3,3,High risk
1769,Rashad Randall,2023-03-07,2023-04-27,Production Technician I,Production,Male,Hispanic,51,0,2023,2023,49,49,45-54,Fully Meets,Low Value,Junior,4,3,3,High risk
1770,Hayley York,2018-09-12,NULL,Production Technician I,Production,Male,Hispanic,0,1,2018,0,47,0,45-54,Fully Meets,Low Value,Junior,1,3,3,High risk
1771,Salma Shepard,2020-06-27,NULL,Production Technician I,Production,Male,Hispanic,0,1,2020,0,70,0,55+,Fully Meets,Low Value,Junior,2,1,3,Medium
1772,Hallie Thornton,2018-12-28,2022-01-28,Production Technician I,Production,Male,Asian,1127,0,2018,2022,64,68,55+,Fully Meets,Medium Value,Mid,2,1,3,Medium
1773,Tiana Bishop,2021-01-20,2023-03-08,Production Technician I,Production,Male,Black,777,0,2021,2023,79,81,55+,Fully Meets,Medium Value,Junior,3,1,3,High risk
1774,Regina Garcia,2019-09-14,2023-02-06,Production Technician I,Production,Female,Asian,1241,0,2019,2023,30,34,35-44,Fully Meets,Medium Value,Mid,2,4,3,High risk
1775,Julie Cochran,2018-10-06,2019-12-12,Production Technician I,Production,Male,Black,432,0,2018,2019,21,22,25-34,Fully Meets,Low Value,Junior,3,2,3,High risk
1776,Yamilet Pierce,2021-08-03,2022-11-01,Production Technician I,Production,Male,Asian,455,0,2021,2022,66,67,55+,Fully Meets,Low Value,Junior,3,1,3,High risk
1777,Amare Hartman,2019-07-05,2021-05-26,Production Technician I,Production,Female,Hispanic,691,0,2019,2021,57,59,55+,Fully Meets,Low Value,Junior,3,1,3,High risk
1778,Cannon Lee,2019-04-25,NULL,Production Technician I,Production,Female,Other,0,1,2019,0,70,0,55+,Fully Meets,Low Value,Junior,1,1,3,Medium
1779,Yael Hodge,2023-07-15,NULL,Production Technician I,Production,Female,Other,0,1,2023,0,62,0,55+,Fully Meets,Low Value,Junior,3,1,3,High risk
1780,Colton Booker,2022-12-10,2023-02-11,Production Technician I,Production,Female,Hispanic,63,0,2022,2023,29,30,25-34,Fully Meets,Low Value,Junior,3,2,3,High risk
1781,Abril Cunningham,2019-05-02,NULL,Production Technician I,Production,Female,White,0,1,2019,0,36,0,35-44,Fully Meets,Low Value,Junior,1,4,3,High risk
1782,Braxton House,2019-01-13,2023-07-02,Production Technician II,Production,Female,Other,1631,0,2019,2023,69,73,55+,Fully Meets,Medium Value,Mid,2,1,3,Medium
1783,Destiney Pearson,2021-06-09,NULL,Production Technician I,Production,Female,White,0,1,2021,0,40,0,35-44,Fully Meets,Low Value,Junior,2,4,3,High risk
1784,Trystan Ramos,2023-08-02,2023-08-02,Production Technician I,Production,Female,Other,0,1,2023,2023,52,52,45-54,Fully Meets,Low Value,Junior,4,3,3,High risk
1785,Miley Gutierrez,2023-06-17,NULL,Production Technician I,Production,Female,White,0,1,2023,0,73,0,55+,Fully Meets,Low Value,Junior,3,1,3,High risk
1786,Tara Hoover,2022-03-31,2022-06-14,Production Technician I,Production,Male,Hispanic,75,0,2022,2022,43,43,45-54,Fully Meets,Low Value,Junior,4,3,3,High risk
1787,Layla Gutierrez,2019-04-06,2020-08-15,Production Technician I,Production,Male,Hispanic,497,0,2019,2020,63,64,55+,Fully Meets,Low Value,Junior,3,1,3,High risk
1788,Jakayla Hall,2020-07-11,NULL,Production Technician I,Production,Male,Other,0,1,2020,0,44,0,45-54,Fully Meets,Low Value,Junior,2,3,3,High risk
1789,Jayson Ferguson,2023-04-22,NULL,Production Technician I,Production,Male,Other,0,1,2023,0,60,0,55+,Fully Meets,Low Value,Junior,3,1,3,High risk
1790,Nick Daniels,2022-12-02,2023-04-08,Production Technician I,Production,Female,Asian,127,0,2022,2023,66,67,55+,Fully Meets,Low Value,Junior,3,1,3,High risk
1791,Marvin Abbott,2021-03-06,2023-04-26,Production Technician I,Production,Female,Hispanic,781,0,2021,2023,40,42,35-44,Fully Meets,Medium Value,Junior,3,4,3,High risk
1792,Sawyer Oliver,2019-05-21,NULL,Production Technician I,Production,Male,Black,0,1,2019,0,69,0,55+,Fully Meets,Low Value,Junior,1,1,3,Medium
1793,Linda Barajas,2018-10-23,2022-12-02,Production Technician I,Production,Female,Hispanic,1501,0,2018,2022,73,77,55+,Fully Meets,Medium Value,Mid,2,1,3,Medium
1794,Chance Blackwell,2021-05-26,NULL,Production Technician I,Production,Female,White,0,1,2021,0,58,0,55+,Fully Meets,Low Value,Junior,2,1,3,Medium
1795,Antonio Mccoy,2019-12-01,2020-06-08,Production Technician I,Production,Female,Asian,190,0,2019,2020,59,60,55+,Fully Meets,Low Value,Junior,3,1,3,High risk
1796,Emmett Mercado,2021-06-07,2022-12-13,Production Technician I,Production,Female,Hispanic,554,0,2021,2022,45,46,45-54,Fully Meets,Low Value,Junior,3,3,3,High risk
1797,Clara Wheeler,2020-10-13,2022-11-09,Production Technician I,Production,Female,Hispanic,757,0,2020,2022,33,35,35-44,Fully Meets,Medium Value,Junior,3,4,3,High risk
1798,Kieran Morse,2022-10-30,NULL,Production Technician II,Production,Female,Black,0,1,2022,0,37,0,35-44,Fully Meets,Low Value,Junior,3,4,3,High risk
1799,Aliyah Schmitt,2022-09-04,2023-05-30,Production Technician II,Production,Male,Black,268,0,2022,2023,33,34,35-44,Fully Meets,Low Value,Junior,3,4,3,High risk
1800,Kyan Morrison,2019-10-18,2021-04-19,Production Technician I,Production,Female,Black,549,0,2019,2021,43,45,45-54,Fully Meets,Low Value,Junior,3,3,3,High risk
1801,Rayan Stephenson,2021-07-25,2023-01-23,Production Technician I,Production,Female,Hispanic,547,0,2021,2023,32,34,35-44,Fully Meets,Low Value,Junior,3,4,3,High risk
1802,Gael Jacobs,2020-03-31,NULL,Production Technician I,Production,Female,Other,0,1,2020,0,38,0,35-44,Fully Meets,Low Value,Junior,2,4,3,High risk
1803,Stephany Neal,2019-11-11,2023-08-02,Production Technician I,Production,Female,Other,1360,0,2019,2023,37,41,35-44,Fully Meets,Medium Value,Mid,2,4,3,High risk
1804,Trevon Deleon,2021-12-05,2022-03-02,Production Technician I,Production,Male,Hispanic,87,0,2021,2022,64,65,55+,Fully Meets,Low Value,Junior,3,1,3,High risk
1805,Phoenix Pitts,2018-12-17,2022-09-03,Production Technician I,Production,Male,Black,1356,0,2018,2022,49,53,55+,Fully Meets,Medium Value,Mid,2,1,3,Medium
1806,Nola Gillespie,2022-03-06,NULL,Production Technician I,Production,Male,Asian,0,1,2022,0,71,0,55+,Fully Meets,Low Value,Junior,3,1,3,High risk
1807,Jeramiah Schwartz,2019-09-04,NULL,Production Technician I,Production,Female,White,0,1,2019,0,40,0,45-54,Fully Meets,Low Value,Junior,1,3,3,High risk
1808,Aaden Mercer,2023-07-26,NULL,Production Technician I,Production,Female,Black,0,1,2023,0,40,0,35-44,Fully Meets,Low Value,Junior,3,4,3,High risk
1809,Nathalia Good,2022-12-19,2023-05-19,Production Technician I,Production,Female,Other,151,0,2022,2023,56,57,55+,Fully Meets,Low Value,Junior,3,1,3,High risk
1810,Zaria Benton,2021-08-17,NULL,Production Technician I,Production,Male,Black,0,1,2021,0,27,0,25-34,Fully Meets,Low Value,Junior,2,2,3,High risk
1811,Miley Ortega,2022-06-11,NULL,Production Technician I,Production,Female,Black,0,1,2022,0,45,0,45-54,Fully Meets,Low Value,Junior,3,3,3,High risk
1812,Julia Farmer,2021-10-01,2023-06-18,Production Technician I,Production,Female,Black,625,0,2021,2023,43,45,45-54,Fully Meets,Low Value,Junior,3,3,3,High risk
1813,Valentin Lam,2020-08-04,NULL,Production Technician I,Production,Female,Other,0,1,2020,0,40,0,45-54,Fully Meets,Low Value,Junior,2,3,3,High risk
1814,Darnell Ritter,2022-02-11,NULL,Production Technician I,Production,Female,Black,0,1,2022,0,42,0,45-54,Fully Meets,Low Value,Junior,3,3,3,High risk
1815,Kierra Lozano,2020-06-22,NULL,Production Technician I,Production,Female,Asian,0,1,2020,0,59,0,55+,Fully Meets,Low Value,Junior,2,1,3,Medium
1816,Jamari Dunn,2020-08-28,NULL,Production Technician II,Production,Female,Other,0,1,2020,0,69,0,55+,Fully Meets,Low Value,Junior,2,1,3,Medium
1817,Zoey Page,2019-05-06,2022-04-09,Production Technician II,Production,Female,Other,1069,0,2019,2022,32,35,35-44,Fully Meets,Medium Value,Junior,3,4,3,High risk
1818,Kendra Velez,2021-07-08,NULL,Production Technician II,Production,Male,Hispanic,0,1,2021,0,65,0,55+,Fully Meets,Low Value,Junior,2,1,3,Medium
1819,Alison Fuller,2022-07-02,NULL,Production Technician I,Production,Female,Black,0,1,2022,0,74,0,55+,Fully Meets,Low Value,Junior,3,1,3,High risk
1820,Toby Cooley,2023-05-04,NULL,Production Technician I,Production,Female,Black,0,1,2023,0,43,0,45-54,Fully Meets,Low Value,Junior,3,3,3,High risk
1821,Emilie Hood,2022-12-19,NULL,Production Technician I,Production,Female,Hispanic,0,1,2022,0,42,0,45-54,Fully Meets,Low Value,Junior,3,3,3,High risk
1822,Cortez Pena,2022-03-26,NULL,Production Technician I,Production,Female,Black,0,1,2022,0,72,0,55+,Fully Meets,Low Value,Junior,3,1,3,High risk
1823,Abbigail Blanchard,2021-05-09,2022-11-12,Production Technician I,Production,Male,Black,552,0,2021,2022,61,62,55+,Fully Meets,Low Value,Junior,3,1,3,High risk
1824,Abby Curtis,2020-01-09,2022-03-10,Production Technician I,Production,Male,Other,791,0,2020,2022,60,62,55+,Fully Meets,Medium Value,Junior,3,1,3,High risk
1825,Giana Moore,2021-05-16,2023-05-14,Production Technician I,Production,Male,White,728,0,2021,2023,25,27,25-34,Fully Meets,Low Value,Junior,3,2,3,High risk
1826,Giada Santos,2021-01-31,2022-06-03,Production Technician I,Production,Female,Other,488,0,2021,2022,80,81,55+,Exceeds,Low Value,Junior,3,1,4,High risk
1827,Jessie Church,2021-09-19,2022-09-14,Production Technician I,Production,Female,Other,360,0,2021,2022,39,40,35-44,Needs Improvement,Low Value,Junior,3,4,1,High risk
1828,Kaylah Ramos,2020-03-01,2022-03-26,Production Technician I,Production,Male,Black,755,0,2020,2022,37,39,35-44,Exceeds,Medium Value,Junior,3,4,4,High risk
1829,Camille Fritz,2020-02-29,NULL,Production Technician I,Production,Male,White,0,1,2020,0,33,0,35-44,Exceeds,Low Value,Junior,2,4,4,High risk
1830,Deangelo Murillo,2018-12-08,NULL,Production Technician I,Production,Female,Black,0,1,2018,0,58,0,55+,Needs Improvement,Low Value,Junior,1,1,1,Low
1831,Emerson Gallagher,2022-06-26,2023-06-15,Production Technician I,Production,Female,Asian,354,0,2022,2023,52,53,55+,Needs Improvement,Low Value,Junior,3,1,1,Medium
1832,April Bentley,2019-11-03,NULL,Production Technician I,Production,Female,White,0,1,2019,0,63,0,55+,Needs Improvement,Low Value,Junior,1,1,1,Low
1833,Ainsley Booth,2023-01-01,NULL,Production Technician I,Production,Female,White,0,1,2023,0,40,0,35-44,Needs Improvement,Low Value,Junior,3,4,1,High risk
1834,Dereon Huffman,2020-07-31,2021-04-05,Production Technician II,Production,Female,White,248,0,2020,2021,42,43,45-54,Needs Improvement,Low Value,Junior,3,3,1,High risk
1835,Colin Cherry,2021-09-10,2022-07-19,Production Technician II,Production,Female,Asian,312,0,2021,2022,39,40,35-44,Needs Improvement,Low Value,Junior,3,4,1,High risk
1836,Karla Hines,2019-06-19,NULL,Production Technician II,Production,Male,Hispanic,0,1,2019,0,48,0,45-54,Needs Improvement,Low Value,Junior,1,3,1,Medium
1837,Colton Decker,2021-08-16,NULL,Production Technician II,Production,Female,Asian,0,1,2021,0,46,0,45-54,Needs Improvement,Low Value,Junior,2,3,1,Medium
1838,Jayleen Tran,2019-07-08,NULL,Production Technician I,Production,Female,White,0,1,2019,0,61,0,55+,Exceeds,Low Value,Junior,1,1,4,Medium
1839,Aydin Perry,2021-08-17,2022-08-31,Production Technician I,Production,Female,Other,379,0,2021,2022,53,54,55+,Exceeds,Low Value,Junior,3,1,4,High risk
1840,Jenna Casey,2021-01-08,NULL,Production Technician I,Production,Female,Hispanic,0,1,2021,0,52,0,55+,Exceeds,Low Value,Junior,2,1,4,High risk
1841,Remington Bullock,2018-08-14,NULL,Production Technician I,Production,Female,Hispanic,0,1,2018,0,60,0,55+,Exceeds,Low Value,Junior,1,1,4,Medium
1842,Delaney Stewart,2021-07-30,NULL,Production Technician I,Production,Male,Asian,0,1,2021,0,23,0,25-34,Exceeds,Low Value,Junior,2,2,4,High risk
1843,Saige Jones,2023-04-08,NULL,Production Technician I,Production,Male,Hispanic,0,1,2023,0,60,0,55+,Needs Improvement,Low Value,Junior,3,1,1,Medium
1844,Camryn Fritz,2019-09-11,NULL,Production Technician I,Production,Female,Other,0,1,2019,0,55,0,55+,Exceeds,Low Value,Junior,1,1,4,Medium
1845,Amanda Lambert,2020-03-05,2021-08-22,Production Technician I,Production,Female,Black,535,0,2020,2021,79,80,55+,Needs Improvement,Low Value,Junior,3,1,1,Medium
1846,Winston Callahan,2019-12-02,NULL,Production Technician I,Production,Male,Black,0,1,2019,0,73,0,55+,Needs Improvement,Low Value,Junior,1,1,1,Low
1847,Maverick Lang,2022-12-03,2022-12-24,Production Technician I,Production,Male,Other,21,0,2022,2022,22,22,25-34,Needs Improvement,Low Value,Junior,4,2,1,High risk
1848,Harold Reid,2021-12-23,NULL,Production Technician I,Production,Male,Black,0,1,2021,0,21,0,25-34,Performance Improvement Plan,Low Value,Junior,2,2,2,Medium
1849,Cindy York,2022-01-28,NULL,Production Technician I,Production,Female,Hispanic,0,1,2022,0,62,0,55+,Performance Improvement Plan,Low Value,Junior,3,1,2,Medium
1850,Breanna Cardenas,2019-12-15,2021-06-25,Production Technician I,Production,Female,White,558,0,2019,2021,23,25,25-34,Performance Improvement Plan,Low Value,Junior,3,2,2,High risk
1851,Tripp Blake,2021-11-11,2022-08-01,Production Technician I,Production,Female,Hispanic,263,0,2021,2022,54,55,55+,Performance Improvement Plan,Low Value,Junior,3,1,2,Medium
1852,Elaine Moon,2019-02-15,2023-07-28,Production Technician I,Production,Female,Black,1624,0,2019,2023,38,42,35-44,Performance Improvement Plan,Medium Value,Mid,2,4,2,High risk
1853,Jaime Morrow,2022-03-31,NULL,Production Technician II,Production,Female,Other,0,1,2022,0,65,0,55+,Performance Improvement Plan,Low Value,Junior,3,1,2,Medium
1854,Leslie Potts,2020-10-25,2022-04-18,Production Technician II,Production,Female,Asian,540,0,2020,2022,58,60,55+,Performance Improvement Plan,Low Value,Junior,3,1,2,Medium
1855,Keith Haas,2022-07-25,2023-04-26,Production Technician II,Production,Male,Other,275,0,2022,2023,75,76,55+,Exceeds,Low Value,Junior,3,1,4,High risk
1856,Matteo Oneal,2021-08-02,NULL,Production Technician II,Production,Female,Black,0,1,2021,0,49,0,45-54,Exceeds,Low Value,Junior,2,3,4,High risk
1857,Erik Graham,2021-11-13,2023-03-17,Production Technician II,Production,Male,Other,489,0,2021,2023,65,67,55+,Exceeds,Low Value,Junior,3,1,4,High risk
1858,Lailah Haney,2019-05-07,2019-11-27,Production Technician I,Production,Female,Asian,204,0,2019,2019,31,31,35-44,Exceeds,Low Value,Junior,4,4,4,High risk
1859,Mohamed Gay,2020-12-31,2021-03-04,Production Technician I,Production,Female,Hispanic,63,0,2020,2021,38,39,35-44,Exceeds,Low Value,Junior,3,4,4,High risk
1860,Frankie Banks,2019-12-10,2020-03-07,Production Technician I,Production,Female,Asian,88,0,2019,2020,19,20,25-34,Exceeds,Low Value,Junior,3,2,4,High risk
1861,Lorelei Glass,2020-06-11,NULL,Production Technician I,Production,Male,Black,0,1,2020,0,69,0,55+,Exceeds,Low Value,Junior,2,1,4,High risk
1862,Marie Moyer,2021-08-30,NULL,Production Technician I,Production,Male,Other,0,1,2021,0,36,0,35-44,Exceeds,Low Value,Junior,2,4,4,High risk
1863,Amari Bowen,2019-11-04,2021-12-29,Production Technician I,Production,Female,Other,786,0,2019,2021,32,34,35-44,Exceeds,Medium Value,Junior,3,4,4,High risk
1864,Prince Dickerson,2023-06-03,2023-07-18,Production Technician I,Production,Female,Hispanic,45,0,2023,2023,51,51,45-54,Exceeds,Low Value,Junior,4,3,4,High risk
1865,Lane Church,2021-02-14,NULL,Production Technician I,Production,Female,Asian,0,1,2021,0,52,0,55+,Exceeds,Low Value,Junior,2,1,4,High risk
1866,Cassie Nolan,2023-02-28,NULL,Production Technician I,Production,Male,Asian,0,1,2023,0,43,0,45-54,Exceeds,Low Value,Junior,3,3,4,High risk
1867,Mauricio Buchanan,2021-01-09,2021-08-17,Production Technician I,Production,Male,Asian,220,0,2021,2021,79,79,55+,Needs Improvement,Low Value,Junior,4,1,1,Medium
1868,Briana Wang,2022-03-22,2023-05-15,Production Technician I,Production,Male,Black,419,0,2022,2023,22,23,25-34,Needs Improvement,Low Value,Junior,3,2,1,Medium
1869,Salma Blackwell,2019-11-11,NULL,Production Technician I,Production,Female,Asian,0,1,2019,0,37,0,35-44,Exceeds,Low Value,Junior,1,4,4,High risk
1870,Shelby Frazier,2022-10-04,NULL,Production Technician I,Production,Female,Hispanic,0,1,2022,0,30,0,25-34,Fully Meets,Low Value,Junior,3,2,3,High risk
1871,Lindsay Becker,2021-08-23,NULL,Production Technician I,Production,Female,White,0,1,2021,0,25,0,25-34,Fully Meets,Low Value,Junior,2,2,3,High risk
1872,Reyna Good,2022-12-05,2023-06-18,Production Technician I,Production,Female,Hispanic,195,0,2022,2023,50,51,45-54,Fully Meets,Low Value,Junior,3,3,3,High risk
1873,Nathalie Rivera,2019-07-20,2019-08-28,Production Technician II,Production,Female,Black,39,0,2019,2019,59,59,55+,Fully Meets,Low Value,Junior,4,1,3,High risk
1874,Saniyah Schroeder,2021-11-05,NULL,Production Technician II,Production,Male,Asian,0,1,2021,0,61,0,55+,Fully Meets,Low Value,Junior,2,1,3,Medium
1875,Taylor Mann,2021-01-04,2023-03-04,Production Technician II,Production,Male,Other,789,0,2021,2023,68,70,55+,Fully Meets,Medium Value,Junior,3,1,3,High risk
1876,Rylee Stevenson,2022-10-14,2023-03-02,Production Technician II,Production,Female,Hispanic,139,0,2022,2023,79,80,55+,Fully Meets,Low Value,Junior,3,1,3,High risk
1877,Waylon Pennington,2021-10-30,NULL,Production Technician II,Production,Male,Asian,0,1,2021,0,60,0,55+,Fully Meets,Low Value,Junior,2,1,3,Medium
1878,Kobe Crosby,2022-10-02,2023-06-28,Production Technician I,Production,Female,White,269,0,2022,2023,21,22,Under 25,Fully Meets,Low Value,Junior,3,5,3,High risk
1879,Carmen Davidson,2018-11-25,2020-06-14,Production Technician I,Production,Female,Black,567,0,2018,2020,53,55,55+,Fully Meets,Low Value,Junior,3,1,3,High risk
1880,Sidney Moran,2021-07-09,2023-01-28,Production Technician I,Production,Female,Black,568,0,2021,2023,55,57,55+,Fully Meets,Low Value,Junior,3,1,3,High risk
1881,Alena Bonilla,2019-05-01,NULL,Production Technician I,Production,Male,Asian,0,1,2019,0,19,0,25-34,Fully Meets,Low Value,Junior,1,2,3,Medium
1882,Baron Luna,2021-11-09,2023-01-13,Production Technician I,Production,Female,Asian,430,0,2021,2023,76,78,55+,Fully Meets,Low Value,Junior,3,1,3,High risk
1883,Giselle Butler,2018-08-27,2019-03-23,Production Technician I,Production,Female,Black,208,0,2018,2019,51,52,55+,Fully Meets,Low Value,Junior,3,1,3,High risk
1884,Sophie Horne,2019-03-16,NULL,Production Technician I,Production,Female,Other,0,1,2019,0,19,0,25-34,Fully Meets,Low Value,Junior,1,2,3,Medium
1885,Jabari Guerrero,2022-01-07,NULL,Production Technician I,Production,Male,Other,0,1,2022,0,38,0,35-44,Fully Meets,Low Value,Junior,3,4,3,High risk
1886,Ahmed Montgomery,2022-10-04,2023-03-05,Production Technician I,Production,Male,White,152,0,2022,2023,38,39,35-44,Fully Meets,Low Value,Junior,3,4,3,High risk
1887,Esther Spears,2022-03-23,NULL,Production Technician I,Production,Male,White,0,1,2022,0,25,0,25-34,Fully Meets,Low Value,Junior,3,2,3,High risk
1888,Darian Wall,2020-05-05,2023-07-25,Production Technician I,Production,Female,White,1176,0,2020,2023,73,76,55+,Fully Meets,Medium Value,Mid,3,1,3,High risk
1889,Kaleb Cole,2020-11-23,NULL,Production Technician I,Production,Female,Other,0,1,2020,0,63,0,55+,Fully Meets,Low Value,Junior,2,1,3,Medium
1890,Anthony Terrell,2022-03-28,NULL,Production Technician I,Production,Female,White,0,1,2022,0,54,0,55+,Fully Meets,Low Value,Junior,3,1,3,High risk
1891,William Douglas,2020-03-25,NULL,Production Technician I,Production,Female,Hispanic,0,1,2020,0,74,0,55+,Fully Meets,Low Value,Junior,2,1,3,Medium
1892,Saniya Buck,2018-08-07,NULL,Production Technician II,Production,Female,Asian,0,1,2018,0,32,0,35-44,Fully Meets,Low Value,Junior,1,4,3,High risk
1893,Kristopher Owen,2020-02-11,NULL,Production Technician II,Production,Male,White,0,1,2020,0,44,0,45-54,Fully Meets,Low Value,Junior,2,3,3,High risk
1894,Hadley Tapia,2023-01-01,NULL,Production Technician II,Production,Male,Other,0,1,2023,0,64,0,55+,Fully Meets,Low Value,Junior,3,1,3,High risk
1895,Lillie Bush,2022-12-07,NULL,Production Technician II,Production,Female,White,0,1,2022,0,33,0,35-44,Fully Meets,Low Value,Junior,3,4,3,High risk
1896,Lamont Cook,2023-03-13,NULL,Production Technician II,Production,Female,Hispanic,0,1,2023,0,72,0,55+,Fully Meets,Low Value,Junior,3,1,3,High risk
1897,Danna Rollins,2021-11-14,NULL,Production Technician II,Production,Male,Asian,0,1,2021,0,73,0,55+,Fully Meets,Low Value,Junior,2,1,3,Medium
1898,Shaun Velazquez,2019-06-05,2020-10-20,Production Technician I,Production,Female,White,503,0,2019,2020,22,23,25-34,Fully Meets,Low Value,Junior,3,2,3,High risk
1899,Kolton Duarte,2020-12-12,2023-05-28,Production Technician I,Production,Female,Asian,897,0,2020,2023,38,41,35-44,Fully Meets,Medium Value,Junior,3,4,3,High risk
1900,Jonas Braun,2020-04-06,NULL,Production Technician I,Production,Female,Hispanic,0,1,2020,0,60,0,55+,Fully Meets,Low Value,Junior,2,1,3,Medium
1901,Meadow Howe,2023-01-30,NULL,Production Technician I,Production,Female,White,0,1,2023,0,64,0,55+,Fully Meets,Low Value,Junior,3,1,3,High risk
1902,Sarahi Raymond,2020-09-08,2022-09-19,Production Technician I,Production,Male,Other,741,0,2020,2022,68,70,55+,Fully Meets,Medium Value,Junior,3,1,3,High risk
1903,Taylor Wiggins,2020-12-14,2021-12-07,Production Technician I,Production,Female,Black,358,0,2020,2021,60,61,55+,Fully Meets,Low Value,Junior,3,1,3,High risk
1904,Ezra Zhang,2022-11-07,NULL,Production Technician I,Production,Female,Asian,0,1,2022,0,40,0,35-44,Fully Meets,Low Value,Junior,3,4,3,High risk
1905,Sonia Chung,2022-04-06,NULL,Production Technician I,Production,Female,Asian,0,1,2022,0,50,0,45-54,Fully Meets,Low Value,Junior,3,3,3,High risk
1906,Bryce Mills,2021-02-22,NULL,Production Technician I,Production,Male,Hispanic,0,1,2021,0,74,0,55+,Fully Meets,Low Value,Junior,2,1,3,Medium
1907,Wade Wiggins,2022-05-16,NULL,Production Technician I,Production,Male,Asian,0,1,2022,0,34,0,35-44,Fully Meets,Low Value,Junior,3,4,3,High risk
1908,Selina Gonzalez,2020-01-18,NULL,Production Technician I,Production,Female,White,0,1,2020,0,78,0,55+,Fully Meets,Low Value,Junior,2,1,3,Medium
1909,Tyree Parsons,2021-10-21,NULL,Production Technician I,Production,Female,White,0,1,2021,0,60,0,55+,Fully Meets,Low Value,Junior,2,1,3,Medium
1910,Adrian Murray,2019-01-05,NULL,Production Technician I,Production,Female,Hispanic,0,1,2019,0,77,0,55+,Fully Meets,Low Value,Junior,1,1,3,Medium
1911,Kael Fisher,2021-01-24,2022-01-27,Production Technician I,Production,Female,White,368,0,2021,2022,30,31,25-34,Fully Meets,Low Value,Junior,3,2,3,High risk
1912,Erica French,2020-03-06,2021-03-06,Production Technician II,Production,Female,Asian,365,0,2020,2021,33,34,35-44,Fully Meets,Low Value,Junior,3,4,3,High risk
1913,Damaris Oneal,2022-11-19,2023-02-15,Production Technician II,Production,Male,White,88,0,2022,2023,50,51,45-54,Fully Meets,Low Value,Junior,3,3,3,High risk
1914,Rebecca Craig,2019-03-15,2019-10-02,Production Technician II,Production,Female,Other,201,0,2019,2019,38,38,35-44,Fully Meets,Low Value,Junior,4,4,3,High risk
1915,Carley Waters,2023-05-11,2023-07-05,Production Technician II,Production,Female,Asian,55,0,2023,2023,77,77,55+,Fully Meets,Low Value,Junior,4,1,3,High risk
1916,Kadyn Harrison,2022-02-05,2023-02-07,Production Technician II,Production,Male,Other,367,0,2022,2023,59,60,55+,Fully Meets,Low Value,Junior,3,1,3,High risk
1917,Megan Huang,2019-05-29,NULL,Production Technician I,Production,Female,Black,0,1,2019,0,59,0,55+,Fully Meets,Low Value,Junior,1,1,3,Medium
1918,Callum Blair,2023-01-09,2023-03-14,Production Technician I,Production,Female,Black,64,0,2023,2023,33,33,35-44,Fully Meets,Low Value,Junior,4,4,3,High risk
1919,Emilie Donaldson,2022-05-01,2022-11-21,Production Technician I,Production,Female,Other,204,0,2022,2022,32,32,35-44,Fully Meets,Low Value,Junior,4,4,3,High risk
1920,Darius Duke,2021-01-26,2021-08-06,Production Technician I,Production,Female,Hispanic,192,0,2021,2021,73,73,55+,Fully Meets,Low Value,Junior,4,1,3,High risk
1921,Kenya Decker,2021-09-06,2023-07-02,Production Technician I,Production,Male,Other,664,0,2021,2023,27,29,25-34,Fully Meets,Low Value,Junior,3,2,3,High risk
1922,Tyrese Sloan,2020-07-29,NULL,Production Technician I,Production,Male,Asian,0,1,2020,0,62,0,55+,Fully Meets,Low Value,Junior,2,1,3,Medium
1923,Giana Roach,2023-03-31,2023-04-30,Production Technician I,Production,Female,Other,30,0,2023,2023,57,57,55+,Fully Meets,Low Value,Junior,4,1,3,High risk
1924,Teagan Swanson,2023-05-16,2023-05-29,Production Technician I,Production,Female,Hispanic,13,0,2023,2023,29,29,25-34,Fully Meets,Low Value,Junior,4,2,3,High risk
1925,Jerome Fischer,2023-04-29,2023-07-07,Production Technician I,Production,Male,Other,69,0,2023,2023,43,43,45-54,Fully Meets,Low Value,Junior,4,3,3,High risk
1926,Grayson Preston,2019-11-27,NULL,Production Technician I,Production,Male,Black,0,1,2019,0,19,0,25-34,Fully Meets,Low Value,Junior,1,2,3,Medium
1927,Turner Bradley,2022-11-03,2023-04-02,Production Technician I,Production,Male,Hispanic,150,0,2022,2023,46,47,45-54,Fully Meets,Low Value,Junior,3,3,3,High risk
1928,Elvis Daniels,2022-08-08,NULL,Production Technician I,Production,Female,Hispanic,0,1,2022,0,39,0,35-44,Fully Meets,Low Value,Junior,3,4,3,High risk
1929,Rose Travis,2023-07-27,NULL,Production Technician I,Production,Female,Asian,0,1,2023,0,35,0,35-44,Fully Meets,Low Value,Junior,3,4,3,High risk
1930,Frank Williams,2023-07-15,NULL,Production Technician I,Production,Female,Asian,0,1,2023,0,37,0,35-44,Fully Meets,Low Value,Junior,3,4,3,High risk
1931,Yurem Donovan,2022-11-09,NULL,Production Technician I,Production,Female,White,0,1,2022,0,23,0,25-34,Fully Meets,Low Value,Junior,3,2,3,High risk
1932,John Smith,2019-12-24,2022-06-12,Sales Manager,Sales,Male,Other,901,0,2019,2022,42,45,45-54,Fully Meets,Medium Value,Junior,3,3,3,High risk
1933,Lynn Daneault,2019-03-08,NULL,Sales Manager,Sales,Female,Black,0,1,2019,0,30,0,35-44,Fully Meets,Low Value,Junior,1,4,3,High risk
1934,Donysha Kampew,2019-06-25,2020-10-04,Sales Manager,Sales,Female,Other,467,0,2019,2020,28,29,25-34,Fully Meets,Low Value,Junior,3,2,3,High risk
1935,Jordin Lozano,2019-01-03,NULL,Production Technician II,Sales,Male,Hispanic,0,1,2019,0,45,0,45-54,Fully Meets,Low Value,Junior,1,3,3,High risk
1936,Ronald Gross,2023-02-02,NULL,Production Technician II,Sales,Female,Hispanic,0,1,2023,0,32,0,25-34,Fully Meets,Low Value,Junior,3,2,3,High risk
1937,Maryjane Choi,2022-03-30,2023-01-30,Production Technician II,Sales,Female,Asian,306,0,2022,2023,65,66,55+,Fully Meets,Low Value,Junior,3,1,3,High risk
1938,Madalynn Yates,2020-03-23,NULL,Production Technician II,Sales,Female,Other,0,1,2020,0,63,0,55+,Fully Meets,Low Value,Junior,2,1,3,Medium
1939,Angelina Peck,2019-06-06,NULL,Production Technician II,Sales,Female,Asian,0,1,2019,0,77,0,55+,Fully Meets,Low Value,Junior,1,1,3,Medium
1940,Dario Shaw,2023-05-28,NULL,Production Technician II,Sales,Female,Asian,0,1,2023,0,81,0,55+,Fully Meets,Low Value,Junior,3,1,3,High risk
1941,Deven Frazier,2021-02-03,NULL,Production Technician II,Sales,Female,Hispanic,0,1,2021,0,80,0,55+,Fully Meets,Low Value,Junior,2,1,3,Medium
1942,Jett Kent,2019-07-30,2022-11-09,Production Technician II,Sales,Female,Other,1198,0,2019,2022,55,58,55+,Fully Meets,Medium Value,Mid,3,1,3,High risk
1943,Zander Aguilar,2022-05-08,2022-11-17,Production Technician II,Sales,Female,White,193,0,2022,2022,66,66,55+,Fully Meets,Low Value,Junior,4,1,3,High risk
1944,Alessandro Chavez,2020-05-12,NULL,Production Technician II,Sales,Female,Asian,0,1,2020,0,57,0,55+,Fully Meets,Low Value,Junior,2,1,3,Medium
1945,Jaxson Brady,2019-03-28,2022-12-10,Sales Manager,Sales,Female,White,1353,0,2019,2022,42,45,45-54,Fully Meets,Medium Value,Mid,3,3,3,High risk
1946,Giovanni Whitaker,2019-07-22,NULL,Production Technician II,Sales,Female,Other,0,1,2019,0,63,0,55+,Fully Meets,Low Value,Junior,1,1,3,Medium
1947,Karen Goodman,2020-09-17,NULL,Sales Manager,Sales,Female,White,0,1,2020,0,38,0,35-44,Fully Meets,Low Value,Junior,2,4,3,High risk
1948,Skyla Lambert,2022-07-02,2022-08-09,Production Technician II,Sales,Female,Black,38,0,2022,2022,59,59,55+,Fully Meets,Low Value,Junior,4,1,3,High risk
1949,Ashlynn Duffy,2019-11-30,NULL,Sales Manager,Sales,Female,Hispanic,0,1,2019,0,69,0,55+,Fully Meets,Low Value,Junior,1,1,3,Medium
1950,Lilliana Walker,2023-07-21,2023-07-21,Production Technician II,Production,Female,Asian,0,1,2023,2023,65,65,55+,Fully Meets,Low Value,Junior,4,1,3,High risk
1951,Lindsay Copeland,2020-08-26,2021-05-30,Sales Manager,Sales,Female,Asian,277,0,2020,2021,60,61,55+,Fully Meets,Low Value,Junior,3,1,3,High risk
1952,Kristin Mccarty,2020-05-16,NULL,Sales Manager,Sales,Female,Other,0,1,2020,0,31,0,35-44,Fully Meets,Low Value,Junior,2,4,3,High risk
1953,Barbara Sutwell,2023-04-06,2023-05-24,Production Technician I,Production,Female,Asian,48,0,2023,2023,47,47,45-54,Fully Meets,Low Value,Junior,4,3,3,High risk
1954,Lenora Tejeda,2019-02-18,2022-10-31,Production Technician II,Production,Female,Other,1351,0,2019,2022,51,54,55+,Fully Meets,Medium Value,Mid,3,1,3,High risk
1955,Ludwick Harrell,2020-10-10,NULL,Production Technician I,Production,Male,White,0,1,2020,0,22,0,25-34,Fully Meets,Low Value,Junior,2,2,3,High risk
1956,Courtney Beatrice,2021-05-15,NULL,Production Technician I,Production,Female,Black,0,1,2021,0,63,0,55+,Fully Meets,Low Value,Junior,2,1,3,Medium
1957,Melisa Gerke,2019-05-13,2022-05-30,Production Technician I,Production,Female,Asian,1113,0,2019,2022,44,47,45-54,Fully Meets,Medium Value,Mid,3,3,3,High risk
1958,Lin Chan,2019-07-04,NULL,Production Technician I,Production,Female,Other,0,1,2019,0,29,0,35-44,Fully Meets,Low Value,Junior,1,4,3,High risk
1959,Kamrin Sander,2022-04-01,2022-04-28,Production Technician I,Production,Female,Asian,27,0,2022,2022,33,33,35-44,Fully Meets,Low Value,Junior,4,4,3,High risk
1960,Thomas Rhoads,2018-11-03,NULL,Production Technician I,Production,Male,White,0,1,2018,0,70,0,55+,Fully Meets,Low Value,Junior,1,1,3,Medium
1961,Nina Panjwani,2018-10-11,2022-05-04,Production Technician I,Production,Female,Black,1301,0,2018,2022,73,77,55+,Fully Meets,Medium Value,Mid,2,1,3,Medium
1962,Megan Faller,2023-06-25,2023-07-25,Production Technician II,Production,Female,Other,30,0,2023,2023,72,72,55+,Fully Meets,Low Value,Junior,4,1,3,High risk
1963,Judy Jung,2020-09-14,2021-08-31,Production Technician I,Production,Female,Other,351,0,2020,2021,48,49,45-54,Fully Meets,Low Value,Junior,3,3,3,High risk
1964,April Evensen,2022-12-20,2023-03-11,Production Technician I,Production,Female,Other,81,0,2022,2023,53,54,55+,Fully Meets,Low Value,Junior,3,1,3,High risk
1965,Julissa Hunts,2022-02-23,NULL,Production Technician II,Production,Female,White,0,1,2022,0,73,0,55+,Fully Meets,Low Value,Junior,3,1,3,High risk
1966,Kristie Nowlan,2019-05-31,NULL,Production Technician II,Production,Female,Other,0,1,2019,0,48,0,45-54,Fully Meets,Low Value,Junior,1,3,3,High risk
1967,Dawn Motlagh,2019-01-29,NULL,Production Technician I,Production,Female,Other,0,1,2019,0,25,0,25-34,Fully Meets,Low Value,Junior,1,2,3,Medium
1968,Theresa Wallace,2019-09-01,NULL,Production Technician I,Production,Female,Asian,0,1,2019,0,64,0,55+,Fully Meets,Low Value,Junior,1,1,3,Medium
1969,Allison Lydon,2021-01-17,2021-06-08,Production Technician I,Production,Female,White,142,0,2021,2021,46,46,45-54,Fully Meets,Low Value,Junior,4,3,3,High risk
1970,Trina Alagbe,2022-04-21,2022-04-21,Production Technician I,Production,Female,Other,0,1,2022,2022,70,70,55+,Fully Meets,Low Value,Junior,4,1,3,High risk
1971,Betsy Bondwell,2018-09-15,2023-07-14,Production Technician II,Production,Female,Other,1763,0,2018,2023,24,29,25-34,Fully Meets,Medium Value,Senior,2,2,3,High risk
1972,Joe Smith,2021-12-04,2022-01-07,Production Technician II,Production,Male,Asian,34,0,2021,2022,25,26,25-34,Fully Meets,Low Value,Junior,3,2,3,High risk
1973,Lisa Lunquist,2019-11-14,NULL,Production Technician II,Production,Female,Black,0,1,2019,0,28,0,25-34,Fully Meets,Low Value,Junior,1,2,3,Medium
1974,Jene'ya Darson,2021-04-14,NULL,Production Technician I,Production,Female,White,0,1,2021,0,53,0,55+,Fully Meets,Low Value,Junior,2,1,3,Medium
1975,Hunter Cannon,2019-04-14,NULL,Production Technician I,Production,Female,Other,0,1,2019,0,78,0,55+,Fully Meets,Low Value,Junior,1,1,3,Medium
1976,Jon Lynn,2021-01-09,NULL,Production Technician I,Production,Female,White,0,1,2021,0,76,0,55+,Fully Meets,Low Value,Junior,2,1,3,Medium
1977,Paxton Clarke,2022-12-26,2023-07-04,Production Technician I,Production,Female,White,190,0,2022,2023,70,71,55+,Fully Meets,Low Value,Junior,3,1,3,High risk
1978,Lillian Hines,2021-10-05,2023-07-02,Production Technician I,Production,Female,Other,635,0,2021,2023,45,47,45-54,Fully Meets,Low Value,Junior,3,3,3,High risk
1979,Liam Snow,2022-09-25,2023-03-27,Production Technician I,Production,Female,Asian,183,0,2022,2023,50,51,45-54,Fully Meets,Low Value,Junior,3,3,3,High risk
1980,Arianna Horton,2021-11-10,NULL,Production Technician I,Production,Female,Hispanic,0,1,2021,0,31,0,35-44,Fully Meets,Low Value,Junior,2,4,3,High risk
1981,Ayanna Short,2021-04-08,2023-07-16,Production Technician I,Production,Male,Black,829,0,2021,2023,28,30,25-34,Fully Meets,Medium Value,Junior,3,2,3,High risk
1982,Steve Charles,2018-11-14,NULL,Production Technician I,Production,Female,Hispanic,0,1,2018,0,38,0,45-54,Fully Meets,Low Value,Junior,1,3,3,High risk
1983,Ricardo Bruce,2020-03-14,2022-10-22,Production Technician I,Production,Female,Asian,952,0,2020,2022,64,66,55+,Fully Meets,Medium Value,Junior,3,1,3,High risk
1984,Laura Gutierrez,2020-06-24,NULL,Production Technician I,Production,Female,Black,0,1,2020,0,72,0,55+,Fully Meets,Low Value,Junior,2,1,3,Medium
1985,Braxton Rojas,2023-03-19,2023-04-04,Production Technician I,Production,Female,White,16,0,2023,2023,60,60,55+,Fully Meets,Low Value,Junior,4,1,3,High risk
1986,Sage Mercer,2022-08-15,NULL,Production Technician I,Production,Female,Black,0,1,2022,0,73,0,55+,Fully Meets,Low Value,Junior,3,1,3,High risk
1987,Chase Horn,2018-11-09,NULL,Production Technician I,Production,Female,White,0,1,2018,0,51,0,55+,Fully Meets,Low Value,Junior,1,1,3,Medium
1988,Juliana Dyer,2018-11-23,2019-08-19,Production Technician I,Production,Female,Black,269,0,2018,2019,29,30,35-44,Fully Meets,Low Value,Junior,3,4,3,High risk
1989,Alec Stephens,2020-02-25,NULL,Production Technician II,Production,Female,Other,0,1,2020,0,20,0,25-34,Fully Meets,Low Value,Junior,2,2,3,High risk
1990,Adriana Weber,2020-05-16,2022-05-18,Production Technician II,Production,Female,Black,732,0,2020,2022,73,75,55+,Fully Meets,Medium Value,Junior,3,1,3,High risk
1991,Lola Hensley,2019-06-18,2023-07-05,Production Technician II,Production,Female,Other,1478,0,2019,2023,70,74,55+,Fully Meets,Medium Value,Mid,2,1,3,Medium
1992,Shamar Delgado,2019-05-20,2021-03-30,Production Technician II,Production,Female,White,680,0,2019,2021,69,71,55+,Fully Meets,Low Value,Junior,3,1,3,High risk
1993,Emmanuel Huang,2020-10-16,2021-02-12,Production Technician II,Production,Female,Hispanic,119,0,2020,2021,48,49,45-54,Fully Meets,Low Value,Junior,3,3,3,High risk
1994,Brenna Decker,2022-07-01,2022-11-03,Production Technician II,Production,Female,Other,125,0,2022,2022,34,34,35-44,Fully Meets,Low Value,Junior,4,4,3,High risk
1995,Averie Wolfe,2022-12-17,NULL,Production Technician II,Production,Female,Other,0,1,2022,0,44,0,45-54,Fully Meets,Low Value,Junior,3,3,3,High risk
1996,Gaige Marsh,2021-10-24,2021-11-21,Production Technician II,Production,Female,White,28,0,2021,2021,29,29,25-34,Fully Meets,Low Value,Junior,4,2,3,High risk
1997,Karli Ross,2019-02-28,2019-10-11,Production Technician II,Production,Female,Asian,225,0,2019,2019,29,29,35-44,Fully Meets,Low Value,Junior,4,4,3,High risk
1998,Amiyah Beasley,2022-03-24,NULL,Production Technician II,Production,Female,Black,0,1,2022,0,23,0,25-34,Fully Meets,Low Value,Junior,3,2,3,High risk
1999,Kayla Gibbs,2021-10-17,2022-11-12,Production Technician II,Production,Female,Other,391,0,2021,2022,78,79,55+,Fully Meets,Low Value,Junior,3,1,3,High risk
2000,Jocelyn Jackson,2022-05-13,2022-09-12,Production Technician I,Production,Female,Black,122,0,2022,2022,59,59,55+,Fully Meets,Low Value,Junior,4,1,3,High risk
2001,Gilbert Newman,2019-10-09,2023-01-06,Production Technician I,Production,Female,White,1185,0,2019,2023,42,46,45-54,Fully Meets,Medium Value,Mid,2,3,3,High risk
2002,Roberto Rosales,2018-10-12,2023-07-21,Production Technician I,Production,Female,White,1743,0,2018,2023,28,33,35-44,Fully Meets,Medium Value,Senior,2,4,3,High risk
2003,Justice Rhodes,2020-04-13,2022-11-28,Production Technician I,Production,Female,Other,959,0,2020,2022,35,37,35-44,Fully Meets,Medium Value,Junior,3,4,3,High risk
2004,Adyson Esparza,2021-04-25,NULL,Production Technician I,Production,Female,Other,0,1,2021,0,20,0,Under 25,Fully Meets,Low Value,Junior,2,5,3,High risk
2005,Laci Baird,2018-12-21,2022-11-16,Production Technician I,Production,Female,Asian,1426,0,2018,2022,71,75,55+,Fully Meets,Medium Value,Mid,2,1,3,Medium
2006,Samson Meza,2021-09-19,NULL,Production Technician I,Production,Male,Other,0,1,2021,0,48,0,45-54,Fully Meets,Low Value,Junior,2,3,3,High risk
2007,Deacon Bass,2020-12-15,NULL,Production Technician I,Production,Female,Black,0,1,2020,0,41,0,45-54,Fully Meets,Low Value,Junior,2,3,3,High risk
2008,Kaila Johnston,2019-07-15,2020-01-13,Production Technician I,Production,Female,Asian,182,0,2019,2020,78,79,55+,Fully Meets,Low Value,Junior,3,1,3,High risk
2009,Cayden Maynard,2021-11-17,NULL,Production Technician I,Production,Female,White,0,1,2021,0,24,0,25-34,Fully Meets,Low Value,Junior,2,2,3,High risk
2010,Araceli Mcguire,2023-02-04,2023-06-24,Production Technician I,Production,Female,Hispanic,140,0,2023,2023,74,74,55+,Fully Meets,Low Value,Junior,4,1,3,High risk
2011,Naomi Hardin,2022-07-03,2022-07-12,Production Technician I,Production,Female,Asian,9,0,2022,2022,28,28,25-34,Fully Meets,Low Value,Junior,4,2,3,High risk
2012,Darnell Eaton,2020-01-24,2022-09-14,Production Technician I,Production,Female,White,964,0,2020,2022,36,38,35-44,Fully Meets,Medium Value,Junior,3,4,3,High risk
2013,Zariah Ritter,2019-07-07,2021-03-27,Production Technician I,Production,Female,Black,629,0,2019,2021,67,69,55+,Fully Meets,Low Value,Junior,3,1,3,High risk
2014,Malaki Richards,2022-03-13,NULL,Production Technician II,Production,Female,Asian,0,1,2022,0,38,0,35-44,Fully Meets,Low Value,Junior,3,4,3,High risk
2015,Markus Robles,2023-06-02,NULL,Production Technician II,Production,Female,White,0,1,2023,0,31,0,25-34,Fully Meets,Low Value,Junior,3,2,3,High risk
2016,Angela Kaufman,2021-04-08,NULL,Production Technician II,Production,Female,White,0,1,2021,0,63,0,55+,Fully Meets,Low Value,Junior,2,1,3,Medium
2017,Shaniya Wolfe,2019-12-02,NULL,Production Technician II,Production,Female,Black,0,1,2019,0,48,0,45-54,Fully Meets,Low Value,Junior,1,3,3,High risk
2018,Anya Morton,2022-03-09,2023-05-18,Production Technician II,Production,Female,Asian,435,0,2022,2023,36,37,35-44,Fully Meets,Low Value,Junior,3,4,3,High risk
2019,Emery Peck,2022-03-26,NULL,Production Technician II,Production,Female,White,0,1,2022,0,45,0,45-54,Fully Meets,Low Value,Junior,3,3,3,High risk
2020,Angelique Mathis,2021-05-08,2022-08-05,Production Technician II,Production,Female,Black,454,0,2021,2022,75,76,55+,Fully Meets,Low Value,Junior,3,1,3,High risk
2021,Marlee Woods,2022-11-29,NULL,Production Technician II,Production,Female,Asian,0,1,2022,0,67,0,55+,Fully Meets,Low Value,Junior,3,1,3,High risk
2022,Jocelyn Valentine,2019-05-24,NULL,Production Technician II,Production,Female,White,0,1,2019,0,78,0,55+,Fully Meets,Low Value,Junior,1,1,3,Medium
2023,Sophie Moran,2022-01-29,2022-04-23,Production Technician II,Production,Female,Hispanic,84,0,2022,2022,60,60,55+,Fully Meets,Low Value,Junior,4,1,3,High risk
2024,Yair Snyder,2021-07-06,2022-03-14,Production Technician II,Production,Female,Asian,251,0,2021,2022,30,31,25-34,Fully Meets,Low Value,Junior,3,2,3,High risk
2025,Shamar Herman,2021-01-29,2023-02-12,Production Technician II,Production,Female,Asian,744,0,2021,2023,46,48,45-54,Fully Meets,Medium Value,Junior,3,3,3,High risk
2026,Ishaan Schaefer,2023-05-13,2023-06-10,Production Technician I,Production,Female,Hispanic,28,0,2023,2023,53,53,55+,Fully Meets,Low Value,Junior,4,1,3,High risk
2027,Liam Figueroa,2019-05-22,NULL,Production Technician I,Production,Female,Black,0,1,2019,0,45,0,45-54,Fully Meets,Low Value,Junior,1,3,3,High risk
2028,Linda Combs,2021-09-30,2021-11-14,Production Technician I,Production,Female,Hispanic,45,0,2021,2021,40,40,35-44,Fully Meets,Low Value,Junior,4,4,3,High risk
2029,Marilyn Moss,2019-09-09,NULL,Production Technician I,Production,Female,Black,0,1,2019,0,76,0,55+,Fully Meets,Low Value,Junior,1,1,3,Medium
2030,Yuliana Nelson,2019-04-26,2019-05-13,Production Technician I,Production,Female,Asian,17,0,2019,2019,37,37,35-44,Fully Meets,Low Value,Junior,4,4,3,High risk
2031,August Wiley,2022-02-19,2023-04-05,Production Technician I,Production,Male,Asian,410,0,2022,2023,45,46,45-54,Fully Meets,Low Value,Junior,3,3,3,High risk
2032,Lindsay Pennington,2022-04-16,2022-12-25,Production Technician I,Production,Male,Asian,253,0,2022,2022,26,26,25-34,Fully Meets,Low Value,Junior,4,2,3,High risk
2033,Nico Villarreal,2022-05-12,NULL,Production Technician I,Production,Female,White,0,1,2022,0,31,0,25-34,Fully Meets,Low Value,Junior,3,2,3,High risk
2034,Jaliyah Conway,2021-08-26,2023-08-03,Production Technician I,Production,Female,Asian,707,0,2021,2023,74,76,55+,Fully Meets,Low Value,Junior,3,1,3,High risk
2035,Raymond Gillespie,2020-06-06,2021-11-23,Production Technician I,Production,Female,Asian,535,0,2020,2021,19,20,Under 25,Fully Meets,Low Value,Junior,3,5,3,High risk
2036,Joey Montes,2022-06-26,NULL,Production Technician I,Production,Female,Asian,0,1,2022,0,80,0,55+,Fully Meets,Low Value,Junior,3,1,3,High risk
2037,Ian Hester,2021-01-09,2022-05-14,Production Technician I,Production,Female,White,490,0,2021,2022,76,77,55+,Fully Meets,Low Value,Junior,3,1,3,High risk
2038,Weston Rios,2018-09-02,NULL,Production Technician I,Production,Female,Black,0,1,2018,0,17,0,Under 25,Fully Meets,Low Value,Junior,1,5,3,High risk
2039,Carson Pennington,2022-04-22,NULL,Production Technician I,Production,Female,White,0,1,2022,0,65,0,55+,Fully Meets,Low Value,Junior,3,1,3,High risk
2040,Brynlee Crawford,2021-12-05,2023-06-26,Production Technician II,Production,Female,Other,568,0,2021,2023,72,74,55+,Fully Meets,Low Value,Junior,3,1,3,High risk
2041,Sanai Rose,2022-09-13,NULL,Production Technician II,Production,Female,Black,0,1,2022,0,25,0,25-34,Fully Meets,Low Value,Junior,3,2,3,High risk
2042,Luna Arroyo,2019-11-24,NULL,Production Technician II,Production,Female,White,0,1,2019,0,27,0,25-34,Fully Meets,Low Value,Junior,1,2,3,Medium
2043,Lorelai Hale,2020-03-19,NULL,Production Technician II,Production,Female,White,0,1,2020,0,53,0,55+,Fully Meets,Low Value,Junior,2,1,3,Medium
2044,Darrell Horne,2022-09-14,NULL,Production Technician II,Production,Female,Black,0,1,2022,0,30,0,25-34,Fully Meets,Low Value,Junior,3,2,3,High risk
2045,Itzel Nunez,2021-09-21,NULL,Production Technician II,Production,Female,Other,0,1,2021,0,45,0,45-54,Fully Meets,Low Value,Junior,2,3,3,High risk
2046,Serena Lutz,2020-05-22,NULL,Production Technician II,Production,Female,Asian,0,1,2020,0,72,0,55+,Fully Meets,Low Value,Junior,2,1,3,Medium
2047,Gwendolyn Gray,2022-12-13,NULL,Production Technician II,Production,Female,White,0,1,2022,0,56,0,55+,Fully Meets,Low Value,Junior,3,1,3,High risk
2048,Khalil Lee,2022-02-07,NULL,Production Technician II,Production,Female,Asian,0,1,2022,0,27,0,25-34,Fully Meets,Low Value,Junior,3,2,3,High risk
2049,Corinne Navarro,2020-10-06,NULL,Production Technician II,Production,Female,Asian,0,1,2020,0,78,0,55+,Fully Meets,Low Value,Junior,2,1,3,Medium
2050,Meadow Atkins,2022-01-11,2022-12-16,Production Technician II,Production,Female,White,339,0,2022,2022,69,69,55+,Fully Meets,Low Value,Junior,4,1,3,High risk
2051,Jaden Charles,2022-02-26,NULL,Production Technician I,Production,Female,Black,0,1,2022,0,23,0,25-34,Fully Meets,Low Value,Junior,3,2,3,High risk
2052,Blaine Contreras,2020-06-10,2022-11-13,Production Technician I,Production,Female,Hispanic,886,0,2020,2022,64,66,55+,Fully Meets,Medium Value,Junior,3,1,3,High risk
2053,Kolten Kim,2021-09-27,NULL,Production Technician I,Production,Female,White,0,1,2021,0,32,0,35-44,Fully Meets,Low Value,Junior,2,4,3,High risk
2054,Erika Mata,2018-10-25,2021-10-15,Production Technician I,Production,Female,Black,1086,0,2018,2021,25,28,25-34,Fully Meets,Medium Value,Junior,3,2,3,High risk
2055,Beau Olsen,2020-11-25,NULL,Production Technician I,Production,Female,White,0,1,2020,0,31,0,35-44,Fully Meets,Low Value,Junior,2,4,3,High risk
2056,Kelly Ellis,2020-04-17,2022-02-26,Production Technician I,Production,Female,White,680,0,2020,2022,63,65,55+,Fully Meets,Low Value,Junior,3,1,3,High risk
2057,Nikhil Rivas,2021-04-15,NULL,Production Technician I,Production,Male,Hispanic,0,1,2021,0,57,0,55+,Fully Meets,Low Value,Junior,2,1,3,Medium
2058,Brady Boyd,2022-04-17,2022-06-03,Production Technician I,Production,Male,White,47,0,2022,2022,38,38,35-44,Fully Meets,Low Value,Junior,4,4,3,High risk
2059,Alfred Manning,2023-07-29,2023-08-06,Production Technician I,Production,Female,White,8,0,2023,2023,36,36,35-44,Fully Meets,Low Value,Junior,4,4,3,High risk
2060,Angelina Russell,2023-01-26,NULL,Production Technician I,Production,Female,Asian,0,1,2023,0,81,0,55+,Fully Meets,Low Value,Junior,3,1,3,High risk
2061,King Garrison,2018-12-12,NULL,Production Technician I,Production,Female,Other,0,1,2018,0,72,0,55+,Fully Meets,Low Value,Junior,1,1,3,Medium
2062,Kale Middleton,2018-10-25,NULL,Production Technician I,Production,Female,Hispanic,0,1,2018,0,68,0,55+,Fully Meets,Low Value,Junior,1,1,3,Medium
2063,Kailyn Montgomery,2021-05-20,NULL,Production Technician I,Production,Female,Hispanic,0,1,2021,0,77,0,55+,Fully Meets,Low Value,Junior,2,1,3,Medium
2064,Philip Cobb,2020-08-28,2020-12-26,Production Technician I,Production,Female,White,120,0,2020,2020,56,56,55+,Fully Meets,Low Value,Junior,4,1,3,High risk
2065,Bria Spence,2020-05-10,NULL,Production Technician II,Production,Female,Other,0,1,2020,0,48,0,45-54,Fully Meets,Low Value,Junior,2,3,3,High risk
2066,Ellie Holder,2023-08-04,2023-08-04,Production Technician II,Production,Female,Asian,0,1,2023,2023,34,34,35-44,Fully Meets,Low Value,Junior,4,4,3,High risk
2067,Denzel Clark,2022-04-22,NULL,Production Technician II,Production,Female,White,0,1,2022,0,73,0,55+,Fully Meets,Low Value,Junior,3,1,3,High risk
2068,Sidney Lewis,2021-06-05,NULL,Production Technician II,Production,Female,White,0,1,2021,0,59,0,55+,Fully Meets,Low Value,Junior,2,1,3,Medium
2069,Simon Rivers,2022-06-29,NULL,Production Technician II,Production,Female,Other,0,1,2022,0,31,0,25-34,Fully Meets,Low Value,Junior,3,2,3,High risk
2070,Branson Schneider,2022-07-02,NULL,Production Technician II,Production,Female,White,0,1,2022,0,53,0,55+,Fully Meets,Low Value,Junior,3,1,3,High risk
2071,Maren Whitehead,2023-01-04,NULL,Production Technician II,Production,Female,White,0,1,2023,0,46,0,45-54,Fully Meets,Low Value,Junior,3,3,3,High risk
2072,Gilbert Hensley,2023-07-08,NULL,Production Technician II,Production,Female,White,0,1,2023,0,43,0,45-54,Fully Meets,Low Value,Junior,3,3,3,High risk
2073,Armani Barker,2023-03-03,2023-08-06,Production Technician II,Production,Female,Hispanic,156,0,2023,2023,67,67,55+,Fully Meets,Low Value,Junior,4,1,3,High risk
2074,Tamia Byrd,2019-08-19,NULL,Production Technician II,Production,Female,Hispanic,0,1,2019,0,52,0,55+,Fully Meets,Low Value,Junior,1,1,3,Medium
2075,Oliver Richardson,2018-10-30,NULL,Production Technician I,Production,Female,Other,0,1,2018,0,42,0,45-54,Fully Meets,Low Value,Junior,1,3,3,High risk
2076,Nathalia Larson,2021-12-07,2023-01-02,Production Technician I,Production,Female,Black,391,0,2021,2023,78,80,55+,Fully Meets,Low Value,Junior,3,1,3,High risk
2077,Laurel Chan,2020-11-18,2021-02-13,Production Technician I,Production,Female,Asian,87,0,2020,2021,77,78,55+,Fully Meets,Low Value,Junior,3,1,3,High risk
2078,Alejandra Barnes,2018-09-26,2019-10-15,Production Technician I,Production,Female,White,384,0,2018,2019,32,33,35-44,Fully Meets,Low Value,Junior,3,4,3,High risk
2079,Emilio Daniel,2022-06-19,NULL,Production Technician I,Production,Female,White,0,1,2022,0,66,0,55+,Fully Meets,Low Value,Junior,3,1,3,High risk
2080,Ellie Robbins,2022-09-15,2023-02-14,Production Technician I,Production,Female,Other,152,0,2022,2023,62,63,55+,Fully Meets,Low Value,Junior,3,1,3,High risk
2081,Vicente Hansen,2020-05-09,NULL,Production Technician I,Production,Female,Asian,0,1,2020,0,32,0,35-44,Fully Meets,Low Value,Junior,2,4,3,High risk
2082,Jordan Kemp,2021-02-17,NULL,Production Technician I,Production,Male,Black,0,1,2021,0,60,0,55+,Fully Meets,Low Value,Junior,2,1,3,Medium
2083,Edith Richard,2020-04-12,NULL,Production Technician I,Production,Female,Hispanic,0,1,2020,0,39,0,35-44,Fully Meets,Low Value,Junior,2,4,3,High risk
2084,Dustin Snow,2021-03-30,NULL,Production Technician I,Production,Female,Hispanic,0,1,2021,0,50,0,45-54,Fully Meets,Low Value,Junior,2,3,3,High risk
2085,Layton Goodwin,2019-05-05,2022-01-11,Production Technician I,Production,Female,Asian,982,0,2019,2022,20,23,25-34,Fully Meets,Medium Value,Junior,3,2,3,High risk
2086,Eliza Munoz,2021-05-31,2021-11-12,Production Technician I,Production,Female,Asian,165,0,2021,2021,43,43,45-54,Fully Meets,Low Value,Junior,4,3,3,High risk
2087,Arianna Durham,2019-11-21,2020-06-24,Production Technician I,Production,Female,Black,216,0,2019,2020,60,61,55+,Fully Meets,Low Value,Junior,3,1,3,High risk
2088,Lia Orr,2019-07-19,NULL,Production Technician I,Production,Female,White,0,1,2019,0,59,0,55+,Fully Meets,Low Value,Junior,1,1,3,Medium
2089,Ethan Rhodes,2018-12-29,2020-07-04,Production Technician I,Production,Female,White,553,0,2018,2020,52,54,55+,Fully Meets,Low Value,Junior,3,1,3,High risk
2090,Alexis Nielsen,2023-01-12,NULL,Production Technician II,Production,Female,Asian,0,1,2023,0,81,0,55+,Fully Meets,Low Value,Junior,3,1,3,High risk
2091,Adalyn Bass,2022-11-25,NULL,Production Technician II,Production,Female,Black,0,1,2022,0,23,0,25-34,Fully Meets,Low Value,Junior,3,2,3,High risk
2092,Hadley Benson,2019-11-13,NULL,Production Technician II,Production,Female,Asian,0,1,2019,0,32,0,35-44,Fully Meets,Low Value,Junior,1,4,3,High risk
2093,Carlee Lang,2020-09-08,2022-08-24,Production Technician II,Production,Female,Hispanic,715,0,2020,2022,72,74,55+,Fully Meets,Low Value,Junior,3,1,3,High risk
2094,Eli Flores,2019-06-16,2021-09-07,Production Technician II,Production,Female,Black,814,0,2019,2021,55,57,55+,Fully Meets,Medium Value,Junior,3,1,3,High risk
2095,Lyric Solomon,2023-07-14,2023-07-16,Production Technician II,Production,Female,Other,2,0,2023,2023,26,26,25-34,Fully Meets,Low Value,Junior,4,2,3,High risk
2096,Jerome Howard,2023-07-18,NULL,Production Technician II,Production,Female,Black,0,1,2023,0,38,0,35-44,Fully Meets,Low Value,Junior,3,4,3,High risk
2097,Parker Fritz,2018-12-06,2019-04-09,Production Technician II,Production,Female,Black,124,0,2018,2019,54,55,55+,Performance Improvement Plan,Low Value,Junior,3,1,2,Medium
2098,Phillip Fuentes,2020-07-15,NULL,Production Technician II,Production,Female,Other,0,1,2020,0,70,0,55+,Performance Improvement Plan,Low Value,Junior,2,1,2,Medium
2099,Drake Wiggins,2018-10-30,NULL,Production Technician I,Production,Female,Hispanic,0,1,2018,0,49,0,55+,Performance Improvement Plan,Low Value,Junior,1,1,2,Medium
2100,Lucy Santos,2022-09-13,NULL,Production Technician I,Production,Female,Other,0,1,2022,0,78,0,55+,Exceeds,Low Value,Junior,3,1,4,High risk
2101,Justice Curry,2022-12-28,2023-05-13,Production Technician I,Production,Female,Hispanic,136,0,2022,2023,58,59,55+,Performance Improvement Plan,Low Value,Junior,3,1,2,Medium
2102,Valeria Zavala,2023-03-24,NULL,Production Technician I,Production,Female,Asian,0,1,2023,0,57,0,55+,Exceeds,Low Value,Junior,3,1,4,High risk
2103,Nola Sellers,2020-10-02,NULL,Production Technician I,Production,Female,Asian,0,1,2020,0,34,0,35-44,Exceeds,Low Value,Junior,2,4,4,High risk
2104,Andre Fields,2020-09-14,NULL,Production Technician I,Production,Female,Hispanic,0,1,2020,0,71,0,55+,Exceeds,Low Value,Junior,2,1,4,High risk
2105,Joel Hanson,2020-01-19,NULL,Production Technician I,Production,Female,Hispanic,0,1,2020,0,60,0,55+,Needs Improvement,Low Value,Junior,2,1,1,Medium
2106,Tony Mendoza,2019-04-14,2023-01-20,Production Technician I,Production,Male,White,1377,0,2019,2023,57,61,55+,Exceeds,Low Value,Mid,2,1,4,High risk
2107,Jacqueline Black,2023-06-02,2023-07-24,Production Technician I,Production,Female,Hispanic,52,0,2023,2023,80,80,55+,Exceeds,Low Value,Junior,4,1,4,High risk
2108,Denise Mccullough,2022-05-09,2023-01-03,Production Technician I,Production,Female,White,239,0,2022,2023,44,45,45-54,Needs Improvement,Low Value,Junior,3,3,1,High risk
2109,Zain Tanner,2021-02-23,NULL,Production Technician I,Production,Female,Other,0,1,2021,0,33,0,35-44,Exceeds,Low Value,Junior,2,4,4,High risk
2110,Richard Deleon,2021-06-04,NULL,Production Technician I,Production,Female,Black,0,1,2021,0,73,0,55+,Exceeds,Low Value,Junior,2,1,4,High risk
2111,Carmelo Hayden,2022-03-29,2022-07-30,Production Technician I,Production,Female,Asian,123,0,2022,2022,65,65,55+,Needs Improvement,Low Value,Junior,4,1,1,Medium
2112,Emilio Pierce,2019-07-30,2020-01-21,Production Technician I,Production,Female,Other,175,0,2019,2020,76,77,55+,Exceeds,Low Value,Junior,3,1,4,High risk
2113,Emerson Wood,2020-07-09,2022-12-10,Production Technician I,Production,Female,White,884,0,2020,2022,76,78,55+,Exceeds,Low Value,Junior,3,1,4,High risk
2114,Abagail Moran,2019-08-24,NULL,Production Technician II,Production,Female,White,0,1,2019,0,27,0,25-34,Exceeds,Low Value,Junior,1,2,4,High risk
2115,Nikhil Cummings,2019-04-15,2023-05-10,Production Technician II,Production,Female,Asian,1486,0,2019,2023,41,45,45-54,Exceeds,Low Value,Mid,2,3,4,High risk
2116,Stanley Bowen,2021-08-21,NULL,Production Technician II,Production,Female,Black,0,1,2021,0,75,0,55+,Needs Improvement,Low Value,Junior,2,1,1,Medium
2117,Terrell Hanna,2020-06-22,NULL,Production Technician II,Production,Female,Hispanic,0,1,2020,0,27,0,25-34,Exceeds,Low Value,Junior,2,2,4,High risk
2118,Dale Mendoza,2020-01-28,NULL,Production Technician II,Production,Female,White,0,1,2020,0,20,0,25-34,Exceeds,Low Value,Junior,2,2,4,High risk
2119,Marcos Carey,2019-03-29,NULL,Production Technician II,Production,Female,White,0,1,2019,0,78,0,55+,Exceeds,Low Value,Junior,1,1,4,Medium
2120,Simeon Pittman,2018-10-05,NULL,Production Technician II,Production,Female,Asian,0,1,2018,0,51,0,55+,Needs Improvement,Low Value,Junior,1,1,1,Low
2121,Jenna Cochran,2020-08-20,NULL,Production Technician II,Production,Female,Asian,0,1,2020,0,22,0,25-34,Exceeds,Low Value,Junior,2,2,4,High risk
2122,Tia Kent,2021-06-11,2022-11-14,Production Technician I,Production,Female,Asian,521,0,2021,2022,46,47,45-54,Needs Improvement,Low Value,Junior,3,3,1,High risk
2123,Chace Farley,2021-09-10,NULL,Production Technician I,Production,Female,White,0,1,2021,0,42,0,45-54,Exceeds,Low Value,Junior,2,3,4,High risk
2124,Spencer Hicks,2023-02-21,2023-07-09,Production Technician I,Production,Female,White,138,0,2023,2023,73,73,55+,Exceeds,Low Value,Junior,4,1,4,High risk
2125,Leslie Zamora,2019-08-09,NULL,Production Technician I,Production,Female,White,0,1,2019,0,18,0,Under 25,Exceeds,Low Value,Junior,1,5,4,High risk
2126,Chasity Kennedy,2021-03-08,2022-10-07,Production Technician I,Production,Female,Black,578,0,2021,2022,52,53,55+,Performance Improvement Plan,Low Value,Junior,3,1,2,Medium
2127,Makena Benitez,2019-07-20,NULL,Production Technician I,Production,Female,Black,0,1,2019,0,66,0,55+,Needs Improvement,Low Value,Junior,1,1,1,Low
2128,Remington Walton,2023-03-27,NULL,Production Technician I,Production,Female,Black,0,1,2023,0,68,0,55+,Needs Improvement,Low Value,Junior,3,1,1,Medium
2129,Raina Best,2019-10-07,NULL,Production Technician I,Production,Male,Other,0,1,2019,0,31,0,35-44,Needs Improvement,Low Value,Junior,1,4,1,Medium
2130,Paulina Henderson,2022-12-13,NULL,Production Technician I,Production,Female,Other,0,1,2022,0,49,0,45-54,Needs Improvement,Low Value,Junior,3,3,1,High risk
2131,Kaiya Marsh,2020-06-06,2022-03-12,Production Technician I,Production,Female,Black,644,0,2020,2022,69,71,55+,Needs Improvement,Low Value,Junior,3,1,1,Medium
2132,Scarlett Brooks,2022-04-25,NULL,Production Technician I,Production,Female,Other,0,1,2022,0,58,0,55+,Needs Improvement,Low Value,Junior,3,1,1,Medium
2133,Makhi Kramer,2020-07-28,NULL,Production Technician I,Production,Female,Black,0,1,2020,0,46,0,45-54,Performance Improvement Plan,Low Value,Junior,2,3,2,High risk
2134,Beatrice Faulkner,2022-02-28,2023-05-31,Production Technician I,Production,Female,Hispanic,457,0,2022,2023,21,22,Under 25,Exceeds,Low Value,Junior,3,5,4,High risk
2135,Valeria Mayo,2021-10-25,2023-02-18,Production Technician I,Production,Female,Asian,481,0,2021,2023,66,68,55+,Exceeds,Low Value,Junior,3,1,4,High risk
2136,Darrell Vaughan,2018-09-12,2020-07-11,Production Technician I,Production,Female,Other,668,0,2018,2020,27,29,25-34,Exceeds,Low Value,Junior,3,2,4,High risk
2137,Carlos Murphy,2022-12-31,2023-01-15,Production Technician II,Production,Female,Black,15,0,2022,2023,60,61,55+,Exceeds,Low Value,Junior,3,1,4,High risk
2138,Wilson Sloan,2021-11-04,2023-06-10,Production Technician II,Production,Female,Hispanic,583,0,2021,2023,55,57,55+,Exceeds,Low Value,Junior,3,1,4,High risk
2139,Kaleb Elliott,2020-05-05,NULL,Production Technician II,Production,Female,White,0,1,2020,0,52,0,55+,Exceeds,Low Value,Junior,2,1,4,High risk
2140,Harley Jones,2020-12-08,NULL,Production Technician II,Production,Female,Black,0,1,2020,0,51,0,55+,Exceeds,Low Value,Junior,2,1,4,High risk
2141,Casey Dixon,2018-09-29,2023-05-20,Production Technician II,Production,Female,Hispanic,1694,0,2018,2023,72,77,55+,Exceeds,Low Value,Senior,2,1,4,High risk
2142,Josue Gentry,2020-01-09,2020-11-02,Production Technician II,Production,Female,Other,298,0,2020,2020,55,55,55+,Exceeds,Low Value,Junior,4,1,4,High risk
2143,Adelaide Meyer,2020-07-01,2022-10-31,Production Technician II,Production,Female,Asian,852,0,2020,2022,26,28,25-34,Exceeds,Low Value,Junior,3,2,4,High risk
2144,Pierre Craig,2022-08-25,NULL,Production Technician II,Production,Female,Hispanic,0,1,2022,0,24,0,25-34,Exceeds,Low Value,Junior,3,2,4,High risk
2145,Leo Hickman,2019-02-27,NULL,Production Technician II,Production,Female,Other,0,1,2019,0,30,0,35-44,Exceeds,Low Value,Junior,1,4,4,High risk
2146,Frankie Franklin,2019-12-25,2023-06-04,Production Technician I,Production,Female,Other,1257,0,2019,2023,76,80,55+,Exceeds,Low Value,Mid,2,1,4,High risk
2147,Vance Cain,2020-08-14,2021-10-27,Production Technician I,Production,Female,Hispanic,439,0,2020,2021,39,40,35-44,Exceeds,Low Value,Junior,3,4,4,High risk
2148,Joel Koch,2021-07-30,NULL,Production Technician I,Production,Female,Black,0,1,2021,0,72,0,55+,Exceeds,Low Value,Junior,2,1,4,High risk
2149,Cheyanne Hess,2021-05-02,2023-06-27,Production Technician I,Production,Female,White,786,0,2021,2023,24,26,25-34,Exceeds,Low Value,Junior,3,2,4,High risk
2150,Ishaan Sheppard,2023-01-21,2023-03-29,Production Technician I,Production,Female,Asian,67,0,2023,2023,52,52,45-54,Exceeds,Low Value,Junior,4,3,4,High risk
2151,Areli Mitchell,2021-01-20,2023-06-27,Production Technician I,Production,Female,Hispanic,888,0,2021,2023,71,73,55+,Exceeds,Low Value,Junior,3,1,4,High risk
2152,Alexis Kirby,2020-10-07,NULL,Production Technician I,Production,Female,White,0,1,2020,0,64,0,55+,Exceeds,Low Value,Junior,2,1,4,High risk
2153,Alfred Caldwell,2019-06-15,NULL,Production Technician I,Production,Female,Other,0,1,2019,0,75,0,55+,Exceeds,Low Value,Junior,1,1,4,Medium
2154,Julianna Vang,2022-04-28,NULL,Production Technician I,Production,Male,Other,0,1,2022,0,47,0,45-54,Exceeds,Low Value,Junior,3,3,4,High risk
2155,Arthur Wilson,2019-06-29,2023-02-19,Production Technician I,Production,Female,Other,1331,0,2019,2023,77,81,55+,Exceeds,Low Value,Mid,2,1,4,High risk
2156,Ariel Osborn,2018-09-11,2020-03-14,Production Technician I,Production,Female,Black,550,0,2018,2020,29,31,35-44,Exceeds,Low Value,Junior,3,4,4,High risk
2157,Ansley Arias,2020-05-15,2021-12-22,Production Technician I,Production,Female,Asian,586,0,2020,2021,70,71,55+,Exceeds,Low Value,Junior,3,1,4,High risk
2158,Melany Stafford,2023-02-23,NULL,Production Technician I,Production,Female,White,0,1,2023,0,61,0,55+,Exceeds,Low Value,Junior,3,1,4,High risk
2159,Matias Burns,2021-03-23,2022-03-22,Production Technician I,Production,Female,White,364,0,2021,2022,38,39,35-44,Exceeds,Low Value,Junior,3,4,4,High risk
2160,Aden George,2022-11-07,2023-04-06,Production Technician I,Production,Female,Other,150,0,2022,2023,34,35,35-44,Exceeds,Low Value,Junior,3,4,4,High risk
2161,Rodolfo Franklin,2021-05-19,NULL,Production Technician I,Production,Female,Asian,0,1,2021,0,70,0,55+,Exceeds,Low Value,Junior,2,1,4,High risk
2162,Juliet Wall,2021-01-02,NULL,Production Technician II,Production,Female,Asian,0,1,2021,0,51,0,55+,Exceeds,Low Value,Junior,2,1,4,High risk
2163,London Contreras,2019-03-26,NULL,Production Technician II,Production,Female,White,0,1,2019,0,53,0,55+,Exceeds,Low Value,Junior,1,1,4,Medium
2164,Kyler Burton,2020-09-28,NULL,Production Technician II,Production,Female,Black,0,1,2020,0,70,0,55+,Exceeds,Low Value,Junior,2,1,4,High risk
2165,Yasmine Hughes,2019-03-16,2020-04-26,Production Technician II,Production,Female,Asian,407,0,2019,2020,71,72,55+,Exceeds,Low Value,Junior,3,1,4,High risk
2166,Dillon Sullivan,2019-03-20,NULL,Production Technician II,Production,Female,Asian,0,1,2019,0,22,0,25-34,Exceeds,Low Value,Junior,1,2,4,High risk
2167,Kendrick Ashley,2018-12-30,2020-08-10,Production Technician II,Production,Female,Hispanic,589,0,2018,2020,27,29,25-34,Exceeds,Low Value,Junior,3,2,4,High risk
2168,Rashad Mayo,2018-08-08,NULL,Production Technician II,Production,Female,Black,0,1,2018,0,23,0,25-34,Exceeds,Low Value,Junior,1,2,4,High risk
2169,Larissa Warner,2020-07-04,2022-05-11,Production Technician II,Production,Female,Black,676,0,2020,2022,25,27,25-34,Exceeds,Low Value,Junior,3,2,4,High risk
2170,Delilah Cooke,2023-01-29,NULL,Production Technician I,Production,Female,Black,0,1,2023,0,73,0,55+,Exceeds,Low Value,Junior,3,1,4,High risk
2171,Simone Sharp,2021-08-09,2022-05-27,Production Technician I,Production,Female,Hispanic,291,0,2021,2022,29,30,25-34,Exceeds,Low Value,Junior,3,2,4,High risk
2172,Cristofer Mcbride,2021-05-16,2023-06-30,Production Technician I,Production,Female,Other,775,0,2021,2023,27,29,25-34,Exceeds,Medium Value,Junior,3,2,4,High risk
2173,Charlize Wong,2021-08-14,2021-10-08,Production Technician I,Production,Female,Asian,55,0,2021,2021,34,34,35-44,Exceeds,Low Value,Junior,4,4,4,High risk
2174,Adelaide Herman,2022-02-08,NULL,Production Technician I,Production,Female,Black,0,1,2022,0,52,0,55+,Exceeds,Low Value,Junior,3,1,4,High risk
2175,Kason Ellison,2019-12-16,2020-06-21,Production Technician I,Production,Female,Hispanic,188,0,2019,2020,32,33,35-44,Exceeds,Low Value,Junior,3,4,4,High risk
2176,Tyree Weaver,2021-10-07,NULL,Production Technician I,Production,Female,Asian,0,1,2021,0,33,0,35-44,Exceeds,Low Value,Junior,2,4,4,High risk
2177,Landen Figueroa,2020-12-23,NULL,Production Technician I,Production,Male,Asian,0,1,2020,0,69,0,55+,Performance Improvement Plan,Low Value,Junior,2,1,2,Medium
2178,Francis Robbins,2022-11-01,NULL,Production Technician I,Production,Female,Hispanic,0,1,2022,0,32,0,35-44,Performance Improvement Plan,Low Value,Junior,3,4,2,High risk
2179,Raphael Solomon,2022-10-28,2023-05-27,Production Technician I,Production,Female,Black,211,0,2022,2023,26,27,25-34,Performance Improvement Plan,Low Value,Junior,3,2,2,High risk
2180,Zariah Castaneda,2018-11-03,2023-05-03,Production Technician I,Production,Female,Hispanic,1642,0,2018,2023,38,43,45-54,Performance Improvement Plan,Low Value,Mid,2,3,2,High risk
2181,Trevin Lambert,2019-03-05,2020-03-16,Production Technician I,Production,Female,Black,377,0,2019,2020,28,29,25-34,Performance Improvement Plan,Low Value,Junior,3,2,2,High risk
2182,Nathalie Hays,2021-03-14,NULL,Production Technician I,Production,Female,Black,0,1,2021,0,29,0,25-34,Exceeds,Low Value,Junior,2,2,4,High risk
2183,Bria Bush,2018-12-13,NULL,Production Technician I,Production,Female,White,0,1,2018,0,69,0,55+,Exceeds,Low Value,Junior,1,1,4,Medium
2184,Mason Brewer,2021-09-05,2023-03-31,Production Technician I,Production,Female,Other,572,0,2021,2023,37,39,35-44,Exceeds,Low Value,Junior,3,4,4,High risk
2185,Salvatore Snyder,2020-05-17,2022-02-18,Production Technician II,Production,Female,Asian,642,0,2020,2022,61,63,55+,Exceeds,Low Value,Junior,3,1,4,High risk
2186,Vivian Hickman,2023-03-03,2023-03-23,Production Technician II,Production,Male,Hispanic,20,0,2023,2023,26,26,25-34,Exceeds,Low Value,Junior,4,2,4,High risk
2187,Amaris Kirk,2020-02-28,NULL,Production Technician II,Production,Female,Hispanic,0,1,2020,0,22,0,25-34,Exceeds,Low Value,Junior,2,2,4,High risk
2188,Grant York,2021-02-11,2023-06-28,Production Technician II,Production,Female,Black,867,0,2021,2023,56,58,55+,Exceeds,Low Value,Junior,3,1,4,High risk
2189,Tyree Mahoney,2019-01-25,NULL,Production Technician II,Production,Female,White,0,1,2019,0,75,0,55+,Needs Improvement,Low Value,Junior,1,1,1,Low
2190,Kimberly Horn,2023-04-25,2023-06-15,Production Technician II,Production,Female,Asian,51,0,2023,2023,38,38,35-44,Needs Improvement,Low Value,Junior,4,4,1,High risk
2191,Paul Moreno,2021-02-14,2023-04-19,Production Technician II,Production,Female,Asian,794,0,2021,2023,50,52,45-54,Needs Improvement,Low Value,Junior,3,3,1,High risk
2192,Macey Christian,2020-10-07,2023-01-18,Production Technician II,Production,Female,Black,833,0,2020,2023,75,78,55+,Needs Improvement,Low Value,Junior,3,1,1,Medium
2193,Joel Bowen,2019-02-28,2023-06-01,Production Technician I,Production,Male,White,1554,0,2019,2023,56,60,55+,Needs Improvement,Low Value,Mid,2,1,1,Medium
2194,Isis Vega,2019-07-27,NULL,Production Technician I,Production,Female,Other,0,1,2019,0,27,0,25-34,Needs Improvement,Low Value,Junior,1,2,1,Medium
2195,Josie Mercer,2023-06-02,2023-07-07,Production Technician I,Production,Female,Black,35,0,2023,2023,69,69,55+,Needs Improvement,Low Value,Junior,4,1,1,Medium
2196,Ellie Ortega,2022-11-14,2023-01-04,Production Technician I,Production,Male,White,51,0,2022,2023,39,40,35-44,Needs Improvement,Low Value,Junior,3,4,1,High risk
2197,Adrien Maddox,2018-08-22,2021-11-10,Production Technician I,Production,Female,Asian,1176,0,2018,2021,35,38,35-44,Needs Improvement,Low Value,Mid,3,4,1,High risk
2198,Landyn Velez,2022-12-15,2022-12-29,Production Technician I,Production,Female,White,14,0,2022,2022,59,59,55+,Exceeds,Low Value,Junior,4,1,4,High risk
2199,Lilly Haynes,2020-05-31,NULL,Production Technician I,Production,Female,White,0,1,2020,0,43,0,45-54,Exceeds,Low Value,Junior,2,3,4,High risk
2200,Bianca Cardenas,2022-07-19,NULL,Production Technician I,Production,Female,Asian,0,1,2022,0,68,0,55+,Exceeds,Low Value,Junior,3,1,4,High risk
2201,Cayden Bartlett,2020-07-01,NULL,Production Technician I,Production,Male,Other,0,1,2020,0,30,0,35-44,Exceeds,Low Value,Junior,2,4,4,High risk
2202,Desiree Walker,2020-11-18,NULL,Production Technician I,Production,Female,Asian,0,1,2020,0,51,0,55+,Exceeds,Low Value,Junior,2,1,4,High risk
2203,Colton Le,2020-02-29,2021-05-20,Production Technician I,Production,Female,Asian,446,0,2020,2021,34,35,35-44,Exceeds,Low Value,Junior,3,4,4,High risk
2204,Leonidas Bridges,2021-09-24,2022-01-28,Production Technician I,Production,Female,Other,126,0,2021,2022,37,38,35-44,Needs Improvement,Low Value,Junior,3,4,1,High risk
2205,Gia Franco,2022-04-13,2023-07-30,Production Technician I,Production,Female,Black,473,0,2022,2023,78,79,55+,Needs Improvement,Low Value,Junior,3,1,1,Medium
2206,Audrina Williams,2022-10-25,NULL,Production Technician I,Production,Female,Other,0,1,2022,0,80,0,55+,Needs Improvement,Low Value,Junior,3,1,1,Medium
2207,Sam Knight,2021-01-27,NULL,Production Technician I,Production,Female,Black,0,1,2021,0,68,0,55+,Needs Improvement,Low Value,Junior,2,1,1,Medium
2208,Lisa Galia,2018-09-21,NULL,IT Support,IT/IS,Female,Other,0,1,2018,0,70,0,55+,Needs Improvement,Low Value,Junior,1,1,1,Low
2209,Rick Clayton,2020-04-14,NULL,IT Support,IT/IS,Male,Black,0,1,2020,0,20,0,25-34,Needs Improvement,Low Value,Junior,2,2,1,Medium
2210,Julia Soto,2021-05-31,2022-10-31,IT Support,IT/IS,Female,Black,518,0,2021,2022,56,57,55+,Exceeds,Low Value,Junior,3,1,4,High risk
2211,Leonara Lindsay,2020-04-10,NULL,IT Support,IT/IS,Female,White,0,1,2020,0,49,0,45-54,Exceeds,Low Value,Junior,2,3,4,High risk
2212,Savanna Mayo,2022-07-03,2023-03-22,IT Support,IT/IS,Female,White,262,0,2022,2023,31,32,25-34,Exceeds,Low Value,Junior,3,2,4,High risk
2213,Branden Khan,2023-03-15,2023-05-10,IT Support,IT/IS,Female,Asian,56,0,2023,2023,58,58,55+,Exceeds,Low Value,Junior,4,1,4,High risk
2214,Aiden Wade,2021-07-29,2022-08-12,IT Support,IT/IS,Female,Black,379,0,2021,2022,70,71,55+,Exceeds,Low Value,Junior,3,1,4,High risk
2215,Conrad Ochoa,2022-02-05,2023-01-13,IT Support,IT/IS,Female,Asian,342,0,2022,2023,60,61,55+,Exceeds,Low Value,Junior,3,1,4,High risk
2216,Jaylyn Bruce,2022-11-09,NULL,IT Manager - Support,IT/IS,Female,Hispanic,0,1,2022,0,50,0,45-54,Exceeds,Low Value,Junior,3,3,4,High risk
2217,Kaylie Ayers,2020-11-23,2020-12-14,IT Manager - Infra,IT/IS,Female,Hispanic,21,0,2020,2020,25,25,25-34,Exceeds,Low Value,Junior,4,2,4,High risk
2218,Abdullah Arellano,2019-02-21,2022-10-21,IT Manager - DB,IT/IS,Female,Asian,1338,0,2019,2022,52,55,55+,Exceeds,Low Value,Mid,3,1,4,High risk
2219,Hazel Lane,2022-09-25,2023-05-06,IT Support,IT/IS,Female,Hispanic,223,0,2022,2023,56,57,55+,Exceeds,Low Value,Junior,3,1,4,High risk
2220,Lilah Harrison,2022-09-17,NULL,IT Support,IT/IS,Female,Asian,0,1,2022,0,61,0,55+,Exceeds,Low Value,Junior,3,1,4,High risk
2221,Cedric Sawyer,2019-05-31,NULL,IT Support,IT/IS,Female,Hispanic,0,1,2019,0,26,0,25-34,Exceeds,Low Value,Junior,1,2,4,High risk
2222,Caiden Lam,2020-07-21,2021-08-18,IT Support,IT/IS,Female,Hispanic,393,0,2020,2021,22,23,25-34,Exceeds,Low Value,Junior,3,2,4,High risk
2223,Isla Hawkins,2020-07-04,NULL,IT Manager - Support,IT/IS,Female,Asian,0,1,2020,0,78,0,55+,Exceeds,Low Value,Junior,2,1,4,High risk
2224,Hadley Nash,2020-10-13,NULL,IT Manager - Infra,IT/IS,Female,Asian,0,1,2020,0,21,0,25-34,Exceeds,Low Value,Junior,2,2,4,High risk
2225,Milo Jensen,2023-05-01,NULL,IT Manager - DB,IT/IS,Male,Black,0,1,2023,0,52,0,45-54,Exceeds,Low Value,Junior,3,3,4,High risk
2226,Zechariah Strong,2019-03-22,2021-06-17,IT Support,IT/IS,Female,White,818,0,2019,2021,59,61,55+,Exceeds,Low Value,Junior,3,1,4,High risk
2227,Raymond Maldonado,2021-12-27,NULL,IT Support,IT/IS,Female,Black,0,1,2021,0,26,0,25-34,Needs Improvement,Low Value,Junior,2,2,1,Medium
2228,Kayley Romero,2018-08-12,2022-06-13,IT Support,IT/IS,Female,White,1401,0,2018,2022,76,80,55+,Performance Improvement Plan,Low Value,Mid,2,1,2,Medium
2229,Antonio Gray,2022-12-28,NULL,IT Support,IT/IS,Female,Asian,0,1,2022,0,45,0,45-54,Performance Improvement Plan,Low Value,Junior,3,3,2,High risk
2230,Kane Mcfarland,2018-11-25,NULL,IT Manager - Support,IT/IS,Female,Hispanic,0,1,2018,0,46,0,45-54,Fully Meets,Low Value,Junior,1,3,3,High risk
2231,Kylie Ellis,2020-12-26,NULL,IT Manager - Infra,IT/IS,Female,Other,0,1,2020,0,30,0,35-44,Fully Meets,Low Value,Junior,2,4,3,High risk
2232,Jovan Giles,2022-12-16,NULL,IT Manager - DB,IT/IS,Male,Hispanic,0,1,2022,0,80,0,55+,Fully Meets,Low Value,Junior,3,1,3,High risk
2233,Sheldon Castillo,2019-09-27,NULL,IT Support,IT/IS,Female,Asian,0,1,2019,0,42,0,45-54,Fully Meets,Low Value,Junior,1,3,3,High risk
2234,Ariel Barnes,2021-02-20,2022-01-09,IT Support,IT/IS,Female,Black,323,0,2021,2022,46,47,45-54,Fully Meets,Low Value,Junior,3,3,3,High risk
2235,Kyson Grimes,2022-02-26,NULL,IT Support,IT/IS,Female,Other,0,1,2022,0,68,0,55+,Fully Meets,Low Value,Junior,3,1,3,High risk
2236,Princess Long,2018-12-23,2021-10-11,IT Support,IT/IS,Female,Hispanic,1023,0,2018,2021,70,73,55+,Fully Meets,Low Value,Junior,3,1,3,High risk
2237,Lyla Wong,2022-01-10,2023-01-04,IT Manager - Support,IT/IS,Female,Other,359,0,2022,2023,47,48,45-54,Fully Meets,Low Value,Junior,3,3,3,High risk
2238,Shyanne Livingston,2021-03-04,2021-12-06,IT Manager - Infra,IT/IS,Male,Hispanic,277,0,2021,2021,49,49,45-54,Fully Meets,Low Value,Junior,4,3,3,High risk
2239,Dario Whitney,2023-03-10,2023-04-04,IT Manager - DB,IT/IS,Male,Asian,25,0,2023,2023,61,61,55+,Fully Meets,Low Value,Junior,4,1,3,High risk
2240,Pedro Nelson,2018-12-05,NULL,IT Support,IT/IS,Female,Hispanic,0,1,2018,0,21,0,25-34,Fully Meets,Low Value,Junior,1,2,3,Medium
2241,Carlo Carr,2021-06-24,NULL,IT Support,IT/IS,Female,Hispanic,0,1,2021,0,40,0,35-44,Fully Meets,Low Value,Junior,2,4,3,High risk
2242,Aileen Pacheco,2022-05-10,2022-07-16,IT Support,IT/IS,Female,Hispanic,67,0,2022,2022,28,28,25-34,Fully Meets,Low Value,Junior,4,2,3,High risk
2243,Dorian Wu,2023-04-13,2023-05-03,IT Support,IT/IS,Female,Other,20,0,2023,2023,69,69,55+,Fully Meets,Low Value,Junior,4,1,3,High risk
2244,Monica Pham,2022-08-04,NULL,IT Manager - Support,IT/IS,Female,Other,0,1,2022,0,73,0,55+,Fully Meets,Low Value,Junior,3,1,3,High risk
2245,Londyn Underwood,2021-02-28,2022-07-13,IT Manager - Infra,IT/IS,Male,Black,500,0,2021,2022,75,76,55+,Fully Meets,Low Value,Junior,3,1,3,High risk
2246,Britney Logan,2020-10-14,2022-04-10,IT Manager - DB,IT/IS,Male,White,543,0,2020,2022,47,49,45-54,Fully Meets,Low Value,Junior,3,3,3,High risk
2247,Alessandra Novak,2018-09-10,2023-06-08,IT Support,IT/IS,Female,Hispanic,1732,0,2018,2023,35,40,35-44,Fully Meets,Low Value,Senior,2,4,3,High risk
2248,Ariel Powers,2022-12-16,2023-05-28,IT Support,IT/IS,Female,Hispanic,163,0,2022,2023,23,24,25-34,Fully Meets,Low Value,Junior,3,2,3,High risk
2249,Jewel Bryant,2018-09-28,2019-01-26,IT Support,IT/IS,Female,Black,120,0,2018,2019,24,25,25-34,Fully Meets,Low Value,Junior,3,2,3,High risk
2250,Irene Kim,2022-03-08,2022-04-26,IT Support,IT/IS,Female,Asian,49,0,2022,2022,60,60,55+,Fully Meets,Low Value,Junior,4,1,3,High risk
2251,Carla Willis,2022-01-12,NULL,IT Manager - Support,IT/IS,Female,Hispanic,0,1,2022,0,44,0,45-54,Fully Meets,Low Value,Junior,3,3,3,High risk
2252,Ricardo Fitzgerald,2020-12-08,NULL,IT Manager - Infra,IT/IS,Male,White,0,1,2020,0,47,0,45-54,Fully Meets,Low Value,Junior,2,3,3,High risk
2253,Steven Jarvis,2020-11-17,NULL,IT Support,IT/IS,Female,Other,0,1,2020,0,38,0,35-44,Fully Meets,Low Value,Junior,2,4,3,High risk
2254,Benjamin Marquez,2021-01-18,NULL,IT Support,IT/IS,Female,Hispanic,0,1,2021,0,64,0,55+,Fully Meets,Low Value,Junior,2,1,3,Medium
2255,Gabrielle Mercer,2020-09-15,2021-10-01,IT Support,IT/IS,Female,Hispanic,381,0,2020,2021,30,31,35-44,Fully Meets,Low Value,Junior,3,4,3,High risk
2256,Kaylyn Pham,2019-12-11,NULL,IT Support,IT/IS,Female,Asian,0,1,2019,0,38,0,35-44,Fully Meets,Low Value,Junior,1,4,3,High risk
2257,Ingrid Lucero,2021-04-29,2022-06-10,IT Manager - Support,IT/IS,Male,White,407,0,2021,2022,33,34,35-44,Fully Meets,Low Value,Junior,3,4,3,High risk
2258,Keshawn Gilmore,2021-04-03,NULL,IT Manager - Infra,IT/IS,Male,White,0,1,2021,0,22,0,25-34,Fully Meets,Low Value,Junior,2,2,3,High risk
2259,Connor Wang,2022-02-01,NULL,IT Support,IT/IS,Female,Hispanic,0,1,2022,0,61,0,55+,Fully Meets,Low Value,Junior,3,1,3,High risk
2260,Rocco Vaughan,2020-01-17,2021-09-30,IT Support,IT/IS,Female,Hispanic,622,0,2020,2021,28,29,25-34,Fully Meets,Low Value,Junior,3,2,3,High risk
2261,Samuel Jennings,2022-06-01,NULL,IT Support,IT/IS,Female,Black,0,1,2022,0,64,0,55+,Fully Meets,Low Value,Junior,3,1,3,High risk
2262,Shane Harper,2019-03-17,NULL,IT Support,IT/IS,Female,Other,0,1,2019,0,69,0,55+,Fully Meets,Low Value,Junior,1,1,3,Medium
2263,Kali Yates,2020-01-07,NULL,IT Manager - Support,IT/IS,Male,Hispanic,0,1,2020,0,55,0,55+,Fully Meets,Low Value,Junior,2,1,3,Medium
2264,Piper Guzman,2021-02-24,2021-12-29,IT Manager - Infra,IT/IS,Male,White,308,0,2021,2021,42,42,45-54,Fully Meets,Low Value,Junior,4,3,3,High risk
2265,Halle Pena,2019-12-30,NULL,IT Support,IT/IS,Female,Hispanic,0,1,2019,0,75,0,55+,Fully Meets,Low Value,Junior,1,1,3,Medium
2266,Jameson Eaton,2020-05-12,2021-03-17,IT Support,IT/IS,Female,Other,309,0,2020,2021,45,46,45-54,Fully Meets,Low Value,Junior,3,3,3,High risk
2267,Antony Brandt,2023-04-04,NULL,IT Support,IT/IS,Female,Hispanic,0,1,2023,0,52,0,45-54,Fully Meets,Low Value,Junior,3,3,3,High risk
2268,Armani Rogers,2021-01-04,2022-04-28,IT Support,IT/IS,Male,White,479,0,2021,2022,58,59,55+,Fully Meets,Low Value,Junior,3,1,3,High risk
2269,Jacoby Lyons,2020-04-28,2022-12-01,IT Manager - Support,IT/IS,Male,Hispanic,947,0,2020,2022,46,48,45-54,Fully Meets,Low Value,Junior,3,3,3,High risk
2270,Dylan Livingston,2019-04-16,2021-07-31,IT Support,IT/IS,Female,Asian,837,0,2019,2021,67,69,55+,Fully Meets,Low Value,Junior,3,1,3,High risk
2271,Raelynn Compton,2022-07-09,NULL,IT Support,IT/IS,Female,Hispanic,0,1,2022,0,26,0,25-34,Fully Meets,Low Value,Junior,3,2,3,High risk
2272,Darryl Richmond,2022-08-29,2023-01-15,IT Support,IT/IS,Female,Black,139,0,2022,2023,35,36,35-44,Fully Meets,Low Value,Junior,3,4,3,High risk
2273,Ana Stafford,2020-01-26,2020-12-11,IT Support,IT/IS,Male,Other,320,0,2020,2020,64,64,55+,Fully Meets,Low Value,Junior,4,1,3,High risk
2274,Carlos Mccoy,2020-02-18,NULL,IT Manager - Support,IT/IS,Male,Other,0,1,2020,0,20,0,25-34,Fully Meets,Low Value,Junior,2,2,3,High risk
2275,Michael Albert,2022-01-25,NULL,Production Manager,Production,Male,Asian,0,1,2022,0,72,0,55+,Fully Meets,Low Value,Junior,3,1,3,High risk
2276,Courtney E Wallace,2023-07-10,NULL,Production Manager,Production,Female,White,0,1,2023,0,41,0,35-44,Fully Meets,Low Value,Junior,3,4,3,High risk
2277,Amy Dunn,2022-04-14,NULL,Production Manager,Production,Female,Hispanic,0,1,2022,0,59,0,55+,Fully Meets,Low Value,Junior,3,1,3,High risk
2278,Kissy Sullivan,2022-07-10,NULL,Production Manager,Production,Female,White,0,1,2022,0,59,0,55+,Fully Meets,Low Value,Junior,3,1,3,High risk
2279,Walter Immediato,2022-06-27,NULL,Production Manager,Production,Male,Other,0,1,2022,0,45,0,45-54,Fully Meets,Low Value,Junior,3,3,3,High risk
2280,Ebonee Peterson,2018-12-04,2023-07-07,Production Manager,Production,Female,White,1676,0,2018,2023,33,38,35-44,Fully Meets,Low Value,Senior,2,4,3,High risk
2281,Elijiah Gray,2019-09-10,NULL,Production Manager,Production,Male,Hispanic,0,1,2019,0,21,0,25-34,Fully Meets,Low Value,Junior,1,2,3,Medium
2282,Charles Bozzi,2019-04-25,NULL,Production Manager,Production,Male,Asian,0,1,2019,0,52,0,55+,Fully Meets,Low Value,Junior,1,1,3,Medium
2283,Sean Quinn,2018-10-03,2019-06-27,Shared Services Manager,Admin Offices,Male,White,267,0,2018,2019,57,58,55+,Fully Meets,Low Value,Junior,3,1,3,High risk
2284,Jennifer Zamora,2022-06-14,NULL,CIO,IT/IS,Female,Other,0,1,2022,0,62,0,55+,Fully Meets,Low Value,Junior,3,1,3,High risk
2285,Webster L Butler,2022-02-15,NULL,Production Manager,Production,Male,Other,0,1,2022,0,51,0,45-54,Fully Meets,Low Value,Junior,3,3,3,High risk
2286,Brannon Miller,2018-09-24,2021-01-18,Production Manager,Production,Male,Black,847,0,2018,2021,37,40,35-44,Fully Meets,Low Value,Junior,3,4,3,High risk
2287,Ketsia Liebig,2022-03-09,2023-04-08,Production Manager,Production,Female,White,395,0,2022,2023,61,62,55+,Fully Meets,Low Value,Junior,3,1,3,High risk
2288,Kelley Spirea,2018-11-07,2020-05-25,Production Manager,Production,Female,Black,565,0,2018,2020,34,36,35-44,Fully Meets,Low Value,Junior,3,4,3,High risk
2289,Brandon R LeBlanc,2019-08-31,NULL,Shared Services Manager,Admin Offices,Male,White,0,1,2019,0,57,0,55+,Fully Meets,Low Value,Junior,1,1,3,Medium
2290,Debra Houlihan,2020-11-27,2023-07-05,Director of Sales,Sales,Female,Hispanic,950,0,2020,2023,78,81,55+,Fully Meets,Low Value,Junior,3,1,3,High risk
2291,Elisa Bramante,2020-07-07,NULL,Director of Operations,Production,Female,Black,0,1,2020,0,35,0,35-44,Fully Meets,Low Value,Junior,2,4,3,High risk
2292,Jonathan Hogland,2020-01-11,NULL,Production Manager,Production,Male,White,0,1,2020,0,57,0,55+,Fully Meets,Low Value,Junior,2,1,3,Medium
2293,David Stanley,2020-06-15,2021-09-05,Production Manager,Production,Male,Other,447,0,2020,2021,22,23,25-34,Fully Meets,Low Value,Junior,3,2,3,High risk
2294,Ariana Strickland,2020-10-10,NULL,Production Manager,Production,Male,Black,0,1,2020,0,45,0,45-54,Fully Meets,Low Value,Junior,2,3,3,High risk
2295,Everett Jordan,2022-05-19,2023-04-10,Production Manager,Production,Female,Asian,326,0,2022,2023,23,24,25-34,Fully Meets,Low Value,Junior,3,2,3,High risk
2296,Ronnie Middleton,2021-08-25,NULL,Production Manager,Production,Female,Hispanic,0,1,2021,0,48,0,45-54,Fully Meets,Low Value,Junior,2,3,3,High risk
2297,Deandre Richard,2018-12-18,2019-09-25,Production Manager,Production,Female,Black,281,0,2018,2019,60,61,55+,Fully Meets,Low Value,Junior,3,1,3,High risk
2298,Terry Gay,2023-08-05,NULL,Production Manager,Production,Female,Other,0,1,2023,0,65,0,55+,Fully Meets,Low Value,Junior,3,1,3,High risk
2299,Emiliano Rich,2022-04-13,2023-04-17,Production Manager,Production,Female,Asian,369,0,2022,2023,80,81,55+,Fully Meets,Low Value,Junior,3,1,3,High risk
2300,Wesley Nguyen,2020-09-26,NULL,Production Manager,Production,Female,Black,0,1,2020,0,73,0,55+,Fully Meets,Low Value,Junior,2,1,3,Medium
2301,Lauren Keith,2021-02-12,2022-08-03,Production Manager,Production,Female,Asian,537,0,2021,2022,75,76,55+,Fully Meets,Low Value,Junior,3,1,3,High risk
2302,Marlene Rhodes,2019-01-02,2020-10-09,Production Manager,Production,Female,Hispanic,646,0,2019,2020,31,32,35-44,Fully Meets,Low Value,Junior,3,4,3,High risk
2303,Penelope Jordan,2019-10-26,2023-07-22,Production Manager,Production,Female,Black,1365,0,2019,2023,62,66,55+,Fully Meets,Low Value,Mid,2,1,3,Medium
2304,Marlon Stanton,2021-04-11,NULL,President & CEO,Production,Female,White,0,1,2021,0,64,0,55+,Fully Meets,Low Value,Junior,2,1,3,Medium
2305,Rosemary Thornton,2019-12-11,2021-05-12,Network Engineer,Production,Female,White,518,0,2019,2021,49,51,55+,Fully Meets,Low Value,Junior,3,1,3,High risk
2306,Ayanna Lutz,2020-10-21,2023-05-14,Network Engineer,Production,Male,Hispanic,935,0,2020,2023,21,24,25-34,Fully Meets,Low Value,Junior,3,2,3,High risk
2307,Case Hahn,2020-05-08,NULL,Network Engineer,Executive Office,Male,Asian,0,1,2020,0,32,0,35-44,Fully Meets,Low Value,Junior,2,4,3,High risk
2308,Asia Rivers,2022-05-24,2022-10-13,Data Analyst,Production,Male,Other,142,0,2022,2022,23,23,25-34,Fully Meets,Low Value,Junior,4,2,3,High risk
2309,Alexa Mercer,2019-06-05,NULL,Data Analyst,Production,Male,Hispanic,0,1,2019,0,28,0,25-34,Fully Meets,Low Value,Junior,1,2,3,Medium
2310,Jade Sloan,2022-04-21,NULL,Data Analyst,Production,Male,Hispanic,0,1,2022,0,39,0,35-44,Fully Meets,Low Value,Junior,3,4,3,High risk
2311,Araceli Castillo,2019-12-10,2023-02-21,Data Analyst,Production,Female,Black,1169,0,2019,2023,48,52,45-54,Fully Meets,Low Value,Mid,2,3,3,High risk
2312,Maximilian Carney,2019-11-26,NULL,Data Analyst,IT/IS,Male,Asian,0,1,2019,0,68,0,55+,Fully Meets,Low Value,Junior,1,1,3,Medium
2313,Ayanna Bowman,2021-09-13,NULL,Data Analyst,IT/IS,Male,Asian,0,1,2021,0,21,0,25-34,Fully Meets,Low Value,Junior,2,2,3,High risk
2314,Lia Blair,2019-08-19,NULL,Data Analyst,IT/IS,Female,Asian,0,1,2019,0,58,0,55+,Fully Meets,Low Value,Junior,1,1,3,Medium
2315,Marcelo Flowers,2022-06-12,2023-07-09,Production Manager,Production,Female,Other,392,0,2022,2023,36,37,35-44,Fully Meets,Low Value,Junior,3,4,3,High risk
2316,Antwan Gay,2021-07-21,NULL,Production Manager,Production,Male,Asian,0,1,2021,0,48,0,45-54,Fully Meets,Low Value,Junior,2,3,3,High risk
2317,Jaydan Hoffman,2020-11-13,NULL,Production Manager,Production,Female,Black,0,1,2020,0,76,0,55+,Fully Meets,Low Value,Junior,2,1,3,Medium
2318,Faith Golden,2022-02-20,NULL,Production Manager,Production,Female,White,0,1,2022,0,65,0,55+,Fully Meets,Low Value,Junior,3,1,3,High risk
2319,Kaylee Harvey,2019-03-28,2022-04-14,Production Manager,Production,Female,White,1113,0,2019,2022,36,39,35-44,Fully Meets,Low Value,Mid,3,4,3,High risk
2320,Kristen Peters,2022-10-26,2023-06-17,Production Manager,Production,Female,White,234,0,2022,2023,58,59,55+,Fully Meets,Low Value,Junior,3,1,3,High risk
2321,Hadassah Gallegos,2023-05-10,2023-05-14,Production Manager,Production,Female,Black,4,0,2023,2023,72,72,55+,Fully Meets,Low Value,Junior,4,1,3,High risk
2322,Ariel Cervantes,2022-09-01,NULL,Production Manager,Production,Female,Asian,0,1,2022,0,59,0,55+,Fully Meets,Low Value,Junior,3,1,3,High risk
2323,Aubree Villanueva,2021-04-21,2021-08-17,Production Manager,Production,Female,Asian,118,0,2021,2021,62,62,55+,Fully Meets,Low Value,Junior,4,1,3,High risk
2324,Aspen Dixon,2021-07-23,2023-02-15,Production Manager,Production,Female,Black,572,0,2021,2023,25,27,25-34,Fully Meets,Low Value,Junior,3,2,3,High risk
2325,Keenan Jensen,2020-12-29,NULL,Production Manager,Production,Female,Asian,0,1,2020,0,21,0,25-34,Fully Meets,Low Value,Junior,2,2,3,High risk
2326,Malakai Whitehead,2022-08-08,NULL,President & CEO,Production,Female,Black,0,1,2022,0,75,0,55+,Fully Meets,Low Value,Junior,3,1,3,High risk
2327,Parker Cunningham,2020-07-30,NULL,Network Engineer,Production,Male,Black,0,1,2020,0,49,0,45-54,Fully Meets,Low Value,Junior,2,3,3,High risk
2328,Kadyn Herring,2019-03-18,NULL,Network Engineer,Production,Male,Asian,0,1,2019,0,39,0,45-54,Fully Meets,Low Value,Junior,1,3,3,High risk
2329,Aubree Anderson,2019-07-25,2022-09-03,Network Engineer,Executive Office,Male,Asian,1136,0,2019,2022,57,60,55+,Fully Meets,Low Value,Mid,3,1,3,High risk
2330,John Forbes,2021-10-16,NULL,Data Analyst,Production,Male,Other,0,1,2021,0,64,0,55+,Fully Meets,Low Value,Junior,2,1,3,Medium
2331,Violet Willis,2019-12-06,2021-10-29,Data Analyst,Production,Male,Black,693,0,2019,2021,67,69,55+,Fully Meets,Low Value,Junior,3,1,3,High risk
2332,Jaime Austin,2019-06-29,2020-07-21,Data Analyst,Production,Male,White,388,0,2019,2020,48,49,45-54,Fully Meets,Low Value,Junior,3,3,3,High risk
2333,Natalee Lane,2019-04-03,NULL,Data Analyst,IT/IS,Female,Asian,0,1,2019,0,68,0,55+,Fully Meets,Low Value,Junior,1,1,3,Medium
2334,Iris Preston,2021-07-21,2022-09-03,Data Analyst,IT/IS,Male,Asian,409,0,2021,2022,38,39,35-44,Fully Meets,Low Value,Junior,3,4,3,High risk
2335,Magdalena Fischer,2022-07-27,NULL,Data Analyst,IT/IS,Male,White,0,1,2022,0,78,0,55+,Fully Meets,Low Value,Junior,3,1,3,High risk
2336,Walter Dominguez,2019-10-06,NULL,Production Manager,Production,Female,Other,0,1,2019,0,35,0,35-44,Fully Meets,Low Value,Junior,1,4,3,High risk
2337,Hallie Macias,2021-04-16,NULL,Production Manager,Production,Male,Other,0,1,2021,0,32,0,35-44,Fully Meets,Low Value,Junior,2,4,3,High risk
2338,Ivan Hull,2018-10-10,2022-05-02,Production Manager,Production,Female,Other,1300,0,2018,2022,47,51,45-54,Fully Meets,Low Value,Mid,2,3,3,High risk
2339,India Kemp,2022-07-25,2022-11-08,Production Manager,Production,Female,Black,106,0,2022,2022,50,50,45-54,Fully Meets,Low Value,Junior,4,3,3,High risk
2340,Alice Dudley,2021-03-17,2023-05-13,Production Manager,Production,Female,White,787,0,2021,2023,20,22,Under 25,Fully Meets,Low Value,Junior,3,5,3,High risk
2341,Jesus Hendricks,2018-10-13,NULL,Production Manager,Production,Female,Hispanic,0,1,2018,0,34,0,35-44,Fully Meets,Low Value,Junior,1,4,3,High risk
2342,Eli Owens,2020-01-09,NULL,Production Manager,Production,Female,Other,0,1,2020,0,53,0,55+,Fully Meets,Low Value,Junior,2,1,3,Medium
2343,Emelia Mcintyre,2019-09-18,NULL,Production Manager,Production,Female,Hispanic,0,1,2019,0,21,0,25-34,Fully Meets,Low Value,Junior,1,2,3,Medium
2344,Jaden Bates,2019-10-26,2020-03-10,Production Manager,Production,Female,Other,136,0,2019,2020,28,29,25-34,Fully Meets,Low Value,Junior,3,2,3,High risk
2345,Nyla Schwartz,2020-09-14,2023-05-30,Production Manager,Production,Female,Hispanic,988,0,2020,2023,49,52,45-54,Fully Meets,Low Value,Junior,3,3,3,High risk
2346,Taryn Black,2023-04-09,NULL,Production Manager,Production,Female,Hispanic,0,1,2023,0,39,0,35-44,Fully Meets,Low Value,Junior,3,4,3,High risk
2347,Karley Novak,2019-10-25,NULL,President & CEO,Production,Female,White,0,1,2019,0,42,0,45-54,Fully Meets,Low Value,Junior,1,3,3,High risk
2348,Payten Harvey,2022-06-25,NULL,Network Engineer,Production,Male,Asian,0,1,2022,0,46,0,45-54,Fully Meets,Low Value,Junior,3,3,3,High risk
2349,Reagan Atkinson,2023-01-26,2023-02-27,Network Engineer,Production,Male,Black,32,0,2023,2023,67,67,55+,Fully Meets,Low Value,Junior,4,1,3,High risk
2350,Rey Werner,2020-02-19,NULL,Network Engineer,Executive Office,Male,Black,0,1,2020,0,47,0,45-54,Fully Meets,Low Value,Junior,2,3,3,High risk
2351,Kendall Mcintyre,2019-12-24,2020-06-21,Data Analyst,Production,Male,Hispanic,180,0,2019,2020,76,77,55+,Fully Meets,Low Value,Junior,3,1,3,High risk
2352,Anahi Frye,2020-10-16,2020-11-15,Data Analyst,Production,Male,White,30,0,2020,2020,27,27,25-34,Fully Meets,Low Value,Junior,4,2,3,High risk
2353,Dalia Booth,2018-09-07,NULL,Data Analyst,IT/IS,Female,Hispanic,0,1,2018,0,21,0,25-34,Fully Meets,Low Value,Junior,1,2,3,Medium
2354,Charlee Navarro,2022-01-07,2022-06-29,Data Analyst,IT/IS,Female,White,173,0,2022,2022,51,51,45-54,Fully Meets,Low Value,Junior,4,3,3,High risk
2355,Karter Perry,2019-03-25,2019-04-23,Data Analyst,IT/IS,Male,Asian,29,0,2019,2019,76,76,55+,Fully Meets,Low Value,Junior,4,1,3,High risk
2356,Sariah Little,2021-11-18,2022-12-17,Data Analyst,IT/IS,Male,Black,394,0,2021,2022,66,67,55+,Fully Meets,Low Value,Junior,3,1,3,High risk
2357,Antoine Murray,2022-12-31,2023-07-21,Production Manager,Production,Female,Black,202,0,2022,2023,79,80,55+,Fully Meets,Low Value,Junior,3,1,3,High risk
2358,Summer Huang,2020-05-14,2022-11-29,Production Manager,Production,Male,Black,929,0,2020,2022,27,29,25-34,Fully Meets,Low Value,Junior,3,2,3,High risk
2359,Jaylyn Contreras,2020-12-13,2023-02-12,Production Manager,Production,Female,Other,791,0,2020,2023,24,27,25-34,Fully Meets,Low Value,Junior,3,2,3,High risk
2360,Brenna York,2021-11-16,2022-11-23,Production Manager,Production,Female,Asian,372,0,2021,2022,31,32,35-44,Fully Meets,Low Value,Junior,3,4,3,High risk
2361,Braden Wiggins,2022-12-01,2023-07-06,Production Manager,Production,Female,Asian,217,0,2022,2023,26,27,25-34,Fully Meets,Low Value,Junior,3,2,3,High risk
2362,Nola Bullock,2020-10-30,2022-07-28,Production Manager,Production,Female,Asian,636,0,2020,2022,46,48,45-54,Fully Meets,Low Value,Junior,3,3,3,High risk
2363,Kaleigh Keller,2021-02-08,2022-09-25,Production Manager,Production,Female,Hispanic,594,0,2021,2022,38,39,35-44,Fully Meets,Low Value,Junior,3,4,3,High risk
2364,Milagros Jimenez,2019-08-05,NULL,Production Manager,Production,Male,Black,0,1,2019,0,59,0,55+,Fully Meets,Low Value,Junior,1,1,3,Medium
2365,Timothy Goodwin,2018-11-29,2023-03-09,Production Manager,Production,Female,Black,1561,0,2018,2023,65,70,55+,Fully Meets,Low Value,Mid,2,1,3,Medium
2366,Reese Kennedy,2018-11-16,2021-05-25,Production Manager,Production,Female,Asian,921,0,2018,2021,74,77,55+,Fully Meets,Low Value,Junior,3,1,3,High risk
2367,Mariam Doyle,2020-08-23,2022-06-11,Production Manager,Production,Female,Hispanic,657,0,2020,2022,61,63,55+,Fully Meets,Low Value,Junior,3,1,3,High risk
2368,Clinton Brennan,2020-08-22,2023-03-09,President & CEO,Production,Female,White,929,0,2020,2023,70,73,55+,Fully Meets,Low Value,Junior,3,1,3,High risk
2369,Maximilian Moyer,2021-10-19,2022-09-10,Network Engineer,Production,Male,Other,326,0,2021,2022,34,35,35-44,Fully Meets,Low Value,Junior,3,4,3,High risk
2370,Salvador Robinson,2020-02-21,2021-11-29,Network Engineer,Production,Male,Other,647,0,2020,2021,68,69,55+,Fully Meets,Low Value,Junior,3,1,3,High risk
2371,Ahmed Mcmahon,2022-11-21,NULL,Data Analyst,Production,Male,White,0,1,2022,0,22,0,25-34,Fully Meets,Low Value,Junior,3,2,3,High risk
2372,Junior York,2019-08-05,2021-12-06,Data Analyst,Production,Female,Hispanic,854,0,2019,2021,27,29,25-34,Fully Meets,Low Value,Junior,3,2,3,High risk
2373,Marilyn Wiley,2020-11-05,2022-06-04,Data Analyst,IT/IS,Female,Other,576,0,2020,2022,38,40,35-44,Fully Meets,Low Value,Junior,3,4,3,High risk
2374,Selena Hebert,2021-06-12,2022-02-25,Data Analyst,IT/IS,Female,Asian,258,0,2021,2022,59,60,55+,Fully Meets,Low Value,Junior,3,1,3,High risk
2375,Selena Adkins,2018-09-13,NULL,Data Analyst,IT/IS,Male,Black,0,1,2018,0,60,0,55+,Fully Meets,Low Value,Junior,1,1,3,Medium
2376,Erica Sloan,2023-04-09,2023-06-03,Production Manager,Production,Female,Asian,55,0,2023,2023,40,40,35-44,Fully Meets,Low Value,Junior,4,4,3,High risk
2377,Payton Nolan,2021-01-09,NULL,Production Manager,Production,Male,White,0,1,2021,0,61,0,55+,Fully Meets,Low Value,Junior,2,1,3,Medium
2378,Leticia Parks,2020-03-23,NULL,Production Manager,Production,Female,Other,0,1,2020,0,76,0,55+,Fully Meets,Low Value,Junior,2,1,3,Medium
2379,Carolyn Sosa,2019-10-19,2020-12-23,Production Manager,Production,Female,Asian,431,0,2019,2020,28,29,25-34,Fully Meets,Low Value,Junior,3,2,3,High risk
2380,German Higgins,2023-07-02,2023-07-11,Production Manager,Production,Female,Other,9,0,2023,2023,67,67,55+,Fully Meets,Low Value,Junior,4,1,3,High risk
2381,Heath Romero,2019-08-29,NULL,Production Manager,Production,Female,Other,0,1,2019,0,31,0,35-44,Fully Meets,Low Value,Junior,1,4,3,High risk
2382,Davion Friedman,2023-07-17,2023-07-28,Production Manager,Production,Male,Asian,11,0,2023,2023,80,80,55+,Fully Meets,Low Value,Junior,4,1,3,High risk
2383,Danny Thomas,2020-02-02,NULL,Production Manager,Production,Male,Asian,0,1,2020,0,47,0,45-54,Fully Meets,Low Value,Junior,2,3,3,High risk
2384,Matthias Dunlap,2021-10-14,2022-10-21,Production Manager,Production,Female,Hispanic,372,0,2021,2022,42,43,45-54,Fully Meets,Low Value,Junior,3,3,3,High risk
2385,Sawyer Little,2020-04-10,NULL,Production Manager,Production,Female,Asian,0,1,2020,0,67,0,55+,Fully Meets,Low Value,Junior,2,1,3,Medium
2386,Uriel Brennan,2018-12-14,NULL,Production Manager,Production,Female,Black,0,1,2018,0,43,0,45-54,Fully Meets,Low Value,Junior,1,3,3,High risk
2387,Gretchen Richards,2022-06-27,2023-01-05,President & CEO,Production,Male,Hispanic,192,0,2022,2023,28,29,25-34,Fully Meets,Low Value,Junior,3,2,3,High risk
2388,Madden Roman,2020-09-07,NULL,Network Engineer,Production,Male,Other,0,1,2020,0,67,0,55+,Fully Meets,Low Value,Junior,2,1,3,Medium
2389,Keshawn Singh,2019-11-03,2021-06-22,Data Analyst,Production,Male,White,597,0,2019,2021,43,45,45-54,Fully Meets,Low Value,Junior,3,3,3,High risk
2390,Barrett Obrien,2020-05-15,2021-12-27,Data Analyst,Production,Female,Asian,591,0,2020,2021,77,78,55+,Fully Meets,Low Value,Junior,3,1,3,High risk
2391,Gisselle Villanueva,2023-04-28,2023-05-13,Data Analyst,IT/IS,Female,Asian,15,0,2023,2023,59,59,55+,Fully Meets,Low Value,Junior,4,1,3,High risk
2392,Demetrius Mendez,2019-08-05,NULL,Data Analyst,IT/IS,Male,Black,0,1,2019,0,75,0,55+,Fully Meets,Low Value,Junior,1,1,3,Medium
2393,Rhett Holmes,2018-12-05,2021-09-15,Production Manager,Production,Female,Other,1015,0,2018,2021,25,28,25-34,Fully Meets,Low Value,Junior,3,2,3,High risk
2394,Harold David,2022-04-25,2023-06-23,Production Manager,Production,Male,White,424,0,2022,2023,42,43,45-54,Fully Meets,Low Value,Junior,3,3,3,High risk
2395,Terrell Guerra,2019-12-10,NULL,Production Manager,Production,Male,Black,0,1,2019,0,36,0,35-44,Fully Meets,Low Value,Junior,1,4,3,High risk
2396,Reginald Klein,2022-06-30,2022-07-13,Production Manager,Production,Female,Other,13,0,2022,2022,62,62,55+,Fully Meets,Low Value,Junior,4,1,3,High risk
2397,Marcos Sloan,2018-09-19,2019-04-29,Production Manager,Production,Female,Other,222,0,2018,2019,28,29,35-44,Fully Meets,Low Value,Junior,3,4,3,High risk
2398,Davion Hahn,2019-07-08,2022-08-16,Production Manager,Production,Female,White,1135,0,2019,2022,60,63,55+,Fully Meets,Low Value,Mid,3,1,3,High risk
2399,Brice Phillips,2023-05-25,2023-07-31,Production Manager,Production,Male,White,67,0,2023,2023,65,65,55+,Fully Meets,Low Value,Junior,4,1,3,High risk
2400,Alvaro Le,2018-11-03,NULL,Production Manager,Production,Male,Black,0,1,2018,0,57,0,55+,Fully Meets,Low Value,Junior,1,1,3,Medium
2401,Darien Young,2022-11-09,2023-01-10,Production Manager,Production,Female,Asian,62,0,2022,2023,77,78,55+,Fully Meets,Low Value,Junior,3,1,3,High risk
2402,Hayley Chung,2022-04-14,2022-09-22,Production Manager,Production,Female,Black,161,0,2022,2022,37,37,35-44,Fully Meets,Low Value,Junior,4,4,3,High risk
2403,Ellis Maldonado,2020-08-06,2022-07-29,Production Manager,Production,Female,Hispanic,722,0,2020,2022,62,64,55+,Fully Meets,Low Value,Junior,3,1,3,High risk
2404,Alena Ibarra,2019-06-26,2020-01-27,Production Manager,Production,Female,White,215,0,2019,2020,70,71,55+,Fully Meets,Low Value,Junior,3,1,3,High risk
2405,Emily Davidson,2020-09-13,2022-03-15,President & CEO,Production,Male,White,548,0,2020,2022,70,72,55+,Fully Meets,Low Value,Junior,3,1,3,High risk
2406,Nickolas Stephens,2018-11-13,NULL,Network Engineer,Production,Male,Black,0,1,2018,0,47,0,45-54,Fully Meets,Low Value,Junior,1,3,3,High risk
2407,Lamont Prince,2019-10-06,2023-04-14,Data Analyst,Production,Male,Other,1286,0,2019,2023,66,70,55+,Fully Meets,Low Value,Mid,2,1,3,Medium
2408,Gunner Boone,2021-09-15,NULL,Data Analyst,IT/IS,Female,Black,0,1,2021,0,59,0,55+,Fully Meets,Low Value,Junior,2,1,3,Medium
2409,Kaitlin Cooke,2020-02-06,NULL,Data Analyst,IT/IS,Female,White,0,1,2020,0,24,0,25-34,Fully Meets,Low Value,Junior,2,2,3,High risk
2410,Sam Gross,2022-10-21,NULL,Data Analyst,IT/IS,Male,White,0,1,2022,0,65,0,55+,Fully Meets,Low Value,Junior,3,1,3,High risk
2411,Nathaly Stuart,2022-10-11,NULL,Production Manager,Production,Female,Black,0,1,2022,0,28,0,25-34,Fully Meets,Low Value,Junior,3,2,3,High risk
2412,Frankie Yang,2022-01-30,2023-03-22,Production Manager,Production,Male,White,416,0,2022,2023,28,29,25-34,Fully Meets,Low Value,Junior,3,2,3,High risk
2413,Alexus Greer,2022-07-27,2022-10-09,Production Manager,Production,Female,White,74,0,2022,2022,80,80,55+,Fully Meets,Low Value,Junior,4,1,3,High risk
2414,Julianne Shaw,2022-05-26,NULL,Production Manager,Production,Female,Asian,0,1,2022,0,70,0,55+,Fully Meets,Low Value,Junior,3,1,3,High risk
2415,Raelynn Lara,2021-02-08,2022-08-23,Production Manager,Production,Female,White,561,0,2021,2022,69,70,55+,Fully Meets,Low Value,Junior,3,1,3,High risk
2416,Leland Chang,2022-06-06,NULL,Production Manager,Production,Male,Asian,0,1,2022,0,28,0,25-34,Fully Meets,Low Value,Junior,3,2,3,High risk
2417,Hayley Webb,2021-02-27,2023-07-30,Production Manager,Production,Male,White,883,0,2021,2023,35,37,35-44,Fully Meets,Low Value,Junior,3,4,3,High risk
2418,Teagan Rodriguez,2022-01-26,2023-05-04,Production Manager,Production,Male,Black,463,0,2022,2023,80,81,55+,Fully Meets,Low Value,Junior,3,1,3,High risk
2419,Kaylyn Joyce,2020-04-01,NULL,Production Manager,Production,Female,White,0,1,2020,0,20,0,25-34,Fully Meets,Low Value,Junior,2,2,3,High risk
2420,Carleigh Garrison,2020-06-03,NULL,Production Manager,Production,Female,White,0,1,2020,0,71,0,55+,Fully Meets,Low Value,Junior,2,1,3,Medium
2421,Brycen York,2021-11-20,NULL,Production Manager,Production,Female,Asian,0,1,2021,0,35,0,35-44,Fully Meets,Low Value,Junior,2,4,3,High risk
2422,Rigoberto Gibson,2021-12-21,2022-04-07,Production Manager,Production,Male,Hispanic,107,0,2021,2022,72,73,55+,Fully Meets,Low Value,Junior,3,1,3,High risk
2423,Yael Garcia,2018-10-10,NULL,President & CEO,Production,Male,Asian,0,1,2018,0,41,0,45-54,Fully Meets,Low Value,Junior,1,3,3,High risk
2424,Jonathon Montes,2019-02-26,2021-03-24,Network Engineer,Executive Office,Male,Hispanic,757,0,2019,2021,45,47,45-54,Fully Meets,Low Value,Junior,3,3,3,High risk
2425,Alexzander Guzman,2022-06-19,2023-05-20,Director of Operations,Production,Male,Asian,335,0,2022,2023,40,41,35-44,Fully Meets,Low Value,Junior,3,4,3,High risk
2426,Gunnar Gray,2020-07-20,2023-07-10,Data Analyst,Production,Female,White,1085,0,2020,2023,61,64,55+,Fully Meets,Low Value,Junior,3,1,3,High risk
2427,Emilee Thompson,2020-01-17,2020-04-20,Data Analyst,IT/IS,Female,Asian,94,0,2020,2020,64,64,55+,Fully Meets,Low Value,Junior,4,1,3,High risk
2428,Emmett Chandler,2021-06-04,2022-02-11,Data Analyst,IT/IS,Female,White,252,0,2021,2022,58,59,55+,Fully Meets,Low Value,Junior,3,1,3,High risk
2429,Vincent Ramsey,2019-04-19,2020-07-02,Production Manager,Production,Male,Black,440,0,2019,2020,20,21,25-34,Fully Meets,Low Value,Junior,3,2,3,High risk
2430,Dallas Ross,2018-11-17,2020-12-20,Production Manager,Production,Male,White,764,0,2018,2020,70,72,55+,Fully Meets,Low Value,Junior,3,1,3,High risk
2431,Elvis Kaufman,2022-08-18,2023-06-20,Production Manager,Production,Female,Asian,306,0,2022,2023,80,81,55+,Fully Meets,Low Value,Junior,3,1,3,High risk
2432,Rayna Gates,2023-02-10,2023-04-24,Production Manager,Production,Female,Asian,73,0,2023,2023,60,60,55+,Fully Meets,Low Value,Junior,4,1,3,High risk
2433,Darryl Wiley,2020-04-22,2022-08-03,Production Manager,Production,Male,White,833,0,2020,2022,44,46,45-54,Fully Meets,Low Value,Junior,3,3,3,High risk
2434,Liam Blevins,2023-01-14,2023-05-07,Production Manager,Production,Male,Asian,113,0,2023,2023,32,32,25-34,Fully Meets,Low Value,Junior,4,2,3,High risk
2435,Easton Zavala,2023-03-13,2023-03-21,Production Manager,Production,Male,Other,8,0,2023,2023,41,41,35-44,Fully Meets,Low Value,Junior,4,4,3,High risk
2436,Susan Wiggins,2022-12-30,2023-04-16,Production Manager,Production,Male,Asian,107,0,2022,2023,64,65,55+,Fully Meets,Low Value,Junior,3,1,3,High risk
2437,Alison Evans,2020-06-04,2022-10-30,Production Manager,Production,Female,Other,878,0,2020,2022,43,45,45-54,Fully Meets,Low Value,Junior,3,3,3,High risk
2438,Humberto Rocha,2022-03-13,NULL,Production Manager,Production,Female,Black,0,1,2022,0,58,0,55+,Fully Meets,Low Value,Junior,3,1,3,High risk
2439,Cordell Vazquez,2021-08-21,NULL,Production Manager,Production,Female,White,0,1,2021,0,77,0,55+,Fully Meets,Low Value,Junior,2,1,3,Medium
2440,Teagan Fletcher,2021-05-15,NULL,Production Manager,Production,Male,Other,0,1,2021,0,59,0,55+,Fully Meets,Low Value,Junior,2,1,3,Medium
2441,Camden Mcclure,2021-07-14,NULL,President & CEO,Production,Male,Hispanic,0,1,2021,0,48,0,45-54,Fully Meets,Low Value,Junior,2,3,3,High risk
2442,Larissa Garza,2023-01-31,2023-06-22,Director of Operations,Production,Female,Black,142,0,2023,2023,50,50,45-54,Fully Meets,Low Value,Junior,4,3,3,High risk
2443,Camron Jenkins,2020-07-27,NULL,Data Analyst,Production,Female,White,0,1,2020,0,44,0,45-54,Fully Meets,Low Value,Junior,2,3,3,High risk
2444,America Buchanan,2023-04-16,NULL,Data Analyst,IT/IS,Female,Black,0,1,2023,0,66,0,55+,Fully Meets,Low Value,Junior,3,1,3,High risk
2445,Avery Koch,2019-12-30,NULL,Production Manager,Production,Female,Asian,0,1,2019,0,50,0,55+,Fully Meets,Low Value,Junior,1,1,3,Medium
2446,Devan Hall,2021-12-06,2023-01-11,Production Manager,Production,Male,Black,401,0,2021,2023,73,75,55+,Fully Meets,Low Value,Junior,3,1,3,High risk
2447,Jensen Mccullough,2020-02-02,2022-03-06,Production Manager,Production,Female,White,763,0,2020,2022,28,30,25-34,Fully Meets,Low Value,Junior,3,2,3,High risk
2448,Kristin Hickman,2020-10-23,2021-03-14,Production Manager,Production,Female,Asian,142,0,2020,2021,31,32,35-44,Fully Meets,Low Value,Junior,3,4,3,High risk
2449,Chana Fox,2020-04-29,2021-07-10,Production Manager,Production,Female,Hispanic,437,0,2020,2021,34,35,35-44,Fully Meets,Low Value,Junior,3,4,3,High risk
2450,Vivian Bright,2022-08-18,2022-09-24,Production Manager,Production,Male,Asian,37,0,2022,2022,26,26,25-34,Fully Meets,Low Value,Junior,4,2,3,High risk
2451,Rosa Rosales,2020-09-08,NULL,Production Manager,Production,Male,Black,0,1,2020,0,77,0,55+,Fully Meets,Low Value,Junior,2,1,3,Medium
2452,Fabian Mullins,2022-10-14,NULL,Production Manager,Production,Male,Asian,0,1,2022,0,50,0,45-54,Fully Meets,Low Value,Junior,3,3,3,High risk
2453,Mila Poole,2023-05-13,NULL,Production Manager,Production,Male,Other,0,1,2023,0,35,0,35-44,Fully Meets,Low Value,Junior,3,4,3,High risk
2454,Callum Mccormick,2021-02-28,NULL,Production Manager,Production,Female,Asian,0,1,2021,0,32,0,35-44,Fully Meets,Low Value,Junior,2,4,3,High risk
2455,Jakob Luna,2020-03-03,NULL,Production Manager,Production,Female,Hispanic,0,1,2020,0,29,0,25-34,Fully Meets,Low Value,Junior,2,2,3,High risk
2456,Odin Sampson,2021-11-29,NULL,Production Manager,Production,Male,Asian,0,1,2021,0,51,0,55+,Fully Meets,Low Value,Junior,2,1,3,Medium
2457,George Meyers,2018-08-24,NULL,Production Manager,Production,Male,Hispanic,0,1,2018,0,57,0,55+,Fully Meets,Low Value,Junior,1,1,3,Medium
2458,Angelica Gamble,2020-10-21,2022-03-24,President & CEO,Production,Male,Other,519,0,2020,2022,41,43,45-54,Fully Meets,Low Value,Junior,3,3,3,High risk
2459,Bradyn Pham,2020-12-15,2021-06-24,Director of Operations,Production,Female,Asian,191,0,2020,2021,25,26,25-34,Fully Meets,Low Value,Junior,3,2,3,High risk
2460,Konner Pierce,2018-09-05,2023-01-27,Data Analyst,IT/IS,Female,White,1605,0,2018,2023,59,64,55+,Fully Meets,Low Value,Mid,2,1,3,Medium
2461,Tucker Haas,2021-09-27,NULL,Shared Services Manager,Admin Offices,Male,Black,0,1,2021,0,42,0,45-54,Fully Meets,Low Value,Junior,2,3,3,High risk
2462,Lainey York,2020-01-09,2021-01-27,Production Manager,Production,Female,White,384,0,2020,2021,72,73,55+,Fully Meets,Low Value,Junior,3,1,3,High risk
2463,Ava Chan,2018-12-06,NULL,Production Manager,Production,Female,Hispanic,0,1,2018,0,32,0,35-44,Fully Meets,Low Value,Junior,1,4,3,High risk
2464,Marquise Pacheco,2022-08-11,NULL,Production Manager,Production,Male,White,0,1,2022,0,67,0,55+,Fully Meets,Low Value,Junior,3,1,3,High risk
2465,Callum Miles,2020-04-13,2021-06-26,Production Manager,Production,Female,White,439,0,2020,2021,59,60,55+,Fully Meets,Low Value,Junior,3,1,3,High risk
2466,Natasha Valdez,2021-11-14,2023-01-22,Production Manager,Production,Female,White,434,0,2021,2023,54,56,55+,Fully Meets,Low Value,Junior,3,1,3,High risk
2467,Talia Barrett,2022-03-17,2023-06-23,Production Manager,Production,Female,Other,463,0,2022,2023,43,44,45-54,Fully Meets,Low Value,Junior,3,3,3,High risk
2468,Kailyn Torres,2019-05-06,NULL,Production Manager,Production,Male,Hispanic,0,1,2019,0,62,0,55+,Fully Meets,Low Value,Junior,1,1,3,Medium
2469,Uriah Pennington,2021-11-27,2023-06-22,Production Manager,Production,Male,Hispanic,572,0,2021,2023,20,22,Under 25,Fully Meets,Low Value,Junior,3,5,3,High risk
2470,Cesar Hunter,2021-02-09,NULL,Production Manager,Production,Male,Asian,0,1,2021,0,33,0,35-44,Fully Meets,Low Value,Junior,2,4,3,High risk
2471,Brianna Hurley,2022-01-06,NULL,Production Manager,Production,Male,Other,0,1,2022,0,63,0,55+,Fully Meets,Low Value,Junior,3,1,3,High risk
2472,Ariel May,2023-07-28,NULL,Production Manager,Production,Female,Asian,0,1,2023,0,48,0,45-54,Fully Meets,Low Value,Junior,3,3,3,High risk
2473,Anastasia Hardy,2021-03-27,2022-06-23,Production Manager,Production,Male,Hispanic,453,0,2021,2022,39,40,35-44,Fully Meets,Low Value,Junior,3,4,3,High risk
2474,Aliana Blake,2023-03-12,2023-06-02,Production Manager,Production,Male,Black,82,0,2023,2023,64,64,55+,Fully Meets,Low Value,Junior,4,1,3,High risk
2475,Houston Burnett,2022-10-05,2022-12-17,Production Manager,Production,Male,White,73,0,2022,2022,80,80,55+,Fully Meets,Low Value,Junior,4,1,3,High risk
2476,Case Conley,2021-10-01,2023-06-21,President & CEO,Executive Office,Male,Other,628,0,2021,2023,54,56,55+,Fully Meets,Low Value,Junior,3,1,3,High risk
2477,Trevin Shannon,2022-01-31,NULL,Director of Sales,Sales,Female,Asian,0,1,2022,0,40,0,35-44,Fully Meets,Low Value,Junior,3,4,3,High risk
2478,Braden Nicholson,2020-06-01,NULL,Director of Operations,Production,Female,White,0,1,2020,0,26,0,25-34,Fully Meets,Low Value,Junior,2,2,3,High risk
2479,Mireya Sutton,2023-04-18,2023-05-17,Data Analyst,IT/IS,Female,Hispanic,29,0,2023,2023,77,77,55+,Fully Meets,Low Value,Junior,4,1,3,High risk
2480,Jason Foss,2020-07-25,NULL,IT Director,IT/IS,Male,White,0,1,2020,0,43,0,45-54,Fully Meets,Low Value,Junior,2,3,3,High risk
2481,Simon Roup,2018-12-12,NULL,IT Manager - DB,IT/IS,Male,Black,0,1,2018,0,21,0,25-34,Fully Meets,Low Value,Junior,1,2,3,Medium
2482,Eric Dougall,2018-09-01,2022-06-20,IT Manager - Support,IT/IS,Male,Black,1388,0,2018,2022,68,72,55+,Fully Meets,Low Value,Mid,2,1,3,Medium
2483,Peter Monroe,2019-11-24,NULL,IT Manager - Infra,IT/IS,Male,Black,0,1,2019,0,75,0,55+,Fully Meets,Low Value,Junior,1,1,3,Medium
2484,Brian Champaigne,2021-12-26,NULL,BI Director,IT/IS,Male,Black,0,1,2021,0,74,0,55+,Fully Meets,Low Value,Junior,2,1,3,Medium
2485,Alex Sweetwater,2020-03-04,2021-09-08,Software Engineering Manager,Software Engineering,Male,White,553,0,2020,2021,75,76,55+,Fully Meets,Low Value,Junior,3,1,3,High risk
2486,Ricardo Ruiz,2020-05-03,NULL,IT Manager - DB,IT/IS,Male,Black,0,1,2020,0,35,0,35-44,Fully Meets,Low Value,Junior,2,4,3,High risk
2487,Leo Cooper,2019-07-20,NULL,IT Manager - DB,IT/IS,Male,White,0,1,2019,0,41,0,45-54,Fully Meets,Low Value,Junior,1,3,3,High risk
2488,Braedon Welch,2022-05-26,2022-10-05,IT Director,IT/IS,Male,Other,132,0,2022,2022,33,33,35-44,Fully Meets,Low Value,Junior,4,4,3,High risk
2489,Graham Villa,2021-07-24,NULL,Director of Sales,IT/IS,Male,Hispanic,0,1,2021,0,67,0,55+,Fully Meets,Low Value,Junior,2,1,3,Medium
2490,Kyle Ali,2021-09-27,NULL,Director of Operations,IT/IS,Male,Other,0,1,2021,0,67,0,55+,Fully Meets,Low Value,Junior,2,1,3,Medium
2491,Giovanna Romero,2019-04-07,NULL,Software Engineer,Software Engineering,Male,Black,0,1,2019,0,75,0,55+,Fully Meets,Low Value,Junior,1,1,3,Medium
2492,Natalya Norman,2019-07-20,NULL,Software Engineer,Software Engineering,Male,White,0,1,2019,0,62,0,55+,Fully Meets,Low Value,Junior,1,1,3,Medium
2493,Connor Carrillo,2022-12-03,2023-06-29,Software Engineer,Software Engineering,Male,Black,208,0,2022,2023,41,42,35-44,Fully Meets,Low Value,Junior,3,4,3,High risk
2494,Owen Burch,2020-04-04,2022-11-10,IT Manager - DB,IT/IS,Male,Asian,950,0,2020,2022,42,44,45-54,Fully Meets,Low Value,Junior,3,3,3,High risk
2495,Abel Bush,2020-03-08,2023-02-26,IT Director,IT/IS,Male,Black,1085,0,2020,2023,50,53,55+,Fully Meets,Low Value,Junior,3,1,3,High risk
2496,Selina Mullins,2020-09-28,2023-03-27,Director of Sales,IT/IS,Male,Other,910,0,2020,2023,59,62,55+,Fully Meets,Low Value,Junior,3,1,3,High risk
2497,Marilyn Chaney,2021-07-14,2022-08-09,Director of Operations,IT/IS,Male,White,391,0,2021,2022,66,67,55+,Fully Meets,Low Value,Junior,3,1,3,High risk
2498,Camron Keller,2019-10-17,2020-03-21,BI Developer,IT/IS,Female,Asian,156,0,2019,2020,20,21,25-34,Fully Meets,Low Value,Junior,3,2,3,High risk
2499,Ali Benjamin,2023-04-08,2023-06-09,Software Engineer,Software Engineering,Male,Asian,62,0,2023,2023,34,34,35-44,Fully Meets,Low Value,Junior,4,4,3,High risk
2500,Annabelle Frederick,2019-07-25,NULL,Software Engineer,Software Engineering,Male,Hispanic,0,1,2019,0,71,0,55+,Fully Meets,Low Value,Junior,1,1,3,Medium
2501,Joy Sellers,2022-12-25,NULL,Software Engineer,Software Engineering,Male,Black,0,1,2022,0,70,0,55+,Fully Meets,Low Value,Junior,3,1,3,High risk
2502,Charlie Brady,2019-01-27,NULL,Software Engineer,Software Engineering,Male,White,0,1,2019,0,20,0,25-34,Fully Meets,Low Value,Junior,1,2,3,Medium
2503,Ally Goodman,2021-12-26,2022-01-29,IT Manager - DB,IT/IS,Male,White,34,0,2021,2022,72,73,55+,Fully Meets,Low Value,Junior,3,1,3,High risk
2504,Vanessa Zuniga,2023-01-12,NULL,IT Director,IT/IS,Male,Black,0,1,2023,0,47,0,45-54,Fully Meets,Low Value,Junior,3,3,3,High risk
2505,Carleigh Hendricks,2019-07-02,NULL,Director of Sales,IT/IS,Male,Asian,0,1,2019,0,31,0,35-44,Fully Meets,Low Value,Junior,1,4,3,High risk
2506,Trey Johnston,2022-06-30,NULL,Director of Operations,IT/IS,Male,White,0,1,2022,0,75,0,55+,Fully Meets,Low Value,Junior,3,1,3,High risk
2507,Adalyn Hess,2023-01-05,2023-01-14,BI Developer,IT/IS,Female,White,9,0,2023,2023,38,38,35-44,Fully Meets,Low Value,Junior,4,4,3,High risk
2508,Selina Tapia,2018-11-18,NULL,BI Developer,IT/IS,Male,Other,0,1,2018,0,46,0,45-54,Fully Meets,Low Value,Junior,1,3,3,High risk
2509,Madeleine Paul,2020-09-21,2021-10-16,Software Engineer,Software Engineering,Female,Hispanic,390,0,2020,2021,22,23,25-34,Fully Meets,Low Value,Junior,3,2,3,High risk
2510,Ronald Lamb,2019-11-25,2023-02-24,Software Engineer,Software Engineering,Male,Asian,1187,0,2019,2023,31,35,35-44,Fully Meets,Low Value,Mid,2,4,3,High risk
2511,Ernesto Beltran,2021-02-05,2023-02-12,Software Engineer,Software Engineering,Male,Asian,737,0,2021,2023,75,77,55+,Fully Meets,Low Value,Junior,3,1,3,High risk
2512,Lawrence Obrien,2023-04-16,2023-05-25,Software Engineer,Software Engineering,Male,Hispanic,39,0,2023,2023,56,56,55+,Fully Meets,Low Value,Junior,4,1,3,High risk
2513,Trinity Estes,2021-08-19,2022-02-16,IT Manager - DB,IT/IS,Male,Asian,181,0,2021,2022,80,81,55+,Fully Meets,Low Value,Junior,3,1,3,High risk
2514,Amina Bush,2022-01-14,NULL,IT Director,IT/IS,Male,White,0,1,2022,0,65,0,55+,Fully Meets,Low Value,Junior,3,1,3,High risk
2515,Mayra Lynn,2018-09-11,NULL,Director of Sales,IT/IS,Male,Hispanic,0,1,2018,0,22,0,25-34,Fully Meets,Low Value,Junior,1,2,3,Medium
2516,Ally Brennan,2022-02-18,NULL,Director of Operations,IT/IS,Male,Hispanic,0,1,2022,0,33,0,35-44,Fully Meets,Low Value,Junior,3,4,3,High risk
2517,Alina Benson,2019-12-01,2023-01-25,BI Developer,IT/IS,Male,Asian,1151,0,2019,2023,56,60,55+,Fully Meets,Low Value,Mid,2,1,3,Medium
2518,Rebekah Delacruz,2021-02-28,2022-07-31,BI Developer,IT/IS,Male,White,518,0,2021,2022,58,59,55+,Fully Meets,Low Value,Junior,3,1,3,High risk
2519,Melody Wright,2021-11-13,NULL,Software Engineer,Software Engineering,Female,White,0,1,2021,0,58,0,55+,Fully Meets,Low Value,Junior,2,1,3,Medium
2520,Richard Oconnell,2020-09-27,NULL,Software Engineer,Software Engineering,Male,Asian,0,1,2020,0,72,0,55+,Fully Meets,Low Value,Junior,2,1,3,Medium
2521,Olivia Goodman,2022-09-03,NULL,Software Engineer,Software Engineering,Male,White,0,1,2022,0,68,0,55+,Fully Meets,Low Value,Junior,3,1,3,High risk
2522,Zaniyah Parks,2020-10-09,2021-11-09,IT Manager - DB,IT/IS,Male,Other,396,0,2020,2021,71,72,55+,Fully Meets,Low Value,Junior,3,1,3,High risk
2523,Maximilian Williamson,2021-11-06,NULL,IT Director,IT/IS,Male,Hispanic,0,1,2021,0,51,0,55+,Fully Meets,Low Value,Junior,2,1,3,Medium
2524,Serena Barajas,2023-06-24,NULL,Director of Sales,IT/IS,Male,Black,0,1,2023,0,54,0,55+,Fully Meets,Low Value,Junior,3,1,3,High risk
2525,Larry Novak,2021-09-15,2023-07-02,Director of Operations,Sales,Male,Other,655,0,2021,2023,69,71,55+,Fully Meets,Low Value,Junior,3,1,3,High risk
2526,Kadyn Marsh,2022-10-14,NULL,BI Developer,IT/IS,Female,Other,0,1,2022,0,58,0,55+,Fully Meets,Low Value,Junior,3,1,3,High risk
2527,Nylah Hood,2019-07-22,NULL,BI Developer,IT/IS,Male,Asian,0,1,2019,0,28,0,25-34,Fully Meets,Low Value,Junior,1,2,3,Medium
2528,Rigoberto Allen,2023-03-20,2023-05-06,BI Developer,IT/IS,Male,White,47,0,2023,2023,38,38,35-44,Fully Meets,Low Value,Junior,4,4,3,High risk
2529,Gabriella Clements,2022-05-02,NULL,Software Engineer,Software Engineering,Female,Other,0,1,2022,0,69,0,55+,Fully Meets,Low Value,Junior,3,1,3,High risk
2530,Hana Lucero,2022-10-20,2023-07-07,Software Engineer,Software Engineering,Male,White,260,0,2022,2023,42,43,45-54,Fully Meets,Low Value,Junior,3,3,3,High risk
2531,Luciana Gill,2023-07-24,2023-07-29,Software Engineer,Software Engineering,Male,Black,5,0,2023,2023,72,72,55+,Fully Meets,Low Value,Junior,4,1,3,High risk
2532,Demetrius Cooley,2020-07-18,NULL,IT Manager - DB,IT/IS,Male,Other,0,1,2020,0,48,0,45-54,Fully Meets,Low Value,Junior,2,3,3,High risk
2533,Chandler Reynolds,2021-05-05,NULL,IT Manager - DB,IT/IS,Male,White,0,1,2021,0,55,0,55+,Fully Meets,Low Value,Junior,2,1,3,Medium
2534,Iyana Benjamin,2019-04-15,2021-05-23,IT Director,IT/IS,Male,Other,769,0,2019,2021,59,61,55+,Fully Meets,Low Value,Junior,3,1,3,High risk
2535,Antoine Haney,2020-08-24,2023-05-02,Director of Sales,Sales,Male,Other,981,0,2020,2023,42,45,45-54,Fully Meets,Low Value,Junior,3,3,3,High risk
2536,Alfred Rivas,2022-12-31,NULL,Director of Operations,Sales,Male,Hispanic,0,1,2022,0,71,0,55+,Fully Meets,Low Value,Junior,3,1,3,High risk
2537,Darien Sawyer,2022-09-18,2023-06-07,BI Developer,IT/IS,Female,White,262,0,2022,2023,71,72,55+,Fully Meets,Low Value,Junior,3,1,3,High risk
2538,Isaias Pineda,2019-09-14,NULL,BI Developer,IT/IS,Female,Hispanic,0,1,2019,0,33,0,35-44,Fully Meets,Low Value,Junior,1,4,3,High risk
2539,Casey Bradford,2019-03-19,NULL,BI Developer,IT/IS,Male,Black,0,1,2019,0,66,0,55+,Fully Meets,Low Value,Junior,1,1,3,Medium
2540,London Bautista,2022-10-18,2023-01-10,Software Engineering Manager,Software Engineering,Female,Black,84,0,2022,2023,28,29,25-34,Fully Meets,Low Value,Junior,3,2,3,High risk
2541,Kayleigh Davenport,2022-07-31,NULL,Software Engineer,Software Engineering,Female,Other,0,1,2022,0,49,0,45-54,Fully Meets,Low Value,Junior,3,3,3,High risk
2542,Koen Flores,2023-03-06,NULL,Software Engineer,Software Engineering,Male,Black,0,1,2023,0,64,0,55+,Fully Meets,Low Value,Junior,3,1,3,High risk
2543,Ernest Finley,2019-01-30,2021-03-22,Software Engineer,Software Engineering,Male,White,782,0,2019,2021,28,30,25-34,Fully Meets,Low Value,Junior,3,2,3,High risk
2544,Wade Hernandez,2023-05-22,2023-07-12,IT Manager - DB,IT/IS,Male,White,51,0,2023,2023,77,77,55+,Fully Meets,Low Value,Junior,4,1,3,High risk
2545,Odin Key,2018-12-22,NULL,IT Manager - DB,IT/IS,Male,Hispanic,0,1,2018,0,67,0,55+,Fully Meets,Low Value,Junior,1,1,3,Medium
2546,Deven Huff,2022-11-08,NULL,IT Director,IT/IS,Male,Other,0,1,2022,0,32,0,35-44,Fully Meets,Low Value,Junior,3,4,3,High risk
2547,Kenna Simon,2021-07-03,NULL,Director of Sales,Sales,Male,Hispanic,0,1,2021,0,51,0,55+,Fully Meets,Low Value,Junior,2,1,3,Medium
2548,Luz Garza,2018-11-14,2021-07-08,BI Developer,IT/IS,Female,Other,967,0,2018,2021,64,67,55+,Fully Meets,Low Value,Junior,3,1,3,High risk
2549,Tristan Reed,2021-09-18,NULL,BI Developer,IT/IS,Female,White,0,1,2021,0,58,0,55+,Fully Meets,Low Value,Junior,2,1,3,Medium
2550,Beckett Beck,2020-11-19,2021-11-03,Software Engineering Manager,Software Engineering,Female,White,349,0,2020,2021,68,69,55+,Fully Meets,Low Value,Junior,3,1,3,High risk
2551,Coby Giles,2023-05-04,2023-07-02,Software Engineer,Software Engineering,Female,Other,59,0,2023,2023,35,35,35-44,Fully Meets,Low Value,Junior,4,4,3,High risk
2552,Jalen Jennings,2023-01-21,NULL,Software Engineer,Software Engineering,Male,White,0,1,2023,0,69,0,55+,Fully Meets,Low Value,Junior,3,1,3,High risk
2553,Ralph Barrera,2022-08-19,2023-01-18,IT Manager - DB,IT/IS,Male,Other,152,0,2022,2023,49,50,45-54,Fully Meets,Low Value,Junior,3,3,3,High risk
2554,Shania Caldwell,2022-07-18,2023-05-09,IT Manager - DB,IT/IS,Male,Hispanic,295,0,2022,2023,31,32,25-34,Fully Meets,Low Value,Junior,3,2,3,High risk
2555,Colby Horne,2019-08-14,2021-05-13,IT Director,IT/IS,Male,Other,638,0,2019,2021,63,65,55+,Fully Meets,Low Value,Junior,3,1,3,High risk
2556,Kaiden Cunningham,2020-12-10,2022-05-30,Director of Sales,Sales,Male,White,536,0,2020,2022,24,26,25-34,Fully Meets,Low Value,Junior,3,2,3,High risk
2557,Davion Vasquez,2019-09-20,NULL,BI Developer,IT/IS,Female,Black,0,1,2019,0,55,0,55+,Fully Meets,Low Value,Junior,1,1,3,Medium
2558,Maeve Gordon,2021-11-19,2021-12-27,Software Engineering Manager,Software Engineering,Female,Asian,38,0,2021,2021,56,56,55+,Fully Meets,Low Value,Junior,4,1,3,High risk
2559,Monserrat Ferguson,2022-04-29,NULL,Software Engineer,Software Engineering,Male,White,0,1,2022,0,65,0,55+,Fully Meets,Low Value,Junior,3,1,3,High risk
2560,Nathan Schmitt,2021-06-30,2021-07-28,IT Manager - Infra,IT/IS,Male,Black,28,0,2021,2021,44,44,45-54,Fully Meets,Low Value,Junior,4,3,3,High risk
2561,Ashly Mullen,2021-07-15,NULL,IT Manager - DB,IT/IS,Male,Hispanic,0,1,2021,0,65,0,55+,Fully Meets,Low Value,Junior,2,1,3,Medium
2562,Angelique Cochran,2021-04-12,2023-03-06,IT Manager - DB,IT/IS,Male,Other,693,0,2021,2023,54,56,55+,Fully Meets,Low Value,Junior,3,1,3,High risk
2563,Kenny Rojas,2020-12-08,NULL,IT Director,IT/IS,Male,Other,0,1,2020,0,67,0,55+,Fully Meets,Low Value,Junior,2,1,3,Medium
2564,Deandre Oneal,2019-10-31,2020-03-01,Director of Sales,Sales,Male,Hispanic,122,0,2019,2020,24,25,25-34,Fully Meets,Low Value,Junior,3,2,3,High risk
2565,Adison Huerta,2020-01-22,NULL,BI Developer,IT/IS,Female,White,0,1,2020,0,35,0,35-44,Fully Meets,Low Value,Junior,2,4,3,High risk
2566,Elisabeth Bradley,2022-09-20,NULL,Software Engineering Manager,Software Engineering,Male,Other,0,1,2022,0,56,0,55+,Fully Meets,Low Value,Junior,3,1,3,High risk
2567,Sylvia Price,2022-12-22,2023-07-26,IT Manager - Infra,IT/IS,Male,Black,216,0,2022,2023,63,64,55+,Fully Meets,Low Value,Junior,3,1,3,High risk
2568,Eden Choi,2019-03-12,NULL,IT Manager - DB,IT/IS,Male,Asian,0,1,2019,0,29,0,35-44,Fully Meets,Low Value,Junior,1,4,3,High risk
2569,Emerson Grimes,2021-10-07,2021-12-31,IT Manager - DB,IT/IS,Male,Black,85,0,2021,2021,26,26,25-34,Fully Meets,Low Value,Junior,4,2,3,High risk
2570,Ayden Wu,2019-06-16,2023-05-21,IT Director,IT/IS,Male,Black,1435,0,2019,2023,28,32,25-34,Fully Meets,Low Value,Mid,2,2,3,High risk
2571,Hayley Keller,2021-03-17,2022-09-08,BI Director,IT/IS,Female,Asian,540,0,2021,2022,32,33,35-44,Fully Meets,Low Value,Junior,3,4,3,High risk
2572,Alannah Rivas,2022-08-07,2023-04-26,BI Developer,IT/IS,Male,Asian,262,0,2022,2023,28,29,25-34,Fully Meets,Low Value,Junior,3,2,3,High risk
2573,Jessica Bunbury,2020-01-17,2023-02-28,Area Sales Manager,Sales,Female,Black,1138,0,2020,2023,33,36,35-44,Fully Meets,Low Value,Mid,3,4,3,High risk
2574,Giovanni Leruth,2022-06-11,2023-02-20,Area Sales Manager,Sales,Male,Hispanic,254,0,2022,2023,51,52,45-54,Fully Meets,Low Value,Junior,3,3,3,High risk
2575,Ricardo Gonzales,2021-03-03,2023-01-30,Area Sales Manager,Sales,Male,Other,698,0,2021,2023,70,72,55+,Fully Meets,Low Value,Junior,3,1,3,High risk
2576,Caitrin Strong,2020-04-16,2021-03-15,Area Sales Manager,Sales,Female,Asian,333,0,2020,2021,51,52,55+,Fully Meets,Low Value,Junior,3,1,3,High risk
2577,Jenna Dietrich,2022-09-22,2023-01-28,Area Sales Manager,Sales,Female,Other,128,0,2022,2023,59,60,55+,Fully Meets,Low Value,Junior,3,1,3,High risk
2578,Michelle Carter,2023-05-30,NULL,Area Sales Manager,Sales,Female,Black,0,1,2023,0,27,0,25-34,Fully Meets,Low Value,Junior,3,2,3,High risk
2579,Jackie Valentin,2021-01-14,NULL,Area Sales Manager,Sales,Female,White,0,1,2021,0,44,0,45-54,Fully Meets,Low Value,Junior,2,3,3,High risk
2580,Alfred Digitale,2020-04-29,2021-10-20,Area Sales Manager,Sales,Male,White,539,0,2020,2021,66,67,55+,Fully Meets,Low Value,Junior,3,1,3,High risk
2581,Howard Mullaney,2021-07-07,NULL,Area Sales Manager,Sales,Male,Other,0,1,2021,0,51,0,55+,Fully Meets,Low Value,Junior,2,1,3,Medium
2582,Whitney Gill,2020-07-28,NULL,Area Sales Manager,Sales,Female,Hispanic,0,1,2020,0,28,0,25-34,Fully Meets,Low Value,Junior,2,2,3,High risk
2583,Gerry Friedman,2020-09-16,NULL,Area Sales Manager,Sales,Male,Black,0,1,2020,0,24,0,25-34,Fully Meets,Low Value,Junior,2,2,3,High risk
2584,Noah Villanueva,2023-04-23,NULL,Area Sales Manager,Sales,Male,White,0,1,2023,0,67,0,55+,Fully Meets,Low Value,Junior,3,1,3,High risk
2585,Mike Guilianno,2021-06-04,NULL,Area Sales Manager,Sales,Male,Asian,0,1,2021,0,20,0,Under 25,Fully Meets,Low Value,Junior,2,5,3,High risk
2586,Travis Ozark,2020-04-15,NULL,Area Sales Manager,Sales,Male,Asian,0,1,2020,0,40,0,45-54,Fully Meets,Low Value,Junior,2,3,3,High risk
2587,Rylee Frye,2019-09-04,2020-04-13,Area Sales Manager,Sales,Male,Other,222,0,2019,2020,19,20,25-34,Fully Meets,Low Value,Junior,3,2,3,High risk
2588,Callum Ford,2020-08-18,NULL,Area Sales Manager,Sales,Male,Other,0,1,2020,0,32,0,35-44,Fully Meets,Low Value,Junior,2,4,3,High risk
2589,Jabari Frank,2020-12-05,NULL,Area Sales Manager,Sales,Male,Asian,0,1,2020,0,70,0,55+,Fully Meets,Low Value,Junior,2,1,3,Medium
2590,Stephanie Wilkinson,2023-01-13,2023-02-12,Area Sales Manager,Sales,Male,Asian,30,0,2023,2023,25,25,25-34,Fully Meets,Low Value,Junior,4,2,3,High risk
2591,Cruz Arellano,2019-09-17,NULL,Area Sales Manager,Sales,Male,Asian,0,1,2019,0,26,0,25-34,Fully Meets,Low Value,Junior,1,2,3,Medium
2592,Rubi Shields,2020-10-15,NULL,Area Sales Manager,Sales,Male,Asian,0,1,2020,0,71,0,55+,Fully Meets,Low Value,Junior,2,1,3,Medium
2593,Sage Booker,2018-12-01,2021-06-23,Area Sales Manager,Sales,Male,Other,935,0,2018,2021,46,49,45-54,Fully Meets,Low Value,Junior,3,3,3,High risk
2594,Aileen Wright,2023-07-24,NULL,Area Sales Manager,Sales,Male,Other,0,1,2023,0,67,0,55+,Fully Meets,Low Value,Junior,3,1,3,High risk
2595,Karly Ho,2019-10-08,NULL,Area Sales Manager,Sales,Male,Asian,0,1,2019,0,21,0,25-34,Fully Meets,Low Value,Junior,1,2,3,Medium
2596,Thaddeus Lutz,2021-10-16,2022-05-04,Area Sales Manager,Sales,Male,Black,200,0,2021,2022,44,45,45-54,Fully Meets,Low Value,Junior,3,3,3,High risk
2597,Layla Kane,2020-04-03,NULL,Area Sales Manager,Sales,Male,Asian,0,1,2020,0,76,0,55+,Fully Meets,Low Value,Junior,2,1,3,Medium
2598,Yesenia Payne,2020-01-08,NULL,Area Sales Manager,Sales,Male,Asian,0,1,2020,0,56,0,55+,Fully Meets,Low Value,Junior,2,1,3,Medium
2599,Jase Waters,2022-03-27,2023-06-14,Administrative Assistant,Sales,Female,Black,444,0,2022,2023,80,81,55+,Fully Meets,Low Value,Junior,3,1,3,High risk
2600,Thomas Sloan,2018-09-18,NULL,Administrative Assistant,Sales,Female,Asian,0,1,2018,0,53,0,55+,Fully Meets,Low Value,Junior,1,1,3,Medium
2601,Anya Baldwin,2019-11-29,2020-04-21,Administrative Assistant,Sales,Female,Hispanic,144,0,2019,2020,18,19,Under 25,Fully Meets,Low Value,Junior,3,5,3,High risk
2602,Jacquelyn Austin,2019-04-16,2022-08-05,Accountant I,Admin Offices,Female,Other,1207,0,2019,2022,37,40,35-44,Fully Meets,Low Value,Mid,3,4,3,High risk
2603,Kaitlynn Aguirre,2019-03-05,2019-10-12,Area Sales Manager,Sales,Male,Other,221,0,2019,2019,20,20,25-34,Fully Meets,Low Value,Junior,4,2,3,High risk
2604,Saniyah Cantu,2018-12-20,2020-05-29,Area Sales Manager,Sales,Male,Other,526,0,2018,2020,31,33,35-44,Fully Meets,Low Value,Junior,3,4,3,High risk
2605,Jakayla Dickson,2021-03-08,2023-05-29,Area Sales Manager,Sales,Male,Black,812,0,2021,2023,53,55,55+,Fully Meets,Low Value,Junior,3,1,3,High risk
2606,Aspen Freeman,2020-10-23,NULL,Area Sales Manager,Sales,Male,White,0,1,2020,0,69,0,55+,Fully Meets,Low Value,Junior,2,1,3,Medium
2607,Lamont Summers,2019-03-29,NULL,Area Sales Manager,Sales,Male,White,0,1,2019,0,43,0,45-54,Fully Meets,Low Value,Junior,1,3,3,High risk
2608,Lewis Hobbs,2020-10-25,NULL,Area Sales Manager,Sales,Male,Asian,0,1,2020,0,43,0,45-54,Fully Meets,Low Value,Junior,2,3,3,High risk
2609,Harrison Camacho,2019-12-06,2021-07-18,Area Sales Manager,Sales,Male,Asian,590,0,2019,2021,48,50,45-54,Fully Meets,Low Value,Junior,3,3,3,High risk
2610,Ronald Marquez,2022-09-23,2023-01-25,Area Sales Manager,Sales,Male,White,124,0,2022,2023,75,76,55+,Fully Meets,Low Value,Junior,3,1,3,High risk
2611,Arabella Hunter,2019-12-26,2022-06-04,Area Sales Manager,Sales,Male,Black,891,0,2019,2022,63,66,55+,Fully Meets,Low Value,Junior,3,1,3,High risk
2612,Amiya Richardson,2018-08-27,2019-12-19,Area Sales Manager,Sales,Male,White,479,0,2018,2019,55,56,55+,Fully Meets,Low Value,Junior,3,1,3,High risk
2613,Raquel Sosa,2022-12-12,2023-03-07,Area Sales Manager,Sales,Male,Black,85,0,2022,2023,78,79,55+,Fully Meets,Low Value,Junior,3,1,3,High risk
2614,Andy Stewart,2021-05-13,NULL,Area Sales Manager,Sales,Male,Black,0,1,2021,0,34,0,35-44,Fully Meets,Low Value,Junior,2,4,3,High risk
2615,Patrick Padilla,2021-03-31,NULL,Administrative Assistant,Sales,Female,Black,0,1,2021,0,59,0,55+,Fully Meets,Low Value,Junior,2,1,3,Medium
2616,Destiney Navarro,2019-08-14,2022-09-04,Administrative Assistant,Sales,Female,Black,1117,0,2019,2022,47,50,45-54,Fully Meets,Low Value,Mid,3,3,3,High risk
2617,Yadira Barron,2020-08-02,2022-12-30,Administrative Assistant,Sales,Female,Hispanic,880,0,2020,2022,25,27,25-34,Fully Meets,Low Value,Junior,3,2,3,High risk
2618,Anika Bender,2019-06-04,NULL,Accountant I,Admin Offices,Female,White,0,1,2019,0,25,0,25-34,Fully Meets,Low Value,Junior,1,2,3,Medium
2619,Carlo Giles,2020-06-17,2022-02-08,Area Sales Manager,Sales,Male,Hispanic,601,0,2020,2022,74,76,55+,Fully Meets,Low Value,Junior,3,1,3,High risk
2620,Kaylin Dillon,2021-03-04,NULL,Area Sales Manager,Sales,Male,Asian,0,1,2021,0,48,0,45-54,Fully Meets,Low Value,Junior,2,3,3,High risk
2621,Laura Bullock,2018-09-14,NULL,Area Sales Manager,Sales,Male,White,0,1,2018,0,76,0,55+,Fully Meets,Low Value,Junior,1,1,3,Medium
2622,Mary Moore,2020-07-20,NULL,Area Sales Manager,Sales,Male,Asian,0,1,2020,0,29,0,25-34,Fully Meets,Low Value,Junior,2,2,3,High risk
2623,Harper Clark,2020-05-21,2021-06-13,Area Sales Manager,Sales,Male,Asian,388,0,2020,2021,67,68,55+,Fully Meets,Low Value,Junior,3,1,3,High risk
2624,Charles Howard,2023-06-11,2023-07-28,Area Sales Manager,Sales,Male,Other,47,0,2023,2023,39,39,35-44,Fully Meets,Low Value,Junior,4,4,3,High risk
2625,Jaron Rojas,2022-11-27,2023-05-19,Area Sales Manager,Sales,Male,Asian,173,0,2022,2023,79,80,55+,Fully Meets,Low Value,Junior,3,1,3,High risk
2626,Jordyn Mcguire,2020-03-02,2022-05-27,Area Sales Manager,Sales,Male,Asian,816,0,2020,2022,44,46,45-54,Fully Meets,Low Value,Junior,3,3,3,High risk
2627,Valentino Myers,2023-01-29,2023-05-24,Area Sales Manager,Sales,Male,Other,115,0,2023,2023,33,33,35-44,Fully Meets,Low Value,Junior,4,4,3,High risk
2628,Charles Coleman,2021-12-07,NULL,Area Sales Manager,Sales,Male,Hispanic,0,1,2021,0,30,0,25-34,Fully Meets,Low Value,Junior,2,2,3,High risk
2629,Kamden Cummings,2023-03-19,2023-07-11,Area Sales Manager,Sales,Male,White,114,0,2023,2023,48,48,45-54,Fully Meets,Low Value,Junior,4,3,3,High risk
2630,Kiley Wagner,2022-06-10,2023-02-14,Area Sales Manager,Sales,Male,Asian,249,0,2022,2023,28,29,25-34,Fully Meets,Low Value,Junior,3,2,3,High risk
2631,Darien Young,2021-03-03,NULL,Area Sales Manager,Sales,Female,Black,0,1,2021,0,23,0,25-34,Fully Meets,Low Value,Junior,2,2,3,High risk
2632,Madeline Suarez,2022-03-06,NULL,Administrative Assistant,Sales,Female,Hispanic,0,1,2022,0,47,0,45-54,Fully Meets,Low Value,Junior,3,3,3,High risk
2633,Zain Nolan,2022-08-08,NULL,Administrative Assistant,Sales,Female,White,0,1,2022,0,37,0,35-44,Fully Meets,Low Value,Junior,3,4,3,High risk
2634,Hezekiah Mcgee,2023-03-12,NULL,Administrative Assistant,Sales,Female,Asian,0,1,2023,0,80,0,55+,Fully Meets,Low Value,Junior,3,1,3,High risk
2635,Maxim Phillips,2019-05-01,2023-02-16,Accountant I,Admin Offices,Female,Asian,1387,0,2019,2023,62,66,55+,Fully Meets,Low Value,Mid,2,1,3,Medium
2636,Gwendolyn Hogan,2018-09-13,2020-11-04,Area Sales Manager,Sales,Male,Asian,783,0,2018,2020,48,50,55+,Fully Meets,Low Value,Junior,3,1,3,High risk
2637,Kaia Hernandez,2022-11-16,NULL,Area Sales Manager,Sales,Male,Asian,0,1,2022,0,55,0,55+,Fully Meets,Low Value,Junior,3,1,3,High risk
2638,Mathias Tran,2021-11-20,2023-03-17,Area Sales Manager,Sales,Male,Asian,482,0,2021,2023,64,66,55+,Fully Meets,Low Value,Junior,3,1,3,High risk
2639,Simeon Roy,2020-09-29,NULL,Area Sales Manager,Sales,Male,Asian,0,1,2020,0,45,0,45-54,Fully Meets,Low Value,Junior,2,3,3,High risk
2640,Magdalena Whitehead,2021-08-28,2022-09-06,Area Sales Manager,Sales,Male,Black,374,0,2021,2022,59,60,55+,Fully Meets,Low Value,Junior,3,1,3,High risk
2641,Gwendolyn Mccall,2021-04-28,2022-03-22,Area Sales Manager,Sales,Male,Asian,328,0,2021,2022,46,47,45-54,Fully Meets,Low Value,Junior,3,3,3,High risk
2642,Demarion Harrington,2022-06-15,2023-05-05,Area Sales Manager,Sales,Male,Asian,324,0,2022,2023,71,72,55+,Fully Meets,Low Value,Junior,3,1,3,High risk
2643,Katelyn Brown,2022-04-15,2022-10-10,Area Sales Manager,Sales,Male,Black,178,0,2022,2022,56,56,55+,Fully Meets,Low Value,Junior,4,1,3,High risk
2644,Miranda Keith,2020-07-19,2021-04-10,Area Sales Manager,Sales,Male,Other,265,0,2020,2021,21,22,25-34,Fully Meets,Low Value,Junior,3,2,3,High risk
2645,Breanna Kerr,2020-07-02,NULL,Area Sales Manager,Sales,Male,Asian,0,1,2020,0,73,0,55+,Fully Meets,Low Value,Junior,2,1,3,Medium
2646,Saniya Ho,2019-08-04,NULL,Area Sales Manager,Sales,Male,Black,0,1,2019,0,18,0,Under 25,Fully Meets,Low Value,Junior,1,5,3,High risk
2647,Rylan Key,2019-01-09,NULL,Area Sales Manager,Sales,Male,Hispanic,0,1,2019,0,69,0,55+,Fully Meets,Low Value,Junior,1,1,3,Medium
2648,Nathaly Stevens,2022-10-01,NULL,Area Sales Manager,Sales,Male,Other,0,1,2022,0,28,0,25-34,Fully Meets,Low Value,Junior,3,2,3,High risk
2649,Maximus Delgado,2020-09-28,2023-06-02,Area Sales Manager,Sales,Female,White,977,0,2020,2023,47,50,45-54,Fully Meets,Low Value,Junior,3,3,3,High risk
2650,Karley Long,2018-11-15,NULL,Administrative Assistant,Sales,Female,Black,0,1,2018,0,54,0,55+,Fully Meets,Low Value,Junior,1,1,3,Medium
2651,Demarcus Frazier,2020-11-24,NULL,Administrative Assistant,Sales,Female,Hispanic,0,1,2020,0,28,0,25-34,Fully Meets,Low Value,Junior,2,2,3,High risk
2652,Fernando Richard,2023-07-09,2023-07-14,Administrative Assistant,Sales,Female,Other,5,0,2023,2023,69,69,55+,Fully Meets,Low Value,Junior,4,1,3,High risk
2653,Keon Gonzalez,2023-04-20,2023-05-08,Area Sales Manager,Sales,Male,White,18,0,2023,2023,79,79,55+,Fully Meets,Low Value,Junior,4,1,3,High risk
2654,Lauryn Anthony,2019-08-22,2020-01-07,Area Sales Manager,Sales,Male,Black,138,0,2019,2020,64,65,55+,Fully Meets,Low Value,Junior,3,1,3,High risk
2655,Amanda Allison,2022-08-02,2023-04-07,Area Sales Manager,Sales,Male,Black,248,0,2022,2023,58,59,55+,Fully Meets,Low Value,Junior,3,1,3,High risk
2656,Urijah Houston,2018-10-31,2020-01-23,Area Sales Manager,Sales,Male,Hispanic,449,0,2018,2020,61,63,55+,Fully Meets,Low Value,Junior,3,1,3,High risk
2657,Trace Brandt,2021-11-23,2022-07-20,Area Sales Manager,Sales,Male,White,239,0,2021,2022,26,27,25-34,Fully Meets,Low Value,Junior,3,2,3,High risk
2658,Yuliana Levine,2023-07-01,2023-07-21,Area Sales Manager,Sales,Male,Black,20,0,2023,2023,63,63,55+,Fully Meets,Low Value,Junior,4,1,3,High risk
2659,Bailey Hays,2022-07-18,NULL,Area Sales Manager,Sales,Male,Black,0,1,2022,0,32,0,35-44,Fully Meets,Low Value,Junior,3,4,3,High risk
2660,Sanaa Valenzuela,2019-08-09,NULL,Area Sales Manager,Sales,Male,Asian,0,1,2019,0,60,0,55+,Fully Meets,Low Value,Junior,1,1,3,Medium
2661,Avah Hayes,2021-07-06,NULL,Area Sales Manager,Sales,Male,Black,0,1,2021,0,51,0,55+,Fully Meets,Low Value,Junior,2,1,3,Medium
2662,Cody Bates,2021-02-02,NULL,Area Sales Manager,Sales,Male,Asian,0,1,2021,0,76,0,55+,Fully Meets,Low Value,Junior,2,1,3,Medium
2663,Eli Grant,2023-01-06,2023-04-25,Area Sales Manager,Sales,Male,Hispanic,109,0,2023,2023,52,52,45-54,Fully Meets,Low Value,Junior,4,3,3,High risk
2664,Felipe Rollins,2021-11-13,NULL,Area Sales Manager,Sales,Male,Hispanic,0,1,2021,0,60,0,55+,Fully Meets,Low Value,Junior,2,1,3,Medium
2665,Abdiel Good,2020-03-15,NULL,Area Sales Manager,Sales,Male,Hispanic,0,1,2020,0,29,0,25-34,Fully Meets,Low Value,Junior,2,2,3,High risk
2666,Kaylyn Frye,2018-11-07,2022-01-08,Area Sales Manager,Sales,Female,Other,1158,0,2018,2022,72,76,55+,Fully Meets,Low Value,Mid,2,1,3,Medium
2667,Marisol Alvarez,2019-10-03,2021-08-25,Administrative Assistant,Sales,Female,Other,692,0,2019,2021,54,56,55+,Fully Meets,Low Value,Junior,3,1,3,High risk
2668,Lane Willis,2022-08-12,2023-04-16,Administrative Assistant,Sales,Female,Asian,247,0,2022,2023,44,45,45-54,Fully Meets,Low Value,Junior,3,3,3,High risk
2669,Jade Becker,2018-12-22,NULL,Administrative Assistant,Sales,Female,Black,0,1,2018,0,66,0,55+,Fully Meets,Low Value,Junior,1,1,3,Medium
2670,Vincent Logan,2021-03-27,NULL,Area Sales Manager,Sales,Male,Other,0,1,2021,0,27,0,25-34,Fully Meets,Low Value,Junior,2,2,3,High risk
2671,Nasir Glass,2022-07-18,NULL,Area Sales Manager,Sales,Male,Asian,0,1,2022,0,78,0,55+,Fully Meets,Low Value,Junior,3,1,3,High risk
2672,Quincy Shannon,2020-04-09,2023-05-06,Area Sales Manager,Sales,Male,Asian,1122,0,2020,2023,21,24,25-34,Fully Meets,Low Value,Mid,3,2,3,High risk
2673,Alena Walter,2022-01-07,NULL,Area Sales Manager,Sales,Male,Other,0,1,2022,0,23,0,25-34,Fully Meets,Low Value,Junior,3,2,3,High risk
2674,Clay Compton,2022-07-15,NULL,Area Sales Manager,Sales,Male,White,0,1,2022,0,54,0,55+,Fully Meets,Low Value,Junior,3,1,3,High risk
2675,Kayden Fernandez,2020-11-29,2022-07-16,Area Sales Manager,Sales,Male,Hispanic,594,0,2020,2022,74,76,55+,Fully Meets,Low Value,Junior,3,1,3,High risk
2676,Bryson Giles,2019-03-20,2020-09-23,Area Sales Manager,Sales,Male,Asian,553,0,2019,2020,47,48,45-54,Fully Meets,Low Value,Junior,3,3,3,High risk
2677,Demarcus Small,2019-03-16,2022-01-08,Area Sales Manager,Sales,Male,Hispanic,1029,0,2019,2022,29,32,35-44,Fully Meets,Low Value,Junior,3,4,3,High risk
2678,Presley Dodson,2021-05-30,NULL,Area Sales Manager,Sales,Male,White,0,1,2021,0,55,0,55+,Fully Meets,Low Value,Junior,2,1,3,Medium
2679,Christine Giles,2022-11-17,NULL,Area Sales Manager,Sales,Male,Hispanic,0,1,2022,0,71,0,55+,Fully Meets,Low Value,Junior,3,1,3,High risk
2680,Jasmine Rogers,2020-12-25,2021-10-04,Area Sales Manager,Sales,Male,Black,283,0,2020,2021,72,73,55+,Fully Meets,Low Value,Junior,3,1,3,High risk
2681,Jaime Greer,2020-06-16,2021-08-13,Area Sales Manager,Sales,Male,Black,423,0,2020,2021,36,37,35-44,Fully Meets,Low Value,Junior,3,4,3,High risk
2682,Keagan Hutchinson,2020-07-28,NULL,Area Sales Manager,Sales,Male,Asian,0,1,2020,0,44,0,45-54,Fully Meets,Low Value,Junior,2,3,3,High risk
2683,Charlize Ballard,2021-12-31,NULL,Area Sales Manager,Sales,Female,Other,0,1,2021,0,69,0,55+,Fully Meets,Low Value,Junior,2,1,3,Medium
2684,Kendrick Pollard,2022-02-07,2023-03-02,Administrative Assistant,Sales,Female,White,388,0,2022,2023,39,40,35-44,Fully Meets,Low Value,Junior,3,4,3,High risk
2685,Meadow Reed,2021-11-23,2022-03-29,Administrative Assistant,Sales,Female,Black,126,0,2021,2022,57,58,55+,Fully Meets,Low Value,Junior,3,1,3,High risk
2686,Ryker Hopkins,2021-08-15,NULL,Area Sales Manager,Sales,Male,Other,0,1,2021,0,66,0,55+,Fully Meets,Low Value,Junior,2,1,3,Medium
2687,Bruno Ashley,2021-06-21,NULL,Area Sales Manager,Sales,Male,White,0,1,2021,0,76,0,55+,Fully Meets,Low Value,Junior,2,1,3,Medium
2688,Luciana Steele,2021-02-13,NULL,Area Sales Manager,Sales,Male,Black,0,1,2021,0,54,0,55+,Fully Meets,Low Value,Junior,2,1,3,Medium
2689,Johnathon Serrano,2020-12-28,NULL,Area Sales Manager,Sales,Male,Other,0,1,2020,0,66,0,55+,Fully Meets,Low Value,Junior,2,1,3,Medium
2690,Joaquin Cuevas,2022-04-12,2022-09-02,Area Sales Manager,Sales,Male,Black,143,0,2022,2022,25,25,25-34,Fully Meets,Low Value,Junior,4,2,3,High risk
2691,Soren Downs,2019-01-02,NULL,Area Sales Manager,Sales,Male,Black,0,1,2019,0,47,0,45-54,Fully Meets,Low Value,Junior,1,3,3,High risk
2692,Ralph Stone,2020-08-01,2022-10-01,Area Sales Manager,Sales,Male,White,791,0,2020,2022,23,25,25-34,Fully Meets,Low Value,Junior,3,2,3,High risk
2693,Malcolm Rivas,2020-10-14,NULL,Area Sales Manager,Sales,Male,White,0,1,2020,0,33,0,35-44,Fully Meets,Low Value,Junior,2,4,3,High risk
2694,Adam Beltran,2023-05-26,2023-07-14,Area Sales Manager,Sales,Male,Black,49,0,2023,2023,43,43,45-54,Fully Meets,Low Value,Junior,4,3,3,High risk
2695,Isis Ortega,2021-08-26,2022-11-25,Area Sales Manager,Sales,Male,Other,456,0,2021,2022,61,62,55+,Fully Meets,Low Value,Junior,3,1,3,High risk
2696,Meadow Delgado,2022-11-20,2023-02-08,Area Sales Manager,Sales,Male,Other,80,0,2022,2023,69,70,55+,Fully Meets,Low Value,Junior,3,1,3,High risk
2697,Benjamin Goodman,2020-02-22,NULL,Area Sales Manager,Sales,Male,White,0,1,2020,0,56,0,55+,Fully Meets,Low Value,Junior,2,1,3,Medium
2698,Jaycee Alexander,2021-04-04,NULL,Area Sales Manager,Sales,Male,Hispanic,0,1,2021,0,52,0,55+,Fully Meets,Low Value,Junior,2,1,3,Medium
2699,Cannon Gray,2023-08-05,NULL,Area Sales Manager,Sales,Female,Other,0,1,2023,0,38,0,35-44,Fully Meets,Low Value,Junior,3,4,3,High risk
2700,Brynn Kennedy,2023-01-10,2023-08-06,Administrative Assistant,Sales,Female,Other,208,0,2023,2023,31,31,25-34,Fully Meets,Low Value,Junior,4,2,3,High risk
2701,Branden Ali,2019-04-19,NULL,Administrative Assistant,Sales,Female,Black,0,1,2019,0,60,0,55+,Fully Meets,Low Value,Junior,1,1,3,Medium
2702,Sophie Carrillo,2019-10-02,NULL,Area Sales Manager,Sales,Male,Asian,0,1,2019,0,57,0,55+,Fully Meets,Low Value,Junior,1,1,3,Medium
2703,Saul Shaw,2018-11-14,NULL,Area Sales Manager,Sales,Male,Other,0,1,2018,0,32,0,35-44,Fully Meets,Low Value,Junior,1,4,3,High risk
2704,Isla Mcdaniel,2020-01-27,2022-06-19,Area Sales Manager,Sales,Male,Black,874,0,2020,2022,22,24,25-34,Fully Meets,Low Value,Junior,3,2,3,High risk
2705,Lea Cantu,2018-11-04,NULL,Area Sales Manager,Sales,Female,Hispanic,0,1,2018,0,18,0,25-34,Fully Meets,Low Value,Junior,1,2,3,Medium
2706,Yadiel Riggs,2018-12-13,2019-01-13,Area Sales Manager,Sales,Male,Asian,31,0,2018,2019,43,44,45-54,Fully Meets,Low Value,Junior,3,3,3,High risk
2707,Annalise Olsen,2022-11-28,NULL,Area Sales Manager,Sales,Male,White,0,1,2022,0,30,0,25-34,Fully Meets,Low Value,Junior,3,2,3,High risk
2708,Theodore Castro,2022-06-08,2022-08-07,Area Sales Manager,Sales,Male,Asian,60,0,2022,2022,57,57,55+,Fully Meets,Low Value,Junior,4,1,3,High risk
2709,Emily Freeman,2022-04-03,NULL,Area Sales Manager,Sales,Male,Asian,0,1,2022,0,37,0,35-44,Fully Meets,Low Value,Junior,3,4,3,High risk
2710,Madyson Yates,2022-02-28,NULL,Area Sales Manager,Sales,Male,Black,0,1,2022,0,28,0,25-34,Fully Meets,Low Value,Junior,3,2,3,High risk
2711,Rachel Bowers,2021-08-19,NULL,Area Sales Manager,Sales,Male,Black,0,1,2021,0,48,0,45-54,Fully Meets,Low Value,Junior,2,3,3,High risk
2712,Helen Humphrey,2018-08-19,NULL,Area Sales Manager,Sales,Male,Other,0,1,2018,0,26,0,25-34,Fully Meets,Low Value,Junior,1,2,3,Medium
2713,Abagail Villanueva,2019-10-15,NULL,Area Sales Manager,Sales,Male,Black,0,1,2019,0,22,0,25-34,Fully Meets,Low Value,Junior,1,2,3,Medium
2714,Julie Lloyd,2023-02-23,2023-04-20,Area Sales Manager,Sales,Male,Asian,56,0,2023,2023,51,51,45-54,Fully Meets,Low Value,Junior,4,3,3,High risk
2715,Alejandro Wilkinson,2023-02-01,NULL,Area Sales Manager,Sales,Female,Asian,0,1,2023,0,28,0,25-34,Fully Meets,Low Value,Junior,3,2,3,High risk
2716,Yadiel Mata,2023-05-07,NULL,Administrative Assistant,Sales,Female,Asian,0,1,2023,0,54,0,55+,Fully Meets,Low Value,Junior,3,1,3,High risk
2717,Colt Sutton,2020-05-26,NULL,Area Sales Manager,Sales,Male,Black,0,1,2020,0,25,0,25-34,Fully Meets,Low Value,Junior,2,2,3,High risk
2718,Madalyn Prince,2022-02-09,NULL,Area Sales Manager,Sales,Male,Other,0,1,2022,0,23,0,25-34,Fully Meets,Low Value,Junior,3,2,3,High risk
2719,Clara Stewart,2022-06-20,2023-03-23,Area Sales Manager,Sales,Male,Hispanic,276,0,2022,2023,26,27,25-34,Fully Meets,Low Value,Junior,3,2,3,High risk
2720,Cheyenne Herman,2022-01-08,2022-09-03,Area Sales Manager,Sales,Female,Asian,238,0,2022,2022,28,28,25-34,Fully Meets,Low Value,Junior,4,2,3,High risk
2721,Emerson Zavala,2020-03-01,NULL,Area Sales Manager,Sales,Male,Hispanic,0,1,2020,0,39,0,35-44,Fully Meets,Low Value,Junior,2,4,3,High risk
2722,Sawyer Oneal,2020-10-05,NULL,Area Sales Manager,Sales,Male,White,0,1,2020,0,41,0,45-54,Fully Meets,Low Value,Junior,2,3,3,High risk
2723,Kyleigh Mathis,2021-05-12,2022-07-01,Area Sales Manager,Sales,Male,White,415,0,2021,2022,46,47,45-54,Fully Meets,Low Value,Junior,3,3,3,High risk
2724,Maximus Mcdowell,2023-01-01,2023-07-05,Area Sales Manager,Sales,Male,Other,185,0,2023,2023,80,80,55+,Fully Meets,Low Value,Junior,4,1,3,High risk
2725,Dean Little,2019-11-18,NULL,Area Sales Manager,Sales,Male,White,0,1,2019,0,50,0,55+,Fully Meets,Low Value,Junior,1,1,3,Medium
2726,Martin Herrera,2021-05-12,2021-11-07,Area Sales Manager,Sales,Male,Asian,179,0,2021,2021,50,50,45-54,Fully Meets,Low Value,Junior,4,3,3,High risk
2727,Uriah Briggs,2020-02-14,2021-12-21,Area Sales Manager,Sales,Male,White,676,0,2020,2021,36,37,35-44,Fully Meets,Low Value,Junior,3,4,3,High risk
2728,Kianna Little,2020-05-08,2023-03-28,Area Sales Manager,Sales,Male,Hispanic,1054,0,2020,2023,64,67,55+,Fully Meets,Low Value,Junior,3,1,3,High risk
2729,David Kirk,2018-12-10,NULL,Area Sales Manager,Sales,Female,Hispanic,0,1,2018,0,70,0,55+,Fully Meets,Low Value,Junior,1,1,3,Medium
2730,Alexandra Bryant,2021-12-08,NULL,Area Sales Manager,Sales,Female,Hispanic,0,1,2021,0,54,0,55+,Fully Meets,Low Value,Junior,2,1,3,Medium
2731,Denzel Jensen,2019-01-31,NULL,Administrative Assistant,Sales,Female,Other,0,1,2019,0,70,0,55+,Fully Meets,Low Value,Junior,1,1,3,Medium
2732,Fletcher Maxwell,2022-08-31,2023-04-27,Area Sales Manager,Sales,Male,Black,239,0,2022,2023,33,34,35-44,Fully Meets,Low Value,Junior,3,4,3,High risk
2733,Davian Davis,2022-02-01,NULL,Area Sales Manager,Sales,Male,Black,0,1,2022,0,26,0,25-34,Fully Meets,Low Value,Junior,3,2,3,High risk
2734,Maxim Mooney,2020-12-02,NULL,Area Sales Manager,Sales,Female,Black,0,1,2020,0,72,0,55+,Fully Meets,Low Value,Junior,2,1,3,Medium
2735,Santiago Rosales,2020-10-16,NULL,Area Sales Manager,Sales,Female,Asian,0,1,2020,0,19,0,Under 25,Fully Meets,Low Value,Junior,2,5,3,High risk
2736,Zara Werner,2020-05-27,NULL,Area Sales Manager,Sales,Male,Other,0,1,2020,0,57,0,55+,Fully Meets,Low Value,Junior,2,1,3,Medium
2737,Darian Hansen,2021-08-20,2021-10-09,Area Sales Manager,Sales,Male,Black,50,0,2021,2021,49,49,45-54,Fully Meets,Low Value,Junior,4,3,3,High risk
2738,Kaeden Branch,2019-02-07,2019-03-25,Area Sales Manager,Sales,Male,Hispanic,46,0,2019,2019,62,62,55+,Fully Meets,Low Value,Junior,4,1,3,High risk
2739,Gabriel Swanson,2021-02-18,2021-11-26,Area Sales Manager,Sales,Male,Black,281,0,2021,2021,77,77,55+,Fully Meets,Low Value,Junior,4,1,3,High risk
2740,Madyson Chapman,2022-12-02,NULL,Area Sales Manager,Sales,Male,Black,0,1,2022,0,39,0,35-44,Fully Meets,Low Value,Junior,3,4,3,High risk
2741,Kellen Hill,2021-07-29,2022-05-05,Area Sales Manager,Sales,Male,Asian,280,0,2021,2022,47,48,45-54,Fully Meets,Low Value,Junior,3,3,3,High risk
2742,Samir Gray,2022-04-23,2022-12-16,Area Sales Manager,Sales,Male,Asian,237,0,2022,2022,31,31,25-34,Fully Meets,Low Value,Junior,4,2,3,High risk
2743,Stephanie Hampton,2021-07-31,2022-04-07,Area Sales Manager,Sales,Male,Black,250,0,2021,2022,39,40,35-44,Fully Meets,Low Value,Junior,3,4,3,High risk
2744,Walter Mayo,2020-06-12,NULL,Area Sales Manager,Sales,Female,Asian,0,1,2020,0,66,0,55+,Fully Meets,Low Value,Junior,2,1,3,Medium
2745,Harley Greer,2019-01-25,NULL,Area Sales Manager,Sales,Female,Hispanic,0,1,2019,0,18,0,Under 25,Fully Meets,Low Value,Junior,1,5,3,High risk
2746,Misael Pratt,2020-10-24,2023-04-08,Administrative Assistant,Sales,Female,Hispanic,896,0,2020,2023,43,46,45-54,Fully Meets,Low Value,Junior,3,3,3,High risk
2747,Sneha Jhaveri,2018-08-18,2019-02-28,Production Technician I,Production,Female,Hispanic,194,0,2018,2019,58,59,55+,Fully Meets,Low Value,Junior,3,1,3,High risk
2748,Melinda Saar-Beckles,2022-07-11,NULL,Production Technician I,Production,Female,Hispanic,0,1,2022,0,58,0,55+,Fully Meets,Low Value,Junior,3,1,3,High risk
2749,Elizabeth Meads,2018-11-15,2018-11-19,Production Technician I,Production,Female,Black,4,0,2018,2018,69,69,55+,Fully Meets,Low Value,Junior,4,1,3,High risk
2750,Patrick Moran,2022-06-04,NULL,Production Technician II,Production,Male,Asian,0,1,2022,0,73,0,55+,Fully Meets,Low Value,Junior,3,1,3,High risk
2751,Mathew Linden,2018-10-27,2019-07-10,Production Technician II,Production,Male,Black,256,0,2018,2019,51,52,55+,Fully Meets,Low Value,Junior,3,1,3,High risk
2752,Adeel Osturnka,2022-10-21,2023-05-09,Production Technician I,Production,Male,Hispanic,200,0,2022,2023,46,47,45-54,Fully Meets,Low Value,Junior,3,3,3,High risk
2753,Lisa Cornett,2023-01-13,2023-05-24,Production Technician I,Production,Female,Black,131,0,2023,2023,39,39,35-44,Fully Meets,Low Value,Junior,4,4,3,High risk
2754,Louis Punjabhi,2020-04-05,NULL,Production Technician I,Production,Male,Other,0,1,2020,0,43,0,45-54,Fully Meets,Low Value,Junior,2,3,3,High risk
2755,Michael Carey,2022-05-26,NULL,Production Technician I,Production,Male,Other,0,1,2022,0,67,0,55+,Fully Meets,Low Value,Junior,3,1,3,High risk
2756,Earnest Hankard,2021-05-05,NULL,Production Technician II,Production,Male,White,0,1,2021,0,35,0,35-44,Fully Meets,Low Value,Junior,2,4,3,High risk
2757,Kimberly Beak,2023-07-01,2023-08-04,Production Technician II,Production,Female,Hispanic,34,0,2023,2023,75,75,55+,Fully Meets,Low Value,Junior,4,1,3,High risk
2758,Jonathan R LeBel,2018-12-20,2023-06-13,Production Technician I,Production,Male,Other,1636,0,2018,2023,72,77,55+,Fully Meets,Low Value,Mid,2,1,3,Medium
2759,Rick Stoica,2018-08-26,NULL,Production Technician I,Production,Male,White,0,1,2018,0,29,0,35-44,Fully Meets,Low Value,Junior,1,4,3,High risk
2760,Adil Sahoo,2020-12-06,2022-08-26,Production Technician II,Production,Male,Other,628,0,2020,2022,51,53,55+,Fully Meets,Low Value,Junior,3,1,3,High risk
2761,Barbara Gaul,2021-12-13,2022-06-11,Production Technician I,Production,Female,Asian,180,0,2021,2022,24,25,25-34,Fully Meets,Low Value,Junior,3,2,3,High risk
2762,Carla Demita,2021-06-27,2022-01-02,Production Technician II,Production,Female,Asian,189,0,2021,2022,77,78,55+,Fully Meets,Low Value,Junior,3,1,3,High risk
2763,Paula Gross,2019-10-19,NULL,Production Technician I,Production,Female,Hispanic,0,1,2019,0,28,0,25-34,Fully Meets,Low Value,Junior,1,2,3,Medium
2764,Francesco A Barone,2022-11-26,2023-01-13,Production Technician I,Production,Male,Black,48,0,2022,2023,29,30,25-34,Fully Meets,Low Value,Junior,3,2,3,High risk
2765,Rex England,2019-08-19,NULL,Production Technician I,Production,Male,Black,0,1,2019,0,52,0,55+,Fully Meets,Low Value,Junior,1,1,3,Medium
2766,Trina Hendrickson,2018-08-22,2022-04-14,Production Technician II,Production,Female,Hispanic,1331,0,2018,2022,61,65,55+,Fully Meets,Low Value,Mid,2,1,3,Medium
2767,Colleen Volk,2022-05-04,NULL,Production Technician I,Production,Female,Asian,0,1,2022,0,73,0,55+,Fully Meets,Low Value,Junior,3,1,3,High risk
2768,Jean Engdahl,2022-06-12,NULL,Production Technician I,Production,Male,Asian,0,1,2022,0,41,0,35-44,Fully Meets,Low Value,Junior,3,4,3,High risk
2769,Paris Blake,2018-11-08,NULL,Production Technician I,Production,Male,Other,0,1,2018,0,68,0,55+,Fully Meets,Low Value,Junior,1,1,3,Medium
2770,Neveah Bird,2021-07-05,NULL,Production Technician I,Production,Male,Black,0,1,2021,0,76,0,55+,Fully Meets,Low Value,Junior,2,1,3,Medium
2771,Tia Potter,2020-07-08,2021-09-24,Production Technician I,Production,Male,Other,443,0,2020,2021,70,71,55+,Fully Meets,Low Value,Junior,3,1,3,High risk
2772,Alexandra Bean,2020-03-13,NULL,Production Technician I,Production,Male,Other,0,1,2020,0,47,0,45-54,Fully Meets,Low Value,Junior,2,3,3,High risk
2773,Tony Grimes,2022-12-28,NULL,Production Technician I,Production,Male,White,0,1,2022,0,58,0,55+,Fully Meets,Low Value,Junior,3,1,3,High risk
2774,Macy Nielsen,2020-03-17,NULL,Production Technician I,Production,Male,Other,0,1,2020,0,27,0,25-34,Fully Meets,Low Value,Junior,2,2,3,High risk
2775,Toby Yates,2023-01-07,NULL,Production Technician I,Production,Female,White,0,1,2023,0,57,0,55+,Fully Meets,Low Value,Junior,3,1,3,High risk
2776,Karlee Davies,2021-12-22,NULL,Production Technician I,Production,Male,White,0,1,2021,0,46,0,45-54,Fully Meets,Low Value,Junior,2,3,3,High risk
2777,Hector Escobar,2020-04-29,2022-11-22,Production Technician I,Production,Male,Hispanic,937,0,2020,2022,76,78,55+,Fully Meets,Low Value,Junior,3,1,3,High risk
2778,Javon Mckenzie,2020-12-02,NULL,Production Technician I,Production,Male,Asian,0,1,2020,0,65,0,55+,Fully Meets,Low Value,Junior,2,1,3,Medium
2779,Lilly Huynh,2021-12-08,2022-06-20,Production Technician I,Production,Male,Hispanic,194,0,2021,2022,64,65,55+,Fully Meets,Low Value,Junior,3,1,3,High risk
2780,Anika Robbins,2022-04-13,2023-08-04,Production Technician I,Production,Male,White,478,0,2022,2023,71,72,55+,Fully Meets,Low Value,Junior,3,1,3,High risk
2781,Ishaan Robinson,2020-12-23,2022-07-23,Production Technician I,Production,Male,Asian,577,0,2020,2022,51,53,55+,Fully Meets,Low Value,Junior,3,1,3,High risk
2782,Paola Macdonald,2019-03-31,NULL,Production Technician I,Production,Female,Black,0,1,2019,0,32,0,35-44,Fully Meets,Low Value,Junior,1,4,3,High risk
2783,Lorelei Sellers,2023-06-11,2023-07-30,Production Technician II,Production,Male,White,49,0,2023,2023,46,46,45-54,Fully Meets,Low Value,Junior,4,3,3,High risk
2784,Gillian Riddle,2021-05-20,2023-01-31,Production Technician II,Production,Male,White,621,0,2021,2023,40,42,35-44,Fully Meets,Low Value,Junior,3,4,3,High risk
2785,Atticus White,2020-11-14,NULL,Production Technician II,Production,Male,Hispanic,0,1,2020,0,53,0,55+,Fully Meets,Low Value,Junior,2,1,3,Medium
2786,Virginia Nunez,2018-12-29,NULL,Production Technician II,Production,Female,Asian,0,1,2018,0,18,0,25-34,Fully Meets,Low Value,Junior,1,2,3,Medium
2787,Caden Taylor,2021-04-22,NULL,Production Technician II,Production,Female,White,0,1,2021,0,73,0,55+,Fully Meets,Low Value,Junior,2,1,3,Medium
2788,Brooks Leach,2023-06-03,2023-07-14,Production Technician II,Production,Female,Black,41,0,2023,2023,74,74,55+,Fully Meets,Low Value,Junior,4,1,3,High risk
2789,Isabel Wyatt,2021-04-26,2021-07-06,Production Technician I,Production,Male,Asian,71,0,2021,2021,79,79,55+,Fully Meets,Low Value,Junior,4,1,3,High risk
2790,Angelo Henry,2019-04-30,2019-10-09,Production Technician I,Production,Male,Hispanic,162,0,2019,2019,60,60,55+,Fully Meets,Low Value,Junior,4,1,3,High risk
2791,Joselyn Moss,2021-07-04,2023-06-25,Production Technician I,Production,Male,White,721,0,2021,2023,75,77,55+,Fully Meets,Low Value,Junior,3,1,3,High risk
2792,Diamond Mcclain,2023-02-24,NULL,Production Technician I,Production,Male,Black,0,1,2023,0,70,0,55+,Fully Meets,Low Value,Junior,3,1,3,High risk
2793,Eden Dalton,2021-03-02,NULL,Production Technician I,Production,Male,Black,0,1,2021,0,40,0,35-44,Fully Meets,Low Value,Junior,2,4,3,High risk
2794,Emely Parks,2021-12-27,NULL,Production Technician I,Production,Male,Hispanic,0,1,2021,0,45,0,45-54,Fully Meets,Low Value,Junior,2,3,3,High risk
2795,Corinne Hopkins,2022-07-10,2022-09-11,Production Technician I,Production,Female,Asian,63,0,2022,2022,73,73,55+,Fully Meets,Low Value,Junior,4,1,3,High risk
2796,Destiny Blake,2022-09-19,2023-06-17,Production Technician I,Production,Female,Asian,271,0,2022,2023,31,32,25-34,Fully Meets,Low Value,Junior,3,2,3,High risk
2797,Zaria Kidd,2021-05-30,NULL,Production Technician I,Production,Male,Other,0,1,2021,0,57,0,55+,Exceeds,Low Value,Junior,2,1,4,High risk
2798,Adam Ingram,2020-04-07,NULL,Production Technician I,Production,Male,Asian,0,1,2020,0,51,0,55+,Fully Meets,Low Value,Junior,2,1,3,Medium
2799,Makenna Foster,2021-04-20,2022-09-17,Production Technician I,Production,Male,White,515,0,2021,2022,33,34,35-44,Fully Meets,Low Value,Junior,3,4,3,High risk
2800,Nayeli Keith,2019-08-02,NULL,Production Technician I,Production,Male,Black,0,1,2019,0,71,0,55+,Fully Meets,Low Value,Junior,1,1,3,Medium
2801,Devon Shannon,2022-01-11,NULL,Production Technician I,Production,Male,White,0,1,2022,0,27,0,25-34,Fully Meets,Low Value,Junior,3,2,3,High risk
2802,Lucy Harrington,2020-11-15,NULL,Production Technician I,Production,Female,White,0,1,2020,0,43,0,45-54,Fully Meets,Low Value,Junior,2,3,3,High risk
2803,Rebecca Francis,2020-05-08,NULL,Production Technician I,Production,Female,Asian,0,1,2020,0,55,0,55+,Fully Meets,Low Value,Junior,2,1,3,Medium
2804,Salma Frederick,2019-03-10,NULL,Production Technician II,Production,Male,Hispanic,0,1,2019,0,66,0,55+,Fully Meets,Low Value,Junior,1,1,3,Medium
2805,Avery Vance,2022-04-19,NULL,Production Technician II,Production,Male,White,0,1,2022,0,34,0,35-44,Fully Meets,Low Value,Junior,3,4,3,High risk
2806,Stephany Jenkins,2019-11-30,NULL,Production Technician II,Production,Female,Asian,0,1,2019,0,57,0,55+,Fully Meets,Low Value,Junior,1,1,3,Medium
2807,Brian Kelly,2021-07-06,2023-01-07,Production Technician II,Production,Female,White,550,0,2021,2023,44,46,45-54,Fully Meets,Low Value,Junior,3,3,3,High risk
2808,Keagan Villa,2018-11-27,NULL,Production Technician II,Production,Female,Asian,0,1,2018,0,25,0,25-34,Fully Meets,Low Value,Junior,1,2,3,Medium
2809,Kendra Foley,2023-01-30,NULL,Production Technician I,Production,Male,Hispanic,0,1,2023,0,59,0,55+,Fully Meets,Low Value,Junior,3,1,3,High risk
2810,Jabari Stanton,2022-11-17,2023-02-08,Production Technician I,Production,Male,Other,83,0,2022,2023,63,64,55+,Fully Meets,Low Value,Junior,3,1,3,High risk
2811,Phoenix Farley,2018-08-13,2020-05-28,Production Technician I,Production,Male,Hispanic,654,0,2018,2020,22,24,25-34,Fully Meets,Low Value,Junior,3,2,3,High risk
2812,Aurora Bass,2021-07-02,2023-07-09,Production Technician I,Production,Male,White,737,0,2021,2023,75,77,55+,Fully Meets,Low Value,Junior,3,1,3,High risk
2813,Enrique Parks,2022-06-28,NULL,Production Technician I,Production,Male,Other,0,1,2022,0,49,0,45-54,Fully Meets,Low Value,Junior,3,3,3,High risk
2814,Kylie Cox,2019-01-25,NULL,Production Technician I,Production,Male,Hispanic,0,1,2019,0,44,0,45-54,Fully Meets,Low Value,Junior,1,3,3,High risk
2815,Luke Burke,2023-07-23,NULL,Production Technician I,Production,Female,Asian,0,1,2023,0,45,0,45-54,Fully Meets,Low Value,Junior,3,3,3,High risk
2816,Ricardo Mcdonald,2022-07-25,NULL,Production Technician I,Production,Female,Black,0,1,2022,0,30,0,25-34,Fully Meets,Low Value,Junior,3,2,3,High risk
2817,Camila Hodges,2023-01-11,NULL,Production Technician I,Production,Male,White,0,1,2023,0,25,0,25-34,Fully Meets,Low Value,Junior,3,2,3,High risk
2818,Tripp Sanders,2023-07-28,2023-07-30,Production Technician I,Production,Male,Hispanic,2,0,2023,2023,59,59,55+,Exceeds,Low Value,Junior,4,1,4,High risk
2819,Davin Wade,2023-05-06,NULL,Production Technician I,Production,Male,White,0,1,2023,0,23,0,25-34,Fully Meets,Low Value,Junior,3,2,3,High risk
2820,Pierce Bender,2022-09-18,NULL,Production Technician I,Production,Male,Hispanic,0,1,2022,0,43,0,45-54,Fully Meets,Low Value,Junior,3,3,3,High risk
2821,Marin Mosley,2019-09-08,2021-09-10,Production Technician I,Production,Male,Hispanic,733,0,2019,2021,21,23,25-34,Fully Meets,Low Value,Junior,3,2,3,High risk
2822,Barrett Sosa,2019-08-30,NULL,Production Technician I,Production,Female,White,0,1,2019,0,60,0,55+,Fully Meets,Low Value,Junior,1,1,3,Medium
2823,Eliezer Briggs,2023-05-22,NULL,Production Technician I,Production,Female,White,0,1,2023,0,38,0,35-44,Fully Meets,Low Value,Junior,3,4,3,High risk
2824,Talan Garrett,2021-03-02,NULL,Production Technician II,Production,Male,Hispanic,0,1,2021,0,59,0,55+,Fully Meets,Low Value,Junior,2,1,3,Medium
2825,Van Griffin,2023-02-13,NULL,Production Technician II,Production,Male,Hispanic,0,1,2023,0,41,0,35-44,Fully Meets,Low Value,Junior,3,4,3,High risk
2826,Roger Kaufman,2022-08-11,2022-12-01,Production Technician II,Production,Female,Hispanic,112,0,2022,2022,68,68,55+,Fully Meets,Low Value,Junior,4,1,3,High risk
2827,Ignacio Mcintyre,2020-02-19,2022-12-10,Production Technician II,Production,Female,Other,1025,0,2020,2022,40,42,45-54,Fully Meets,Low Value,Junior,3,3,3,High risk
2828,Jaydon Lambert,2021-10-15,2023-03-26,Production Technician II,Production,Female,Black,527,0,2021,2023,77,79,55+,Fully Meets,Low Value,Junior,3,1,3,High risk
2829,Serenity Carlson,2022-11-16,NULL,Production Technician I,Production,Male,Other,0,1,2022,0,75,0,55+,Fully Meets,Low Value,Junior,3,1,3,High risk
2830,Leslie Maynard,2022-06-30,2023-02-03,Production Technician I,Production,Male,White,218,0,2022,2023,28,29,25-34,Fully Meets,Low Value,Junior,3,2,3,High risk
2831,Craig Sherman,2021-07-28,NULL,Production Technician I,Production,Male,White,0,1,2021,0,69,0,55+,Fully Meets,Low Value,Junior,2,1,3,Medium
2832,Lilyana Huffman,2021-11-21,NULL,Production Technician I,Production,Male,White,0,1,2021,0,46,0,45-54,Fully Meets,Low Value,Junior,2,3,3,High risk
2833,Jacey Reeves,2020-10-12,NULL,Production Technician I,Production,Male,Asian,0,1,2020,0,31,0,35-44,Fully Meets,Low Value,Junior,2,4,3,High risk
2834,Madyson Silva,2018-10-02,2020-09-17,Production Technician I,Production,Female,Asian,716,0,2018,2020,75,77,55+,Fully Meets,Low Value,Junior,3,1,3,High risk
2835,Liberty Poole,2021-07-17,2023-02-27,Production Technician I,Production,Female,White,590,0,2021,2023,26,28,25-34,Fully Meets,Low Value,Junior,3,2,3,High risk
2836,Antonio Romero,2022-04-13,NULL,Production Technician I,Production,Female,Black,0,1,2022,0,34,0,35-44,Fully Meets,Low Value,Junior,3,4,3,High risk
2837,Jaylen Butler,2021-03-20,2023-02-18,Production Technician I,Production,Male,Asian,700,0,2021,2023,77,79,55+,Fully Meets,Low Value,Junior,3,1,3,High risk
2838,Gloria Marks,2021-09-09,2021-11-05,Production Technician I,Production,Male,Black,57,0,2021,2021,76,76,55+,Fully Meets,Low Value,Junior,4,1,3,High risk
2839,Jaylee Cunningham,2019-12-06,2022-03-28,Production Technician I,Production,Male,Black,843,0,2019,2022,50,53,55+,Fully Meets,Low Value,Junior,3,1,3,High risk
2840,Jordon Wyatt,2023-04-26,2023-05-19,Production Technician I,Production,Male,Hispanic,23,0,2023,2023,23,23,25-34,Fully Meets,Low Value,Junior,4,2,3,High risk
2841,Darien Doyle,2019-04-06,NULL,Production Technician I,Production,Male,Hispanic,0,1,2019,0,58,0,55+,Fully Meets,Low Value,Junior,1,1,3,Medium
2842,Ryan Rollins,2020-10-19,2023-02-28,Production Technician I,Production,Female,Black,862,0,2020,2023,55,58,55+,Fully Meets,Low Value,Junior,3,1,3,High risk
2843,Manuel Haley,2021-11-22,NULL,Production Technician II,Production,Male,Black,0,1,2021,0,79,0,55+,Fully Meets,Low Value,Junior,2,1,3,Medium
2844,Litzy Lloyd,2020-12-30,2023-07-25,Production Technician II,Production,Male,Asian,937,0,2020,2023,78,81,55+,Fully Meets,Low Value,Junior,3,1,3,High risk
2845,Jett York,2020-09-03,NULL,Production Technician II,Production,Female,White,0,1,2020,0,41,0,45-54,Fully Meets,Low Value,Junior,2,3,3,High risk
2846,Natalia Bush,2019-10-14,2022-08-19,Production Technician II,Production,Female,White,1040,0,2019,2022,64,67,55+,Fully Meets,Low Value,Junior,3,1,3,High risk
2847,Mallory Carey,2021-02-19,2021-09-18,Production Technician II,Production,Female,Black,211,0,2021,2021,55,55,55+,Fully Meets,Low Value,Junior,4,1,3,High risk
2848,Pierre Tate,2022-03-13,2022-09-02,Production Technician I,Production,Male,White,173,0,2022,2022,76,76,55+,Exceeds,Low Value,Junior,4,1,4,High risk
2849,Shannon Hurst,2018-10-02,NULL,Production Technician I,Production,Male,Hispanic,0,1,2018,0,69,0,55+,Fully Meets,Low Value,Junior,1,1,3,Medium
2850,Carleigh Schultz,2022-10-06,2022-10-16,Production Technician I,Production,Male,Hispanic,10,0,2022,2022,50,50,45-54,Exceeds,Low Value,Junior,4,3,4,High risk
2851,Rihanna Briggs,2020-09-21,NULL,Production Technician I,Production,Male,Black,0,1,2020,0,53,0,55+,Fully Meets,Low Value,Junior,2,1,3,Medium
2852,Eden Levy,2021-12-06,NULL,Production Technician I,Production,Male,Other,0,1,2021,0,75,0,55+,Fully Meets,Low Value,Junior,2,1,3,Medium
2853,Nathanial Davis,2022-11-16,2023-03-21,Production Technician I,Production,Male,Other,125,0,2022,2023,28,29,25-34,Needs Improvement,Low Value,Junior,3,2,1,Medium
2854,Eileen Beard,2022-08-02,2023-07-27,Production Technician I,Production,Female,Hispanic,359,0,2022,2023,77,78,55+,Needs Improvement,Low Value,Junior,3,1,1,Medium
2855,Kale Potter,2022-01-19,NULL,Production Technician I,Production,Female,Black,0,1,2022,0,43,0,45-54,Needs Improvement,Low Value,Junior,3,3,1,High risk
2856,Sage Boyer,2022-04-09,NULL,Production Technician I,Production,Female,White,0,1,2022,0,70,0,55+,Needs Improvement,Low Value,Junior,3,1,1,Medium
2857,Dane Owens,2019-07-19,2022-08-08,Production Technician I,Production,Male,White,1116,0,2019,2022,45,48,45-54,Fully Meets,Low Value,Mid,3,3,3,High risk
2858,Colin Simpson,2021-09-02,2022-11-14,Production Technician I,Production,Male,Other,438,0,2021,2022,47,48,45-54,Fully Meets,Low Value,Junior,3,3,3,High risk
2859,Rachel Buckley,2019-02-01,NULL,Production Technician I,Production,Male,Other,0,1,2019,0,74,0,55+,Needs Improvement,Low Value,Junior,1,1,1,Low
2860,Maria Cameron,2023-04-13,2023-05-26,Production Technician I,Production,Male,Black,43,0,2023,2023,62,62,55+,Fully Meets,Low Value,Junior,4,1,3,High risk
2861,Judith Savage,2018-10-06,NULL,Production Technician I,Production,Male,White,0,1,2018,0,32,0,35-44,Fully Meets,Low Value,Junior,1,4,3,High risk
2862,Randall West,2020-03-24,2022-03-24,Production Technician II,Production,Male,Other,730,0,2020,2022,77,79,55+,Fully Meets,Low Value,Junior,3,1,3,High risk
2863,Caitlin Palmer,2021-10-08,NULL,Production Technician II,Production,Male,Other,0,1,2021,0,78,0,55+,Needs Improvement,Low Value,Junior,2,1,1,Medium
2864,Luke Heath,2022-05-16,NULL,Production Technician II,Production,Male,Asian,0,1,2022,0,27,0,25-34,Fully Meets,Low Value,Junior,3,2,3,High risk
2865,Esperanza Horne,2022-05-10,2022-10-17,Production Technician II,Production,Female,White,160,0,2022,2022,53,53,55+,Fully Meets,Low Value,Junior,4,1,3,High risk
2866,Jadon Mata,2021-11-16,NULL,Production Technician II,Production,Female,Hispanic,0,1,2021,0,70,0,55+,Fully Meets,Low Value,Junior,2,1,3,Medium
2867,Gillian Hawkins,2019-02-25,NULL,Production Technician II,Production,Female,White,0,1,2019,0,25,0,25-34,Fully Meets,Low Value,Junior,1,2,3,Medium
2868,Lisa Griffin,2022-07-01,NULL,Production Technician I,Production,Male,Black,0,1,2022,0,76,0,55+,Fully Meets,Low Value,Junior,3,1,3,High risk
2869,Nelson Carpenter,2022-12-17,NULL,Production Technician I,Production,Male,Black,0,1,2022,0,79,0,55+,Fully Meets,Low Value,Junior,3,1,3,High risk
2870,Sanai Sweeney,2023-07-26,2023-07-31,Production Technician I,Production,Male,Black,5,0,2023,2023,73,73,55+,Fully Meets,Low Value,Junior,4,1,3,High risk
2871,Tania Taylor,2022-03-11,2022-08-02,Production Technician I,Production,Male,Hispanic,144,0,2022,2022,69,69,55+,Fully Meets,Low Value,Junior,4,1,3,High risk
2872,Greta Horne,2020-06-29,2021-05-20,Production Technician I,Production,Male,Hispanic,325,0,2020,2021,53,54,55+,Fully Meets,Low Value,Junior,3,1,3,High risk
2873,Jordyn Snyder,2022-03-28,NULL,Production Technician I,Production,Male,Hispanic,0,1,2022,0,24,0,25-34,Fully Meets,Low Value,Junior,3,2,3,High risk
2874,Alex Collins,2022-02-14,NULL,Production Technician I,Production,Male,White,0,1,2022,0,69,0,55+,Fully Meets,Low Value,Junior,3,1,3,High risk
2875,Harley Walker,2020-12-25,2021-09-13,Production Technician I,Production,Female,Black,262,0,2020,2021,39,40,35-44,Fully Meets,Low Value,Junior,3,4,3,High risk
2876,Luka Novak,2023-04-27,NULL,Production Technician I,Production,Female,Asian,0,1,2023,0,66,0,55+,Fully Meets,Low Value,Junior,3,1,3,High risk
2877,Skylar Riggs,2022-11-11,2022-12-07,Production Technician I,Production,Female,Asian,26,0,2022,2022,78,78,55+,Fully Meets,Low Value,Junior,4,1,3,High risk
2878,Shania Barrera,2021-05-04,2021-10-12,Production Technician I,Production,Male,Black,161,0,2021,2021,64,64,55+,Fully Meets,Low Value,Junior,4,1,3,High risk
2879,Trystan Fernandez,2018-12-20,NULL,Production Technician I,Production,Male,Black,0,1,2018,0,56,0,55+,Fully Meets,Low Value,Junior,1,1,3,Medium
2880,Aimee Berg,2021-06-11,2022-12-03,Production Technician I,Production,Female,Black,540,0,2021,2022,21,22,25-34,Fully Meets,Low Value,Junior,3,2,3,High risk
2881,Kyson Scott,2023-06-07,NULL,Production Technician I,Production,Male,Asian,0,1,2023,0,67,0,55+,Fully Meets,Low Value,Junior,3,1,3,High risk
2882,Lamar Kirk,2019-05-21,2020-01-05,Production Technician I,Production,Male,Asian,229,0,2019,2020,41,42,45-54,Fully Meets,Low Value,Junior,3,3,3,High risk
2883,Slade Lynn,2019-03-01,NULL,Production Technician II,Production,Male,Hispanic,0,1,2019,0,59,0,55+,Fully Meets,Low Value,Junior,1,1,3,Medium
2884,Riley Leon,2022-02-26,NULL,Production Technician II,Production,Male,Other,0,1,2022,0,43,0,45-54,Fully Meets,Low Value,Junior,3,3,3,High risk
2885,Humberto Yoder,2022-04-14,2022-10-10,Production Technician II,Production,Male,Asian,179,0,2022,2022,45,45,45-54,Fully Meets,Low Value,Junior,4,3,3,High risk
2886,Michelle Pearson,2020-08-06,NULL,Production Technician II,Production,Male,Asian,0,1,2020,0,37,0,35-44,Fully Meets,Low Value,Junior,2,4,3,High risk
2887,Natalya Reyes,2020-01-28,2022-02-15,Production Technician II,Production,Female,Black,749,0,2020,2022,33,35,35-44,Fully Meets,Low Value,Junior,3,4,3,High risk
2888,Celia Mcpherson,2021-04-17,2022-03-18,Production Technician II,Production,Female,White,335,0,2021,2022,38,39,35-44,Fully Meets,Low Value,Junior,3,4,3,High risk
2889,Matias Barton,2019-09-29,2023-06-28,Production Technician II,Production,Female,Hispanic,1368,0,2019,2023,31,35,35-44,Fully Meets,Low Value,Mid,2,4,3,High risk
2890,Caitlyn Vaughan,2022-10-07,NULL,Production Technician I,Production,Male,Black,0,1,2022,0,34,0,35-44,Fully Meets,Low Value,Junior,3,4,3,High risk
2891,Addyson Pollard,2021-08-11,2021-11-07,Production Technician I,Production,Male,Black,88,0,2021,2021,26,26,25-34,Fully Meets,Low Value,Junior,4,2,3,High risk
2892,Laila Wiggins,2021-04-10,2022-11-01,Production Technician I,Production,Male,Hispanic,570,0,2021,2022,61,62,55+,Fully Meets,Low Value,Junior,3,1,3,High risk
2893,Terrance Wiggins,2022-02-24,NULL,Production Technician I,Production,Male,White,0,1,2022,0,77,0,55+,Fully Meets,Low Value,Junior,3,1,3,High risk
2894,Aliza Pace,2022-07-01,NULL,Production Technician I,Production,Male,White,0,1,2022,0,73,0,55+,Fully Meets,Low Value,Junior,3,1,3,High risk
2895,Mauricio Stein,2023-04-04,2023-06-20,Production Technician I,Production,Male,Asian,77,0,2023,2023,25,25,25-34,Fully Meets,Low Value,Junior,4,2,3,High risk
2896,Gia Winters,2021-10-25,NULL,Production Technician I,Production,Male,Other,0,1,2021,0,42,0,45-54,Fully Meets,Low Value,Junior,2,3,3,High risk
2897,Aidyn Cuevas,2022-03-04,2023-07-02,Production Technician I,Production,Female,Hispanic,485,0,2022,2023,59,60,55+,Fully Meets,Low Value,Junior,3,1,3,High risk
2898,Angel Santos,2019-12-20,NULL,Production Technician I,Production,Female,Other,0,1,2019,0,32,0,35-44,Fully Meets,Low Value,Junior,1,4,3,High risk
2899,Johnathan Huerta,2020-09-11,2022-03-31,Production Technician I,Production,Male,Other,566,0,2020,2022,28,30,25-34,Fully Meets,Low Value,Junior,3,2,3,High risk
2900,Katelyn Garner,2021-10-31,2023-07-12,Production Technician I,Production,Male,White,619,0,2021,2023,69,71,55+,Exceeds,Low Value,Junior,3,1,4,High risk
2901,Deshawn Ayers,2018-10-21,2019-04-24,Production Technician I,Production,Female,White,185,0,2018,2019,27,28,25-34,Fully Meets,Low Value,Junior,3,2,3,High risk
2902,Siena Meadows,2021-01-07,NULL,Production Technician I,Production,Female,Black,0,1,2021,0,60,0,55+,Fully Meets,Low Value,Junior,2,1,3,Medium
2903,Presley Padilla,2023-02-09,2023-05-07,Production Technician I,Production,Male,Asian,87,0,2023,2023,25,25,25-34,Needs Improvement,Low Value,Junior,4,2,1,High risk
2904,Marquis Atkinson,2020-02-15,2020-10-20,Production Technician I,Production,Female,Other,248,0,2020,2020,74,74,55+,Exceeds,Low Value,Junior,4,1,4,High risk
2905,Gillian Williams,2022-10-14,NULL,Production Technician II,Production,Male,Asian,0,1,2022,0,49,0,45-54,Fully Meets,Low Value,Junior,3,3,3,High risk
2906,Anabel Hanna,2018-10-02,NULL,Production Technician II,Production,Male,Asian,0,1,2018,0,39,0,45-54,Needs Improvement,Low Value,Junior,1,3,1,Medium
2907,Celeste Branch,2020-06-22,NULL,Production Technician II,Production,Male,White,0,1,2020,0,58,0,55+,Needs Improvement,Low Value,Junior,2,1,1,Medium
2908,Shyanne Cooper,2021-03-19,NULL,Production Technician II,Production,Male,Asian,0,1,2021,0,41,0,45-54,Exceeds,Low Value,Junior,2,3,4,High risk
2909,Nancy Barrett,2019-03-28,NULL,Production Technician II,Production,Female,Hispanic,0,1,2019,0,78,0,55+,Needs Improvement,Low Value,Junior,1,1,1,Low
2910,Ronan Burke,2022-05-01,NULL,Production Technician II,Production,Female,White,0,1,2022,0,76,0,55+,Exceeds,Low Value,Junior,3,1,4,High risk
2911,Estrella Ho,2018-08-07,NULL,Production Technician I,Production,Male,Asian,0,1,2018,0,66,0,55+,Exceeds,Low Value,Junior,1,1,4,Medium
2912,Conor Petty,2022-05-01,NULL,Production Technician I,Production,Male,Black,0,1,2022,0,60,0,55+,Needs Improvement,Low Value,Junior,3,1,1,Medium
2913,Cheyanne Munoz,2019-12-03,NULL,Production Technician I,Production,Male,Hispanic,0,1,2019,0,69,0,55+,Needs Improvement,Low Value,Junior,1,1,1,Low
2914,Jaycee Osborn,2020-01-02,2023-08-03,Production Technician I,Production,Male,Hispanic,1309,0,2020,2023,48,51,45-54,Exceeds,Low Value,Mid,3,3,4,High risk
2915,Jordyn Patel,2022-04-30,2023-08-02,Production Technician I,Production,Male,Asian,459,0,2022,2023,30,31,25-34,Exceeds,Low Value,Junior,3,2,4,High risk
2916,Michael Acosta,2020-07-04,2021-03-07,Production Technician I,Production,Male,White,246,0,2020,2021,67,68,55+,Needs Improvement,Low Value,Junior,3,1,1,Medium
2917,Janiah Ball,2020-02-05,NULL,Production Technician I,Production,Male,Other,0,1,2020,0,29,0,25-34,Exceeds,Low Value,Junior,2,2,4,High risk
2918,Brice Medina,2018-12-22,2022-07-21,Production Technician I,Production,Female,Black,1307,0,2018,2022,39,43,45-54,Exceeds,Low Value,Mid,2,3,4,High risk
2919,Ismael Bowers,2019-04-21,NULL,Production Technician I,Production,Female,White,0,1,2019,0,31,0,35-44,Needs Improvement,Low Value,Junior,1,4,1,Medium
2920,Caden Silva,2020-04-03,NULL,Production Technician I,Production,Male,Hispanic,0,1,2020,0,61,0,55+,Exceeds,Low Value,Junior,2,1,4,High risk
2921,Yadira Dean,2018-09-22,2019-10-10,Production Technician I,Production,Female,Asian,383,0,2018,2019,61,62,55+,Exceeds,Low Value,Junior,3,1,4,High risk
2922,Miles Roberts,2022-10-14,2023-07-06,Production Technician I,Production,Female,Other,265,0,2022,2023,29,30,25-34,Exceeds,Low Value,Junior,3,2,4,High risk
2923,Joel Spence,2022-02-12,2022-09-22,Production Technician I,Production,Female,White,222,0,2022,2022,42,42,45-54,Needs Improvement,Low Value,Junior,4,3,1,High risk
2924,Kole Garrison,2021-03-23,2023-07-20,Production Technician I,Production,Male,Asian,849,0,2021,2023,42,44,45-54,Exceeds,Low Value,Junior,3,3,4,High risk
2925,Kaylin Andersen,2018-08-30,2021-07-11,Production Technician II,Production,Male,Other,1046,0,2018,2021,46,49,45-54,Exceeds,Low Value,Junior,3,3,4,High risk
2926,Yareli Valdez,2022-12-10,2023-07-02,Production Technician II,Production,Male,Black,204,0,2022,2023,23,24,25-34,Needs Improvement,Low Value,Junior,3,2,1,Medium
2927,Rubi Sanford,2023-02-04,2023-07-25,Production Technician II,Production,Male,Black,171,0,2023,2023,41,41,35-44,Exceeds,Low Value,Junior,4,4,4,High risk
2928,Jayden Bolton,2021-01-10,NULL,Production Technician II,Production,Female,Hispanic,0,1,2021,0,49,0,45-54,Fully Meets,Low Value,Junior,2,3,3,High risk
2929,Izabella Watson,2020-08-19,2021-11-14,Production Technician II,Production,Female,White,452,0,2020,2021,34,35,35-44,Needs Improvement,Low Value,Junior,3,4,1,High risk
2930,Jon Galvan,2023-04-21,NULL,Production Technician II,Production,Female,Black,0,1,2023,0,24,0,25-34,Exceeds,Low Value,Junior,3,2,4,High risk
2931,Halle Chan,2020-01-29,2021-01-09,Production Technician I,Production,Male,Hispanic,346,0,2020,2021,51,52,55+,Exceeds,Low Value,Junior,3,1,4,High risk
2932,Braeden Moss,2021-08-19,2023-05-25,Production Technician I,Production,Male,Hispanic,644,0,2021,2023,73,75,55+,Fully Meets,Low Value,Junior,3,1,3,High risk
2933,Fernando Mcdowell,2021-03-18,NULL,Production Technician I,Production,Male,White,0,1,2021,0,72,0,55+,Needs Improvement,Low Value,Junior,2,1,1,Medium
2934,Triston Ewing,2021-10-24,2022-08-29,Production Technician I,Production,Male,Asian,309,0,2021,2022,58,59,55+,Fully Meets,Low Value,Junior,3,1,3,High risk
2935,Pablo Yates,2020-10-03,2023-05-06,Production Technician I,Production,Male,White,945,0,2020,2023,25,28,25-34,Fully Meets,Low Value,Junior,3,2,3,High risk
2936,Jordan Hayes,2023-02-21,NULL,Production Technician I,Production,Male,Asian,0,1,2023,0,39,0,35-44,Needs Improvement,Low Value,Junior,3,4,1,High risk
2937,Kianna Wilkerson,2020-08-01,NULL,Production Technician I,Production,Male,Black,0,1,2020,0,68,0,55+,Needs Improvement,Low Value,Junior,2,1,1,Medium
2938,Paul Steele,2023-01-08,2023-05-10,Production Technician I,Production,Male,White,122,0,2023,2023,51,51,45-54,Needs Improvement,Low Value,Junior,4,3,1,High risk
2939,Jason Moyer,2022-07-26,2022-11-08,Production Technician I,Production,Female,Hispanic,105,0,2022,2022,42,42,45-54,Needs Improvement,Low Value,Junior,4,3,1,High risk
2940,Larissa Taylor,2020-08-31,2023-06-09,Production Technician I,Production,Female,Black,1012,0,2020,2023,48,51,45-54,Needs Improvement,Low Value,Junior,3,3,1,High risk
2941,Aryanna Larson,2022-11-05,2023-02-22,Production Technician I,Production,Male,Hispanic,109,0,2022,2023,28,29,25-34,Needs Improvement,Low Value,Junior,3,2,1,Medium
2942,Eliana Hammond,2019-05-30,2020-01-08,Production Technician I,Production,Female,Black,223,0,2019,2020,70,71,55+,Needs Improvement,Low Value,Junior,3,1,1,Medium
2943,Adrien Krause,2019-12-09,NULL,Production Technician I,Production,Female,Other,0,1,2019,0,56,0,55+,Needs Improvement,Low Value,Junior,1,1,1,Low
2944,Annie Galloway,2019-05-10,NULL,Production Technician I,Production,Female,Other,0,1,2019,0,67,0,55+,Needs Improvement,Low Value,Junior,1,1,1,Low
2945,Kamryn Mckinney,2019-09-03,2022-03-18,Production Technician I,Production,Male,White,927,0,2019,2022,43,46,45-54,Needs Improvement,Low Value,Junior,3,3,1,High risk
2946,Dahlia Waller,2018-09-13,NULL,Production Technician II,Production,Male,Black,0,1,2018,0,34,0,35-44,Needs Improvement,Low Value,Junior,1,4,1,Medium
2947,Alonzo Bradley,2021-06-10,NULL,Production Technician II,Production,Male,Asian,0,1,2021,0,63,0,55+,Fully Meets,Low Value,Junior,2,1,3,Medium
2948,Harley Soto,2019-10-08,2023-06-16,Production Technician II,Production,Male,Other,1347,0,2019,2023,20,24,25-34,Needs Improvement,Low Value,Mid,2,2,1,Medium
2949,Belen Vasquez,2021-06-03,2023-04-14,Production Technician II,Production,Female,Hispanic,680,0,2021,2023,64,66,55+,Fully Meets,Low Value,Junior,3,1,3,High risk
2950,Charlize Rocha,2018-09-14,2019-01-04,Production Technician II,Production,Female,White,112,0,2018,2019,75,76,55+,Needs Improvement,Low Value,Junior,3,1,1,Medium
2951,Aleena David,2019-05-26,NULL,Production Technician II,Production,Female,Black,0,1,2019,0,76,0,55+,Fully Meets,Low Value,Junior,1,1,3,Medium
2952,Bridger Alvarado,2019-07-05,NULL,Production Technician II,Production,Female,Black,0,1,2019,0,67,0,55+,Fully Meets,Low Value,Junior,1,1,3,Medium
2953,Cannon Morgan,2019-11-05,NULL,Production Technician I,Production,Male,Other,0,1,2019,0,62,0,55+,Fully Meets,Low Value,Junior,1,1,3,Medium
2954,Weston Ramsey,2019-07-22,2021-10-18,Production Technician I,Production,Female,Black,819,0,2019,2021,64,66,55+,Fully Meets,Low Value,Junior,3,1,3,High risk
2955,Adison Ray,2020-09-21,2023-03-22,Production Technician I,Production,Male,Other,912,0,2020,2023,61,64,55+,Fully Meets,Low Value,Junior,3,1,3,High risk
2956,Aarav Espinoza,2019-11-11,NULL,Production Technician I,Production,Male,Hispanic,0,1,2019,0,20,0,25-34,Fully Meets,Low Value,Junior,1,2,3,Medium
2957,Destiney Barry,2021-02-08,NULL,Production Technician I,Production,Male,Hispanic,0,1,2021,0,61,0,55+,Fully Meets,Low Value,Junior,2,1,3,Medium
2958,Ulises Herring,2020-06-01,NULL,Production Technician I,Production,Male,Black,0,1,2020,0,75,0,55+,Fully Meets,Low Value,Junior,2,1,3,Medium
2959,Marquis Cardenas,2022-10-26,2022-11-01,Production Technician I,Production,Male,Hispanic,6,0,2022,2022,80,80,55+,Fully Meets,Low Value,Junior,4,1,3,High risk
2960,Miya Cruz,2019-02-12,2023-04-17,Production Technician I,Production,Female,White,1525,0,2019,2023,43,47,45-54,Fully Meets,Low Value,Mid,2,3,3,High risk
2961,Erin Floyd,2022-10-19,2023-07-22,Production Technician I,Production,Female,Asian,276,0,2022,2023,45,46,45-54,Fully Meets,Low Value,Junior,3,3,3,High risk
2962,Gerald Johnston,2019-12-12,NULL,Production Technician I,Production,Female,Hispanic,0,1,2019,0,37,0,35-44,Fully Meets,Low Value,Junior,1,4,3,High risk
2963,Kendrick Snyder,2021-11-29,NULL,Production Technician I,Production,Male,Other,0,1,2021,0,46,0,45-54,Fully Meets,Low Value,Junior,2,3,3,High risk
2964,Alyssa Proctor,2021-05-15,NULL,Production Technician I,Production,Female,Other,0,1,2021,0,63,0,55+,Fully Meets,Low Value,Junior,2,1,3,Medium
2965,Manuel Stout,2023-01-27,2023-05-06,Production Technician I,Production,Female,Hispanic,99,0,2023,2023,66,66,55+,Fully Meets,Low Value,Junior,4,1,3,High risk
2966,Joanna Bradley,2020-07-03,2023-07-02,Production Technician I,Production,Male,White,1094,0,2020,2023,59,62,55+,Fully Meets,Low Value,Junior,3,1,3,High risk
2967,Sade Smith,2022-12-26,2023-06-25,Production Technician I,Production,Female,Other,181,0,2022,2023,39,40,35-44,Fully Meets,Low Value,Junior,3,4,3,High risk
2968,Lowan M Biden,2018-12-23,NULL,Production Technician I,Production,Female,Black,0,1,2018,0,37,0,35-44,Fully Meets,Low Value,Junior,1,4,3,High risk
2969,Lauren Peters,2020-09-28,2021-10-16,Production Technician II,Production,Female,Hispanic,383,0,2020,2021,33,34,35-44,Fully Meets,Low Value,Junior,3,4,3,High risk
2970,Shenice Gold,2020-09-16,2021-09-10,Production Technician I,Production,Female,Hispanic,359,0,2020,2021,38,39,35-44,Fully Meets,Low Value,Junior,3,4,3,High risk
2971,Brigit McCarthy,2020-02-09,2021-03-14,Production Technician II,Production,Female,White,399,0,2020,2021,24,25,25-34,Fully Meets,Low Value,Junior,3,2,3,High risk
2972,Cherly Robinson,2023-02-13,NULL,Production Technician I,Production,Female,Other,0,1,2023,0,75,0,55+,Fully Meets,Low Value,Junior,3,1,3,High risk
2973,Jacquelyn Williams,2019-12-01,NULL,Production Technician I,Production,Female,Other,0,1,2019,0,68,0,55+,Fully Meets,Low Value,Junior,1,1,3,Medium
2974,Kayla Peterson,2022-11-04,NULL,Production Technician I,Production,Female,Black,0,1,2022,0,77,0,55+,Fully Meets,Low Value,Junior,3,1,3,High risk
2975,Bradley J Knapp,2021-04-14,2022-06-22,Production Technician I,Production,Male,Asian,434,0,2021,2022,73,74,55+,Fully Meets,Low Value,Junior,3,1,3,High risk
2976,Richard Newman,2021-08-13,2021-10-12,Production Technician I,Production,Male,Hispanic,60,0,2021,2021,29,29,25-34,Fully Meets,Low Value,Junior,4,2,3,High risk
2977,Benjamin Burkett,2020-08-28,NULL,Production Technician II,Production,Male,Black,0,1,2020,0,33,0,35-44,Fully Meets,Low Value,Junior,2,4,3,High risk
2978,Sam Athwal,2022-08-16,NULL,Production Technician I,Production,Male,Hispanic,0,1,2022,0,41,0,35-44,Fully Meets,Low Value,Junior,3,4,3,High risk
2979,Lauren Mahoney,2022-02-26,NULL,Production Technician I,Production,Female,Other,0,1,2022,0,21,0,Under 25,Fully Meets,Low Value,Junior,3,5,3,High risk
2980,Theresa Tinto,2019-12-30,NULL,Production Technician I,Production,Female,Hispanic,0,1,2019,0,62,0,55+,Fully Meets,Low Value,Junior,1,1,3,Medium
2981,Caroline Cierpiszewski,2022-07-23,2023-03-06,Production Technician I,Production,Female,Black,226,0,2022,2023,43,44,45-54,Fully Meets,Low Value,Junior,3,3,3,High risk
2982,Tanya Foreman,2018-10-14,NULL,Production Technician II,Production,Female,Other,0,1,2018,0,66,0,55+,Fully Meets,Low Value,Junior,1,1,3,Medium
2983,Roger Walker,2021-02-20,NULL,Production Technician II,Production,Male,Hispanic,0,1,2021,0,59,0,55+,Fully Meets,Low Value,Junior,2,1,3,Medium
2984,Tayana Jeannite,2020-03-28,2020-11-21,Production Technician II,Production,Female,Black,238,0,2020,2020,45,45,45-54,Fully Meets,Low Value,Junior,4,3,3,High risk
2985,Anthony Heitzman,2019-02-05,2020-07-10,Production Technician I,Production,Male,Hispanic,521,0,2019,2020,49,50,55+,Fully Meets,Low Value,Junior,3,1,3,High risk
2986,Violeta Ferreira,2023-04-19,NULL,Production Technician I,Production,Female,Asian,0,1,2023,0,52,0,45-54,Fully Meets,Low Value,Junior,3,3,3,High risk
2987,Geoff Dickinson,2020-09-24,NULL,Production Technician I,Production,Male,Other,0,1,2020,0,54,0,55+,Fully Meets,Low Value,Junior,2,1,3,Medium
2988,Justice Gentry,2020-11-14,2023-01-15,Production Technician I,Production,Male,Hispanic,792,0,2020,2023,48,51,45-54,Fully Meets,Low Value,Junior,3,3,3,High risk
2989,Kason Kramer,2021-09-16,NULL,Production Technician I,Production,Female,Hispanic,0,1,2021,0,79,0,55+,Fully Meets,Low Value,Junior,2,1,3,Medium
2990,Alfredo Perry,2019-04-21,NULL,Production Technician I,Production,Female,White,0,1,2019,0,20,0,25-34,Fully Meets,Low Value,Junior,1,2,3,Medium
2991,Skyler Drake,2020-03-13,NULL,Production Technician I,Production,Female,White,0,1,2020,0,21,0,25-34,Exceeds,Low Value,Junior,2,2,4,High risk
2992,Moshe Copeland,2022-04-16,2023-04-20,Production Technician I,Production,Female,Asian,369,0,2022,2023,49,50,45-54,Fully Meets,Low Value,Junior,3,3,3,High risk
2993,Harley Nunez,2019-03-18,2022-11-23,Production Technician I,Production,Male,White,1346,0,2019,2022,73,76,55+,Fully Meets,Low Value,Mid,3,1,3,High risk
2994,Sammy Walter,2022-02-18,NULL,Production Technician I,Production,Male,Other,0,1,2022,0,69,0,55+,Fully Meets,Low Value,Junior,3,1,3,High risk
2995,Ronnie Haas,2018-09-03,2018-11-29,Production Technician I,Production,Male,Other,87,0,2018,2018,64,64,55+,Needs Improvement,Low Value,Junior,4,1,1,Medium
2996,Kira Robertson,2022-06-15,2022-08-16,Production Technician I,Production,Female,Other,62,0,2022,2022,33,33,35-44,Fully Meets,Low Value,Junior,4,4,3,High risk
2997,Jaqueline Ford,2022-02-14,NULL,Production Technician I,Production,Female,Other,0,1,2022,0,37,0,35-44,Fully Meets,Low Value,Junior,3,4,3,High risk
2998,Trace Cherry,2023-07-09,NULL,Production Technician I,Production,Male,White,0,1,2023,0,55,0,55+,Needs Improvement,Low Value,Junior,3,1,1,Medium
2999,Travis Cardenas,2018-10-28,2019-08-04,Production Technician I,Production,Male,Asian,280,0,2018,2019,48,49,55+,Fully Meets,Low Value,Junior,3,1,3,High risk
3000,Reyna Hicks,2022-07-09,NULL,Production Technician I,Production,Male,Other,0,1,2022,0,49,0,45-54,Fully Meets,Low Value,Junior,3,3,3,High risk
3001,Trent Sandoval,2018-09-27,2022-12-12,Production Technician I,Production,Male,Asian,1537,0,2018,2022,76,80,55+,Fully Meets,Low Value,Mid,2,1,3,Medium
3002,Reginald Dougherty,2020-10-27,NULL,Production Technician II,Production,Female,White,0,1,2020,0,29,0,25-34,Fully Meets,Low Value,Junior,2,2,3,High risk
3003,Paul Greer,2021-10-01,NULL,Production Technician II,Production,Female,Other,0,1,2021,0,31,0,35-44,Fully Meets,Low Value,Junior,2,4,3,High risk
3004,Tiara Velez,2019-08-29,2022-06-19,Production Technician II,Production,Female,Asian,1025,0,2019,2022,23,26,25-34,Fully Meets,Low Value,Junior,3,2,3,High risk
3005,Mareli Wilson,2020-12-29,NULL,Production Technician II,Production,Female,Hispanic,0,1,2020,0,77,0,55+,Fully Meets,Low Value,Junior,2,1,3,Medium
3006,Efrain Underwood,2022-10-04,NULL,Production Technician II,Production,Female,Asian,0,1,2022,0,54,0,55+,Fully Meets,Low Value,Junior,3,1,3,High risk
3007,Madeline Powell,2019-03-21,2022-09-25,Production Technician II,Production,Female,Black,1284,0,2019,2022,70,73,55+,Fully Meets,Low Value,Mid,3,1,3,High risk
3008,Alfred Goodman,2020-04-03,2021-12-27,Production Technician II,Production,Female,Black,633,0,2020,2021,43,44,45-54,Fully Meets,Low Value,Junior,3,3,3,High risk
3009,Aracely Kelly,2019-06-02,2021-07-14,Production Technician I,Production,Male,White,773,0,2019,2021,22,24,25-34,Fully Meets,Low Value,Junior,3,2,3,High risk
3010,Morgan Velazquez,2019-05-31,2020-09-04,Production Technician I,Production,Male,Other,462,0,2019,2020,72,73,55+,Fully Meets,Low Value,Junior,3,1,3,High risk
3011,Isla Becker,2020-01-06,2020-05-04,Production Technician I,Production,Female,Hispanic,119,0,2020,2020,66,66,55+,Fully Meets,Low Value,Junior,4,1,3,High risk
3012,Scott Sanford,2018-08-19,2021-02-18,Production Technician I,Production,Female,Asian,914,0,2018,2021,68,71,55+,Exceeds,Low Value,Junior,3,1,4,High risk
3013,Deja Ritter,2019-05-18,NULL,Production Technician I,Production,Female,Asian,0,1,2019,0,37,0,35-44,Performance Improvement Plan,Low Value,Junior,1,4,2,High risk
3014,Amelia Gamble,2022-11-23,2022-12-09,Production Technician I,Production,Male,Hispanic,16,0,2022,2022,55,55,55+,Performance Improvement Plan,Low Value,Junior,4,1,2,High risk
3015,Pranav Middleton,2020-12-02,NULL,Production Technician I,Production,Male,Hispanic,0,1,2020,0,44,0,45-54,Performance Improvement Plan,Low Value,Junior,2,3,2,High risk
3016,Moshe Hunter,2022-01-05,NULL,Production Technician I,Production,Male,Black,0,1,2022,0,22,0,25-34,Performance Improvement Plan,Low Value,Junior,3,2,2,High risk
3017,Arjun Gibson,2023-04-16,2023-08-04,Production Technician I,Production,Female,Other,110,0,2023,2023,29,29,25-34,Performance Improvement Plan,Low Value,Junior,4,2,2,High risk
3018,Alaina Jenkins,2020-10-10,2023-06-23,Production Technician I,Production,Female,Black,986,0,2020,2023,46,49,45-54,Performance Improvement Plan,Low Value,Junior,3,3,2,High risk
3019,Elyse Morrow,2022-04-15,2023-07-04,Production Technician I,Production,Female,Asian,445,0,2022,2023,43,44,45-54,Performance Improvement Plan,Low Value,Junior,3,3,2,High risk
3020,Lincoln Brady,2023-07-25,NULL,Production Technician I,Production,Male,Black,0,1,2023,0,79,0,55+,Performance Improvement Plan,Low Value,Junior,3,1,2,Medium
3021,Allisson Braun,2020-08-31,NULL,Production Technician I,Production,Male,Other,0,1,2020,0,33,0,35-44,Performance Improvement Plan,Low Value,Junior,2,4,2,High risk
3022,Leonel Chang,2018-10-10,2020-05-17,Production Technician I,Production,Male,Other,585,0,2018,2020,42,44,45-54,Performance Improvement Plan,Low Value,Junior,3,3,2,High risk
3023,Marshall Lucas,2019-01-15,2021-04-03,Production Technician II,Production,Female,Black,809,0,2019,2021,61,63,55+,Performance Improvement Plan,Low Value,Junior,3,1,2,Medium
3024,Haiden Scott,2021-12-26,NULL,Production Technician II,Production,Female,Hispanic,0,1,2021,0,59,0,55+,Fully Meets,Low Value,Junior,2,1,3,Medium
3025,Kyan Miranda,2022-05-23,NULL,Production Technician II,Production,Female,Black,0,1,2022,0,23,0,25-34,Fully Meets,Low Value,Junior,3,2,3,High risk
3026,Ayanna Garrison,2022-08-23,NULL,Production Technician II,Production,Female,Asian,0,1,2022,0,79,0,55+,Fully Meets,Low Value,Junior,3,1,3,High risk
3027,Alan Woods,2023-05-27,2023-07-28,Production Technician II,Production,Female,White,62,0,2023,2023,80,80,55+,Fully Meets,Low Value,Junior,4,1,3,High risk
3028,Teagan Phelps,2018-08-10,2021-07-25,Production Technician II,Production,Female,Asian,1080,0,2018,2021,18,21,25-34,Fully Meets,Low Value,Junior,3,2,3,High risk
3029,Malachi Burnett,2021-10-24,2023-02-03,Production Technician II,Production,Female,Asian,467,0,2021,2023,62,64,55+,Fully Meets,Low Value,Junior,3,1,3,High risk
3030,Kadin Mcdowell,2022-07-05,2023-01-03,Production Technician II,Production,Female,White,182,0,2022,2023,69,70,55+,Fully Meets,Low Value,Junior,3,1,3,High risk
3031,Reed Brandt,2022-01-22,2023-03-03,Production Technician I,Production,Male,Asian,405,0,2022,2023,62,63,55+,Fully Meets,Low Value,Junior,3,1,3,High risk
3032,Cristofer Schwartz,2023-03-27,2023-07-23,Production Technician I,Production,Male,Asian,118,0,2023,2023,82,82,55+,Fully Meets,Low Value,Junior,4,1,3,High risk
3033,Jaelynn Salazar,2019-08-26,2022-03-09,Production Technician I,Production,Male,White,926,0,2019,2022,73,76,55+,Fully Meets,Low Value,Junior,3,1,3,High risk
3034,Macie Hayes,2021-10-16,NULL,Production Technician I,Production,Female,White,0,1,2021,0,54,0,55+,Fully Meets,Low Value,Junior,2,1,3,Medium
3035,Rodney Snow,2019-06-14,NULL,Production Technician I,Production,Female,Other,0,1,2019,0,69,0,55+,Fully Meets,Low Value,Junior,1,1,3,Medium
3036,Reece Potts,2020-07-05,NULL,Production Technician I,Production,Female,White,0,1,2020,0,63,0,55+,Fully Meets,Low Value,Junior,2,1,3,Medium
3037,Catalina Eaton,2020-03-02,NULL,Production Technician I,Production,Male,Asian,0,1,2020,0,31,0,35-44,Fully Meets,Low Value,Junior,2,4,3,High risk
3038,Heidi Manning,2020-11-11,2021-04-28,Production Technician I,Production,Male,White,168,0,2020,2021,65,66,55+,Fully Meets,Low Value,Junior,3,1,3,High risk
3039,Marquis Johns,2019-12-22,NULL,Production Technician I,Production,Female,Other,0,1,2019,0,53,0,55+,Fully Meets,Low Value,Junior,1,1,3,Medium
3040,Areli Torres,2020-12-14,NULL,Production Technician I,Production,Female,White,0,1,2020,0,36,0,35-44,Fully Meets,Low Value,Junior,2,4,3,High risk
3041,Rey Morton,2020-06-20,NULL,Production Technician I,Production,Female,White,0,1,2020,0,20,0,25-34,Fully Meets,Low Value,Junior,2,2,3,High risk
3042,Deven Gillespie,2023-06-09,2023-07-12,Production Technician I,Production,Female,White,33,0,2023,2023,62,62,55+,Exceeds,Low Value,Junior,4,1,4,High risk
3043,Rowan Gilbert,2022-09-25,NULL,Production Technician I,Production,Male,Black,0,1,2022,0,59,0,55+,Exceeds,Low Value,Junior,3,1,4,High risk
3044,Cullen Ruiz,2020-08-26,2020-12-30,Production Technician I,Production,Male,White,126,0,2020,2020,54,54,55+,Exceeds,Low Value,Junior,4,1,4,High risk
3045,Kamron Goodwin,2019-08-28,NULL,Production Technician I,Production,Male,Other,0,1,2019,0,51,0,55+,Exceeds,Low Value,Junior,1,1,4,Medium
3046,Claudia Melton,2023-06-02,2023-07-09,Production Technician II,Production,Female,Other,37,0,2023,2023,40,40,35-44,Exceeds,Low Value,Junior,4,4,4,High risk
3047,Francesca Lowe,2018-09-12,NULL,Production Technician II,Production,Female,White,0,1,2018,0,53,0,55+,Exceeds,Low Value,Junior,1,1,4,Medium
3048,Violet Horn,2023-07-15,NULL,Production Technician II,Production,Female,White,0,1,2023,0,45,0,45-54,Fully Meets,Low Value,Junior,3,3,3,High risk
3049,Carlie Wagner,2023-07-02,2023-07-25,Production Technician II,Production,Female,Asian,23,0,2023,2023,75,75,55+,Fully Meets,Low Value,Junior,4,1,3,High risk
3050,Harmony Pruitt,2020-02-10,NULL,Production Technician II,Production,Female,White,0,1,2020,0,50,0,55+,Fully Meets,Low Value,Junior,2,1,3,Medium
3051,Briley Huerta,2021-08-27,2022-05-01,Production Technician II,Production,Female,Asian,247,0,2021,2022,49,50,45-54,Fully Meets,Low Value,Junior,3,3,3,High risk
3052,Ean Barajas,2020-01-25,2023-02-05,Production Technician II,Production,Female,White,1107,0,2020,2023,72,75,55+,Fully Meets,Low Value,Mid,3,1,3,High risk
3053,Dayana Gregory,2020-03-26,2021-10-08,Production Technician II,Production,Female,Asian,561,0,2020,2021,62,63,55+,Fully Meets,Low Value,Junior,3,1,3,High risk
3054,Zaniyah Mccarthy,2020-10-23,NULL,Production Technician I,Production,Male,White,0,1,2020,0,71,0,55+,Fully Meets,Low Value,Junior,2,1,3,Medium
3055,Matthias Simon,2020-12-27,2021-12-07,Production Technician I,Production,Male,Other,345,0,2020,2021,33,34,35-44,Fully Meets,Low Value,Junior,3,4,3,High risk
3056,Lyric Butler,2022-06-21,NULL,Production Technician I,Production,Female,Other,0,1,2022,0,79,0,55+,Fully Meets,Low Value,Junior,3,1,3,High risk
3057,Bridger Duran,2022-11-09,2023-07-09,Production Technician I,Production,Female,Black,242,0,2022,2023,34,35,35-44,Fully Meets,Low Value,Junior,3,4,3,High risk
3058,Amirah Cline,2019-02-11,2020-07-30,Production Technician I,Production,Male,Asian,535,0,2019,2020,54,55,55+,Fully Meets,Low Value,Junior,3,1,3,High risk
3059,Izaiah Gallagher,2021-03-28,NULL,Production Technician I,Production,Female,White,0,1,2021,0,49,0,45-54,Fully Meets,Low Value,Junior,2,3,3,High risk
3060,Marcelo Galvan,2020-08-29,NULL,Production Technician I,Production,Male,Asian,0,1,2020,0,69,0,55+,Fully Meets,Low Value,Junior,2,1,3,Medium
3061,Kaylynn Odom,2023-01-03,2023-08-05,Production Technician I,Production,Male,Other,214,0,2023,2023,67,67,55+,Fully Meets,Low Value,Junior,4,1,3,High risk
3062,Oliver Dalton,2022-11-28,NULL,Production Technician I,Production,Female,Asian,0,1,2022,0,35,0,35-44,Fully Meets,Low Value,Junior,3,4,3,High risk
3063,Patience Henry,2021-12-22,2023-08-03,Production Technician I,Production,Female,Other,589,0,2021,2023,38,40,35-44,Fully Meets,Low Value,Junior,3,4,3,High risk
3064,London Pennington,2023-07-08,NULL,Production Technician I,Production,Female,Other,0,1,2023,0,61,0,55+,Fully Meets,Low Value,Junior,3,1,3,High risk
3065,Anna Salazar,2021-04-21,2021-09-21,Production Technician I,Production,Female,Black,153,0,2021,2021,45,45,45-54,Fully Meets,Low Value,Junior,4,3,3,High risk
3066,Vicente Davis,2022-07-28,2022-10-20,Production Technician I,Production,Male,Hispanic,84,0,2022,2022,55,55,55+,Fully Meets,Low Value,Junior,4,1,3,High risk
3067,Annabel Lewis,2019-11-05,NULL,Production Technician I,Production,Male,Hispanic,0,1,2019,0,37,0,35-44,Fully Meets,Low Value,Junior,1,4,3,High risk
3068,Alana Nunez,2022-05-22,2022-12-08,Production Technician I,Production,Male,Asian,200,0,2022,2022,75,75,55+,Fully Meets,Low Value,Junior,4,1,3,High risk
3069,Jaylen Donaldson,2019-10-19,2021-12-03,Production Technician II,Production,Female,White,776,0,2019,2021,20,22,25-34,Fully Meets,Low Value,Junior,3,2,3,High risk
3070,Malakai Shelton,2019-12-25,2021-07-24,Production Technician II,Production,Female,White,577,0,2019,2021,47,49,45-54,Fully Meets,Low Value,Junior,3,3,3,High risk
3071,Erick Wood,2022-11-04,2022-11-26,Production Technician II,Production,Female,Black,22,0,2022,2022,66,66,55+,Fully Meets,Low Value,Junior,4,1,3,High risk
3072,Daniel Frye,2023-04-26,2023-05-30,Production Technician II,Production,Female,Asian,34,0,2023,2023,37,37,35-44,Fully Meets,Low Value,Junior,4,4,3,High risk
3073,Jayvon Simpson,2022-10-26,2023-05-16,Production Technician II,Production,Female,Black,202,0,2022,2023,35,36,35-44,Fully Meets,Low Value,Junior,3,4,3,High risk
3074,Bryant Singleton,2020-07-14,2022-06-27,Production Technician II,Production,Female,Hispanic,713,0,2020,2022,57,59,55+,Fully Meets,Low Value,Junior,3,1,3,High risk
3075,Adam Meza,2023-03-12,NULL,Production Technician II,Production,Female,Other,0,1,2023,0,54,0,55+,Fully Meets,Low Value,Junior,3,1,3,High risk
3076,Omari Keller,2023-04-26,NULL,Production Technician II,Production,Male,White,0,1,2023,0,25,0,25-34,Fully Meets,Low Value,Junior,3,2,3,High risk
3077,Asher Miles,2022-09-17,2023-06-12,Production Technician I,Production,Male,Hispanic,268,0,2022,2023,64,65,55+,Fully Meets,Low Value,Junior,3,1,3,High risk
3078,Makaila Baxter,2021-01-08,2023-04-01,Production Technician I,Production,Male,Black,813,0,2021,2023,61,63,55+,Fully Meets,Low Value,Junior,3,1,3,High risk
3079,Tommy Carter,2020-12-18,2022-09-16,Production Technician I,Production,Female,Black,637,0,2020,2022,47,49,45-54,Fully Meets,Low Value,Junior,3,3,3,High risk
3080,Zavier Reese,2020-09-12,2022-11-22,Production Technician I,Production,Female,Hispanic,801,0,2020,2022,21,23,25-34,Fully Meets,Low Value,Junior,3,2,3,High risk
3081,Colt Kemp,2020-10-20,NULL,Production Technician I,Production,Male,White,0,1,2020,0,40,0,45-54,Fully Meets,Low Value,Junior,2,3,3,High risk
3082,Marco Robles,2022-11-18,NULL,Production Technician I,Production,Female,Other,0,1,2022,0,34,0,35-44,Fully Meets,Low Value,Junior,3,4,3,High risk
3083,Nick Palmer,2023-01-14,NULL,Production Technician I,Production,Male,Asian,0,1,2023,0,56,0,55+,Fully Meets,Low Value,Junior,3,1,3,High risk
3084,Mekhi Hopkins,2020-10-27,2022-06-08,Production Technician I,Production,Male,Black,589,0,2020,2022,24,26,25-34,Fully Meets,Low Value,Junior,3,2,3,High risk
3085,Eileen Oneal,2020-08-29,NULL,Production Technician I,Production,Female,Asian,0,1,2020,0,57,0,55+,Fully Meets,Low Value,Junior,2,1,3,Medium
3086,Alani Cooley,2019-12-23,2023-08-05,Production Technician I,Production,Female,Asian,1321,0,2019,2023,32,36,35-44,Fully Meets,Low Value,Mid,2,4,3,High risk
3087,Corinne Campos,2023-07-03,NULL,Production Technician I,Production,Female,Black,0,1,2023,0,75,0,55+,Fully Meets,Low Value,Junior,3,1,3,High risk
3088,Heaven Nelson,2022-09-26,NULL,Production Technician I,Production,Female,Other,0,1,2022,0,78,0,55+,Fully Meets,Low Value,Junior,3,1,3,High risk
3089,Baylee Castaneda,2020-05-09,2023-07-25,Production Technician I,Production,Female,Black,1172,0,2020,2023,57,60,55+,Fully Meets,Low Value,Mid,3,1,3,High risk
3090,Morgan Roth,2023-03-08,NULL,Production Technician I,Production,Male,Black,0,1,2023,0,66,0,55+,Fully Meets,Low Value,Junior,3,1,3,High risk
3091,Kali Hensley,2019-02-27,2020-08-31,Production Technician I,Production,Male,White,551,0,2019,2020,61,62,55+,Fully Meets,Low Value,Junior,3,1,3,High risk
3092,Beckett Sandoval,2020-01-12,2023-07-12,Production Technician II,Production,Female,Other,1277,0,2020,2023,41,44,45-54,Fully Meets,Low Value,Mid,3,3,3,High risk
3093,Isabell Meadows,2019-06-29,2021-01-10,Production Technician II,Production,Female,Asian,561,0,2019,2021,43,45,45-54,Fully Meets,Low Value,Junior,3,3,3,High risk
3094,Jordin Alexander,2021-07-15,2021-09-29,Production Technician II,Production,Female,Other,76,0,2021,2021,58,58,55+,Fully Meets,Low Value,Junior,4,1,3,High risk
3095,Frederick Carney,2022-08-19,NULL,Production Technician II,Production,Female,Other,0,1,2022,0,79,0,55+,Fully Meets,Low Value,Junior,3,1,3,High risk
3096,Baron Lindsey,2019-09-23,2023-04-09,Production Technician II,Production,Female,Hispanic,1294,0,2019,2023,45,49,45-54,Fully Meets,Low Value,Mid,2,3,3,High risk
3097,Rigoberto Gentry,2020-10-11,2021-01-06,Production Technician II,Production,Female,White,87,0,2020,2021,59,60,55+,Fully Meets,Low Value,Junior,3,1,3,High risk
3098,Rayne Chambers,2021-08-18,NULL,Production Technician II,Production,Male,Black,0,1,2021,0,77,0,55+,Fully Meets,Low Value,Junior,2,1,3,Medium
3099,Laila Simmons,2022-12-17,NULL,Production Technician I,Production,Male,Black,0,1,2022,0,57,0,55+,Exceeds,Low Value,Junior,3,1,4,High risk
3100,Carsen Schmidt,2020-10-25,2021-12-28,Production Technician I,Production,Female,White,429,0,2020,2021,70,71,55+,Fully Meets,Low Value,Junior,3,1,3,High risk
3101,Bethany Mckay,2023-01-23,NULL,Production Technician I,Production,Female,Asian,0,1,2023,0,62,0,55+,Fully Meets,Low Value,Junior,3,1,3,High risk
3102,Eden Robles,2019-03-15,2022-08-03,Production Technician I,Production,Male,Black,1237,0,2019,2022,27,30,25-34,Exceeds,Low Value,Mid,3,2,4,High risk
3103,Abel Snow,2023-07-06,2023-07-23,Production Technician I,Production,Male,Asian,17,0,2023,2023,63,63,55+,Fully Meets,Low Value,Junior,4,1,3,High risk
3104,Ashton Winters,2022-05-29,NULL,Production Technician I,Production,Female,Black,0,1,2022,0,78,0,55+,Fully Meets,Low Value,Junior,3,1,3,High risk
3105,Josie Melton,2020-06-07,2022-07-09,Production Technician I,Production,Male,Black,762,0,2020,2022,77,79,55+,Fully Meets,Low Value,Junior,3,1,3,High risk
3106,Bruno Jimenez,2020-03-21,NULL,Production Technician I,Production,Male,Hispanic,0,1,2020,0,20,0,25-34,Fully Meets,Low Value,Junior,2,2,3,High risk
3107,Elijah Barr,2021-06-21,2022-11-11,Production Technician I,Production,Female,Black,508,0,2021,2022,50,51,45-54,Fully Meets,Low Value,Junior,3,3,3,High risk
3108,Oswaldo Hanson,2021-10-22,2022-05-12,Production Technician I,Production,Female,Hispanic,202,0,2021,2022,76,77,55+,Fully Meets,Low Value,Junior,3,1,3,High risk
3109,Samara Roberson,2018-10-20,NULL,Production Technician I,Production,Female,White,0,1,2018,0,19,0,25-34,Performance Improvement Plan,Low Value,Junior,1,2,2,Medium
3110,Luis Frazier,2022-03-16,NULL,Production Technician I,Production,Female,Hispanic,0,1,2022,0,66,0,55+,Fully Meets,Low Value,Junior,3,1,3,High risk
3111,Jaquan Hancock,2018-12-13,NULL,Production Technician I,Production,Female,Other,0,1,2018,0,60,0,55+,Fully Meets,Low Value,Junior,1,1,3,Medium
3112,Emanuel George,2021-10-08,2022-08-11,Production Technician I,Production,Male,Asian,307,0,2021,2022,75,76,55+,Fully Meets,Low Value,Junior,3,1,3,High risk
3113,Giselle Calderon,2019-02-03,2019-04-02,Production Technician II,Production,Female,White,58,0,2019,2019,38,38,35-44,Fully Meets,Low Value,Junior,4,4,3,High risk
3114,Cullen French,2018-09-30,NULL,Production Technician II,Production,Female,Asian,0,1,2018,0,61,0,55+,Fully Meets,Low Value,Junior,1,1,3,Medium
3115,Braiden Kirby,2021-07-12,2021-08-17,Production Technician II,Production,Female,Hispanic,36,0,2021,2021,57,57,55+,Fully Meets,Low Value,Junior,4,1,3,High risk
3116,Johnathan Harmon,2021-03-04,NULL,Production Technician II,Production,Female,Hispanic,0,1,2021,0,40,0,35-44,Fully Meets,Low Value,Junior,2,4,3,High risk
3117,Camren Bridges,2019-10-27,NULL,Production Technician II,Production,Female,White,0,1,2019,0,78,0,55+,Fully Meets,Low Value,Junior,1,1,3,Medium
3118,Jeramiah Chandler,2019-01-28,2020-12-14,Production Technician II,Production,Female,Black,686,0,2019,2020,63,64,55+,Fully Meets,Low Value,Junior,3,1,3,High risk
3119,Dana Stevenson,2021-01-10,NULL,Production Technician I,Production,Male,Other,0,1,2021,0,28,0,25-34,Fully Meets,Low Value,Junior,2,2,3,High risk
3120,Angelique Hogan,2021-08-05,2023-03-02,Production Technician I,Production,Female,Asian,574,0,2021,2023,75,77,55+,Fully Meets,Low Value,Junior,3,1,3,High risk
3121,Moriah Dodson,2022-11-07,2023-03-02,Production Technician I,Production,Female,Black,115,0,2022,2023,73,74,55+,Fully Meets,Low Value,Junior,3,1,3,High risk
3122,Connor Bray,2022-01-23,2022-06-26,Production Technician I,Production,Female,White,154,0,2022,2022,76,76,55+,Fully Meets,Low Value,Junior,4,1,3,High risk
3123,Zaiden Leblanc,2021-07-12,NULL,Production Technician I,Production,Male,Hispanic,0,1,2021,0,70,0,55+,Fully Meets,Low Value,Junior,2,1,3,Medium
3124,Taliyah Yang,2019-01-05,2021-11-04,Production Technician I,Production,Female,White,1034,0,2019,2021,28,30,25-34,Fully Meets,Low Value,Junior,3,2,3,High risk
3125,Boston Cochran,2020-04-07,2021-03-21,Production Technician I,Production,Male,Black,348,0,2020,2021,28,29,25-34,Fully Meets,Low Value,Junior,3,2,3,High risk
3126,Amelia Mueller,2022-04-27,NULL,Production Technician I,Production,Male,Black,0,1,2022,0,44,0,45-54,Fully Meets,Low Value,Junior,3,3,3,High risk
3127,Lillianna Hull,2022-06-14,2022-12-05,Production Technician I,Production,Male,White,174,0,2022,2022,31,31,25-34,Fully Meets,Low Value,Junior,4,2,3,High risk
3128,Laci Frederick,2019-01-13,NULL,Production Technician I,Production,Female,Black,0,1,2019,0,45,0,45-54,Fully Meets,Low Value,Junior,1,3,3,High risk
3129,Jayda Chapman,2019-06-21,NULL,Production Technician I,Production,Female,Black,0,1,2019,0,34,0,35-44,Fully Meets,Low Value,Junior,1,4,3,High risk
3130,Kennedy Beard,2020-08-10,2023-01-14,Production Technician I,Production,Female,Black,887,0,2020,2023,39,42,35-44,Fully Meets,Low Value,Junior,3,4,3,High risk
3131,Alma Hanna,2021-04-13,2022-06-11,Production Technician I,Production,Female,Hispanic,424,0,2021,2022,67,68,55+,Fully Meets,Low Value,Junior,3,1,3,High risk
3132,Ximena Suarez,2020-04-27,2022-10-18,Production Technician I,Production,Female,Asian,904,0,2020,2022,41,43,45-54,Fully Meets,Low Value,Junior,3,3,3,High risk
3133,Aydin Dixon,2022-02-25,2022-03-02,Production Technician I,Production,Male,White,5,0,2022,2022,64,64,55+,Fully Meets,Low Value,Junior,4,1,3,High risk
3134,Heidi Joyce,2018-12-06,2022-12-01,Production Technician II,Production,Female,Hispanic,1456,0,2018,2022,71,75,55+,Exceeds,Low Value,Mid,2,1,4,High risk
3135,Elle Spears,2020-03-12,2023-06-06,Production Technician II,Production,Female,White,1181,0,2020,2023,27,30,25-34,Fully Meets,Low Value,Mid,3,2,3,High risk
3136,Cesar Anderson,2022-11-16,NULL,Production Technician II,Production,Female,Hispanic,0,1,2022,0,25,0,25-34,Fully Meets,Low Value,Junior,3,2,3,High risk
3137,Dean Mckenzie,2018-12-09,2023-06-25,Production Technician II,Production,Female,Other,1659,0,2018,2023,23,28,25-34,Fully Meets,Low Value,Senior,2,2,3,High risk
3138,Isabell Wu,2022-12-25,2023-03-08,Production Technician II,Production,Female,Black,73,0,2022,2023,35,36,35-44,Fully Meets,Low Value,Junior,3,4,3,High risk
3139,Kenny Blanchard,2021-11-19,NULL,Production Technician II,Production,Female,Asian,0,1,2021,0,50,0,45-54,Fully Meets,Low Value,Junior,2,3,3,High risk
3140,Evie Beard,2022-03-01,NULL,Production Technician I,Production,Male,Hispanic,0,1,2022,0,32,0,35-44,Fully Meets,Low Value,Junior,3,4,3,High risk
3141,Aliya Morton,2021-03-17,NULL,Production Technician I,Production,Male,Black,0,1,2021,0,51,0,55+,Exceeds,Low Value,Junior,2,1,4,High risk
3142,Ingrid Wilkins,2021-02-10,NULL,Production Technician I,Production,Female,White,0,1,2021,0,72,0,55+,Fully Meets,Low Value,Junior,2,1,3,Medium
3143,Morgan Elliott,2018-09-28,NULL,Production Technician I,Production,Female,Black,0,1,2018,0,71,0,55+,Fully Meets,Low Value,Junior,1,1,3,Medium
3144,Shannon Lambert,2021-02-09,NULL,Production Technician I,Production,Male,Hispanic,0,1,2021,0,65,0,55+,Exceeds,Low Value,Junior,2,1,4,High risk
3145,Prince Petty,2020-09-27,2022-03-04,Production Technician I,Production,Male,Asian,523,0,2020,2022,25,27,25-34,Fully Meets,Low Value,Junior,3,2,3,High risk
3146,Abril Joseph,2018-12-16,NULL,Production Technician I,Production,Female,White,0,1,2018,0,40,0,45-54,Fully Meets,Low Value,Junior,1,3,3,High risk
3147,Bobby Levy,2023-07-17,2023-07-28,Production Technician I,Production,Male,Hispanic,11,0,2023,2023,24,24,25-34,Fully Meets,Low Value,Junior,4,2,3,High risk
3148,Gustavo Durham,2020-05-28,2021-12-14,Production Technician I,Production,Male,White,565,0,2020,2021,70,71,55+,Exceeds,Low Value,Junior,3,1,4,High risk
3149,Teagan Stevens,2021-03-01,2023-04-05,Production Technician I,Production,Female,Black,765,0,2021,2023,38,40,35-44,Exceeds,Low Value,Junior,3,4,4,High risk
3150,Neil Patton,2022-02-12,NULL,Production Technician I,Production,Female,Asian,0,1,2022,0,67,0,55+,Fully Meets,Low Value,Junior,3,1,3,High risk
3151,Khalil Guzman,2022-02-26,NULL,Production Technician I,Production,Female,White,0,1,2022,0,57,0,55+,Exceeds,Low Value,Junior,3,1,4,High risk
3152,Alaina Mayo,2022-07-05,2022-12-28,Production Technician I,Production,Female,Black,176,0,2022,2022,69,69,55+,Exceeds,Low Value,Junior,4,1,4,High risk
3153,Jagger Morgan,2019-11-29,2022-03-11,Production Technician I,Production,Female,Other,833,0,2019,2022,25,28,25-34,Fully Meets,Low Value,Junior,3,2,3,High risk
3154,Donavan Kennedy,2019-02-22,NULL,Production Technician I,Production,Female,Black,0,1,2019,0,70,0,55+,Fully Meets,Low Value,Junior,1,1,3,Medium
3155,Amy Frederick,2020-07-16,2022-02-15,Production Technician I,Production,Male,Black,579,0,2020,2022,69,71,55+,Fully Meets,Low Value,Junior,3,1,3,High risk
3156,Pierce Charles,2019-07-18,2020-02-19,Production Technician II,Production,Female,Black,216,0,2019,2020,57,58,55+,Fully Meets,Low Value,Junior,3,1,3,High risk
3157,Deegan Pham,2019-03-10,2021-11-16,Production Technician II,Production,Female,White,982,0,2019,2021,35,37,35-44,Exceeds,Low Value,Junior,3,4,4,High risk
3158,Seth Oneill,2023-05-30,2023-07-21,Production Technician II,Production,Female,Hispanic,52,0,2023,2023,47,47,45-54,Exceeds,Low Value,Junior,4,3,4,High risk
3159,Mollie Woodward,2018-08-23,2019-06-19,Production Technician II,Production,Female,Asian,300,0,2018,2019,40,41,45-54,Fully Meets,Low Value,Junior,3,3,3,High risk
3160,Baylee Warner,2019-03-06,NULL,Production Technician II,Production,Female,Other,0,1,2019,0,68,0,55+,Exceeds,Low Value,Junior,1,1,4,Medium
3161,Celeste Allison,2023-08-01,2023-08-02,Production Technician II,Production,Female,Black,1,0,2023,2023,40,40,35-44,Fully Meets,Low Value,Junior,4,4,3,High risk
3162,Camryn Clark,2020-02-24,2020-12-24,Production Technician II,Production,Male,White,304,0,2020,2020,23,23,25-34,Fully Meets,Low Value,Junior,4,2,3,High risk
3163,Geovanni Crawford,2019-09-26,NULL,Production Technician I,Production,Male,Black,0,1,2019,0,40,0,45-54,Fully Meets,Low Value,Junior,1,3,3,High risk
3164,Danielle Blanchard,2022-12-07,2023-06-08,Production Technician I,Production,Female,Other,183,0,2022,2023,25,26,25-34,Fully Meets,Low Value,Junior,3,2,3,High risk
3165,Kasey Pineda,2019-03-08,2021-02-08,Production Technician I,Production,Female,Black,703,0,2019,2021,25,27,25-34,Fully Meets,Low Value,Junior,3,2,3,High risk
3166,Kenzie Friedman,2019-08-06,2022-07-27,Production Technician I,Production,Female,White,1086,0,2019,2022,26,29,25-34,Exceeds,Low Value,Junior,3,2,4,High risk
3167,Destinee Mejia,2019-06-19,NULL,Production Technician I,Production,Male,Other,0,1,2019,0,76,0,55+,Exceeds,Low Value,Junior,1,1,4,Medium
3168,Deshawn Henry,2022-02-08,2023-07-18,Production Technician I,Production,Male,Hispanic,525,0,2022,2023,32,33,35-44,Fully Meets,Low Value,Junior,3,4,3,High risk
3169,Cristian Ritter,2019-06-08,2021-01-29,Production Technician I,Production,Female,Other,601,0,2019,2021,68,70,55+,Exceeds,Low Value,Junior,3,1,4,High risk
3170,Demarcus Huffman,2022-01-28,2023-06-23,Production Technician I,Production,Male,Asian,511,0,2022,2023,30,31,25-34,Fully Meets,Low Value,Junior,3,2,3,High risk
3171,Regina Lopez,2020-08-26,2022-08-11,Production Technician I,Production,Female,White,715,0,2020,2022,25,27,25-34,Fully Meets,Low Value,Junior,3,2,3,High risk
3172,Justice Clark,2019-04-22,NULL,Production Technician I,Production,Female,Asian,0,1,2019,0,36,0,35-44,Fully Meets,Low Value,Junior,1,4,3,High risk
3173,Tucker Sweeney,2022-12-21,2023-05-30,Production Technician I,Production,Female,Asian,160,0,2022,2023,65,66,55+,Fully Meets,Low Value,Junior,3,1,3,High risk
3174,Roy Pratt,2022-10-12,2023-07-03,Production Technician I,Production,Female,Hispanic,264,0,2022,2023,61,62,55+,Fully Meets,Low Value,Junior,3,1,3,High risk
3175,Raphael Whitney,2023-07-23,2023-08-01,Production Technician I,Production,Female,Asian,9,0,2023,2023,76,76,55+,Fully Meets,Low Value,Junior,4,1,3,High risk
3176,Cade Palmer,2018-12-13,2020-06-23,Production Technician I,Production,Female,Other,558,0,2018,2020,18,20,25-34,Exceeds,Low Value,Junior,3,2,4,High risk
3177,Abel Potts,2019-09-30,2021-06-23,Production Technician I,Production,Female,Asian,632,0,2019,2021,19,21,25-34,Fully Meets,Low Value,Junior,3,2,3,High risk
3178,Wayne Leon,2020-01-24,2023-06-09,Production Technician II,Production,Female,White,1232,0,2020,2023,30,33,35-44,Performance Improvement Plan,Low Value,Mid,3,4,2,High risk
3179,Amya Armstrong,2020-12-23,2021-03-17,Production Technician II,Production,Male,Black,84,0,2020,2021,79,80,55+,Fully Meets,Low Value,Junior,3,1,3,High risk
3180,Johnny Whitehead,2019-06-07,2020-01-11,Production Technician II,Production,Female,Hispanic,218,0,2019,2020,22,23,25-34,Fully Meets,Low Value,Junior,3,2,3,High risk
3181,Antwan Clayton,2019-12-25,2021-11-14,Production Technician II,Production,Female,Other,690,0,2019,2021,60,62,55+,Fully Meets,Low Value,Junior,3,1,3,High risk
3182,Dexter Preston,2023-01-26,NULL,Production Technician II,Production,Female,White,0,1,2023,0,52,0,45-54,Performance Improvement Plan,Low Value,Junior,3,3,2,High risk
3183,Uriah Guerrero,2022-11-03,2023-08-03,Production Technician II,Production,Male,Other,273,0,2022,2023,69,70,55+,Performance Improvement Plan,Low Value,Junior,3,1,2,Medium
3184,Dakota Oliver,2022-05-13,NULL,Production Technician I,Production,Female,Hispanic,0,1,2022,0,50,0,45-54,Performance Improvement Plan,Low Value,Junior,3,3,2,High risk
3185,Selena Yoder,2020-09-23,2023-03-15,Production Technician I,Production,Female,Other,903,0,2020,2023,21,24,25-34,Performance Improvement Plan,Low Value,Junior,3,2,2,High risk
3186,Kaila Flowers,2021-08-29,2022-11-08,Production Technician I,Production,Female,Black,436,0,2021,2022,54,55,55+,Fully Meets,Low Value,Junior,3,1,3,High risk
3187,Dashawn Ramirez,2022-12-13,2023-01-11,Production Technician I,Production,Female,Black,29,0,2022,2023,60,61,55+,Performance Improvement Plan,Low Value,Junior,3,1,2,Medium
3188,Meghan Ray,2022-11-06,NULL,Production Technician I,Production,Male,Hispanic,0,1,2022,0,44,0,45-54,Fully Meets,Low Value,Junior,3,3,3,High risk
3189,Jasiah Palmer,2023-08-04,NULL,Production Technician I,Production,Female,Asian,0,1,2023,0,59,0,55+,Performance Improvement Plan,Low Value,Junior,3,1,2,Medium
3190,Jaiden Hawkins,2020-11-15,NULL,Production Technician I,Production,Male,White,0,1,2020,0,22,0,25-34,Performance Improvement Plan,Low Value,Junior,2,2,2,Medium
3191,Monserrat Miranda,2022-07-06,2022-08-12,Production Technician I,Production,Male,Black,37,0,2022,2022,77,77,55+,Fully Meets,Low Value,Junior,4,1,3,High risk
3192,Johnathon Lynch,2019-04-21,2022-01-12,Production Technician I,Production,Female,Black,997,0,2019,2022,22,25,25-34,Fully Meets,Medium Value,Junior,3,2,3,High risk
3193,Dayanara Murray,2021-08-28,NULL,Production Technician I,Production,Female,Black,0,1,2021,0,75,0,55+,Performance Improvement Plan,Low Value,Junior,2,1,2,Medium
3194,Alessandro Sawyer,2021-03-25,NULL,Production Technician I,Production,Female,Asian,0,1,2021,0,26,0,25-34,Fully Meets,Low Value,Junior,2,2,3,High risk
3195,Kaylen Hogan,2020-07-16,2020-10-15,Production Technician I,Production,Female,White,91,0,2020,2020,39,39,35-44,Fully Meets,Low Value,Junior,4,4,3,High risk
3196,Karley Michael,2018-11-28,2021-08-14,Production Technician I,Production,Female,Other,990,0,2018,2021,44,47,45-54,Fully Meets,Low Value,Junior,3,3,3,High risk
3197,Erik Parks,2019-06-27,NULL,Production Technician I,Production,Female,Hispanic,0,1,2019,0,42,0,45-54,Performance Improvement Plan,Low Value,Junior,1,3,2,Medium
3198,Violet Bennett,2023-01-04,NULL,Production Technician I,Production,Female,Asian,0,1,2023,0,44,0,45-54,Fully Meets,Low Value,Junior,3,3,3,High risk
3199,Hannah Jacobi,2018-11-22,NULL,Production Technician I,Production,Female,Hispanic,0,1,2018,0,40,0,45-54,Fully Meets,Low Value,Junior,1,3,3,High risk
3200,Peter Robertson,2021-01-08,NULL,Production Technician II,Production,Male,Asian,0,1,2021,0,46,0,45-54,Fully Meets,Low Value,Junior,2,3,3,High risk
3201,Josephine Bugali,2022-11-18,NULL,Production Technician I,Production,Female,Asian,0,1,2022,0,38,0,35-44,Fully Meets,Low Value,Junior,3,4,3,High risk
3202,Dallas Leach,2020-06-21,2023-06-23,Production Technician I,Production,Female,Other,1097,0,2020,2023,21,24,25-34,Fully Meets,Low Value,Mid,3,2,3,High risk
3203,Marianne Eaton,2021-01-19,2022-09-11,Production Technician I,Production,Female,White,600,0,2021,2022,60,61,55+,Fully Meets,Low Value,Junior,3,1,3,High risk
3204,Bruno Rossetti,2023-06-04,NULL,Production Technician I,Production,Male,White,0,1,2023,0,64,0,55+,Fully Meets,Low Value,Junior,3,1,3,High risk
3205,Roxana Goyal,2020-08-13,2021-09-17,Production Technician I,Production,Female,Asian,400,0,2020,2021,32,33,35-44,Fully Meets,Low Value,Junior,3,4,3,High risk
3206,Thomas Barbara,2019-09-06,NULL,Production Technician I,Production,Male,Hispanic,0,1,2019,0,58,0,55+,Fully Meets,Low Value,Junior,1,1,3,Medium
3207,Lynn O'hare,2022-03-27,NULL,Production Technician I,Production,Female,White,0,1,2022,0,41,0,35-44,Fully Meets,Low Value,Junior,3,4,3,High risk
3208,Abdellah Veera,2020-12-25,2023-03-08,Production Technician I,Production,Male,Hispanic,803,0,2020,2023,47,50,45-54,Fully Meets,Low Value,Junior,3,3,3,High risk
3209,Daniel Davis,2021-04-24,NULL,Production Technician II,Production,Male,Hispanic,0,1,2021,0,38,0,35-44,Fully Meets,Low Value,Junior,2,4,3,High risk
3210,Barbara M Stanford,2020-05-12,NULL,Production Technician I,Production,Female,Hispanic,0,1,2020,0,27,0,25-34,Fully Meets,Low Value,Junior,2,2,3,High risk
3211,Phylicia Gosciminski,2023-05-23,NULL,Production Technician II,Production,Female,Other,0,1,2023,0,68,0,55+,Fully Meets,Low Value,Junior,3,1,3,High risk
3212,Mohammed Latif,2020-12-27,2022-05-22,Production Technician II,Production,Male,Asian,511,0,2020,2022,48,50,45-54,Fully Meets,Low Value,Junior,3,3,3,High risk
3213,Hamish Garneau,2018-11-17,2019-12-27,Production Technician I,Production,Male,Hispanic,405,0,2018,2019,66,67,55+,Fully Meets,Low Value,Junior,3,1,3,High risk
3214,Morissa Power,2019-07-16,NULL,Production Technician I,Production,Female,Asian,0,1,2019,0,47,0,45-54,Fully Meets,Low Value,Junior,1,3,3,High risk
3215,Jason Woodson,2020-01-25,NULL,Production Technician II,Production,Male,White,0,1,2020,0,47,0,45-54,Fully Meets,Low Value,Junior,2,3,3,High risk
3216,Janine Purinton,2021-08-16,NULL,Production Technician I,Production,Female,Other,0,1,2021,0,49,0,45-54,Fully Meets,Low Value,Junior,2,3,3,High risk
3217,Sarah Akinkuolie,2019-01-20,2019-10-01,Production Technician II,Production,Female,White,254,0,2019,2019,51,51,55+,Fully Meets,Low Value,Junior,4,1,3,High risk
3218,Spencer Cole,2018-09-04,NULL,Production Technician I,Production,Male,Other,0,1,2018,0,47,0,45-54,Fully Meets,Low Value,Junior,1,3,3,High risk
3219,Luisa Monterro,2019-09-20,NULL,Production Technician II,Production,Female,Black,0,1,2019,0,19,0,25-34,Fully Meets,Low Value,Junior,1,2,3,Medium
3220,Sandy Mckenna,2023-07-24,NULL,Production Technician I,Production,Female,Other,0,1,2023,0,43,0,45-54,Fully Meets,Low Value,Junior,3,3,3,High risk
3221,Savanah Baker,2023-07-05,NULL,Production Technician I,Production,Male,Other,0,1,2023,0,78,0,55+,Fully Meets,Low Value,Junior,3,1,3,High risk
3222,Gloria Small,2021-01-11,NULL,Production Technician I,Production,Female,Hispanic,0,1,2021,0,31,0,35-44,Fully Meets,Low Value,Junior,2,4,3,High risk
3223,Alisa Aguirre,2022-11-06,NULL,Production Technician I,Production,Female,Asian,0,1,2022,0,70,0,55+,Fully Meets,Low Value,Junior,3,1,3,High risk
3224,Sterling Davila,2023-04-03,NULL,Production Technician I,Production,Female,White,0,1,2023,0,53,0,55+,Fully Meets,Low Value,Junior,3,1,3,High risk
3225,Saniya Bradley,2021-06-07,2023-06-23,Production Technician I,Production,Female,White,746,0,2021,2023,44,46,45-54,Fully Meets,Medium Value,Junior,3,3,3,High risk
3226,Drake Ashley,2019-01-20,NULL,Production Technician I,Production,Female,Black,0,1,2019,0,31,0,35-44,Fully Meets,Low Value,Junior,1,4,3,High risk
3227,Rosemary Manning,2021-11-20,2022-06-06,Production Technician I,Production,Female,Black,198,0,2021,2022,52,53,55+,Fully Meets,Low Value,Junior,3,1,3,High risk
3228,Adrianna Johnston,2019-05-27,2022-08-18,Production Technician I,Production,Male,Hispanic,1179,0,2019,2022,73,76,55+,Fully Meets,Low Value,Mid,3,1,3,High risk
3229,Ruby Bean,2022-12-18,NULL,Production Technician I,Production,Male,Other,0,1,2022,0,77,0,55+,Fully Meets,Low Value,Junior,3,1,3,High risk
3230,Annalise Avila,2021-05-13,2023-07-13,Production Technician I,Production,Female,White,791,0,2021,2023,30,32,25-34,Fully Meets,Low Value,Junior,3,2,3,High risk
3231,Carley Irwin,2021-05-24,NULL,Production Technician I,Production,Female,White,0,1,2021,0,24,0,25-34,Exceeds,Low Value,Junior,2,2,4,High risk
3232,Makenzie Mercer,2021-10-06,2022-05-19,Production Technician I,Production,Male,Other,225,0,2021,2022,47,48,45-54,Fully Meets,Low Value,Junior,3,3,3,High risk
3233,Julia Vargas,2020-08-22,2020-08-26,Production Technician I,Production,Male,Asian,4,0,2020,2020,51,51,55+,Fully Meets,Low Value,Junior,4,1,3,High risk
3234,Parker Harrison,2021-08-23,NULL,Production Technician I,Production,Male,Black,0,1,2021,0,62,0,55+,Fully Meets,Low Value,Junior,2,1,3,Medium
3235,Emmett York,2021-12-23,2022-10-17,Production Technician I,Production,Male,Hispanic,298,0,2021,2022,58,59,55+,Fully Meets,Low Value,Junior,3,1,3,High risk
3236,Landin Walton,2022-01-24,2022-03-27,Production Technician II,Production,Female,Asian,62,0,2022,2022,43,43,45-54,Fully Meets,Low Value,Junior,4,3,3,High risk
3237,Landon Mayo,2022-11-21,NULL,Production Technician II,Production,Male,White,0,1,2022,0,35,0,35-44,Fully Meets,Low Value,Junior,3,4,3,High risk
3238,Abby Estes,2018-12-04,2022-07-01,Production Technician II,Production,Male,Other,1305,0,2018,2022,18,22,25-34,Fully Meets,Low Value,Mid,2,2,3,High risk
3239,Rachael Pena,2019-06-02,NULL,Production Technician II,Production,Male,Black,0,1,2019,0,27,0,25-34,Fully Meets,Low Value,Junior,1,2,3,Medium
3240,Kyan Fritz,2018-08-12,2019-07-05,Production Technician II,Production,Female,Asian,327,0,2018,2019,38,39,45-54,Fully Meets,Low Value,Junior,3,3,3,High risk
3241,Lana Vega,2022-05-15,NULL,Production Technician II,Production,Female,White,0,1,2022,0,75,0,55+,Fully Meets,Low Value,Junior,3,1,3,High risk
3242,Alma Fischer,2021-11-23,2022-04-21,Production Technician I,Production,Male,Hispanic,149,0,2021,2022,66,67,55+,Fully Meets,Low Value,Junior,3,1,3,High risk
3243,Harley Peterson,2020-12-13,NULL,Production Technician I,Production,Male,Hispanic,0,1,2020,0,65,0,55+,Fully Meets,Low Value,Junior,2,1,3,Medium
3244,Kade Stokes,2021-07-28,NULL,Production Technician I,Production,Female,Black,0,1,2021,0,73,0,55+,Fully Meets,Low Value,Junior,2,1,3,Medium
3245,Leonel Tanner,2019-06-07,2021-12-30,Production Technician I,Production,Female,Black,937,0,2019,2021,71,73,55+,Fully Meets,Low Value,Junior,3,1,3,High risk
3246,Natalia Burns,2019-06-12,2021-05-25,Production Technician I,Production,Female,White,713,0,2019,2021,31,33,35-44,Fully Meets,Low Value,Junior,3,4,3,High risk
3247,Hailee Raymond,2023-04-20,2023-08-06,Production Technician I,Production,Female,Black,108,0,2023,2023,80,80,55+,Fully Meets,Low Value,Junior,4,1,3,High risk
3248,Micah Douglas,2018-08-07,2023-07-19,Production Technician I,Production,Female,Hispanic,1807,0,2018,2023,51,56,55+,Fully Meets,Low Value,Senior,2,1,3,Medium
3249,Kaley Pollard,2018-12-06,NULL,Production Technician I,Production,Male,Black,0,1,2018,0,70,0,55+,Fully Meets,Low Value,Junior,1,1,3,Medium
3250,Seth Fletcher,2021-03-25,NULL,Production Technician I,Production,Male,Asian,0,1,2021,0,24,0,25-34,Fully Meets,Low Value,Junior,2,2,3,High risk
3251,Elliana Thomas,2019-02-15,2019-04-25,Production Technician I,Production,Male,White,69,0,2019,2019,63,63,55+,Fully Meets,Low Value,Junior,4,1,3,High risk
3252,Edward Chung,2023-03-14,NULL,Production Technician I,Production,Female,Black,0,1,2023,0,30,0,25-34,Performance Improvement Plan,Low Value,Junior,3,2,2,High risk
3253,Tessa Estes,2019-09-01,2021-06-01,Production Technician I,Production,Female,White,639,0,2019,2021,26,28,25-34,Fully Meets,Low Value,Junior,3,2,3,High risk
3254,Charlie Carson,2021-02-23,2022-07-13,Production Technician I,Production,Male,Other,505,0,2021,2022,32,33,35-44,Fully Meets,Low Value,Junior,3,4,3,High risk
3255,Lawson Zuniga,2023-03-22,NULL,Production Technician I,Production,Male,Other,0,1,2023,0,62,0,55+,Fully Meets,Low Value,Junior,3,1,3,High risk
3256,Coleman Huffman,2019-01-24,NULL,Production Technician I,Production,Male,Black,0,1,2019,0,65,0,55+,Fully Meets,Low Value,Junior,1,1,3,Medium
3257,Sanaa Reilly,2020-11-19,NULL,Production Technician II,Production,Female,Other,0,1,2020,0,34,0,35-44,Fully Meets,Low Value,Junior,2,4,3,High risk
3258,Slade Randolph,2023-02-15,NULL,Production Technician II,Production,Male,White,0,1,2023,0,52,0,45-54,Fully Meets,Low Value,Junior,3,3,3,High risk
3259,Dania Hale,2022-05-09,2022-06-10,Production Technician II,Production,Male,Hispanic,32,0,2022,2022,76,76,55+,Fully Meets,Low Value,Junior,4,1,3,High risk
3260,Roland Orozco,2021-10-06,NULL,Production Technician II,Production,Male,Hispanic,0,1,2021,0,29,0,25-34,Fully Meets,Low Value,Junior,2,2,3,High risk
3261,Kaylen Fisher,2021-01-17,2023-06-25,Production Technician II,Production,Male,Hispanic,889,0,2021,2023,73,75,55+,Fully Meets,Low Value,Junior,3,1,3,High risk
3262,Kasey Preston,2022-03-22,NULL,Production Technician II,Production,Female,Black,0,1,2022,0,38,0,35-44,Performance Improvement Plan,Low Value,Junior,3,4,2,High risk
3263,Cruz Davila,2022-04-20,2023-04-30,Production Technician I,Production,Male,Asian,375,0,2022,2023,32,33,35-44,Performance Improvement Plan,Low Value,Junior,3,4,2,High risk
3264,Alani Phillips,2021-12-31,2023-05-10,Production Technician I,Production,Male,Asian,495,0,2021,2023,71,73,55+,Fully Meets,Low Value,Junior,3,1,3,High risk
3265,Giovanni Klein,2018-10-31,NULL,Production Technician I,Production,Female,Asian,0,1,2018,0,25,0,25-34,Fully Meets,Low Value,Junior,1,2,3,Medium
3266,Max Mahoney,2020-07-24,NULL,Production Technician I,Production,Female,Black,0,1,2020,0,24,0,25-34,Fully Meets,Low Value,Junior,2,2,3,High risk
3267,Perla Terry,2019-12-12,2020-01-17,Production Technician I,Production,Female,Other,36,0,2019,2020,56,57,55+,Fully Meets,Low Value,Junior,3,1,3,High risk
3268,Makai Ochoa,2023-06-22,NULL,Production Technician I,Production,Female,Asian,0,1,2023,0,61,0,55+,Fully Meets,Low Value,Junior,3,1,3,High risk
3269,Caiden Hogan,2021-06-20,NULL,Production Technician I,Production,Male,Asian,0,1,2021,0,21,0,25-34,Fully Meets,Low Value,Junior,2,2,3,High risk
3270,Brandon Dickerson,2019-10-31,NULL,Production Technician I,Production,Male,Asian,0,1,2019,0,61,0,55+,Fully Meets,Low Value,Junior,1,1,3,Medium
3271,Taryn Snow,2019-07-02,2022-11-26,Production Technician I,Production,Male,Asian,1243,0,2019,2022,49,52,55+,Fully Meets,Medium Value,Mid,3,1,3,High risk
3272,Monserrat Cooke,2023-02-10,NULL,Production Technician I,Production,Male,Other,0,1,2023,0,64,0,55+,Fully Meets,Low Value,Junior,3,1,3,High risk
3273,Zaria Mcintosh,2022-09-16,NULL,Production Technician I,Production,Female,Asian,0,1,2022,0,24,0,25-34,Fully Meets,Low Value,Junior,3,2,3,High risk
3274,Arely May,2020-01-21,2020-07-29,Production Technician I,Production,Female,Other,190,0,2020,2020,55,55,55+,Performance Improvement Plan,Low Value,Junior,4,1,2,High risk
3275,Gina Kent,2022-11-16,NULL,Production Technician I,Production,Male,Other,0,1,2022,0,31,0,25-34,Performance Improvement Plan,Low Value,Junior,3,2,2,High risk
3276,Catherine Anthony,2021-01-25,NULL,Production Technician I,Production,Male,Asian,0,1,2021,0,25,0,25-34,Fully Meets,Low Value,Junior,2,2,3,High risk
3277,Wade Beltran,2023-06-16,2023-06-24,Production Technician II,Production,Female,Hispanic,8,0,2023,2023,43,43,45-54,Fully Meets,Low Value,Junior,4,3,3,High risk
3278,Mina Bryant,2020-09-08,2021-10-17,Production Technician II,Production,Female,Black,404,0,2020,2021,76,77,55+,Fully Meets,Low Value,Junior,3,1,3,High risk
3279,Jonas Everett,2019-01-23,2020-11-24,Production Technician II,Production,Male,Black,671,0,2019,2020,25,26,25-34,Fully Meets,Low Value,Junior,3,2,3,High risk
3280,Makaila Pham,2023-05-29,2023-07-23,Production Technician II,Production,Male,Other,55,0,2023,2023,40,40,35-44,Fully Meets,Low Value,Junior,4,4,3,High risk
3281,Gloria Rose,2019-08-16,NULL,Production Technician II,Production,Male,Hispanic,0,1,2019,0,65,0,55+,Fully Meets,Low Value,Junior,1,1,3,Medium
3282,Rebekah Carpenter,2020-06-04,NULL,Production Technician II,Production,Female,Asian,0,1,2020,0,42,0,45-54,Fully Meets,Low Value,Junior,2,3,3,High risk
3283,Iris Reynolds,2020-07-21,NULL,Production Technician II,Production,Female,Hispanic,0,1,2020,0,32,0,35-44,Fully Meets,Low Value,Junior,2,4,3,High risk
3284,Kennedi Howell,2022-08-21,2023-03-29,Production Technician I,Production,Male,Other,220,0,2022,2023,74,75,55+,Fully Meets,Low Value,Junior,3,1,3,High risk
3285,Rashad Sutton,2021-07-16,2023-06-12,Production Technician I,Production,Male,Other,696,0,2021,2023,67,69,55+,Performance Improvement Plan,Low Value,Junior,3,1,2,Medium
3286,Regan Conrad,2019-11-06,NULL,Production Technician I,Production,Female,White,0,1,2019,0,49,0,55+,Performance Improvement Plan,Low Value,Junior,1,1,2,Medium
3287,Litzy Arias,2021-01-01,NULL,Production Technician I,Production,Female,Asian,0,1,2021,0,42,0,45-54,Fully Meets,Low Value,Junior,2,3,3,High risk
3288,Eden Silva,2019-09-24,NULL,Production Technician I,Production,Female,White,0,1,2019,0,52,0,55+,Fully Meets,Low Value,Junior,1,1,3,Medium
3289,Kinley Serrano,2020-05-17,NULL,Production Technician I,Production,Female,White,0,1,2020,0,40,0,45-54,Fully Meets,Low Value,Junior,2,3,3,High risk
3290,Jaiden Middleton,2018-08-07,NULL,Production Technician I,Production,Male,Other,0,1,2018,0,23,0,25-34,Fully Meets,Low Value,Junior,1,2,3,Medium
3291,Shamar Serrano,2023-08-01,NULL,Production Technician I,Production,Male,Hispanic,0,1,2023,0,66,0,55+,Fully Meets,Low Value,Junior,3,1,3,High risk
3292,Nadia Romero,2019-01-12,2020-01-09,Production Technician I,Production,Male,Asian,362,0,2019,2020,73,74,55+,Fully Meets,Low Value,Junior,3,1,3,High risk
3293,Lillianna Hill,2021-04-09,2022-11-29,Production Technician I,Production,Female,Black,599,0,2021,2022,54,55,55+,Fully Meets,Low Value,Junior,3,1,3,High risk
3294,Brent Henry,2022-06-04,2022-12-24,Production Technician I,Production,Female,Other,203,0,2022,2022,57,57,55+,Fully Meets,Low Value,Junior,4,1,3,High risk
3295,Emmanuel Perkins,2019-05-31,NULL,Production Technician I,Production,Female,Black,0,1,2019,0,65,0,55+,Fully Meets,Low Value,Junior,1,1,3,Medium
3296,Isis Brooks,2019-01-07,2019-10-08,Production Technician I,Production,Male,White,274,0,2019,2019,72,72,55+,Performance Improvement Plan,Low Value,Junior,4,1,2,High risk
3297,Axel Dunlap,2020-07-18,2021-04-20,Production Technician I,Production,Male,Black,276,0,2020,2021,65,66,55+,Fully Meets,Low Value,Junior,3,1,3,High risk
3298,Tatum Petty,2020-11-19,2021-05-21,Production Technician II,Production,Female,Hispanic,183,0,2020,2021,24,25,25-34,Fully Meets,Low Value,Junior,3,2,3,High risk
3299,Devyn Pace,2022-11-10,NULL,Production Technician II,Production,Male,White,0,1,2022,0,47,0,45-54,Fully Meets,Low Value,Junior,3,3,3,High risk
3300,Rosemary Becker,2021-03-25,2022-05-08,Production Technician II,Production,Male,White,409,0,2021,2022,75,76,55+,Fully Meets,Low Value,Junior,3,1,3,High risk
3301,Amiah Sweeney,2019-05-13,2022-08-13,Production Technician II,Production,Male,Black,1188,0,2019,2022,22,25,25-34,Fully Meets,Low Value,Mid,3,2,3,High risk
3302,Maya Mccoy,2019-06-07,2022-11-06,Production Technician II,Production,Female,Hispanic,1248,0,2019,2022,76,79,55+,Fully Meets,Low Value,Mid,3,1,3,High risk
3303,Ty Page,2023-02-18,NULL,Production Technician II,Production,Female,Black,0,1,2023,0,42,0,35-44,Fully Meets,Low Value,Junior,3,4,3,High risk
3304,Destiney Kirby,2019-04-02,NULL,Production Technician II,Production,Female,Other,0,1,2019,0,35,0,35-44,Fully Meets,Low Value,Junior,1,4,3,High risk
3305,Jace Galloway,2020-11-30,2022-10-23,Production Technician I,Production,Female,Other,692,0,2020,2022,28,30,25-34,Fully Meets,Low Value,Junior,3,2,3,High risk
3306,Justice Guerra,2022-09-24,2022-10-27,Production Technician I,Production,Male,White,33,0,2022,2022,30,30,25-34,Performance Improvement Plan,Low Value,Junior,4,2,2,High risk
3307,Quincy Cardenas,2019-06-21,NULL,Production Technician I,Production,Male,Asian,0,1,2019,0,41,0,45-54,Fully Meets,Low Value,Junior,1,3,3,High risk
3308,Alyvia Mitchell,2022-06-10,NULL,Production Technician I,Production,Female,Black,0,1,2022,0,24,0,25-34,Fully Meets,Low Value,Junior,3,2,3,High risk
3309,Lillie Potter,2020-10-18,NULL,Production Technician I,Production,Female,White,0,1,2020,0,20,0,25-34,Fully Meets,Low Value,Junior,2,2,3,High risk
3310,George Fritz,2022-02-02,2023-02-04,Production Technician I,Production,Female,Asian,367,0,2022,2023,47,48,45-54,Fully Meets,Low Value,Junior,3,3,3,High risk
3311,William Avila,2021-06-17,2021-12-03,Production Technician I,Production,Female,Black,169,0,2021,2021,47,47,45-54,Fully Meets,Low Value,Junior,4,3,3,High risk
3312,Saniya Mosley,2018-12-01,NULL,Production Technician I,Production,Male,Hispanic,0,1,2018,0,72,0,55+,Fully Meets,Low Value,Junior,1,1,3,Medium
3313,Aimee Davila,2021-05-09,NULL,Production Technician I,Production,Male,Hispanic,0,1,2021,0,45,0,45-54,Fully Meets,Low Value,Junior,2,3,3,High risk
3314,German Hobbs,2019-01-01,NULL,Production Technician I,Production,Male,Other,0,1,2019,0,64,0,55+,Fully Meets,Low Value,Junior,1,1,3,Medium
3315,Amy Pace,2018-10-13,2020-03-18,Production Technician I,Production,Female,Other,522,0,2018,2020,61,63,55+,Fully Meets,Low Value,Junior,3,1,3,High risk
3316,Bronson Houston,2020-04-25,2022-12-13,Production Technician I,Production,Female,Hispanic,962,0,2020,2022,45,47,45-54,Fully Meets,Medium Value,Junior,3,3,3,High risk
3317,Shyann Hurst,2022-03-17,NULL,Production Technician I,Production,Female,Other,0,1,2022,0,39,0,35-44,Fully Meets,Low Value,Junior,3,4,3,High risk
3318,Maddison Dixon,2019-11-18,2022-02-10,Production Technician I,Production,Male,White,815,0,2019,2022,23,26,25-34,Fully Meets,Medium Value,Junior,3,2,3,High risk
3319,Madelynn Murillo,2019-10-09,NULL,Production Technician II,Production,Female,Hispanic,0,1,2019,0,56,0,55+,Fully Meets,Low Value,Junior,1,1,3,Medium
3320,Zachery Moreno,2020-05-18,NULL,Production Technician II,Production,Male,Other,0,1,2020,0,51,0,55+,Fully Meets,Low Value,Junior,2,1,3,Medium
3321,Tatum Terrell,2019-02-17,NULL,Production Technician II,Production,Male,White,0,1,2019,0,33,0,35-44,Fully Meets,Low Value,Junior,1,4,3,High risk
3322,Roland Berg,2020-07-31,2022-09-27,Production Technician II,Production,Male,White,788,0,2020,2022,77,79,55+,Fully Meets,Low Value,Junior,3,1,3,High risk
3323,Lilliana Cowan,2023-06-17,2023-07-13,Production Technician II,Production,Female,Black,26,0,2023,2023,61,61,55+,Fully Meets,Low Value,Junior,4,1,3,High risk
3324,Beatrice Vance,2019-06-30,2022-07-24,Production Technician II,Production,Female,Black,1120,0,2019,2022,67,70,55+,Performance Improvement Plan,Medium Value,Mid,3,1,2,Medium
3325,Andrea Khan,2021-07-13,2022-03-11,Production Technician II,Production,Female,White,241,0,2021,2022,28,29,25-34,Fully Meets,Low Value,Junior,3,2,3,High risk
3326,Keagan Vaughan,2022-01-14,NULL,Production Technician I,Production,Male,Hispanic,0,1,2022,0,81,0,55+,Fully Meets,Low Value,Junior,3,1,3,High risk
3327,Selah Ibarra,2020-01-01,NULL,Production Technician I,Production,Female,Hispanic,0,1,2020,0,41,0,45-54,Fully Meets,Low Value,Junior,2,3,3,High risk
3328,Braylen Cruz,2020-10-24,2023-04-11,Production Technician I,Production,Male,White,899,0,2020,2023,59,62,55+,Fully Meets,Medium Value,Junior,3,1,3,High risk
3329,Gabriel Smith,2020-10-24,NULL,Production Technician I,Production,Male,Hispanic,0,1,2020,0,42,0,45-54,Fully Meets,Low Value,Junior,2,3,3,High risk
3330,Esther Willis,2020-08-09,NULL,Production Technician I,Production,Female,White,0,1,2020,0,44,0,45-54,Fully Meets,Low Value,Junior,2,3,3,High risk
3331,Sydney Chang,2019-03-24,2020-10-16,Production Technician I,Production,Female,Other,572,0,2019,2020,56,57,55+,Fully Meets,Low Value,Junior,3,1,3,High risk
3332,Will Morse,2022-10-29,NULL,Production Technician I,Production,Female,Other,0,1,2022,0,61,0,55+,Fully Meets,Low Value,Junior,3,1,3,High risk
3333,Yael Sexton,2023-05-16,NULL,Production Technician I,Production,Male,Hispanic,0,1,2023,0,31,0,25-34,Fully Meets,Low Value,Junior,3,2,3,High risk
3334,Brendon Ryan,2023-05-30,NULL,Production Technician I,Production,Male,White,0,1,2023,0,34,0,35-44,Fully Meets,Low Value,Junior,3,4,3,High risk
3335,Abbigail Solis,2019-06-28,2021-12-16,Production Technician I,Production,Male,Other,902,0,2019,2021,27,29,25-34,Fully Meets,Medium Value,Junior,3,2,3,High risk
3336,Sincere Preston,2023-03-25,2023-05-17,Production Technician I,Production,Male,Asian,53,0,2023,2023,44,44,45-54,Fully Meets,Low Value,Junior,4,3,3,High risk
3337,Jorge Pineda,2022-08-26,NULL,Production Technician I,Production,Female,Black,0,1,2022,0,49,0,45-54,Fully Meets,Low Value,Junior,3,3,3,High risk
3338,Aspen Underwood,2019-11-15,NULL,Production Technician I,Production,Female,Hispanic,0,1,2019,0,69,0,55+,Fully Meets,Low Value,Junior,1,1,3,Medium
3339,Alyson Hickman,2021-08-22,NULL,Production Technician I,Production,Male,Hispanic,0,1,2021,0,70,0,55+,Fully Meets,Low Value,Junior,2,1,3,Medium
3340,Mina Hancock,2022-11-29,NULL,Production Technician I,Production,Male,White,0,1,2022,0,61,0,55+,Fully Meets,Low Value,Junior,3,1,3,High risk
3341,Konner Sheppard,2022-10-15,2023-01-25,Production Technician II,Production,Female,White,102,0,2022,2023,67,68,55+,Fully Meets,Low Value,Junior,3,1,3,High risk
3342,London Nunez,2021-07-31,NULL,Production Technician II,Production,Male,Other,0,1,2021,0,21,0,25-34,Fully Meets,Low Value,Junior,2,2,3,High risk
3343,Seth Huff,2022-02-21,2023-05-26,Production Technician II,Production,Male,Hispanic,459,0,2022,2023,57,58,55+,Fully Meets,Low Value,Junior,3,1,3,High risk
3344,Justine Villanueva,2021-08-29,NULL,Production Technician II,Production,Male,White,0,1,2021,0,63,0,55+,Fully Meets,Low Value,Junior,2,1,3,Medium
3345,Moshe Anderson,2021-12-13,2023-01-29,Production Technician II,Production,Male,Asian,412,0,2021,2023,40,42,35-44,Fully Meets,Low Value,Junior,3,4,3,High risk
3346,Kadyn Bush,2021-03-30,2022-02-12,Production Technician II,Production,Female,Other,319,0,2021,2022,64,65,55+,Fully Meets,Low Value,Junior,3,1,3,High risk
3347,Ahmed Lindsey,2021-02-02,2022-05-13,Production Technician II,Production,Female,Hispanic,465,0,2021,2022,59,60,55+,Fully Meets,Low Value,Junior,3,1,3,High risk
3348,Ryder Bray,2019-10-31,NULL,Production Technician II,Production,Female,Asian,0,1,2019,0,32,0,35-44,Fully Meets,Low Value,Junior,1,4,3,High risk
3349,Taylor Bonilla,2022-11-07,NULL,Production Technician I,Production,Male,Hispanic,0,1,2022,0,63,0,55+,Fully Meets,Low Value,Junior,3,1,3,High risk
3350,Jalen Richmond,2022-11-20,NULL,Production Technician I,Production,Female,Hispanic,0,1,2022,0,49,0,45-54,Fully Meets,Low Value,Junior,3,3,3,High risk
3351,Kayden Hill,2021-12-15,2022-04-06,Production Technician I,Production,Male,Hispanic,112,0,2021,2022,47,48,45-54,Fully Meets,Low Value,Junior,3,3,3,High risk
3352,Aubree Mooney,2023-02-22,NULL,Production Technician I,Production,Male,Other,0,1,2023,0,37,0,35-44,Fully Meets,Low Value,Junior,3,4,3,High risk
3353,Haven Donaldson,2020-03-29,NULL,Production Technician I,Production,Female,Hispanic,0,1,2020,0,42,0,45-54,Fully Meets,Low Value,Junior,2,3,3,High risk
3354,Neil Dunn,2021-08-09,2023-06-16,Production Technician I,Production,Female,Asian,676,0,2021,2023,60,62,55+,Fully Meets,Low Value,Junior,3,1,3,High risk
3355,Darryl Ponce,2023-01-02,2023-06-18,Production Technician I,Production,Female,White,167,0,2023,2023,32,32,25-34,Fully Meets,Low Value,Junior,4,2,3,High risk
3356,Cade Heath,2018-11-10,NULL,Production Technician I,Production,Female,Asian,0,1,2018,0,27,0,25-34,Needs Improvement,Low Value,Junior,1,2,1,Medium
3357,Sidney Hooper,2022-08-30,NULL,Production Technician I,Production,Male,Asian,0,1,2022,0,80,0,55+,Exceeds,Low Value,Junior,3,1,4,High risk
3358,Johnathan Mayo,2021-07-30,2022-12-03,Production Technician I,Production,Male,Black,491,0,2021,2022,21,22,25-34,Fully Meets,Low Value,Junior,3,2,3,High risk
3359,Anika Arroyo,2020-11-29,NULL,Production Technician I,Production,Male,Hispanic,0,1,2020,0,40,0,45-54,Exceeds,Low Value,Junior,2,3,4,High risk
3360,Fatima Kemp,2021-03-24,NULL,Production Technician I,Production,Female,Asian,0,1,2021,0,47,0,45-54,Exceeds,Low Value,Junior,2,3,4,High risk
3361,Lilianna Conway,2020-12-29,2022-02-23,Production Technician I,Production,Female,Other,421,0,2020,2022,77,79,55+,Exceeds,Low Value,Junior,3,1,4,High risk
3362,Tony Cooke,2021-08-02,NULL,Production Technician I,Production,Female,Asian,0,1,2021,0,54,0,55+,Exceeds,Low Value,Junior,2,1,4,High risk
3363,Trevor Barry,2022-03-30,NULL,Production Technician I,Production,Male,Black,0,1,2022,0,65,0,55+,Exceeds,Low Value,Junior,3,1,4,High risk
3364,Marisa Frank,2021-03-05,2021-09-07,Production Technician II,Production,Female,Hispanic,186,0,2021,2021,61,61,55+,Exceeds,Low Value,Junior,4,1,4,High risk
3365,Shania Flores,2020-12-02,NULL,Production Technician II,Production,Male,Asian,0,1,2020,0,72,0,55+,Fully Meets,Low Value,Junior,2,1,3,Medium
3366,Andre Allison,2019-01-20,2020-01-18,Production Technician II,Production,Male,Black,363,0,2019,2020,43,44,45-54,Exceeds,Low Value,Junior,3,3,4,High risk
3367,Destiny Bright,2020-05-30,2022-02-01,Production Technician II,Production,Male,Other,612,0,2020,2022,58,60,55+,Exceeds,Low Value,Junior,3,1,4,High risk
3368,Karli Parks,2019-11-14,2023-05-14,Production Technician II,Production,Male,Black,1277,0,2019,2023,29,33,35-44,Exceeds,Low Value,Mid,2,4,4,High risk
3369,Mylie Callahan,2022-07-27,2023-03-24,Production Technician II,Production,Female,Other,240,0,2022,2023,72,73,55+,Exceeds,Low Value,Junior,3,1,4,High risk
3370,Jadiel Dickson,2022-06-20,NULL,Production Technician II,Production,Female,Asian,0,1,2022,0,64,0,55+,Exceeds,Low Value,Junior,3,1,4,High risk
3371,Aliya Moss,2022-12-20,2023-03-22,Production Technician II,Production,Female,Hispanic,92,0,2022,2023,52,53,55+,Exceeds,Low Value,Junior,3,1,4,High risk
3372,Kylie Roman,2023-01-14,2023-03-14,Production Technician I,Production,Female,Asian,59,0,2023,2023,31,31,25-34,Fully Meets,Low Value,Junior,4,2,3,High risk
3373,Karter Thornton,2018-09-22,NULL,Production Technician I,Production,Male,Other,0,1,2018,0,29,0,35-44,Exceeds,Low Value,Junior,1,4,4,High risk
3374,Ronald Bullock,2022-09-24,2023-03-10,Production Technician I,Production,Male,Hispanic,167,0,2022,2023,23,24,25-34,Exceeds,Low Value,Junior,3,2,4,High risk
3375,Sharon Beltran,2020-06-08,2021-07-13,Production Technician I,Production,Female,Black,400,0,2020,2021,21,22,25-34,Exceeds,Low Value,Junior,3,2,4,High risk
3376,Maren Anderson,2023-07-06,NULL,Production Technician I,Production,Female,Asian,0,1,2023,0,37,0,35-44,Exceeds,Low Value,Junior,3,4,4,High risk
3377,Cruz Ashley,2020-02-24,2023-05-13,Production Technician I,Production,Female,Asian,1174,0,2020,2023,31,34,35-44,Exceeds,Low Value,Mid,3,4,4,High risk
3378,Enzo Carney,2021-05-26,NULL,Production Technician I,Production,Female,White,0,1,2021,0,28,0,25-34,Exceeds,Low Value,Junior,2,2,4,High risk
3379,Marquis Joseph,2023-04-09,2023-06-14,Production Technician I,Production,Female,Hispanic,66,0,2023,2023,50,50,45-54,Exceeds,Low Value,Junior,4,3,4,High risk
3380,Victor Ibarra,2023-06-27,NULL,Production Technician I,Production,Male,Black,0,1,2023,0,39,0,35-44,Exceeds,Low Value,Junior,3,4,4,High risk
3381,Annabelle Marquez,2022-12-20,NULL,Production Technician I,Production,Male,White,0,1,2022,0,68,0,55+,Exceeds,Low Value,Junior,3,1,4,High risk
3382,Romeo Gordon,2018-11-10,NULL,Production Technician I,Production,Male,Other,0,1,2018,0,48,0,55+,Exceeds,Low Value,Junior,1,1,4,Medium
3383,Aimee Hughes,2020-08-13,2020-10-02,Production Technician I,Production,Female,Hispanic,50,0,2020,2020,35,35,35-44,Exceeds,Low Value,Junior,4,4,4,High risk
3384,Dennis Hays,2019-03-07,NULL,Production Technician I,Production,Female,Hispanic,0,1,2019,0,28,0,25-34,Fully Meets,Low Value,Junior,1,2,3,Medium
3385,Kelly Fritz,2022-03-13,NULL,Production Technician I,Production,Female,Other,0,1,2022,0,44,0,45-54,Fully Meets,Low Value,Junior,3,3,3,High risk
3386,Darnell Shelton,2019-11-25,2021-01-28,Production Technician II,Production,Female,Hispanic,430,0,2019,2021,24,26,25-34,Fully Meets,Low Value,Junior,3,2,3,High risk
3387,Sabrina Holt,2019-03-06,NULL,Production Technician II,Production,Male,Other,0,1,2019,0,54,0,55+,Fully Meets,Low Value,Junior,1,1,3,Medium
3388,Zoie Logan,2019-04-19,NULL,Production Technician II,Production,Male,Black,0,1,2019,0,29,0,35-44,Fully Meets,Low Value,Junior,1,4,3,High risk
3389,Finley Medina,2020-08-12,NULL,Production Technician II,Production,Male,Asian,0,1,2020,0,77,0,55+,Fully Meets,Low Value,Junior,2,1,3,Medium
3390,Lizeth Middleton,2022-10-21,2023-01-05,Production Technician II,Production,Female,Hispanic,76,0,2022,2023,53,54,55+,Fully Meets,Low Value,Junior,3,1,3,High risk
3391,Odin Camacho,2020-01-13,NULL,Production Technician II,Production,Female,Black,0,1,2020,0,29,0,25-34,Fully Meets,Low Value,Junior,2,2,3,High risk
3392,Dakota Lowery,2019-11-18,2021-09-22,Production Technician II,Production,Female,Other,674,0,2019,2021,31,33,35-44,Fully Meets,Low Value,Junior,3,4,3,High risk
3393,Skyla Santiago,2018-08-25,NULL,Production Technician I,Production,Female,Hispanic,0,1,2018,0,76,0,55+,Needs Improvement,Low Value,Junior,1,1,1,Low
3394,Harley Beard,2021-05-24,NULL,Production Technician I,Production,Male,Black,0,1,2021,0,72,0,55+,Fully Meets,Low Value,Junior,2,1,3,Medium
3395,Summer Barber,2021-06-09,2022-01-13,Production Technician I,Production,Female,Other,218,0,2021,2022,46,47,45-54,Needs Improvement,Low Value,Junior,3,3,1,High risk
3396,Stephen Mcmillan,2021-04-05,2021-11-29,Production Technician I,Production,Female,Asian,238,0,2021,2021,72,72,55+,Fully Meets,Low Value,Junior,4,1,3,High risk
3397,Rylan Garrison,2022-11-05,NULL,Production Technician I,Production,Female,Asian,0,1,2022,0,73,0,55+,Fully Meets,Low Value,Junior,3,1,3,High risk
3398,Kyler Cherry,2019-11-09,2022-09-03,Production Technician I,Production,Female,Other,1029,0,2019,2022,63,66,55+,Fully Meets,Medium Value,Junior,3,1,3,High risk
3399,Corinne Reeves,2022-06-05,2023-06-01,Production Technician I,Production,Female,White,361,0,2022,2023,38,39,35-44,Fully Meets,Low Value,Junior,3,4,3,High risk
3400,Lorenzo Short,2021-09-21,NULL,Production Technician I,Production,Female,Black,0,1,2021,0,51,0,55+,Fully Meets,Low Value,Junior,2,1,3,Medium
3401,Taniya Kane,2021-11-10,2023-06-04,Production Technician I,Production,Male,Hispanic,571,0,2021,2023,48,50,45-54,Fully Meets,Low Value,Junior,3,3,3,High risk
3402,Nevaeh Mcmillan,2021-03-03,2022-04-12,Production Technician I,Production,Male,Black,405,0,2021,2022,50,51,45-54,Fully Meets,Low Value,Junior,3,3,3,High risk
3403,Dillon Larson,2021-02-19,2022-11-15,Production Technician I,Production,Female,Asian,634,0,2021,2022,46,47,45-54,Exceeds,Low Value,Junior,3,3,4,High risk
3404,Willie Howe,2019-04-25,2022-11-11,Production Technician I,Production,Female,Other,1296,0,2019,2022,34,37,35-44,Fully Meets,Low Value,Mid,3,4,3,High risk
3405,Selina Jefferson,2020-01-13,2022-10-21,Production Technician I,Production,Female,White,1012,0,2020,2022,41,43,45-54,Fully Meets,Low Value,Junior,3,3,3,High risk
3406,Serenity Montgomery,2020-03-25,2023-04-26,Production Technician I,Production,Female,Other,1127,0,2020,2023,65,68,55+,Fully Meets,Low Value,Mid,3,1,3,High risk
3407,Kamila Sanders,2021-04-15,2023-05-11,Production Technician II,Production,Female,Asian,756,0,2021,2023,68,70,55+,Fully Meets,Low Value,Junior,3,1,3,High risk
3408,Rose Mcguire,2022-12-15,2023-04-25,Production Technician II,Production,Male,Asian,131,0,2022,2023,57,58,55+,Fully Meets,Low Value,Junior,3,1,3,High risk
3409,Brenton Zavala,2022-10-08,2023-02-04,Production Technician II,Production,Male,Asian,119,0,2022,2023,79,80,55+,Fully Meets,Low Value,Junior,3,1,3,High risk
3410,Laci Klein,2018-12-18,NULL,Production Technician II,Production,Male,Hispanic,0,1,2018,0,38,0,45-54,Fully Meets,Low Value,Junior,1,3,3,High risk
3411,Brenda Boone,2022-10-06,NULL,Production Technician II,Production,Female,Asian,0,1,2022,0,73,0,55+,Fully Meets,Low Value,Junior,3,1,3,High risk
3412,Andrea Walters,2019-12-28,NULL,Production Technician II,Production,Female,White,0,1,2019,0,28,0,25-34,Exceeds,Low Value,Junior,1,2,4,High risk
3413,Jovanny Matthews,2019-11-25,NULL,Production Technician II,Production,Female,White,0,1,2019,0,57,0,55+,Fully Meets,Low Value,Junior,1,1,3,Medium
3414,Hunter Silva,2022-06-03,NULL,Production Technician I,Production,Female,Hispanic,0,1,2022,0,24,0,25-34,Exceeds,Low Value,Junior,3,2,4,High risk
3415,Julien Cisneros,2022-09-09,2023-03-16,Production Technician I,Production,Male,Hispanic,188,0,2022,2023,48,49,45-54,Fully Meets,Low Value,Junior,3,3,3,High risk
3416,Aron Waters,2020-10-02,NULL,Production Technician I,Production,Male,Asian,0,1,2020,0,28,0,25-34,Fully Meets,Low Value,Junior,2,2,3,High risk
3417,Brayden Singh,2022-02-07,NULL,Production Technician I,Production,Female,Other,0,1,2022,0,22,0,25-34,Fully Meets,Low Value,Junior,3,2,3,High risk
3418,Karma Palmer,2022-10-14,NULL,Production Technician I,Production,Female,Asian,0,1,2022,0,26,0,25-34,Fully Meets,Low Value,Junior,3,2,3,High risk
3419,Stanley Reyes,2019-10-14,NULL,Production Technician I,Production,Female,Black,0,1,2019,0,67,0,55+,Fully Meets,Low Value,Junior,1,1,3,Medium
3420,Levi Hayden,2020-10-10,2022-08-05,Production Technician I,Production,Female,Other,664,0,2020,2022,76,78,55+,Fully Meets,Low Value,Junior,3,1,3,High risk
3421,Brenden Leach,2022-05-09,2022-09-08,Production Technician I,Production,Female,Other,122,0,2022,2022,63,63,55+,Fully Meets,Low Value,Junior,4,1,3,High risk
3422,Jakobe Erickson,2022-06-22,2022-08-07,Production Technician I,Production,Female,Other,46,0,2022,2022,24,24,25-34,Fully Meets,Low Value,Junior,4,2,3,High risk
3423,Adyson Strickland,2020-12-28,NULL,Production Technician I,Production,Male,Black,0,1,2020,0,19,0,Under 25,Fully Meets,Low Value,Junior,2,5,3,High risk
3424,Annabel Wilkins,2020-12-09,2022-08-04,Production Technician I,Production,Male,White,603,0,2020,2022,23,25,25-34,Fully Meets,Low Value,Junior,3,2,3,High risk
3425,Kendra Braun,2019-05-28,2021-10-23,Production Technician I,Production,Female,Hispanic,879,0,2019,2021,65,67,55+,Fully Meets,Low Value,Junior,3,1,3,High risk
3426,Chace Kerr,2022-04-27,NULL,Production Technician I,Production,Female,White,0,1,2022,0,32,0,35-44,Fully Meets,Low Value,Junior,3,4,3,High risk