ApplicantID,Applicant Full Name,Application Status,Application Date,Application Year,Application Month,Days Since Application,Gender,Age At Application,Education Level,Years Of Experience,Current Job Department,Education Score,Experience Score,Candidate Score,Age Advantage Score,Candidate Ranking score,Candidate Ranking Category,Expected Salary Band,Is Selected Flag,Is Rejected Flag
1001,Scott Sheppard,Interviewing,2023-06-03,2023,6,905,Male,31,High School,8,Not Mentioned,1,4,2.8,3,4.8,Good candidates,High Range,0,0
1002,Stanley Lewis,Rejected,2023-05-15,2023,5,924,Male,58,Bachelor's Degree,17,furniture,3,5,4.2,1,6.5,"Strong fit, top candidates",High Range,0,1
1003,Javier Li,Rejected,2023-08-04,2023,8,843,Female,50,PhD,20,broadcasting/film/video,5,5,5,1,7.825,"Strong fit, top candidates",Mid Range,0,1
1004,Christopher Johnston,Rejected,2023-07-28,2023,7,850,Other,22,High School,8,Not Mentioned,1,4,2.8,1,4.4,Good candidates,Mid Range,0,1
1005,Melissa Hicks,Interviewing,2023-06-05,2023,6,903,Other,45,Master's Degree,0,Not Mentioned,4,1,2.2,2,3.7,Weak candidates,Mid Range,0,0
1006,Christian Maddox,In Review,2023-07-26,2023,7,852,Female,40,Master's Degree,18,electronics,4,5,4.6,2,7.76,"Strong fit, top candidates",High Range,0,0
1007,Paul Hammond,Offered,2023-06-09,2023,6,899,Female,60,High School,11,research (maths),1,5,3.4,1,5.64,Good candidates,High Range,1,0
1008,Madison Williamson,Offered,2023-07-15,2023,7,863,Male,45,Bachelor's Degree,0,primary school,3,1,1.8,2,3.19,Weak candidates,Mid Range,1,0
1009,Rachael Duran,Interviewing,2023-06-16,2023,6,892,Male,26,High School,15,Not Mentioned,1,5,3.4,3,5.7,Good candidates,Mid Range,0,0
1010,Sherri Taylor,Offered,2023-05-25,2023,5,914,Male,40,Master's Degree,4,airline,4,2,2.8,2,4.6,Good candidates,High Range,1,0
1011,Jennifer Weaver,In Review,2023-05-14,2023,5,925,Other,25,PhD,19,Not Mentioned,5,5,5,3,8.1,"Strong fit, top candidates",Mid Range,0,0
1012,Kyle Blake,Pending Review,2023-06-04,2023,6,904,Other,22,Bachelor's Degree,7,Not Mentioned,3,3,3,1,4.7,Good candidates,High Range,0,0
1013,James Bailey,Offered,2023-07-23,2023,7,855,Female,40,Master's Degree,12,Not Mentioned,4,5,4.6,2,7.3,"Strong fit, top candidates",High Range,1,0
1014,Heidi Wood,Rejected,2023-06-12,2023,6,896,Male,58,Bachelor's Degree,9,Not Mentioned,3,4,3.6,1,5.6,Good candidates,Mid Range,0,1
1015,Johnny Nguyen,Rejected,2023-07-04,2023,7,874,Other,52,Bachelor's Degree,2,Not Mentioned,3,2,2.4,1,3.8,Weak candidates,High Range,0,1
1016,Olivia Watson,Interviewing,2023-07-26,2023,7,852,Female,53,Master's Degree,2,research (physical sciences),4,2,2.8,1,4.68,Good candidates,Mid Range,0,0
1017,Anita Jenkins,In Review,2023-05-16,2023,5,923,Male,19,Master's Degree,20,Not Mentioned,4,5,4.6,1,7.1,"Strong fit, top candidates",High Range,0,0
1018,John Coleman,Offered,2023-06-12,2023,6,896,Female,18,Bachelor's Degree,20,retail,3,5,4.2,1,6.29,"Strong fit, top candidates",Mid Range,1,0
1019,Adam Best,Rejected,2023-06-26,2023,6,882,Other,22,PhD,12,retail,5,5,5,1,7.45,"Strong fit, top candidates",Mid Range,0,1
1020,Cheryl Peterson,Interviewing,2023-05-23,2023,5,916,Male,33,Bachelor's Degree,6,Not Mentioned,3,3,3,3,5.1,Good candidates,Mid Range,0,0
1021,Rebecca Jensen,Offered,2023-07-03,2023,7,875,Female,21,Master's Degree,15,dispensing,4,5,4.6,1,7.1,"Strong fit, top candidates",High Range,1,0
1022,Gabriel Norris,Rejected,2023-08-03,2023,8,844,Female,48,Master's Degree,17,marine,4,5,4.6,1,7.56,"Strong fit, top candidates",Mid Range,0,1
1023,Anne Murphy,Rejected,2023-05-08,2023,5,931,Other,40,PhD,11,Not Mentioned,5,5,5,2,7.9,"Strong fit, top candidates",High Range,0,1
1024,Thomas Phillips,Interviewing,2023-06-25,2023,6,883,Other,58,PhD,10,research (physical sciences),5,4,4.4,1,7.24,"Strong fit, top candidates",Mid Range,0,0
1025,Nicholas Conley,Interviewing,2023-05-31,2023,5,908,Other,22,Master's Degree,15,Not Mentioned,4,5,4.6,1,7.1,"Strong fit, top candidates",Mid Range,0,0
1026,Jennifer Austin,In Review,2023-07-07,2023,7,871,Other,21,PhD,8,radio,5,4,4.4,1,6.8,"Strong fit, top candidates",Mid Range,0,0
1027,Cory Miller,Interviewing,2023-06-22,2023,6,886,Other,27,High School,15,Not Mentioned,1,5,3.4,3,5.7,Good candidates,High Range,0,0
1028,Barbara Lopez,Pending Review,2023-08-01,2023,8,846,Other,57,PhD,19,television/film set,5,5,5,1,7.825,"Strong fit, top candidates",Mid Range,0,0
1029,Maria Campbell,Interviewing,2023-06-15,2023,6,893,Male,54,Master's Degree,9,jewellery,4,4,4,1,6.2,"Strong fit, top candidates",High Range,0,0
1030,Duane Lee,Pending Review,2023-07-06,2023,7,872,Other,34,Bachelor's Degree,12,Not Mentioned,3,5,4.2,3,6.9,"Strong fit, top candidates",Mid Range,0,0
1031,Danny Jones,In Review,2023-07-27,2023,7,851,Male,30,PhD,17,textile,5,5,5,3,8.1,"Strong fit, top candidates",High Range,0,0
1032,Hannah Moore,Offered,2023-06-02,2023,6,906,Other,60,Master's Degree,10,Not Mentioned,4,4,4,1,6.2,"Strong fit, top candidates",Mid Range,1,0
1033,Mckenzie Howe,Pending Review,2023-05-16,2023,5,923,Male,21,Bachelor's Degree,13,Not Mentioned,3,5,4.2,1,6.5,"Strong fit, top candidates",High Range,0,0
1034,Ashley Williams,Offered,2023-05-30,2023,5,909,Male,47,Bachelor's Degree,6,Not Mentioned,3,3,3,1,4.7,Good candidates,High Range,1,0
1035,Laura Randall,Pending Review,2023-07-14,2023,7,864,Male,53,PhD,19,dispensing,5,5,5,1,7.7,"Strong fit, top candidates",High Range,0,0
1036,Katherine Morris,In Review,2023-05-09,2023,5,930,Female,44,High School,11,rural practice,1,5,3.4,2,5.67,Good candidates,Mid Range,0,0
1037,Martha Bradford,Interviewing,2023-05-18,2023,5,921,Male,43,Bachelor's Degree,9,Not Mentioned,3,4,3.6,2,5.8,Good candidates,High Range,0,0
1038,Jessica Martinez,Rejected,2023-06-12,2023,6,896,Other,52,PhD,16,Not Mentioned,5,5,5,1,7.7,"Strong fit, top candidates",Mid Range,0,1
1039,Emily Myers,Rejected,2023-06-22,2023,6,886,Other,30,Bachelor's Degree,19,clinical,3,5,4.2,3,7.425,"Strong fit, top candidates",Mid Range,0,1
1040,Steven Villa,Interviewing,2023-08-03,2023,8,844,Male,30,Bachelor's Degree,14,Not Mentioned,3,5,4.2,3,6.9,"Strong fit, top candidates",High Range,0,0
1041,David Walker,Offered,2023-07-18,2023,7,860,Female,55,PhD,0,Not Mentioned,5,1,2.6,1,4.1,Good candidates,Mid Range,1,0
1042,Timothy Rodriguez,Rejected,2023-05-10,2023,5,929,Female,35,PhD,14,Not Mentioned,5,5,5,3,8.1,"Strong fit, top candidates",High Range,0,1
1043,Kevin Lucas,Offered,2023-06-21,2023,6,887,Female,50,PhD,8,Not Mentioned,5,4,4.4,1,6.8,"Strong fit, top candidates",High Range,1,0
1044,Sarah Fischer,Pending Review,2023-05-30,2023,5,909,Other,30,PhD,5,nutritional,5,3,3.8,3,6.775,"Strong fit, top candidates",Mid Range,0,0
1045,Joshua Weeks,In Review,2023-07-30,2023,7,848,Other,29,High School,19,Not Mentioned,1,5,3.4,3,5.7,Good candidates,High Range,0,0
1046,Nicholas Jenkins,Pending Review,2023-07-15,2023,7,863,Female,58,Bachelor's Degree,8,broadcasting/film/video,3,4,3.6,1,5.69,Good candidates,High Range,0,0
1047,Jeremy Stevens,Rejected,2023-05-24,2023,5,915,Female,29,High School,14,Not Mentioned,1,5,3.4,3,5.7,Good candidates,High Range,0,1
1048,Paul Johnson,In Review,2023-07-28,2023,7,850,Male,37,PhD,7,electronics,5,3,3.8,2,6.48,"Strong fit, top candidates",Mid Range,0,0
1049,Jerry Hernandez,Pending Review,2023-07-04,2023,7,874,Other,47,Master's Degree,4,research (medical),4,2,2.8,1,4.68,Good candidates,High Range,0,0
1050,Jason Abbott,Interviewing,2023-06-09,2023,6,899,Male,56,High School,10,land/geomatics,1,4,2.8,1,4.54,Good candidates,High Range,0,0
1051,Jeffrey Sellers,Offered,2023-07-06,2023,7,872,Other,43,High School,10,hydrographic,1,4,2.8,2,4.74,Good candidates,High Range,1,0
1052,Daryl Brown,Pending Review,2023-05-23,2023,5,916,Female,20,Bachelor's Degree,7,Not Mentioned,3,3,3,1,4.7,Good candidates,High Range,0,0
1053,Justin Bush,Interviewing,2023-06-04,2023,6,904,Other,48,PhD,4,Not Mentioned,5,2,3.2,1,5,Good candidates,Mid Range,0,0
1054,Lisa Jackson,Pending Review,2023-05-28,2023,5,911,Male,37,PhD,18,Not Mentioned,5,5,5,2,7.9,"Strong fit, top candidates",High Range,0,0
1055,Brad Vang,Offered,2023-07-23,2023,7,855,Male,33,PhD,6,Not Mentioned,5,3,3.8,3,6.3,"Strong fit, top candidates",Mid Range,1,0
1056,Brittney Rubio,Interviewing,2023-06-22,2023,6,886,Other,21,Bachelor's Degree,9,Not Mentioned,3,4,3.6,1,5.6,Good candidates,High Range,0,0
1057,Kimberly Ellis,In Review,2023-05-22,2023,5,917,Female,41,Master's Degree,13,Not Mentioned,4,5,4.6,2,7.3,"Strong fit, top candidates",High Range,0,0
1058,Stephanie Pearson,Rejected,2023-06-12,2023,6,896,Other,49,PhD,7,Not Mentioned,5,3,3.8,1,5.9,Good candidates,High Range,0,1
1059,Judith Avery,Pending Review,2023-05-15,2023,5,924,Male,52,PhD,8,Not Mentioned,5,4,4.4,1,6.8,"Strong fit, top candidates",High Range,0,0
1060,Susan Mayer,Pending Review,2023-06-24,2023,6,884,Female,36,Master's Degree,14,magazine,4,5,4.6,2,7.415,"Strong fit, top candidates",Mid Range,0,0
1061,Danielle Jones,Interviewing,2023-06-12,2023,6,896,Female,28,Bachelor's Degree,14,molecular,3,5,4.2,3,7.32,"Strong fit, top candidates",Mid Range,0,0
1082,Denise Jackson,Pending Review,2023-07-17,2023,7,861,Male,24,PhD,5,Not Mentioned,5,3,3.8,1,5.9,Good candidates,Mid Range,0,0
1062,Brian Jenkins,Pending Review,2023-06-25,2023,6,883,Female,29,Master's Degree,14,chartered management,4,5,4.6,3,8.19,"Strong fit, top candidates",High Range,0,0
1063,Keith Barrera,Pending Review,2023-07-03,2023,7,875,Female,19,Master's Degree,0,Not Mentioned,4,1,2.2,1,3.5,Weak candidates,Mid Range,0,0
1064,Gary Howard,Interviewing,2023-06-07,2023,6,901,Female,24,Bachelor's Degree,14,Not Mentioned,3,5,4.2,1,6.5,"Strong fit, top candidates",High Range,0,0
1065,David Torres,Interviewing,2023-06-11,2023,6,897,Female,45,PhD,14,government,5,5,5,2,8.275,"Strong fit, top candidates",High Range,0,0
1066,Phillip Weber,Pending Review,2023-06-07,2023,6,901,Other,49,Master's Degree,20,control and instrumentation,4,5,4.6,1,7.56,"Strong fit, top candidates",Mid Range,0,0
1067,Tiffany Fernandez,Pending Review,2023-06-02,2023,6,906,Female,56,High School,18,Not Mentioned,1,5,3.4,1,5.3,Good candidates,Mid Range,0,0
1068,Nicole Lopez,Rejected,2023-06-14,2023,6,894,Female,40,High School,20,Not Mentioned,1,5,3.4,2,5.5,Good candidates,Mid Range,0,1
1069,Joshua Baxter,Offered,2023-06-29,2023,6,879,Other,43,Master's Degree,10,building services,4,4,4,2,6.6,"Strong fit, top candidates",Mid Range,1,0
1070,Danielle Smith,Pending Review,2023-05-11,2023,5,928,Male,48,High School,6,Not Mentioned,1,3,2.2,1,3.5,Weak candidates,High Range,0,0
1071,Christopher Davis,Offered,2023-05-13,2023,5,926,Female,20,Master's Degree,13,Not Mentioned,4,5,4.6,1,7.1,"Strong fit, top candidates",Mid Range,1,0
1072,Jessica Gutierrez,Rejected,2023-05-09,2023,5,930,Male,41,High School,5,Not Mentioned,1,3,2.2,2,3.7,Weak candidates,High Range,0,1
1073,Michael Hunter,Rejected,2023-05-28,2023,5,911,Male,46,Master's Degree,17,Not Mentioned,4,5,4.6,1,7.1,"Strong fit, top candidates",Mid Range,0,1
1074,Kendra French,Pending Review,2023-05-27,2023,5,912,Male,20,PhD,4,Not Mentioned,5,2,3.2,1,5,Good candidates,Mid Range,0,0
1075,William Yu,Pending Review,2023-06-12,2023,6,896,Female,29,Bachelor's Degree,18,television,3,5,4.2,3,7.005,"Strong fit, top candidates",Mid Range,0,0
1076,Carol Steele,In Review,2023-07-14,2023,7,864,Female,50,PhD,1,planning and development,5,1,2.6,1,4.23,Good candidates,High Range,0,0
1077,Maria Davidson,Interviewing,2023-08-05,2023,8,842,Female,60,High School,18,Not Mentioned,1,5,3.4,1,5.3,Good candidates,High Range,0,0
1078,Nicole Garcia,Offered,2023-07-09,2023,7,869,Other,57,PhD,20,Not Mentioned,5,5,5,1,7.7,"Strong fit, top candidates",High Range,1,0
1079,James Howell,Rejected,2023-07-12,2023,7,866,Female,31,Bachelor's Degree,2,Not Mentioned,3,2,2.4,3,4.2,Good candidates,High Range,0,1
1080,Keith Pace,In Review,2023-07-08,2023,7,870,Male,43,Bachelor's Degree,18,community,3,5,4.2,2,6.49,"Strong fit, top candidates",Mid Range,0,0
1081,Nichole Stevenson,Rejected,2023-05-27,2023,5,912,Female,24,PhD,0,Not Mentioned,5,1,2.6,1,4.1,Good candidates,Mid Range,0,1
1083,Christine Phillips,Offered,2023-06-28,2023,6,880,Male,40,High School,3,Not Mentioned,1,2,1.6,2,2.8,Weak candidates,High Range,1,0
1084,Patricia Pearson,Offered,2023-07-07,2023,7,871,Other,53,Bachelor's Degree,4,Not Mentioned,3,2,2.4,1,3.8,Weak candidates,Mid Range,1,0
1085,Cynthia Black,Rejected,2023-06-28,2023,6,880,Other,37,High School,17,Not Mentioned,1,5,3.4,2,5.5,Good candidates,High Range,0,1
1086,Brenda Foster,Interviewing,2023-06-13,2023,6,895,Other,34,High School,7,Not Mentioned,1,3,2.2,3,3.9,Weak candidates,High Range,0,0
1087,Holly Brandt,In Review,2023-07-02,2023,7,876,Female,58,PhD,12,site,5,5,5,1,7.95,"Strong fit, top candidates",High Range,0,0
1088,Erin Kirk,Interviewing,2023-06-27,2023,6,881,Female,49,PhD,4,Not Mentioned,5,2,3.2,1,5,Good candidates,High Range,0,0
1089,Kevin Owens,Offered,2023-05-08,2023,5,931,Male,38,Bachelor's Degree,10,Not Mentioned,3,4,3.6,2,5.8,Good candidates,High Range,1,0
1090,Sarah Glover,Offered,2023-08-03,2023,8,844,Female,45,PhD,18,jewellery,5,5,5,2,7.9,"Strong fit, top candidates",Mid Range,1,0
1091,Yolanda Collins,Pending Review,2023-05-20,2023,5,919,Male,37,Bachelor's Degree,8,civil (contracting),3,4,3.6,2,6.16,"Strong fit, top candidates",High Range,0,0
1092,Julia Green,In Review,2023-05-31,2023,5,908,Male,37,Bachelor's Degree,17,mental health,3,5,4.2,2,7.225,"Strong fit, top candidates",Mid Range,0,0
1093,Michael Smith,Interviewing,2023-07-25,2023,7,853,Female,22,High School,11,general practice,1,5,3.4,1,5.3,Good candidates,High Range,0,0
1094,Edward Peck,Rejected,2023-06-26,2023,6,882,Male,23,Master's Degree,7,Not Mentioned,4,3,3.4,1,5.3,Good candidates,High Range,0,1
1095,Michele Williams,Pending Review,2023-05-15,2023,5,924,Male,60,High School,3,Not Mentioned,1,2,1.6,1,2.6,Weak candidates,Mid Range,0,0
1096,Steven Martinez,Interviewing,2023-08-02,2023,8,845,Other,30,High School,20,Not Mentioned,1,5,3.4,3,5.7,Good candidates,Mid Range,0,0
1097,Austin Johnson,Interviewing,2023-07-02,2023,7,876,Male,23,PhD,16,Not Mentioned,5,5,5,1,7.7,"Strong fit, top candidates",Mid Range,0,0
1098,Robert Bowman,In Review,2023-07-20,2023,7,858,Female,61,High School,12,Not Mentioned,1,5,3.4,1,5.3,Good candidates,High Range,0,0
1099,Alexander Pineda,Offered,2023-07-13,2023,7,865,Male,19,PhD,17,Not Mentioned,5,5,5,1,7.7,"Strong fit, top candidates",Mid Range,1,0
1100,Kathleen Jones,Pending Review,2023-06-24,2023,6,884,Female,53,Bachelor's Degree,16,Not Mentioned,3,5,4.2,1,6.5,"Strong fit, top candidates",Mid Range,0,0
1101,Sandra Wang,In Review,2023-06-12,2023,6,896,Male,46,PhD,18,Not Mentioned,5,5,5,1,7.7,"Strong fit, top candidates",High Range,0,0
1102,Kristen Foster,Offered,2023-05-27,2023,5,912,Female,48,PhD,7,Not Mentioned,5,3,3.8,1,5.9,Good candidates,High Range,1,0
1103,Darrell Fernandez,In Review,2023-07-27,2023,7,851,Female,36,PhD,3,Not Mentioned,5,2,3.2,2,5.2,Good candidates,Mid Range,0,0
1104,Kimberly Castro,In Review,2023-07-25,2023,7,853,Female,26,Master's Degree,6,clinical,4,3,3.4,3,6.125,"Strong fit, top candidates",High Range,0,0
1105,Sheryl Hampton,Rejected,2023-07-09,2023,7,869,Other,41,PhD,4,Not Mentioned,5,2,3.2,2,5.2,Good candidates,High Range,0,1
1106,Earl Houston,Pending Review,2023-05-28,2023,5,911,Other,44,Master's Degree,13,Not Mentioned,4,5,4.6,2,7.3,"Strong fit, top candidates",Mid Range,0,0
1107,Michael Andrews,Rejected,2023-06-19,2023,6,889,Other,29,PhD,13,Not Mentioned,5,5,5,3,8.1,"Strong fit, top candidates",High Range,0,1
1108,Amanda Monroe,Interviewing,2023-06-26,2023,6,882,Male,20,Master's Degree,13,Not Mentioned,4,5,4.6,1,7.1,"Strong fit, top candidates",High Range,0,0
1109,Richard Johnson,Pending Review,2023-06-22,2023,6,886,Male,32,Bachelor's Degree,20,Not Mentioned,3,5,4.2,3,6.9,"Strong fit, top candidates",Mid Range,0,0
1110,Kaitlin Fox,Pending Review,2023-07-05,2023,7,873,Male,60,Master's Degree,0,Not Mentioned,4,1,2.2,1,3.5,Weak candidates,High Range,0,0
1111,Laura Johnson,Pending Review,2023-07-06,2023,7,872,Other,19,High School,11,Not Mentioned,1,5,3.4,1,5.3,Good candidates,Mid Range,0,0
1112,Jessica Bennett,Rejected,2023-07-27,2023,7,851,Other,38,High School,10,Not Mentioned,1,4,2.8,2,4.6,Good candidates,High Range,0,1
1113,Daniel Smith,Pending Review,2023-06-25,2023,6,883,Male,40,Bachelor's Degree,16,Not Mentioned,3,5,4.2,2,6.7,"Strong fit, top candidates",Mid Range,0,0
1114,Evan Benitez,Offered,2023-06-08,2023,6,900,Female,36,Master's Degree,11,Not Mentioned,4,5,4.6,2,7.3,"Strong fit, top candidates",High Range,1,0
1115,Sharon Brown,Offered,2023-07-10,2023,7,868,Female,29,PhD,1,Not Mentioned,5,1,2.6,3,4.5,Good candidates,Mid Range,1,0
1116,Tiffany Davis,Interviewing,2023-07-16,2023,7,862,Female,44,PhD,14,Not Mentioned,5,5,5,2,7.9,"Strong fit, top candidates",High Range,0,0
1117,Adam Martinez,Offered,2023-06-24,2023,6,884,Other,42,Bachelor's Degree,6,Not Mentioned,3,3,3,2,4.9,Good candidates,High Range,1,0
1118,Patricia Johnson,Rejected,2023-07-09,2023,7,869,Female,24,PhD,8,Not Mentioned,5,4,4.4,1,6.8,"Strong fit, top candidates",High Range,0,1
1119,Deborah Welch,Offered,2023-06-25,2023,6,883,Female,22,Bachelor's Degree,18,Not Mentioned,3,5,4.2,1,6.5,"Strong fit, top candidates",High Range,1,0
1120,Lauren Hunter,In Review,2023-06-27,2023,6,881,Female,21,Bachelor's Degree,15,Not Mentioned,3,5,4.2,1,6.5,"Strong fit, top candidates",High Range,0,0
1121,Mark Johnson,Rejected,2023-07-06,2023,7,872,Female,49,PhD,4,forensic,5,2,3.2,1,5.4,Good candidates,Mid Range,0,1
1122,Brandon Kennedy,In Review,2023-06-21,2023,6,887,Other,54,High School,15,Not Mentioned,1,5,3.4,1,5.3,Good candidates,High Range,0,0
1123,Shelly Watkins,Pending Review,2023-06-23,2023,6,885,Male,27,High School,18,Not Mentioned,1,5,3.4,3,5.7,Good candidates,High Range,0,0
1124,Brandon Allen,Rejected,2023-06-11,2023,6,897,Male,31,PhD,3,Not Mentioned,5,2,3.2,3,5.4,Good candidates,High Range,0,1
1125,Keith Davis,Interviewing,2023-05-19,2023,5,920,Male,39,PhD,5,Not Mentioned,5,3,3.8,2,6.1,"Strong fit, top candidates",High Range,0,0
1126,Jason Wall,Rejected,2023-07-03,2023,7,875,Female,44,High School,8,Not Mentioned,1,4,2.8,2,4.6,Good candidates,Mid Range,0,1
1127,Amy Reyes,Pending Review,2023-06-02,2023,6,906,Male,48,Master's Degree,18,Not Mentioned,4,5,4.6,1,7.1,"Strong fit, top candidates",Mid Range,0,0
1128,James Gallegos,In Review,2023-07-02,2023,7,876,Female,31,Bachelor's Degree,8,fashion/clothing,3,4,3.6,3,6.09,"Strong fit, top candidates",High Range,0,0
1129,Caleb Rhodes,Pending Review,2023-07-28,2023,7,850,Other,56,High School,0,occupational,1,1,1,1,1.7,Weak candidates,High Range,0,0
1130,Angelica Bennett,Interviewing,2023-08-01,2023,8,846,Other,46,Master's Degree,0,Not Mentioned,4,1,2.2,1,3.5,Weak candidates,High Range,0,0
1131,Ethan Garcia,Offered,2023-07-29,2023,7,849,Other,21,High School,20,Not Mentioned,1,5,3.4,1,5.3,Good candidates,Mid Range,1,0
1132,Thomas Smith,Rejected,2023-06-05,2023,6,903,Other,54,Bachelor's Degree,18,Not Mentioned,3,5,4.2,1,6.5,"Strong fit, top candidates",Mid Range,0,1
1133,Tamara Smith,In Review,2023-05-31,2023,5,908,Other,36,Bachelor's Degree,16,Not Mentioned,3,5,4.2,2,6.7,"Strong fit, top candidates",High Range,0,0
1134,Julie Williams,Offered,2023-05-16,2023,5,923,Female,52,PhD,18,Not Mentioned,5,5,5,1,7.7,"Strong fit, top candidates",High Range,1,0
1135,Grant Thompson,Pending Review,2023-05-19,2023,5,920,Male,21,Master's Degree,15,Not Mentioned,4,5,4.6,1,7.1,"Strong fit, top candidates",High Range,0,0
1136,Laura Kaiser,Rejected,2023-07-29,2023,7,849,Other,39,Bachelor's Degree,5,Not Mentioned,3,3,3,2,4.9,Good candidates,Mid Range,0,1
1137,Ralph Robinson,In Review,2023-08-05,2023,8,842,Male,45,PhD,18,Not Mentioned,5,5,5,2,7.9,"Strong fit, top candidates",Mid Range,0,0
1138,Lawrence Welch,Interviewing,2023-07-07,2023,7,871,Female,61,Bachelor's Degree,4,Not Mentioned,3,2,2.4,1,3.8,Weak candidates,Mid Range,0,0
1139,Justin Wallace,Offered,2023-06-26,2023,6,882,Male,48,High School,16,Not Mentioned,1,5,3.4,1,5.3,Good candidates,High Range,1,0
1140,Robert Turner,Offered,2023-07-15,2023,7,863,Female,35,Bachelor's Degree,17,Not Mentioned,3,5,4.2,3,6.9,"Strong fit, top candidates",Mid Range,1,0
1141,Stephanie Ramirez,Offered,2023-07-02,2023,7,876,Female,32,PhD,1,chartered certified,5,1,2.6,3,4.89,Good candidates,Mid Range,1,0
1142,Christina Richards,Pending Review,2023-07-19,2023,7,859,Other,28,Master's Degree,20,Not Mentioned,4,5,4.6,3,7.5,"Strong fit, top candidates",Mid Range,0,0
1143,Nicholas Castillo,In Review,2023-05-29,2023,5,910,Male,54,Master's Degree,4,Not Mentioned,4,2,2.8,1,4.4,Good candidates,High Range,0,0
1144,Kyle Davis,In Review,2023-06-22,2023,6,886,Female,25,PhD,4,Not Mentioned,5,2,3.2,3,5.4,Good candidates,Mid Range,0,0
1145,Katherine Garcia,Offered,2023-05-20,2023,5,919,Other,52,Bachelor's Degree,16,Not Mentioned,3,5,4.2,1,6.5,"Strong fit, top candidates",High Range,1,0
1146,Daniel Shaffer,Pending Review,2023-08-02,2023,8,845,Other,19,High School,18,Not Mentioned,1,5,3.4,1,5.3,Good candidates,High Range,0,0
1147,Cameron Meza,Interviewing,2023-07-12,2023,7,866,Other,33,Bachelor's Degree,12,Not Mentioned,3,5,4.2,3,6.9,"Strong fit, top candidates",High Range,0,0
1148,Justin Lang,Offered,2023-07-04,2023,7,874,Other,31,Bachelor's Degree,20,Not Mentioned,3,5,4.2,3,6.9,"Strong fit, top candidates",High Range,1,0
1149,April Martinez,In Review,2023-08-04,2023,8,843,Female,54,Master's Degree,6,broadcasting/film/video,4,3,3.4,1,5.385,Good candidates,High Range,0,0
1150,Anthony Armstrong,Pending Review,2023-08-01,2023,8,846,Male,35,Master's Degree,15,manufacturing systems,4,5,4.6,3,7.96,"Strong fit, top candidates",High Range,0,0
1151,Rebekah Wright,Interviewing,2023-06-14,2023,6,894,Other,45,High School,15,Not Mentioned,1,5,3.4,2,5.5,Good candidates,Mid Range,0,0
1152,Randall Conrad,Interviewing,2023-05-08,2023,5,931,Male,28,High School,19,Not Mentioned,1,5,3.4,3,5.7,Good candidates,Mid Range,0,0
1153,Wendy Smith,Rejected,2023-07-16,2023,7,862,Other,35,PhD,1,Not Mentioned,5,1,2.6,3,4.5,Good candidates,Mid Range,0,1
1154,Shannon Patel,Interviewing,2023-06-23,2023,6,885,Female,47,PhD,1,Not Mentioned,5,1,2.6,1,4.1,Good candidates,Mid Range,0,0
1155,Kari Brown,In Review,2023-07-08,2023,7,870,Male,25,PhD,17,Not Mentioned,5,5,5,3,8.1,"Strong fit, top candidates",High Range,0,0
1156,Alyssa Vargas,Offered,2023-06-16,2023,6,892,Female,59,High School,0,Not Mentioned,1,1,1,1,1.7,Weak candidates,Mid Range,1,0
1157,Shane Meyer,Pending Review,2023-06-08,2023,6,900,Other,60,High School,0,Not Mentioned,1,1,1,1,1.7,Weak candidates,High Range,0,0
1158,Mariah Thompson,Pending Review,2023-06-03,2023,6,905,Other,61,High School,17,Not Mentioned,1,5,3.4,1,5.3,Good candidates,Mid Range,0,0
1159,George Sanders,Pending Review,2023-08-04,2023,8,843,Other,33,High School,4,Not Mentioned,1,2,1.6,3,3,Weak candidates,High Range,0,0
1160,Paul Gray,Offered,2023-05-28,2023,5,911,Other,22,Bachelor's Degree,2,Not Mentioned,3,2,2.4,1,3.8,Weak candidates,Mid Range,1,0
1161,Oscar Clark,Rejected,2023-06-09,2023,6,899,Female,26,High School,0,Not Mentioned,1,1,1,3,2.1,Weak candidates,High Range,0,1
1162,Samuel Strong,Offered,2023-06-13,2023,6,895,Other,57,Master's Degree,10,Not Mentioned,4,4,4,1,6.2,"Strong fit, top candidates",High Range,1,0
1163,Darren Dunn,Interviewing,2023-06-16,2023,6,892,Other,32,PhD,6,Not Mentioned,5,3,3.8,3,6.3,"Strong fit, top candidates",High Range,0,0
1164,Matthew Wyatt,Interviewing,2023-06-11,2023,6,897,Other,40,Master's Degree,14,Not Mentioned,4,5,4.6,2,7.3,"Strong fit, top candidates",High Range,0,0
1165,Shannon Knight,Pending Review,2023-05-13,2023,5,926,Female,38,Master's Degree,15,Not Mentioned,4,5,4.6,2,7.3,"Strong fit, top candidates",High Range,0,0
1166,Reginald Smith,Rejected,2023-05-30,2023,5,909,Female,30,High School,20,Not Mentioned,1,5,3.4,3,5.7,Good candidates,Mid Range,0,1
1167,Sherry Carter,Pending Review,2023-07-21,2023,7,857,Male,54,High School,18,Not Mentioned,1,5,3.4,1,5.3,Good candidates,High Range,0,0
1168,Steven Abbott,In Review,2023-07-17,2023,7,861,Other,30,High School,9,Not Mentioned,1,4,2.8,3,4.8,Good candidates,Mid Range,0,0
1169,Vincent Holland,Interviewing,2023-05-20,2023,5,919,Other,29,Bachelor's Degree,18,Not Mentioned,3,5,4.2,3,6.9,"Strong fit, top candidates",High Range,0,0
1170,Gregory Ramsey,Interviewing,2023-07-15,2023,7,863,Female,38,Master's Degree,6,Not Mentioned,4,3,3.4,2,5.5,Good candidates,Mid Range,0,0
1171,Hunter Nichols,In Review,2023-06-15,2023,6,893,Male,31,High School,17,Not Mentioned,1,5,3.4,3,5.7,Good candidates,Mid Range,0,0
1172,Jacqueline Vance,Interviewing,2023-06-30,2023,6,878,Male,55,PhD,2,Not Mentioned,5,2,3.2,1,5,Good candidates,High Range,0,0
1173,Paul Miller,Interviewing,2023-06-08,2023,6,900,Female,26,High School,3,Not Mentioned,1,2,1.6,3,3,Weak candidates,Mid Range,0,0
1174,Katie Johnson,Interviewing,2023-06-13,2023,6,895,Male,34,PhD,2,agricultural,5,2,3.2,3,5.4,Good candidates,High Range,0,0
1175,Omar Ferguson,Offered,2023-06-11,2023,6,897,Other,19,Bachelor's Degree,12,learning disability,3,5,4.2,1,6.5,"Strong fit, top candidates",Mid Range,1,0
1176,Karen Adams,Pending Review,2023-07-01,2023,7,877,Other,55,High School,20,Not Mentioned,1,5,3.4,1,5.3,Good candidates,High Range,0,0
1177,Deborah Acevedo,Pending Review,2023-06-14,2023,6,894,Male,25,Master's Degree,1,maintenance,4,1,2.2,3,3.9,Weak candidates,High Range,0,0
1178,Jill Gomez,Interviewing,2023-05-18,2023,5,921,Other,25,Bachelor's Degree,0,industrial,3,1,1.8,3,3.48,Weak candidates,Mid Range,0,0
1179,Kelly Luna,Pending Review,2023-06-13,2023,6,895,Other,41,Bachelor's Degree,7,Not Mentioned,3,3,3,2,4.9,Good candidates,High Range,0,0
1180,Michelle Blake,Interviewing,2023-06-04,2023,6,904,Male,42,Bachelor's Degree,10,community,3,4,3.6,2,5.62,Good candidates,High Range,0,0
1181,John Krueger,Pending Review,2023-07-14,2023,7,864,Other,50,Bachelor's Degree,9,Not Mentioned,3,4,3.6,1,5.6,Good candidates,Mid Range,0,0
1182,Keith Lee,Offered,2023-06-05,2023,6,903,Male,35,PhD,1,Not Mentioned,5,1,2.6,3,4.5,Good candidates,High Range,1,0
1183,Charles Whitney,Offered,2023-05-29,2023,5,910,Other,23,High School,4,Not Mentioned,1,2,1.6,1,2.6,Weak candidates,Mid Range,1,0
1184,Nancy Huber,Rejected,2023-07-12,2023,7,866,Male,56,Master's Degree,18,molecular,4,5,4.6,1,7.56,"Strong fit, top candidates",Mid Range,0,1
1185,Michael Saunders,Rejected,2023-07-26,2023,7,852,Female,39,PhD,13,Not Mentioned,5,5,5,2,7.9,"Strong fit, top candidates",High Range,0,1
1186,Leonard Long,Interviewing,2023-05-13,2023,5,926,Male,42,High School,4,Not Mentioned,1,2,1.6,2,2.8,Weak candidates,High Range,0,0
1187,Monica Moses,Rejected,2023-07-28,2023,7,850,Female,32,PhD,13,Not Mentioned,5,5,5,3,8.1,"Strong fit, top candidates",Mid Range,0,1
1188,Michael Tran,Rejected,2023-07-30,2023,7,848,Other,28,Master's Degree,9,Not Mentioned,4,4,4,3,6.6,"Strong fit, top candidates",Mid Range,0,1
1189,John Rivas,In Review,2023-05-15,2023,5,924,Male,25,High School,4,Not Mentioned,1,2,1.6,3,3,Weak candidates,High Range,0,0
1190,Gregory Jackson,Rejected,2023-07-01,2023,7,877,Male,56,PhD,10,Not Mentioned,5,4,4.4,1,6.8,"Strong fit, top candidates",Mid Range,0,1
1191,Denise Moreno,In Review,2023-05-24,2023,5,915,Female,41,High School,12,dispensing,1,5,3.4,2,5.5,Good candidates,Mid Range,0,0
1192,Cassandra Ibarra,Interviewing,2023-06-24,2023,6,884,Female,28,PhD,7,general practice,5,3,3.8,3,6.3,"Strong fit, top candidates",High Range,0,0
1193,Max Hudson,Interviewing,2023-05-13,2023,5,926,Other,35,Bachelor's Degree,2,Not Mentioned,3,2,2.4,3,4.2,Good candidates,Mid Range,0,0
1194,Samantha Hatfield,Rejected,2023-05-15,2023,5,924,Other,57,PhD,2,clinical (histocompatibility and immunogenetics),5,2,3.2,1,5.4,Good candidates,Mid Range,0,1
1195,Rodney Byrd,In Review,2023-06-21,2023,6,887,Male,45,Bachelor's Degree,17,Not Mentioned,3,5,4.2,2,6.7,"Strong fit, top candidates",Mid Range,0,0
1196,Marc Schmitt,In Review,2023-06-08,2023,6,900,Other,38,High School,5,Not Mentioned,1,3,2.2,2,3.7,Weak candidates,High Range,0,0
1197,Michael Wilcox,Interviewing,2023-06-06,2023,6,902,Other,25,Bachelor's Degree,18,Not Mentioned,3,5,4.2,3,6.9,"Strong fit, top candidates",Mid Range,0,0
1198,Benjamin Brown,Interviewing,2023-06-27,2023,6,881,Other,28,High School,17,Not Mentioned,1,5,3.4,3,5.7,Good candidates,High Range,0,0
1199,Lori Anderson,Pending Review,2023-06-01,2023,6,907,Female,28,Master's Degree,2,Not Mentioned,4,2,2.8,3,4.8,Good candidates,High Range,0,0
1200,Tyler Contreras,Offered,2023-07-25,2023,7,853,Male,38,Bachelor's Degree,6,secondary school,3,3,3,2,5.05,Good candidates,Mid Range,1,0
1201,Ryan Martinez,Rejected,2023-06-12,2023,6,896,Male,28,High School,18,Not Mentioned,1,5,3.4,3,5.7,Good candidates,High Range,0,1
1202,Thomas Buchanan,Offered,2023-05-06,2023,5,933,Other,54,Bachelor's Degree,12,product/process development,3,5,4.2,1,6.92,"Strong fit, top candidates",Mid Range,1,0
1203,Patricia Walker,Interviewing,2023-06-12,2023,6,896,Other,53,High School,13,special educational needs,1,5,3.4,1,5.47,Good candidates,High Range,0,0
1204,Javier Morgan,In Review,2023-05-24,2023,5,915,Male,52,Master's Degree,17,sport and exercise,4,5,4.6,1,7.1,"Strong fit, top candidates",High Range,0,0
1205,Dylan Kelley,Pending Review,2023-06-17,2023,6,891,Other,38,PhD,0,Not Mentioned,5,1,2.6,2,4.3,Good candidates,High Range,0,0
1206,Bryan Ayala,Offered,2023-06-14,2023,6,894,Male,32,Bachelor's Degree,1,Not Mentioned,3,1,1.8,3,3.3,Weak candidates,Mid Range,1,0
1207,Kaitlin Dominguez,In Review,2023-05-28,2023,5,911,Male,52,PhD,13,civil (contracting),5,5,5,1,8.2,"Strong fit, top candidates",Mid Range,0,0
1249,April Mcintyre,Offered,2023-05-14,2023,5,925,Male,58,High School,3,Not Mentioned,1,2,1.6,1,2.6,Weak candidates,High Range,1,0
1208,Chad Robinson,Pending Review,2023-06-12,2023,6,896,Female,61,High School,12,research (life sciences),1,5,3.4,1,5.64,Good candidates,High Range,0,0
1209,Jody Miller,Rejected,2023-05-27,2023,5,912,Other,46,High School,5,Not Mentioned,1,3,2.2,1,3.5,Weak candidates,High Range,0,1
1210,Jacob Costa,Offered,2023-05-26,2023,5,913,Male,36,Bachelor's Degree,10,Not Mentioned,3,4,3.6,2,5.8,Good candidates,Mid Range,1,0
1211,Eric Miranda,Rejected,2023-07-03,2023,7,875,Other,36,PhD,13,Not Mentioned,5,5,5,2,7.9,"Strong fit, top candidates",Mid Range,0,1
1212,Paul Gibson,Pending Review,2023-07-31,2023,7,847,Female,36,Bachelor's Degree,7,learning disability,3,3,3,2,4.9,Good candidates,High Range,0,0
1213,Brittney Hernandez,Offered,2023-08-05,2023,8,842,Other,53,PhD,12,Not Mentioned,5,5,5,1,7.7,"Strong fit, top candidates",Mid Range,1,0
1214,Matthew Williams,Rejected,2023-06-09,2023,6,899,Other,38,Master's Degree,1,Not Mentioned,4,1,2.2,2,3.7,Weak candidates,High Range,0,1
1215,Heather Huffman,Pending Review,2023-06-28,2023,6,880,Male,40,PhD,2,Not Mentioned,5,2,3.2,2,5.2,Good candidates,Mid Range,0,0
1216,Kimberly Sanchez,Rejected,2023-07-19,2023,7,859,Male,32,Bachelor's Degree,16,engineering,3,5,4.2,3,7.32,"Strong fit, top candidates",High Range,0,1
1217,Vicki Thornton,Rejected,2023-05-24,2023,5,915,Male,41,Bachelor's Degree,0,Not Mentioned,3,1,1.8,2,3.1,Weak candidates,High Range,0,1
1218,Jason Gilmore,Rejected,2023-05-21,2023,5,918,Other,42,Bachelor's Degree,8,Not Mentioned,3,4,3.6,2,5.8,Good candidates,High Range,0,1
1219,John Rocha,Offered,2023-05-29,2023,5,910,Male,19,Master's Degree,14,airline,4,5,4.6,1,7.1,"Strong fit, top candidates",High Range,1,0
1220,Eric Braun,Pending Review,2023-05-11,2023,5,928,Male,28,Bachelor's Degree,0,energy,3,1,1.8,3,3.3,Weak candidates,Mid Range,0,0
1221,Robin Rivera,Rejected,2023-06-01,2023,6,907,Female,29,PhD,17,Not Mentioned,5,5,5,3,8.1,"Strong fit, top candidates",Mid Range,0,1
1222,Thomas Morgan,Rejected,2023-06-15,2023,6,893,Other,34,High School,0,Not Mentioned,1,1,1,3,2.1,Weak candidates,High Range,0,1
1223,Jennifer Sweeney,Offered,2023-06-18,2023,6,890,Male,55,Master's Degree,8,Not Mentioned,4,4,4,1,6.2,"Strong fit, top candidates",High Range,1,0
1224,Lisa Daniels,Interviewing,2023-05-26,2023,5,913,Male,54,Bachelor's Degree,17,Not Mentioned,3,5,4.2,1,6.5,"Strong fit, top candidates",High Range,0,0
1225,Amber Curry,Pending Review,2023-06-19,2023,6,889,Male,50,Bachelor's Degree,15,Not Mentioned,3,5,4.2,1,6.5,"Strong fit, top candidates",Mid Range,0,0
1226,Christopher Duncan,Interviewing,2023-05-17,2023,5,922,Male,52,High School,12,Not Mentioned,1,5,3.4,1,5.3,Good candidates,High Range,0,0
1227,Michael Lucas,In Review,2023-07-16,2023,7,862,Other,33,PhD,9,Not Mentioned,5,4,4.4,3,7.2,"Strong fit, top candidates",High Range,0,0
1228,Scott Garcia,Pending Review,2023-06-02,2023,6,906,Female,51,PhD,3,clinical (histocompatibility and immunogenetics),5,2,3.2,1,5.4,Good candidates,Mid Range,0,0
1229,Madison Berger,Rejected,2023-07-10,2023,7,868,Other,44,PhD,12,Not Mentioned,5,5,5,2,7.9,"Strong fit, top candidates",High Range,0,1
1230,Richard Carter,Interviewing,2023-07-25,2023,7,853,Other,39,Bachelor's Degree,15,clinical,3,5,4.2,2,7.225,"Strong fit, top candidates",Mid Range,0,0
1231,Brian Jordan,Pending Review,2023-06-17,2023,6,891,Male,35,Bachelor's Degree,8,Not Mentioned,3,4,3.6,3,6,"Strong fit, top candidates",Mid Range,0,0
1232,Danielle Hughes,In Review,2023-08-01,2023,8,846,Other,24,High School,17,Not Mentioned,1,5,3.4,1,5.3,Good candidates,Mid Range,0,0
1233,Deborah Cohen,Rejected,2023-07-25,2023,7,853,Female,35,PhD,1,Not Mentioned,5,1,2.6,3,4.5,Good candidates,High Range,0,1
1234,Cynthia Owens,Rejected,2023-08-03,2023,8,844,Other,42,High School,20,radio,1,5,3.4,2,5.5,Good candidates,High Range,0,1
1235,Cameron Fisher,In Review,2023-05-08,2023,5,931,Female,21,Master's Degree,8,Not Mentioned,4,4,4,1,6.2,"Strong fit, top candidates",Mid Range,0,0
1236,Victor Sanchez,Rejected,2023-06-09,2023,6,899,Male,42,Bachelor's Degree,10,clinical,3,4,3.6,2,6.25,"Strong fit, top candidates",High Range,0,1
1237,Eric Owens,Rejected,2023-07-16,2023,7,862,Other,49,Bachelor's Degree,8,Not Mentioned,3,4,3.6,1,5.6,Good candidates,High Range,0,1
1238,Donald Gonzales,In Review,2023-06-13,2023,6,895,Other,37,High School,17,Not Mentioned,1,5,3.4,2,5.5,Good candidates,High Range,0,0
1239,James Nelson,Rejected,2023-05-29,2023,5,910,Other,31,PhD,15,molecular,5,5,5,3,8.6,"Strong fit, top candidates",Mid Range,0,1
1240,Tyler Carrillo,In Review,2023-07-09,2023,7,869,Other,49,PhD,0,Not Mentioned,5,1,2.6,1,4.1,Good candidates,Mid Range,0,0
1241,Courtney Barr,Offered,2023-05-27,2023,5,912,Male,47,Bachelor's Degree,3,Not Mentioned,3,2,2.4,1,3.8,Weak candidates,Mid Range,1,0
1242,Dale Huber,Rejected,2023-05-20,2023,5,919,Female,30,High School,20,civil (consulting),1,5,3.4,3,6.04,"Strong fit, top candidates",High Range,0,1
1243,Kevin Phillips,Rejected,2023-06-26,2023,6,882,Male,50,Bachelor's Degree,1,hospital,3,1,1.8,1,2.9,Weak candidates,Mid Range,0,1
1244,Leonard Jacobs,In Review,2023-06-08,2023,6,900,Male,58,PhD,2,Not Mentioned,5,2,3.2,1,5,Good candidates,High Range,0,0
1245,Patricia Lee,Pending Review,2023-05-10,2023,5,929,Male,56,PhD,9,electrical,5,4,4.4,1,7.24,"Strong fit, top candidates",Mid Range,0,0
1246,Christine Townsend,Rejected,2023-06-24,2023,6,884,Other,43,PhD,3,Not Mentioned,5,2,3.2,2,5.2,Good candidates,High Range,0,1
1247,Angela Long,Interviewing,2023-05-23,2023,5,916,Female,34,Bachelor's Degree,7,Not Mentioned,3,3,3,3,5.1,Good candidates,Mid Range,0,0
1248,Hannah Wilson,Rejected,2023-06-02,2023,6,906,Female,23,Master's Degree,10,Not Mentioned,4,4,4,1,6.2,"Strong fit, top candidates",High Range,0,1
1250,Ricardo Lee,Offered,2023-07-06,2023,7,872,Male,31,High School,3,textile,1,2,1.6,3,3,Weak candidates,Mid Range,1,0
1251,Mitchell Stark,Pending Review,2023-06-30,2023,6,878,Male,57,PhD,10,multimedia,5,4,4.4,1,6.91,"Strong fit, top candidates",High Range,0,0
1252,Kendra Mason,Offered,2023-06-05,2023,6,903,Male,60,High School,14,agricultural,1,5,3.4,1,5.3,Good candidates,Mid Range,1,0
1253,Julie Harris,In Review,2023-05-13,2023,5,926,Male,48,High School,9,Not Mentioned,1,4,2.8,1,4.4,Good candidates,High Range,0,0
1254,Phillip Cooper,Offered,2023-07-13,2023,7,865,Other,45,Bachelor's Degree,11,Not Mentioned,3,5,4.2,2,6.7,"Strong fit, top candidates",High Range,1,0
1255,Xavier Evans,Rejected,2023-05-19,2023,5,920,Other,55,Bachelor's Degree,2,Not Mentioned,3,2,2.4,1,3.8,Weak candidates,Mid Range,0,1
1256,Elizabeth Gibson,Offered,2023-05-14,2023,5,925,Male,23,Master's Degree,6,Not Mentioned,4,3,3.4,1,5.3,Good candidates,High Range,1,0
1257,Shawn Jones,Pending Review,2023-06-29,2023,6,879,Female,44,High School,20,Not Mentioned,1,5,3.4,2,5.5,Good candidates,High Range,0,0
1258,Elizabeth Peterson,In Review,2023-07-10,2023,7,868,Male,36,Master's Degree,3,Not Mentioned,4,2,2.8,2,4.6,Good candidates,High Range,0,0
1259,George Peters,Pending Review,2023-06-12,2023,6,896,Male,45,High School,14,Not Mentioned,1,5,3.4,2,5.5,Good candidates,High Range,0,0
1260,Robert Hubbard,Rejected,2023-05-13,2023,5,926,Male,45,PhD,2,Not Mentioned,5,2,3.2,2,5.2,Good candidates,Mid Range,0,1
1261,Tanya Moore,Rejected,2023-06-20,2023,6,888,Female,20,High School,13,Not Mentioned,1,5,3.4,1,5.3,Good candidates,Mid Range,0,1
1262,Molly Johnson,Interviewing,2023-06-30,2023,6,878,Male,23,PhD,20,Not Mentioned,5,5,5,1,7.7,"Strong fit, top candidates",High Range,0,0
1263,Kevin Lee,Offered,2023-07-13,2023,7,865,Female,45,Master's Degree,4,Not Mentioned,4,2,2.8,2,4.6,Good candidates,Mid Range,1,0
1264,Alison Hinton,Offered,2023-08-04,2023,8,843,Female,42,Bachelor's Degree,9,Not Mentioned,3,4,3.6,2,5.8,Good candidates,Mid Range,1,0
1265,Vincent Miller,Pending Review,2023-05-08,2023,5,931,Male,45,High School,18,Not Mentioned,1,5,3.4,2,5.5,Good candidates,Mid Range,0,0
1266,Vanessa Webb,In Review,2023-05-13,2023,5,926,Female,47,PhD,11,Not Mentioned,5,5,5,1,7.7,"Strong fit, top candidates",High Range,0,0
1267,Joseph Knight,Pending Review,2023-06-22,2023,6,886,Other,36,PhD,19,insurance,5,5,5,2,7.9,"Strong fit, top candidates",High Range,0,0
1268,John Cole,Pending Review,2023-07-22,2023,7,856,Female,42,PhD,8,maintenance (IT),5,4,4.4,2,7.44,"Strong fit, top candidates",High Range,0,0
1269,Regina Martin,Pending Review,2023-07-22,2023,7,856,Female,20,Bachelor's Degree,1,Not Mentioned,3,1,1.8,1,2.9,Weak candidates,Mid Range,0,0
1270,Tammy Gutierrez,Interviewing,2023-08-03,2023,8,844,Male,23,Bachelor's Degree,8,commercial,3,4,3.6,1,5.87,Good candidates,Mid Range,0,0
1271,Kimberly Chandler,In Review,2023-06-05,2023,6,903,Male,34,Bachelor's Degree,17,Not Mentioned,3,5,4.2,3,6.9,"Strong fit, top candidates",High Range,0,0
1272,Victoria Acosta,Pending Review,2023-07-10,2023,7,868,Male,43,PhD,16,Not Mentioned,5,5,5,2,7.9,"Strong fit, top candidates",High Range,0,0
1273,Michael Evans,Rejected,2023-05-06,2023,5,933,Other,57,High School,3,Not Mentioned,1,2,1.6,1,2.6,Weak candidates,Mid Range,0,1
1274,Jon Clayton,Interviewing,2023-05-25,2023,5,914,Female,34,PhD,1,Not Mentioned,5,1,2.6,3,4.5,Good candidates,High Range,0,0
1275,David Heath,Interviewing,2023-07-17,2023,7,861,Female,20,High School,17,higher education,1,5,3.4,1,5.47,Good candidates,High Range,0,0
1276,Tim Keller,Offered,2023-07-08,2023,7,870,Male,57,High School,0,rural practice,1,1,1,1,1.75,Weak candidates,Mid Range,1,0
1277,Renee Mendoza,Interviewing,2023-07-17,2023,7,861,Female,45,Bachelor's Degree,19,Not Mentioned,3,5,4.2,2,6.7,"Strong fit, top candidates",Mid Range,0,0
1278,Rachel Alexander,Rejected,2023-06-12,2023,6,896,Female,52,Master's Degree,5,marine,4,3,3.4,1,5.64,Good candidates,Mid Range,0,1
1279,Emily Bailey,Pending Review,2023-06-16,2023,6,892,Female,37,Master's Degree,20,Not Mentioned,4,5,4.6,2,7.3,"Strong fit, top candidates",Mid Range,0,0
1280,Robert Carter,Rejected,2023-07-10,2023,7,868,Female,23,Master's Degree,18,Not Mentioned,4,5,4.6,1,7.1,"Strong fit, top candidates",High Range,0,1
1281,Oscar Howard,Offered,2023-07-13,2023,7,865,Male,37,Master's Degree,15,Not Mentioned,4,5,4.6,2,7.3,"Strong fit, top candidates",High Range,1,0
1282,Deanna Robertson,Pending Review,2023-07-09,2023,7,869,Male,20,Master's Degree,18,public,4,5,4.6,1,7.1,"Strong fit, top candidates",High Range,0,0
1283,Caitlyn Gray,In Review,2023-06-18,2023,6,890,Female,59,Master's Degree,13,Not Mentioned,4,5,4.6,1,7.1,"Strong fit, top candidates",Mid Range,0,0
1284,David Oconnor,Rejected,2023-06-24,2023,6,884,Other,47,Master's Degree,11,Not Mentioned,4,5,4.6,1,7.1,"Strong fit, top candidates",High Range,0,1
1285,Michael Morales,Pending Review,2023-06-02,2023,6,906,Male,44,Bachelor's Degree,15,music,3,5,4.2,2,6.805,"Strong fit, top candidates",Mid Range,0,0
1286,Katie Jones,Offered,2023-06-02,2023,6,906,Female,24,Master's Degree,3,Not Mentioned,4,2,2.8,1,4.4,Good candidates,Mid Range,1,0
1287,Michael Suarez,Pending Review,2023-06-10,2023,6,898,Female,57,High School,5,Not Mentioned,1,3,2.2,1,3.5,Weak candidates,High Range,0,0
1288,Joel Ortiz,Offered,2023-07-20,2023,7,858,Male,24,PhD,7,Not Mentioned,5,3,3.8,1,5.9,Good candidates,High Range,1,0
1289,Michael Melton,Pending Review,2023-07-02,2023,7,876,Female,34,High School,5,Not Mentioned,1,3,2.2,3,3.9,Weak candidates,Mid Range,0,0
1290,Jason Bishop,Offered,2023-05-30,2023,5,909,Female,27,PhD,18,Not Mentioned,5,5,5,3,8.1,"Strong fit, top candidates",Mid Range,1,0
1291,Kathleen Flores,Pending Review,2023-06-01,2023,6,907,Female,34,Master's Degree,2,Not Mentioned,4,2,2.8,3,4.8,Good candidates,Mid Range,0,0
1292,Daniel Blake,Rejected,2023-07-31,2023,7,847,Male,53,Bachelor's Degree,10,dispensing,3,4,3.6,1,5.6,Good candidates,High Range,0,1
1293,Samantha Reese,Interviewing,2023-07-22,2023,7,856,Other,37,High School,14,Not Mentioned,1,5,3.4,2,5.5,Good candidates,High Range,0,0
1294,Gene Farmer,Offered,2023-07-20,2023,7,858,Other,48,Bachelor's Degree,8,Not Mentioned,3,4,3.6,1,5.6,Good candidates,Mid Range,1,0
1295,Janet White,In Review,2023-06-07,2023,6,901,Male,51,PhD,19,political party,5,5,5,1,8.075,"Strong fit, top candidates",High Range,0,0
1296,Tiffany Acosta,Pending Review,2023-05-28,2023,5,911,Female,22,Master's Degree,5,Not Mentioned,4,3,3.4,1,5.3,Good candidates,Mid Range,0,0
1297,Zachary Miller,Pending Review,2023-06-09,2023,6,899,Female,28,Bachelor's Degree,0,Not Mentioned,3,1,1.8,3,3.3,Weak candidates,High Range,0,0
1298,Kimberly Grant,Pending Review,2023-07-06,2023,7,872,Other,54,Bachelor's Degree,17,Not Mentioned,3,5,4.2,1,6.5,"Strong fit, top candidates",High Range,0,0
1299,Laura Clark,In Review,2023-05-29,2023,5,910,Other,46,Bachelor's Degree,3,Not Mentioned,3,2,2.4,1,3.8,Weak candidates,High Range,0,0
1300,Tabitha Hobbs,In Review,2023-06-20,2023,6,888,Female,32,Master's Degree,0,Not Mentioned,4,1,2.2,3,3.9,Weak candidates,High Range,0,0
1301,Karen Thompson,In Review,2023-07-08,2023,7,870,Male,52,PhD,14,building services,5,5,5,1,7.95,"Strong fit, top candidates",Mid Range,0,0
1302,John Phillips,Offered,2023-06-29,2023,6,879,Other,49,High School,19,operational,1,5,3.4,1,5.13,Good candidates,High Range,1,0
1303,Jason Green,Rejected,2023-07-15,2023,7,863,Male,51,Bachelor's Degree,4,Not Mentioned,3,2,2.4,1,3.8,Weak candidates,High Range,0,1
1304,Leah Moore,Rejected,2023-08-01,2023,8,846,Male,33,Bachelor's Degree,14,Not Mentioned,3,5,4.2,3,6.9,"Strong fit, top candidates",Mid Range,0,1
1305,Lisa Bowers,Offered,2023-05-16,2023,5,923,Female,26,Bachelor's Degree,14,Not Mentioned,3,5,4.2,3,6.9,"Strong fit, top candidates",Mid Range,1,0
1306,Stacie Ochoa,Interviewing,2023-06-25,2023,6,883,Other,43,Master's Degree,9,multimedia,4,4,4,2,6.5,"Strong fit, top candidates",High Range,0,0
1307,Joseph Harrison,Rejected,2023-05-27,2023,5,912,Other,45,PhD,14,Not Mentioned,5,5,5,2,7.9,"Strong fit, top candidates",High Range,0,1
1308,Angela Walsh,Interviewing,2023-06-02,2023,6,906,Female,32,Bachelor's Degree,6,mental health,3,3,3,3,5.475,Good candidates,High Range,0,0
1309,Elizabeth Beasley,In Review,2023-07-22,2023,7,856,Other,59,PhD,4,Not Mentioned,5,2,3.2,1,5,Good candidates,Mid Range,0,0
1310,Jose Ramirez,Offered,2023-08-01,2023,8,846,Other,32,High School,18,Not Mentioned,1,5,3.4,3,5.7,Good candidates,High Range,1,0
1311,Marc Brown,Interviewing,2023-07-26,2023,7,852,Male,47,High School,9,water quality,1,4,2.8,1,4.54,Good candidates,Mid Range,0,0
1312,Tammy Mays,In Review,2023-07-27,2023,7,851,Male,46,High School,3,contracting,1,2,1.6,1,2.6,Weak candidates,High Range,0,0
1313,Catherine Blake,Pending Review,2023-05-06,2023,5,933,Other,29,PhD,19,Not Mentioned,5,5,5,3,8.1,"Strong fit, top candidates",High Range,0,0
1314,Clifford Williams,In Review,2023-06-27,2023,6,881,Male,33,PhD,9,charities/voluntary organisations,5,4,4.4,3,7.53,"Strong fit, top candidates",High Range,0,0
1315,Dennis Schmidt,Offered,2023-05-12,2023,5,927,Female,43,Master's Degree,8,chartered certified,4,4,4,2,7,"Strong fit, top candidates",High Range,1,0
1316,Todd Wright,Rejected,2023-07-16,2023,7,862,Other,26,PhD,8,Not Mentioned,5,4,4.4,3,7.2,"Strong fit, top candidates",High Range,0,1
1317,Samuel Beck,In Review,2023-07-15,2023,7,863,Female,53,PhD,16,Not Mentioned,5,5,5,1,7.7,"Strong fit, top candidates",High Range,0,0
1318,James Fletcher,In Review,2023-06-17,2023,6,891,Other,40,High School,12,Not Mentioned,1,5,3.4,2,5.5,Good candidates,High Range,0,0
1319,Elizabeth Moore,Pending Review,2023-05-15,2023,5,924,Female,38,PhD,8,Not Mentioned,5,4,4.4,2,7,"Strong fit, top candidates",High Range,0,0
1320,Kayla Scott,In Review,2023-06-20,2023,6,888,Other,43,Bachelor's Degree,3,environmental,3,2,2.4,2,4.12,Good candidates,Mid Range,0,0
1321,Christopher Garcia,Interviewing,2023-06-28,2023,6,880,Other,48,PhD,4,Not Mentioned,5,2,3.2,1,5,Good candidates,High Range,0,0
1322,Jeremy Gibson,Interviewing,2023-06-12,2023,6,896,Male,53,Bachelor's Degree,18,Not Mentioned,3,5,4.2,1,6.5,"Strong fit, top candidates",Mid Range,0,0
1323,Olivia Bowman,Interviewing,2023-07-26,2023,7,852,Male,30,Master's Degree,7,Not Mentioned,4,3,3.4,3,5.7,Good candidates,High Range,0,0
1324,Erin Gonzalez,Pending Review,2023-05-15,2023,5,924,Male,57,Master's Degree,17,Not Mentioned,4,5,4.6,1,7.1,"Strong fit, top candidates",High Range,0,0
1325,Kenneth Hutchinson,Offered,2023-05-17,2023,5,922,Male,55,PhD,18,Not Mentioned,5,5,5,1,7.7,"Strong fit, top candidates",High Range,1,0
1326,Paula Marsh,Pending Review,2023-06-28,2023,6,880,Female,38,High School,8,Not Mentioned,1,4,2.8,2,4.6,Good candidates,Mid Range,0,0
1327,Jennifer Martinez,Offered,2023-07-14,2023,7,864,Other,18,PhD,17,Not Mentioned,5,5,5,1,7.7,"Strong fit, top candidates",Mid Range,1,0
1328,Katherine Heath,Pending Review,2023-07-11,2023,7,867,Other,47,Master's Degree,12,Not Mentioned,4,5,4.6,1,7.1,"Strong fit, top candidates",High Range,0,0
1329,Ralph Jones,Pending Review,2023-07-03,2023,7,875,Other,29,High School,1,Not Mentioned,1,1,1,3,2.1,Weak candidates,Mid Range,0,0
1330,Kelly Curtis,Offered,2023-07-04,2023,7,874,Female,21,Master's Degree,17,Not Mentioned,4,5,4.6,1,7.1,"Strong fit, top candidates",High Range,1,0
1331,Danielle Moore,In Review,2023-08-01,2023,8,846,Male,55,PhD,14,Not Mentioned,5,5,5,1,7.7,"Strong fit, top candidates",Mid Range,0,0
1332,Emma Chen,Offered,2023-08-02,2023,8,845,Other,46,Master's Degree,7,hospital,4,3,3.4,1,5.3,Good candidates,Mid Range,1,0
1333,Lisa Phillips,In Review,2023-05-29,2023,5,910,Male,30,Master's Degree,5,Not Mentioned,4,3,3.4,3,5.7,Good candidates,Mid Range,0,0
1334,Dylan Davis,Offered,2023-05-10,2023,5,929,Female,56,Master's Degree,5,Not Mentioned,4,3,3.4,1,5.3,Good candidates,Mid Range,1,0
1335,David Taylor,Pending Review,2023-06-25,2023,6,883,Female,54,PhD,12,contracting,5,5,5,1,7.7,"Strong fit, top candidates",High Range,0,0
1336,Jay Cox,In Review,2023-05-15,2023,5,924,Female,29,Bachelor's Degree,2,Not Mentioned,3,2,2.4,3,4.2,Good candidates,Mid Range,0,0
1337,Daniel Young,In Review,2023-07-01,2023,7,877,Male,52,PhD,18,Not Mentioned,5,5,5,1,7.7,"Strong fit, top candidates",Mid Range,0,0
1338,Carolyn Lawson,In Review,2023-06-11,2023,6,897,Other,20,Bachelor's Degree,19,museum,3,5,4.2,1,6.5,"Strong fit, top candidates",High Range,0,0
1339,Teresa Taylor,Offered,2023-07-10,2023,7,868,Other,49,Bachelor's Degree,7,Not Mentioned,3,3,3,1,4.7,Good candidates,High Range,1,0
1340,Jonathan Lawson,Offered,2023-07-29,2023,7,849,Other,24,Bachelor's Degree,20,technical sales,3,5,4.2,1,6.92,"Strong fit, top candidates",High Range,1,0
1341,James Ramirez,Pending Review,2023-05-24,2023,5,915,Female,22,Bachelor's Degree,10,Not Mentioned,3,4,3.6,1,5.6,Good candidates,Mid Range,0,0
1342,Mary Meza,Offered,2023-07-06,2023,7,872,Other,49,High School,10,water,1,4,2.8,1,4.54,Good candidates,Mid Range,1,0
1343,Cynthia Mack,Pending Review,2023-07-06,2023,7,872,Female,40,PhD,11,Not Mentioned,5,5,5,2,7.9,"Strong fit, top candidates",High Range,0,0
1344,Scott Carter,Rejected,2023-05-07,2023,5,932,Female,47,PhD,18,Not Mentioned,5,5,5,1,7.7,"Strong fit, top candidates",Mid Range,0,1
1345,Phillip Elliott,Rejected,2023-05-14,2023,5,925,Female,20,Master's Degree,8,Not Mentioned,4,4,4,1,6.2,"Strong fit, top candidates",Mid Range,0,1
1346,Juan Reyes,Offered,2023-06-18,2023,6,890,Male,28,Master's Degree,0,wellsite,4,1,2.2,3,3.79,Weak candidates,High Range,1,0
1347,Jason Terry,Interviewing,2023-07-14,2023,7,864,Other,48,Master's Degree,6,Not Mentioned,4,3,3.4,1,5.3,Good candidates,Mid Range,0,0
1348,Heather Hall,Interviewing,2023-05-12,2023,5,927,Female,46,Bachelor's Degree,11,Not Mentioned,3,5,4.2,1,6.5,"Strong fit, top candidates",Mid Range,0,0
1349,Victoria Meyer,Pending Review,2023-07-07,2023,7,871,Female,50,PhD,5,Not Mentioned,5,3,3.8,1,5.9,Good candidates,Mid Range,0,0
1350,Cory Nguyen,Rejected,2023-06-02,2023,6,906,Male,56,Master's Degree,14,Not Mentioned,4,5,4.6,1,7.1,"Strong fit, top candidates",Mid Range,0,1
1351,Mike Snyder,Offered,2023-06-19,2023,6,889,Female,51,PhD,0,minerals,5,1,2.6,1,4.36,Good candidates,Mid Range,1,0
1352,Brian Pena,In Review,2023-06-01,2023,6,907,Female,38,Master's Degree,3,Not Mentioned,4,2,2.8,2,4.6,Good candidates,High Range,0,0
1353,Lisa Mitchell,Pending Review,2023-05-28,2023,5,911,Other,40,High School,0,Not Mentioned,1,1,1,2,1.9,Weak candidates,High Range,0,0
1354,Michael Ortega,Rejected,2023-07-07,2023,7,871,Male,40,High School,12,Not Mentioned,1,5,3.4,2,5.5,Good candidates,Mid Range,0,1
1355,Randy Allen,Rejected,2023-05-14,2023,5,925,Male,49,Master's Degree,15,Not Mentioned,4,5,4.6,1,7.1,"Strong fit, top candidates",Mid Range,0,1
1356,Maria Ford,Offered,2023-06-18,2023,6,890,Male,49,High School,2,Not Mentioned,1,2,1.6,1,2.6,Weak candidates,Mid Range,1,0
1357,Lisa Smith,Pending Review,2023-08-04,2023,8,843,Other,51,PhD,14,chartered,5,5,5,1,8.45,"Strong fit, top candidates",High Range,0,0
1358,Joseph Friedman,Rejected,2023-05-09,2023,5,930,Male,27,High School,11,Not Mentioned,1,5,3.4,3,5.7,Good candidates,High Range,0,1
1359,Nancy Walker,Pending Review,2023-08-05,2023,8,842,Other,26,High School,17,Not Mentioned,1,5,3.4,3,5.7,Good candidates,High Range,0,0
1360,Jennifer Oconnor,Rejected,2023-06-05,2023,6,903,Male,38,PhD,3,retail,5,2,3.2,2,5.04,Good candidates,High Range,0,1
1361,Mary Ellis,Offered,2023-07-18,2023,7,860,Male,39,High School,18,rural practice,1,5,3.4,2,5.67,Good candidates,High Range,1,0
1362,Christine Peterson,Interviewing,2023-06-04,2023,6,904,Other,50,Bachelor's Degree,16,Not Mentioned,3,5,4.2,1,6.5,"Strong fit, top candidates",High Range,0,0
1363,William Allen,Interviewing,2023-06-03,2023,6,905,Other,55,PhD,11,Not Mentioned,5,5,5,1,7.7,"Strong fit, top candidates",High Range,0,0
1364,Gavin Miller,Offered,2023-06-18,2023,6,890,Female,21,Bachelor's Degree,16,Not Mentioned,3,5,4.2,1,6.5,"Strong fit, top candidates",Mid Range,1,0
1365,Erin Gonzalez,Rejected,2023-05-15,2023,5,924,Other,45,Bachelor's Degree,16,Not Mentioned,3,5,4.2,2,6.7,"Strong fit, top candidates",High Range,0,1
1366,Brent Smith,Offered,2023-07-11,2023,7,867,Male,61,Bachelor's Degree,10,nature,3,4,3.6,1,5.6,Good candidates,High Range,1,0
1367,Jonathan Brown,Pending Review,2023-07-14,2023,7,864,Female,60,Bachelor's Degree,14,local government,3,5,4.2,1,6.5,"Strong fit, top candidates",High Range,0,0
1368,Linda Aguirre,Offered,2023-06-13,2023,6,895,Male,44,Bachelor's Degree,7,Not Mentioned,3,3,3,2,4.9,Good candidates,High Range,1,0
1369,David May,In Review,2023-06-09,2023,6,899,Female,34,Master's Degree,13,Not Mentioned,4,5,4.6,3,7.5,"Strong fit, top candidates",High Range,0,0
1370,Jacob Wang,Interviewing,2023-06-04,2023,6,904,Male,39,High School,18,Not Mentioned,1,5,3.4,2,5.5,Good candidates,Mid Range,0,0
1371,Glen Fischer,Offered,2023-07-26,2023,7,852,Other,45,High School,6,Not Mentioned,1,3,2.2,2,3.7,Weak candidates,High Range,1,0
1372,Lori West,In Review,2023-07-05,2023,7,873,Female,40,Master's Degree,4,Not Mentioned,4,2,2.8,2,4.6,Good candidates,Mid Range,0,0
1373,Erica Wilson,Interviewing,2023-06-04,2023,6,904,Male,51,Bachelor's Degree,10,Not Mentioned,3,4,3.6,1,5.6,Good candidates,High Range,0,0
1374,Christopher Anderson,Rejected,2023-07-06,2023,7,872,Male,45,PhD,18,Not Mentioned,5,5,5,2,7.9,"Strong fit, top candidates",High Range,0,1
1375,Todd Boyd,Pending Review,2023-07-14,2023,7,864,Other,49,Master's Degree,0,Not Mentioned,4,1,2.2,1,3.5,Weak candidates,High Range,0,0
1376,Eddie Morris,Rejected,2023-05-28,2023,5,911,Other,30,Master's Degree,20,education,4,5,4.6,3,7.73,"Strong fit, top candidates",Mid Range,0,1
1377,Susan James,In Review,2023-05-06,2023,5,933,Other,57,Bachelor's Degree,14,Not Mentioned,3,5,4.2,1,6.5,"Strong fit, top candidates",Mid Range,0,0
1378,Thomas Murillo,Rejected,2023-05-22,2023,5,917,Male,31,Master's Degree,3,Not Mentioned,4,2,2.8,3,4.8,Good candidates,High Range,0,1
1379,Roberta Horne,Pending Review,2023-07-15,2023,7,863,Other,44,Master's Degree,18,Not Mentioned,4,5,4.6,2,7.3,"Strong fit, top candidates",High Range,0,0
1380,Lance Flores,In Review,2023-06-22,2023,6,886,Male,20,Master's Degree,16,Not Mentioned,4,5,4.6,1,7.1,"Strong fit, top candidates",Mid Range,0,0
1381,Jill Braun,Offered,2023-05-23,2023,5,916,Female,51,Master's Degree,6,Not Mentioned,4,3,3.4,1,5.3,Good candidates,Mid Range,1,0
1382,Joseph Morton,Pending Review,2023-06-05,2023,6,903,Male,56,Bachelor's Degree,2,Not Mentioned,3,2,2.4,1,3.8,Weak candidates,Mid Range,0,0
1383,Anna Moss,Interviewing,2023-05-13,2023,5,926,Other,60,Bachelor's Degree,15,Not Mentioned,3,5,4.2,1,6.5,"Strong fit, top candidates",Mid Range,0,0
1384,Michael Cunningham,In Review,2023-05-24,2023,5,915,Female,50,PhD,15,Not Mentioned,5,5,5,1,7.7,"Strong fit, top candidates",High Range,0,0
1385,Christopher Turner,In Review,2023-08-02,2023,8,845,Female,32,High School,3,Not Mentioned,1,2,1.6,3,3,Weak candidates,Mid Range,0,0
1386,Andrea Jones,Interviewing,2023-05-07,2023,5,932,Female,46,Bachelor's Degree,11,Not Mentioned,3,5,4.2,1,6.5,"Strong fit, top candidates",Mid Range,0,0
1387,Clinton Black,In Review,2023-06-03,2023,6,905,Female,56,High School,7,Not Mentioned,1,3,2.2,1,3.5,Weak candidates,High Range,0,0
1388,Joshua Olsen,Pending Review,2023-06-11,2023,6,897,Female,36,High School,9,Not Mentioned,1,4,2.8,2,4.6,Good candidates,Mid Range,0,0
1389,Susan Clark,Pending Review,2023-05-31,2023,5,908,Female,31,Bachelor's Degree,1,Not Mentioned,3,1,1.8,3,3.3,Weak candidates,High Range,0,0
1390,Beth Smith,Rejected,2023-05-16,2023,5,923,Other,54,High School,19,Not Mentioned,1,5,3.4,1,5.3,Good candidates,High Range,0,1
1391,Carrie Perez,Rejected,2023-07-07,2023,7,871,Other,47,Bachelor's Degree,0,Not Mentioned,3,1,1.8,1,2.9,Weak candidates,Mid Range,0,1
1392,Sherri Edwards,Pending Review,2023-06-12,2023,6,896,Male,31,High School,3,Not Mentioned,1,2,1.6,3,3,Weak candidates,High Range,0,0
1393,Steven Johnson,In Review,2023-07-07,2023,7,871,Female,51,High School,3,Civil Service,1,2,1.6,1,2.72,Weak candidates,Mid Range,0,0
1394,Joshua Harris,Pending Review,2023-07-23,2023,7,855,Female,44,Master's Degree,15,research (physical sciences),4,5,4.6,2,7.76,"Strong fit, top candidates",Mid Range,0,0
1395,Dylan Liu,Interviewing,2023-07-11,2023,7,867,Male,32,Bachelor's Degree,5,Not Mentioned,3,3,3,3,5.1,Good candidates,High Range,0,0
1396,Brenda Coleman,Rejected,2023-07-28,2023,7,850,Other,23,PhD,9,Not Mentioned,5,4,4.4,1,6.8,"Strong fit, top candidates",High Range,0,1
1397,Robin Burton,Rejected,2023-07-08,2023,7,870,Other,21,Bachelor's Degree,5,radio,3,3,3,1,4.7,Good candidates,High Range,0,1
1398,Danielle Woods,Offered,2023-06-12,2023,6,896,Other,58,Master's Degree,16,Not Mentioned,4,5,4.6,1,7.1,"Strong fit, top candidates",Mid Range,1,0
1399,Jeff Hopkins,Pending Review,2023-06-08,2023,6,900,Male,40,High School,17,Not Mentioned,1,5,3.4,2,5.5,Good candidates,High Range,0,0
1400,Gregg Davis,In Review,2023-08-02,2023,8,845,Female,39,High School,0,Not Mentioned,1,1,1,2,1.9,Weak candidates,High Range,0,0
1401,Susan Taylor,Rejected,2023-07-07,2023,7,871,Female,32,High School,20,Not Mentioned,1,5,3.4,3,5.7,Good candidates,High Range,0,1
1402,Deborah Bailey,Interviewing,2023-07-03,2023,7,875,Female,46,Bachelor's Degree,2,graphic,3,2,2.4,1,3.86,Weak candidates,Mid Range,0,0
1403,Michael Decker,Interviewing,2023-06-17,2023,6,891,Other,56,PhD,13,drilling,5,5,5,1,8.2,"Strong fit, top candidates",Mid Range,0,0
1404,Andrea Steele,Interviewing,2023-06-01,2023,6,907,Other,57,Master's Degree,3,Not Mentioned,4,2,2.8,1,4.4,Good candidates,High Range,0,0
1405,Michael Smith,Rejected,2023-06-02,2023,6,906,Male,24,High School,15,radio,1,5,3.4,1,5.3,Good candidates,High Range,0,1
1406,Ralph Bruce,Interviewing,2023-05-13,2023,5,926,Male,55,High School,2,jewellery,1,2,1.6,1,2.6,Weak candidates,Mid Range,0,0
1407,Joshua Dillon,In Review,2023-07-03,2023,7,875,Other,59,High School,13,Not Mentioned,1,5,3.4,1,5.3,Good candidates,High Range,0,0
1408,Laura Martinez,Pending Review,2023-07-27,2023,7,851,Male,39,Master's Degree,15,Not Mentioned,4,5,4.6,2,7.3,"Strong fit, top candidates",High Range,0,0
1409,Karla Villarreal,Offered,2023-07-24,2023,7,854,Male,22,PhD,6,Not Mentioned,5,3,3.8,1,5.9,Good candidates,High Range,1,0
1410,Kaitlyn Hawkins,Interviewing,2023-07-13,2023,7,865,Male,31,High School,14,Not Mentioned,1,5,3.4,3,5.7,Good candidates,High Range,0,0
1411,Eric Wilson,Rejected,2023-08-05,2023,8,842,Female,46,High School,11,trade union,1,5,3.4,1,5.555,Good candidates,Mid Range,0,1
1412,Noah Mejia,Pending Review,2023-07-05,2023,7,873,Female,28,Bachelor's Degree,5,Not Mentioned,3,3,3,3,5.1,Good candidates,High Range,0,0
1413,Don Johnson,Pending Review,2023-07-12,2023,7,866,Other,21,PhD,18,television/film/video,5,5,5,1,7.7,"Strong fit, top candidates",High Range,0,0
1414,David Gonzalez,In Review,2023-06-03,2023,6,905,Male,24,High School,20,Not Mentioned,1,5,3.4,1,5.3,Good candidates,High Range,0,0
1415,Cory Gomez,In Review,2023-07-08,2023,7,870,Female,44,Bachelor's Degree,3,Not Mentioned,3,2,2.4,2,4,Good candidates,High Range,0,0
1416,James Castillo,Pending Review,2023-06-26,2023,6,882,Other,36,Master's Degree,17,Not Mentioned,4,5,4.6,2,7.3,"Strong fit, top candidates",Mid Range,0,0
1417,Erin Goodwin,Rejected,2023-07-26,2023,7,852,Female,45,Master's Degree,3,Not Mentioned,4,2,2.8,2,4.6,Good candidates,Mid Range,0,1
1418,Seth Carr,Rejected,2023-05-19,2023,5,920,Female,53,Bachelor's Degree,8,Not Mentioned,3,4,3.6,1,5.6,Good candidates,High Range,0,1
1419,April Payne,Pending Review,2023-05-26,2023,5,913,Other,19,Master's Degree,19,Not Mentioned,4,5,4.6,1,7.1,"Strong fit, top candidates",High Range,0,0
1420,Jennifer Johnson,In Review,2023-05-23,2023,5,916,Female,40,Master's Degree,2,Scotland,4,2,2.8,2,4.6,Good candidates,Mid Range,0,0
1421,Cindy Gray,Offered,2023-08-03,2023,8,844,Female,58,Bachelor's Degree,3,primary school,3,2,2.4,1,3.92,Weak candidates,High Range,1,0
1422,Emily Nguyen,Rejected,2023-07-08,2023,7,870,Male,32,Master's Degree,5,Not Mentioned,4,3,3.4,3,5.7,Good candidates,Mid Range,0,1
1423,Bonnie Becker,Offered,2023-06-16,2023,6,892,Other,46,Bachelor's Degree,1,audiological,3,1,1.8,1,3.125,Weak candidates,Mid Range,1,0
1424,Chris Hayes,Interviewing,2023-06-27,2023,6,881,Female,41,PhD,1,Not Mentioned,5,1,2.6,2,4.3,Good candidates,Mid Range,0,0
1425,Julie Gutierrez,In Review,2023-06-20,2023,6,888,Female,19,High School,11,Not Mentioned,1,5,3.4,1,5.3,Good candidates,Mid Range,0,0
1426,Herbert Burke,Pending Review,2023-05-24,2023,5,915,Female,26,PhD,8,Not Mentioned,5,4,4.4,3,7.2,"Strong fit, top candidates",High Range,0,0
1427,Tasha Foster,In Review,2023-05-16,2023,5,923,Male,24,PhD,16,Not Mentioned,5,5,5,1,7.7,"Strong fit, top candidates",Mid Range,0,0
1428,Donna Miller,Offered,2023-06-11,2023,6,897,Male,50,High School,9,multimedia,1,4,2.8,1,4.47,Good candidates,High Range,1,0
1429,Emily Clark,Interviewing,2023-06-19,2023,6,889,Male,42,High School,14,Scotland,1,5,3.4,2,5.5,Good candidates,Mid Range,0,0
1430,John Oliver,In Review,2023-06-22,2023,6,886,Female,34,Master's Degree,4,film/video,4,2,2.8,3,4.87,Good candidates,High Range,0,0
1431,Rickey Lawson,Interviewing,2023-06-16,2023,6,892,Other,58,Master's Degree,19,histocompatibility and immunogenetics,4,5,4.6,1,7.675,"Strong fit, top candidates",High Range,0,0
1432,Patrick Whitaker,Offered,2023-06-16,2023,6,892,Other,22,Master's Degree,14,molecular,4,5,4.6,1,7.56,"Strong fit, top candidates",Mid Range,1,0
1433,Abigail Adams,In Review,2023-05-27,2023,5,912,Female,36,Bachelor's Degree,10,civil (consulting),3,4,3.6,2,6.16,"Strong fit, top candidates",Mid Range,0,0
1434,William Lewis,Offered,2023-07-25,2023,7,853,Male,32,Master's Degree,8,Not Mentioned,4,4,4,3,6.6,"Strong fit, top candidates",High Range,1,0
1435,Christina Porter,Pending Review,2023-07-23,2023,7,855,Male,43,Master's Degree,10,Not Mentioned,4,4,4,2,6.4,"Strong fit, top candidates",High Range,0,0
1436,Lindsey Scott,Interviewing,2023-06-22,2023,6,886,Female,60,High School,11,child,1,5,3.4,1,5.3,Good candidates,Mid Range,0,0
1437,Michael Johnson,Interviewing,2023-07-30,2023,7,848,Female,58,High School,8,Not Mentioned,1,4,2.8,1,4.4,Good candidates,Mid Range,0,0
1438,Monica Flynn,Pending Review,2023-07-09,2023,7,869,Male,47,PhD,6,Not Mentioned,5,3,3.8,1,5.9,Good candidates,Mid Range,0,0
1439,Nicholas Williams,Offered,2023-06-15,2023,6,893,Other,50,Bachelor's Degree,15,speech and language,3,5,4.2,1,7.025,"Strong fit, top candidates",High Range,1,0
1440,Richard Harris,Pending Review,2023-07-03,2023,7,875,Other,39,PhD,7,Not Mentioned,5,3,3.8,2,6.1,"Strong fit, top candidates",Mid Range,0,0
1441,Christopher Sweeney,Interviewing,2023-05-31,2023,5,908,Other,49,Bachelor's Degree,2,multimedia,3,2,2.4,1,3.86,Weak candidates,High Range,0,0
1442,Mary Daniels,Rejected,2023-05-13,2023,5,926,Female,37,PhD,5,Not Mentioned,5,3,3.8,2,6.1,"Strong fit, top candidates",High Range,0,1
1443,Lauren Cochran,Interviewing,2023-07-06,2023,7,872,Other,54,PhD,6,Not Mentioned,5,3,3.8,1,5.9,Good candidates,High Range,0,0
1444,Tyler Washington,Offered,2023-05-27,2023,5,912,Other,49,Bachelor's Degree,0,Not Mentioned,3,1,1.8,1,2.9,Weak candidates,High Range,1,0
1445,Amanda Wallace,Offered,2023-06-13,2023,6,895,Male,29,PhD,12,art,5,5,5,3,8.225,"Strong fit, top candidates",High Range,1,0
1446,Julia Moore,Interviewing,2023-07-26,2023,7,852,Female,26,Bachelor's Degree,11,Not Mentioned,3,5,4.2,3,6.9,"Strong fit, top candidates",Mid Range,0,0
1447,Debra Thompson,In Review,2023-06-12,2023,6,896,Female,53,PhD,7,Not Mentioned,5,3,3.8,1,5.9,Good candidates,Mid Range,0,0
1448,David Hunt,In Review,2023-07-02,2023,7,876,Other,30,High School,16,Not Mentioned,1,5,3.4,3,5.7,Good candidates,High Range,0,0
1449,Nicolas Santiago,Pending Review,2023-05-22,2023,5,917,Other,50,High School,12,interior/spatial,1,5,3.4,1,5.385,Good candidates,Mid Range,0,0
1450,Paige Nelson,Interviewing,2023-05-20,2023,5,919,Other,36,Bachelor's Degree,9,land/geomatics,3,4,3.6,2,5.98,Good candidates,High Range,0,0
1451,Brittany Rivera,Interviewing,2023-08-03,2023,8,844,Other,54,Bachelor's Degree,18,Not Mentioned,3,5,4.2,1,6.5,"Strong fit, top candidates",Mid Range,0,0
1452,Katherine Miranda,Interviewing,2023-07-22,2023,7,856,Male,58,Bachelor's Degree,6,chartered,3,3,3,1,5.15,Good candidates,High Range,0,0
1453,Jonathan Hubbard,Rejected,2023-05-22,2023,5,917,Other,45,High School,5,mental health,1,3,2.2,2,3.975,Weak candidates,Mid Range,0,1
1454,Brandy Mitchell,Rejected,2023-06-12,2023,6,896,Female,34,Master's Degree,7,Not Mentioned,4,3,3.4,3,5.7,Good candidates,High Range,0,1
1455,Becky Le,Rejected,2023-07-21,2023,7,857,Female,26,Master's Degree,18,sports,4,5,4.6,3,7.27,"Strong fit, top candidates",High Range,0,1
1456,Gabrielle Russo,Pending Review,2023-06-05,2023,6,903,Other,20,Bachelor's Degree,13,Not Mentioned,3,5,4.2,1,6.5,"Strong fit, top candidates",Mid Range,0,0
1457,Ricky Henderson,Pending Review,2023-05-08,2023,5,931,Male,49,High School,6,Not Mentioned,1,3,2.2,1,3.5,Weak candidates,High Range,0,0
1458,Kristen Dawson,In Review,2023-07-18,2023,7,860,Other,42,High School,10,Not Mentioned,1,4,2.8,2,4.6,Good candidates,High Range,0,0
1459,Kenneth Good,Offered,2023-07-09,2023,7,869,Female,30,High School,8,Not Mentioned,1,4,2.8,3,4.8,Good candidates,High Range,1,0
1460,Steven Willis,Interviewing,2023-06-13,2023,6,895,Other,21,High School,7,Not Mentioned,1,3,2.2,1,3.5,Weak candidates,High Range,0,0
1461,Kyle Lucas,Offered,2023-05-12,2023,5,927,Other,19,High School,12,Not Mentioned,1,5,3.4,1,5.3,Good candidates,Mid Range,1,0
1462,John Cunningham,Interviewing,2023-07-13,2023,7,865,Male,53,PhD,9,Not Mentioned,5,4,4.4,1,6.8,"Strong fit, top candidates",Mid Range,0,0
1463,Michael Deleon,Interviewing,2023-07-15,2023,7,863,Other,48,High School,9,Not Mentioned,1,4,2.8,1,4.4,Good candidates,Mid Range,0,0
1464,Sarah Romero,In Review,2023-06-14,2023,6,894,Female,59,Master's Degree,17,Not Mentioned,4,5,4.6,1,7.1,"Strong fit, top candidates",High Range,0,0
1465,Felicia Stephens,In Review,2023-05-27,2023,5,912,Other,59,High School,20,Not Mentioned,1,5,3.4,1,5.3,Good candidates,High Range,0,0
1466,Samantha Wood,Offered,2023-07-15,2023,7,863,Female,19,Bachelor's Degree,17,Not Mentioned,3,5,4.2,1,6.5,"Strong fit, top candidates",Mid Range,1,0
1467,Lisa Smith,In Review,2023-06-30,2023,6,878,Male,42,Bachelor's Degree,4,water,3,2,2.4,2,4.12,Good candidates,Mid Range,0,0
1468,Austin Snyder,Rejected,2023-05-15,2023,5,924,Male,36,PhD,6,Not Mentioned,5,3,3.8,2,6.1,"Strong fit, top candidates",High Range,0,1
1469,Stacy Cunningham,Pending Review,2023-05-24,2023,5,915,Other,20,High School,16,Not Mentioned,1,5,3.4,1,5.3,Good candidates,Mid Range,0,0
1470,Sophia Sutton,Rejected,2023-06-20,2023,6,888,Other,49,Master's Degree,5,drama,4,3,3.4,1,5.385,Good candidates,Mid Range,0,1
1471,Debra Diaz,Offered,2023-07-07,2023,7,871,Male,22,PhD,7,Not Mentioned,5,3,3.8,1,5.9,Good candidates,High Range,1,0
1472,Laura Hodges,Pending Review,2023-07-10,2023,7,868,Male,59,High School,20,Not Mentioned,1,5,3.4,1,5.3,Good candidates,High Range,0,0
1473,Lori Miller,Interviewing,2023-05-07,2023,5,932,Male,57,High School,17,Not Mentioned,1,5,3.4,1,5.3,Good candidates,High Range,0,0
1474,Patricia George,Interviewing,2023-07-18,2023,7,860,Male,59,Master's Degree,20,Not Mentioned,4,5,4.6,1,7.1,"Strong fit, top candidates",High Range,0,0
1475,Rhonda Pope,Interviewing,2023-07-18,2023,7,860,Female,47,Bachelor's Degree,8,Not Mentioned,3,4,3.6,1,5.6,Good candidates,High Range,0,0
1476,Charles Fuentes,Rejected,2023-07-16,2023,7,862,Male,27,PhD,17,Not Mentioned,5,5,5,3,8.1,"Strong fit, top candidates",High Range,0,1
1477,Joanna Foley,Interviewing,2023-05-23,2023,5,916,Male,27,Bachelor's Degree,10,Not Mentioned,3,4,3.6,3,6,"Strong fit, top candidates",Mid Range,0,0
1478,Geoffrey Jackson,Offered,2023-05-24,2023,5,915,Female,50,Master's Degree,0,Not Mentioned,4,1,2.2,1,3.5,Weak candidates,Mid Range,1,0
1479,Ashley Lynch,Interviewing,2023-07-18,2023,7,860,Male,25,High School,19,chartered public finance,1,5,3.4,3,6.21,"Strong fit, top candidates",High Range,0,0
1480,Kelsey Richard,Pending Review,2023-05-26,2023,5,913,Other,42,High School,8,Not Mentioned,1,4,2.8,2,4.6,Good candidates,High Range,0,0
1481,James Franklin,Interviewing,2023-06-11,2023,6,897,Male,26,Bachelor's Degree,4,Not Mentioned,3,2,2.4,3,4.2,Good candidates,Mid Range,0,0
1482,Samantha Bates,Pending Review,2023-06-28,2023,6,880,Male,32,Master's Degree,0,Not Mentioned,4,1,2.2,3,3.9,Weak candidates,High Range,0,0
1483,Shane Barrera,Pending Review,2023-05-21,2023,5,918,Male,54,High School,3,Not Mentioned,1,2,1.6,1,2.6,Weak candidates,Mid Range,0,0
1484,Madison Hood,Pending Review,2023-07-19,2023,7,859,Male,26,High School,20,Not Mentioned,1,5,3.4,3,5.7,Good candidates,High Range,0,0
1485,Andrea Quinn,In Review,2023-08-02,2023,8,845,Female,51,High School,6,Not Mentioned,1,3,2.2,1,3.5,Weak candidates,Mid Range,0,0
1486,Caleb Holden,Pending Review,2023-07-24,2023,7,854,Male,19,Master's Degree,0,Not Mentioned,4,1,2.2,1,3.5,Weak candidates,High Range,0,0
1487,Patrick Beck,In Review,2023-06-12,2023,6,896,Female,36,High School,9,Not Mentioned,1,4,2.8,2,4.6,Good candidates,High Range,0,0
1488,Kevin Perez,In Review,2023-05-22,2023,5,917,Male,28,Bachelor's Degree,0,Not Mentioned,3,1,1.8,3,3.3,Weak candidates,Mid Range,0,0
1489,Amanda Ortiz,In Review,2023-06-14,2023,6,894,Female,30,High School,10,Not Mentioned,1,4,2.8,3,4.8,Good candidates,Mid Range,0,0
1490,Jenna Chen,In Review,2023-05-14,2023,5,925,Female,25,Bachelor's Degree,18,Not Mentioned,3,5,4.2,3,6.9,"Strong fit, top candidates",High Range,0,0
1491,Sean Ramos,Interviewing,2023-05-12,2023,5,927,Male,43,Master's Degree,4,primary school,4,2,2.8,2,4.74,Good candidates,High Range,0,0
1492,Angela Gutierrez,Interviewing,2023-06-04,2023,6,904,Male,36,High School,4,Not Mentioned,1,2,1.6,2,2.8,Weak candidates,High Range,0,0
1493,Christopher Kelly,Interviewing,2023-07-28,2023,7,850,Male,41,PhD,0,occupational,5,1,2.6,2,4.3,Good candidates,Mid Range,0,0
1494,Elizabeth Griffith,Rejected,2023-05-18,2023,5,921,Female,49,Master's Degree,3,Not Mentioned,4,2,2.8,1,4.4,Good candidates,Mid Range,0,1
1495,Christine Ball,Rejected,2023-05-20,2023,5,919,Female,18,Bachelor's Degree,17,commercial/residential,3,5,4.2,1,6.815,"Strong fit, top candidates",High Range,0,1
1496,Derrick Brown,Pending Review,2023-06-25,2023,6,883,Other,45,High School,3,IT,1,2,1.6,2,2.96,Weak candidates,High Range,0,0
1497,Brian Patterson,Offered,2023-07-03,2023,7,875,Male,61,High School,16,Not Mentioned,1,5,3.4,1,5.3,Good candidates,Mid Range,1,0
1498,Randy Smith,In Review,2023-07-13,2023,7,865,Male,29,Bachelor's Degree,2,broadcasting/film/video,3,2,2.4,3,4.26,Good candidates,High Range,0,0
1499,Scott Morgan,Rejected,2023-07-16,2023,7,862,Male,43,Bachelor's Degree,12,Not Mentioned,3,5,4.2,2,6.7,"Strong fit, top candidates",High Range,0,1
1500,Patricia Wood,Interviewing,2023-05-08,2023,5,931,Female,25,High School,10,Not Mentioned,1,4,2.8,3,4.8,Good candidates,Mid Range,0,0
1501,Andre Steele,Offered,2023-06-14,2023,6,894,Male,19,High School,3,Not Mentioned,1,2,1.6,1,2.6,Weak candidates,High Range,1,0
1502,Robert Carpenter,Interviewing,2023-06-08,2023,6,900,Female,48,Bachelor's Degree,6,manufacturing systems,3,3,3,1,5,Good candidates,High Range,0,0
1503,Amy Wilson,Interviewing,2023-07-20,2023,7,858,Male,47,Bachelor's Degree,13,Not Mentioned,3,5,4.2,1,6.5,"Strong fit, top candidates",Mid Range,0,0
1504,Stephanie Zamora,Rejected,2023-05-16,2023,5,923,Female,48,PhD,1,Scotland,5,1,2.6,1,4.1,Good candidates,High Range,0,1
1505,Kathryn Medina,Rejected,2023-07-21,2023,7,857,Male,49,High School,14,Not Mentioned,1,5,3.4,1,5.3,Good candidates,High Range,0,1
1506,Ricky Hernandez,Pending Review,2023-06-30,2023,6,878,Female,36,Bachelor's Degree,4,Not Mentioned,3,2,2.4,2,4,Good candidates,High Range,0,0
1507,Kim Hooper,Offered,2023-05-18,2023,5,921,Other,34,Bachelor's Degree,2,Not Mentioned,3,2,2.4,3,4.2,Good candidates,High Range,1,0
1508,Suzanne Howard,Rejected,2023-06-16,2023,6,892,Other,43,PhD,0,research (life sciences),5,1,2.6,2,4.56,Good candidates,Mid Range,0,1
1509,Edward Roth,Offered,2023-05-17,2023,5,922,Female,59,PhD,15,Not Mentioned,5,5,5,1,7.7,"Strong fit, top candidates",High Range,1,0
1510,Lisa Perry,Offered,2023-06-22,2023,6,886,Other,47,High School,12,aeronautical,1,5,3.4,1,5.64,Good candidates,Mid Range,1,0
1511,Valerie Alvarez,In Review,2023-05-29,2023,5,910,Male,41,Master's Degree,15,Not Mentioned,4,5,4.6,2,7.3,"Strong fit, top candidates",High Range,0,0
1512,Michael Franco,In Review,2023-05-23,2023,5,916,Male,24,Bachelor's Degree,20,Not Mentioned,3,5,4.2,1,6.5,"Strong fit, top candidates",High Range,0,0
1513,Jamie Moore,Rejected,2023-07-07,2023,7,871,Female,56,Bachelor's Degree,9,Not Mentioned,3,4,3.6,1,5.6,Good candidates,Mid Range,0,1
1514,George Jones,Pending Review,2023-06-23,2023,6,885,Female,27,High School,14,Not Mentioned,1,5,3.4,3,5.7,Good candidates,High Range,0,0
1515,Frank Lopez,Pending Review,2023-07-06,2023,7,872,Other,58,Master's Degree,12,technical sales,4,5,4.6,1,7.56,"Strong fit, top candidates",Mid Range,0,0
1516,Kendra Wall,Offered,2023-07-10,2023,7,868,Male,23,Master's Degree,1,Not Mentioned,4,1,2.2,1,3.5,Weak candidates,High Range,1,0
1517,Theresa Harris,Offered,2023-05-06,2023,5,933,Other,29,PhD,11,Not Mentioned,5,5,5,3,8.1,"Strong fit, top candidates",Mid Range,1,0
1518,Cassidy Bush,Rejected,2023-07-09,2023,7,869,Female,24,Bachelor's Degree,17,Not Mentioned,3,5,4.2,1,6.5,"Strong fit, top candidates",High Range,0,1
1519,Joseph Thomas,Rejected,2023-07-09,2023,7,869,Male,58,High School,10,Not Mentioned,1,4,2.8,1,4.4,Good candidates,Mid Range,0,1
1520,Robert Nash,Rejected,2023-07-15,2023,7,863,Female,53,PhD,2,Not Mentioned,5,2,3.2,1,5,Good candidates,Mid Range,0,1
1521,Jeffrey Olsen,Interviewing,2023-06-16,2023,6,892,Male,48,PhD,4,Not Mentioned,5,2,3.2,1,5,Good candidates,High Range,0,0
1522,Susan Peters,In Review,2023-07-22,2023,7,856,Female,20,High School,7,Not Mentioned,1,3,2.2,1,3.5,Weak candidates,High Range,0,0
1523,Anthony Avila,In Review,2023-05-15,2023,5,924,Other,36,PhD,15,Not Mentioned,5,5,5,2,7.9,"Strong fit, top candidates",Mid Range,0,0
1524,Marie Goodman,Interviewing,2023-06-10,2023,6,898,Male,18,PhD,17,art,5,5,5,1,7.825,"Strong fit, top candidates",High Range,0,0
1525,Susan Marsh,Pending Review,2023-07-28,2023,7,850,Other,48,PhD,11,Not Mentioned,5,5,5,1,7.7,"Strong fit, top candidates",High Range,0,0
1526,Kelly Stark,Pending Review,2023-08-01,2023,8,846,Male,57,PhD,4,Not Mentioned,5,2,3.2,1,5,Good candidates,High Range,0,0
1527,Ashley Martinez,In Review,2023-08-03,2023,8,844,Female,44,Master's Degree,20,Not Mentioned,4,5,4.6,2,7.3,"Strong fit, top candidates",Mid Range,0,0
1528,Sabrina Flynn,In Review,2023-07-13,2023,7,865,Female,37,High School,6,Not Mentioned,1,3,2.2,2,3.7,Weak candidates,Mid Range,0,0
1529,Anthony Rojas,In Review,2023-07-02,2023,7,876,Male,37,PhD,19,Not Mentioned,5,5,5,2,7.9,"Strong fit, top candidates",High Range,0,0
1530,Justin Randolph,Rejected,2023-05-28,2023,5,911,Other,21,PhD,19,Not Mentioned,5,5,5,1,7.7,"Strong fit, top candidates",Mid Range,0,1
1531,Kristin Roberts,Offered,2023-07-16,2023,7,862,Other,20,Master's Degree,6,Not Mentioned,4,3,3.4,1,5.3,Good candidates,High Range,1,0
1532,Amanda Ochoa,Pending Review,2023-05-13,2023,5,926,Female,24,Bachelor's Degree,10,Not Mentioned,3,4,3.6,1,5.6,Good candidates,High Range,0,0
1533,Joshua Boyer,Offered,2023-07-19,2023,7,859,Female,37,Master's Degree,20,Not Mentioned,4,5,4.6,2,7.3,"Strong fit, top candidates",Mid Range,1,0
1534,David Whitney,Interviewing,2023-07-17,2023,7,861,Other,45,Bachelor's Degree,15,Not Mentioned,3,5,4.2,2,6.7,"Strong fit, top candidates",Mid Range,0,0
1535,Anthony Robinson,Rejected,2023-06-27,2023,6,881,Other,51,PhD,17,Not Mentioned,5,5,5,1,7.7,"Strong fit, top candidates",Mid Range,0,1
1536,Richard Huffman,Offered,2023-07-30,2023,7,848,Other,52,PhD,3,Not Mentioned,5,2,3.2,1,5,Good candidates,Mid Range,1,0
1537,Sarah Anderson,Pending Review,2023-07-03,2023,7,875,Female,31,Bachelor's Degree,9,Not Mentioned,3,4,3.6,3,6,"Strong fit, top candidates",High Range,0,0
1538,Kathryn Bates,Rejected,2023-06-06,2023,6,902,Male,31,Bachelor's Degree,18,Not Mentioned,3,5,4.2,3,6.9,"Strong fit, top candidates",High Range,0,1
1539,Donald Espinoza,In Review,2023-06-05,2023,6,903,Other,58,PhD,7,production,5,3,3.8,1,5.9,Good candidates,High Range,0,0
1540,Christopher Glenn,Pending Review,2023-07-22,2023,7,856,Other,33,PhD,0,Not Mentioned,5,1,2.6,3,4.5,Good candidates,High Range,0,0
1541,Christopher Chang,Pending Review,2023-07-27,2023,7,851,Female,52,High School,20,forensic,1,5,3.4,1,5.725,Good candidates,High Range,0,0
1542,Mark Pierce,Interviewing,2023-05-10,2023,5,929,Male,48,PhD,5,Not Mentioned,5,3,3.8,1,5.9,Good candidates,Mid Range,0,0
1543,Robert Nichols,Interviewing,2023-07-15,2023,7,863,Female,48,Bachelor's Degree,4,Not Mentioned,3,2,2.4,1,3.8,Weak candidates,High Range,0,0
1544,Jeffrey Bennett,Pending Review,2023-06-18,2023,6,890,Male,60,Bachelor's Degree,17,Not Mentioned,3,5,4.2,1,6.5,"Strong fit, top candidates",Mid Range,0,0
1545,Mark Gordon,Pending Review,2023-06-10,2023,6,898,Female,38,PhD,12,Not Mentioned,5,5,5,2,7.9,"Strong fit, top candidates",Mid Range,0,0
1546,Kara Henderson,Offered,2023-07-28,2023,7,850,Male,19,High School,11,Not Mentioned,1,5,3.4,1,5.3,Good candidates,Mid Range,1,0
1547,Alexandra Silva,Interviewing,2023-06-06,2023,6,902,Female,55,Master's Degree,10,Not Mentioned,4,4,4,1,6.2,"Strong fit, top candidates",High Range,0,0
1548,Jamie Padilla,Rejected,2023-06-09,2023,6,899,Male,38,High School,18,graphic,1,5,3.4,2,5.585,Good candidates,High Range,0,1
1549,Lisa Torres,Offered,2023-07-11,2023,7,867,Male,19,Master's Degree,19,Not Mentioned,4,5,4.6,1,7.1,"Strong fit, top candidates",Mid Range,1,0
1550,Rebecca Ferguson,Pending Review,2023-05-17,2023,5,922,Male,57,Bachelor's Degree,13,audiological,3,5,4.2,1,7.025,"Strong fit, top candidates",High Range,0,0
1551,Laura Henderson,Offered,2023-05-15,2023,5,924,Other,18,PhD,2,insurance,5,2,3.2,1,5,Good candidates,High Range,1,0
1552,Michelle Case,Interviewing,2023-07-09,2023,7,869,Female,24,Bachelor's Degree,0,Not Mentioned,3,1,1.8,1,2.9,Weak candidates,High Range,0,0
1553,Laura Russell,Pending Review,2023-06-22,2023,6,886,Female,48,PhD,20,Not Mentioned,5,5,5,1,7.7,"Strong fit, top candidates",High Range,0,0
1554,William Foster,Offered,2023-07-05,2023,7,873,Female,25,High School,16,Not Mentioned,1,5,3.4,3,5.7,Good candidates,High Range,1,0
1555,Andrew Smith,Pending Review,2023-05-31,2023,5,908,Female,28,High School,0,Not Mentioned,1,1,1,3,2.1,Weak candidates,High Range,0,0
1556,James Grant,Interviewing,2023-05-14,2023,5,925,Other,37,PhD,13,Not Mentioned,5,5,5,2,7.9,"Strong fit, top candidates",Mid Range,0,0
1557,Adrian Edwards,Interviewing,2023-07-30,2023,7,848,Female,46,Master's Degree,0,Not Mentioned,4,1,2.2,1,3.5,Weak candidates,Mid Range,0,0
1558,Michael Russell,Interviewing,2023-05-14,2023,5,925,Male,23,High School,7,Not Mentioned,1,3,2.2,1,3.5,Weak candidates,High Range,0,0
1559,Jennifer Brooks,Rejected,2023-05-12,2023,5,927,Male,50,PhD,2,Not Mentioned,5,2,3.2,1,5,Good candidates,Mid Range,0,1
1560,Michael Williams,In Review,2023-06-27,2023,6,881,Male,46,PhD,15,ceramics/pottery,5,5,5,1,7.825,"Strong fit, top candidates",High Range,0,0
1561,Sarah White,Interviewing,2023-05-24,2023,5,915,Female,46,High School,16,music,1,5,3.4,1,5.385,Good candidates,High Range,0,0
1562,Michele Brown,Pending Review,2023-05-24,2023,5,915,Other,41,PhD,3,company,5,2,3.2,2,5.44,Good candidates,High Range,0,0
1563,Colton Castro,Pending Review,2023-07-06,2023,7,872,Male,25,PhD,17,Not Mentioned,5,5,5,3,8.1,"Strong fit, top candidates",Mid Range,0,0
1564,Stephanie Roberts,Offered,2023-07-06,2023,7,872,Female,49,Master's Degree,0,Not Mentioned,4,1,2.2,1,3.5,Weak candidates,High Range,1,0
1565,Lindsey Oconnor,Pending Review,2023-05-26,2023,5,913,Male,30,Bachelor's Degree,13,water,3,5,4.2,3,7.11,"Strong fit, top candidates",High Range,0,0
1566,William Mayer,In Review,2023-06-22,2023,6,886,Male,50,PhD,10,Not Mentioned,5,4,4.4,1,6.8,"Strong fit, top candidates",Mid Range,0,0
1567,Robert Brady,Pending Review,2023-07-22,2023,7,856,Male,43,Bachelor's Degree,0,Not Mentioned,3,1,1.8,2,3.1,Weak candidates,High Range,0,0
1568,Richard Greer,Interviewing,2023-05-26,2023,5,913,Male,39,Master's Degree,17,Not Mentioned,4,5,4.6,2,7.3,"Strong fit, top candidates",High Range,0,0
1569,Emily Elliott,Interviewing,2023-06-21,2023,6,887,Female,39,Bachelor's Degree,17,Not Mentioned,3,5,4.2,2,6.7,"Strong fit, top candidates",Mid Range,0,0
1570,Matthew Torres,In Review,2023-06-15,2023,6,893,Female,21,Bachelor's Degree,18,Not Mentioned,3,5,4.2,1,6.5,"Strong fit, top candidates",High Range,0,0
1571,Victor Anderson,Rejected,2023-07-30,2023,7,848,Male,22,Master's Degree,7,Not Mentioned,4,3,3.4,1,5.3,Good candidates,Mid Range,0,1
1572,Laura Roman,Pending Review,2023-05-22,2023,5,917,Other,58,PhD,17,Not Mentioned,5,5,5,1,7.7,"Strong fit, top candidates",Mid Range,0,0
1573,Paul Burke,In Review,2023-07-04,2023,7,874,Female,55,High School,6,Not Mentioned,1,3,2.2,1,3.5,Weak candidates,High Range,0,0
1574,Joseph Lindsey,Pending Review,2023-06-10,2023,6,898,Female,61,High School,0,Not Mentioned,1,1,1,1,1.7,Weak candidates,Mid Range,0,0
1575,Paula Cruz,Pending Review,2023-06-04,2023,6,904,Male,20,Master's Degree,4,Not Mentioned,4,2,2.8,1,4.4,Good candidates,High Range,0,0
1576,Andrew Jones,In Review,2023-06-15,2023,6,893,Male,44,Master's Degree,15,Not Mentioned,4,5,4.6,2,7.3,"Strong fit, top candidates",High Range,0,0
1577,Angela Martinez,Interviewing,2023-05-13,2023,5,926,Male,60,PhD,14,Not Mentioned,5,5,5,1,7.7,"Strong fit, top candidates",High Range,0,0
1578,Brooke Stewart,Offered,2023-05-07,2023,5,932,Male,46,PhD,19,Not Mentioned,5,5,5,1,7.7,"Strong fit, top candidates",High Range,1,0
1579,Ryan Allen,Offered,2023-06-14,2023,6,894,Male,32,Master's Degree,2,Not Mentioned,4,2,2.8,3,4.8,Good candidates,Mid Range,1,0
1580,Stacy Cole,In Review,2023-06-26,2023,6,882,Other,19,Bachelor's Degree,19,Not Mentioned,3,5,4.2,1,6.5,"Strong fit, top candidates",Mid Range,0,0
1581,Justin Gomez,Offered,2023-05-20,2023,5,919,Male,33,High School,20,Not Mentioned,1,5,3.4,3,5.7,Good candidates,High Range,1,0
1582,Taylor Sanchez,Rejected,2023-07-20,2023,7,858,Male,60,Bachelor's Degree,15,Not Mentioned,3,5,4.2,1,6.5,"Strong fit, top candidates",High Range,0,1
1583,Shawn Day,In Review,2023-07-02,2023,7,876,Female,38,High School,5,Not Mentioned,1,3,2.2,2,3.7,Weak candidates,High Range,0,0
1584,Jessica Maldonado,In Review,2023-06-21,2023,6,887,Male,37,PhD,12,Not Mentioned,5,5,5,2,7.9,"Strong fit, top candidates",Mid Range,0,0
1585,Rose Wallace,Interviewing,2023-07-26,2023,7,852,Male,32,Bachelor's Degree,12,Not Mentioned,3,5,4.2,3,6.9,"Strong fit, top candidates",High Range,0,0
1586,Michael Johnson,Interviewing,2023-06-27,2023,6,881,Male,37,Master's Degree,6,Not Mentioned,4,3,3.4,2,5.5,Good candidates,Mid Range,0,0
1587,Jeffrey Stone,Interviewing,2023-07-10,2023,7,868,Female,59,PhD,16,Not Mentioned,5,5,5,1,7.7,"Strong fit, top candidates",Mid Range,0,0
1588,Michael Gross,Pending Review,2023-07-12,2023,7,866,Female,44,PhD,2,children's,5,2,3.2,2,5.36,Good candidates,High Range,0,0
1589,Gerald Terrell,Rejected,2023-06-29,2023,6,879,Male,22,PhD,10,Not Mentioned,5,4,4.4,1,6.8,"Strong fit, top candidates",Mid Range,0,1
1590,Lisa Cooke,Offered,2023-06-22,2023,6,886,Male,49,PhD,16,Not Mentioned,5,5,5,1,7.7,"Strong fit, top candidates",Mid Range,1,0
1591,Angela Nichols,Rejected,2023-06-04,2023,6,904,Other,37,Bachelor's Degree,20,Not Mentioned,3,5,4.2,2,6.7,"Strong fit, top candidates",Mid Range,0,1
1592,James Mitchell,In Review,2023-06-28,2023,6,880,Female,51,Bachelor's Degree,9,Not Mentioned,3,4,3.6,1,5.6,Good candidates,High Range,0,0
1593,Kelly Wang,Interviewing,2023-07-29,2023,7,849,Female,47,PhD,17,Not Mentioned,5,5,5,1,7.7,"Strong fit, top candidates",High Range,0,0
1594,Christopher Torres,Rejected,2023-06-16,2023,6,892,Female,50,Bachelor's Degree,18,Not Mentioned,3,5,4.2,1,6.5,"Strong fit, top candidates",Mid Range,0,1
1595,Christine Morse,Pending Review,2023-07-17,2023,7,861,Male,56,Bachelor's Degree,20,Not Mentioned,3,5,4.2,1,6.5,"Strong fit, top candidates",Mid Range,0,0
1596,Kimberly Pugh,Interviewing,2023-06-01,2023,6,907,Female,25,Master's Degree,15,Not Mentioned,4,5,4.6,3,7.5,"Strong fit, top candidates",Mid Range,0,0
1597,Gabriel Sanchez,Rejected,2023-07-19,2023,7,859,Male,58,Master's Degree,2,chartered,4,2,2.8,1,4.82,Good candidates,High Range,0,1
1598,Alexander Thomas,Interviewing,2023-05-31,2023,5,908,Other,50,Master's Degree,11,Not Mentioned,4,5,4.6,1,7.1,"Strong fit, top candidates",High Range,0,0
1599,Nicholas Nelson,Rejected,2023-05-15,2023,5,924,Female,53,Master's Degree,8,Not Mentioned,4,4,4,1,6.2,"Strong fit, top candidates",High Range,0,1
1600,Susan Martin,In Review,2023-05-12,2023,5,927,Male,24,PhD,8,consulting,5,4,4.4,1,6.8,"Strong fit, top candidates",High Range,0,0
1601,Yolanda Jackson,Pending Review,2023-06-28,2023,6,880,Male,26,High School,12,Not Mentioned,1,5,3.4,3,5.7,Good candidates,High Range,0,0
1602,Heather Thompson,Interviewing,2023-05-09,2023,5,930,Other,60,Master's Degree,15,Not Mentioned,4,5,4.6,1,7.1,"Strong fit, top candidates",Mid Range,0,0
1603,Heather Smith,Offered,2023-06-03,2023,6,905,Male,24,Master's Degree,7,Not Mentioned,4,3,3.4,1,5.3,Good candidates,High Range,1,0
1604,Erin Garrett,Interviewing,2023-05-20,2023,5,919,Male,22,Master's Degree,9,Not Mentioned,4,4,4,1,6.2,"Strong fit, top candidates",Mid Range,0,0
1605,Jeffrey Mcmillan,In Review,2023-08-05,2023,8,842,Male,53,Master's Degree,2,Not Mentioned,4,2,2.8,1,4.4,Good candidates,High Range,0,0
1606,Megan Harris,In Review,2023-06-17,2023,6,891,Other,34,Bachelor's Degree,0,Not Mentioned,3,1,1.8,3,3.3,Weak candidates,Mid Range,0,0
1607,Molly Vance,Pending Review,2023-06-04,2023,6,904,Male,44,PhD,1,Not Mentioned,5,1,2.6,2,4.3,Good candidates,High Range,0,0
1608,Stephen Campos,In Review,2023-06-30,2023,6,878,Male,60,Bachelor's Degree,6,advertising,3,3,3,1,4.7,Good candidates,High Range,0,0
1609,Thomas Page,Rejected,2023-07-09,2023,7,869,Other,52,PhD,2,Not Mentioned,5,2,3.2,1,5,Good candidates,High Range,0,1
1610,Robert Thomas,Interviewing,2023-06-15,2023,6,893,Male,50,High School,12,blown glass/stained glass,1,5,3.4,1,5.385,Good candidates,Mid Range,0,0
1611,Ryan Dixon,Offered,2023-07-08,2023,7,870,Other,32,High School,11,learning disability,1,5,3.4,3,5.7,Good candidates,High Range,1,0
1612,Shannon Bolton,In Review,2023-05-30,2023,5,909,Male,60,Master's Degree,7,Not Mentioned,4,3,3.4,1,5.3,Good candidates,Mid Range,0,0
1613,Cynthia Torres,Offered,2023-07-22,2023,7,856,Other,46,High School,5,Not Mentioned,1,3,2.2,1,3.5,Weak candidates,Mid Range,1,0
1614,Teresa Mclaughlin,Pending Review,2023-07-03,2023,7,875,Other,46,PhD,9,hydrographic,5,4,4.4,1,7.02,"Strong fit, top candidates",Mid Range,0,0
1615,Brandon Kelley,Pending Review,2023-08-04,2023,8,843,Male,50,High School,13,Not Mentioned,1,5,3.4,1,5.3,Good candidates,High Range,0,0
1616,Jonathan Murray,Interviewing,2023-05-23,2023,5,916,Female,28,Master's Degree,3,Scotland,4,2,2.8,3,4.8,Good candidates,High Range,0,0
1617,Aaron Green,Rejected,2023-07-27,2023,7,851,Female,28,Bachelor's Degree,13,community,3,5,4.2,3,6.69,"Strong fit, top candidates",High Range,0,1
1618,Johnny Sanders,Pending Review,2023-06-11,2023,6,897,Female,33,High School,5,Not Mentioned,1,3,2.2,3,3.9,Weak candidates,High Range,0,0
1619,Madison Harris,In Review,2023-06-19,2023,6,889,Female,48,Bachelor's Degree,13,histocompatibility and immunogenetics,3,5,4.2,1,7.025,"Strong fit, top candidates",High Range,0,0
1620,Kelly Potts,In Review,2023-06-11,2023,6,897,Female,22,High School,18,mining,1,5,3.4,1,5.3,Good candidates,High Range,0,0
1621,Brian Berg,In Review,2023-07-04,2023,7,874,Other,20,Bachelor's Degree,17,Not Mentioned,3,5,4.2,1,6.5,"Strong fit, top candidates",High Range,0,0
1622,Diane Bullock,Pending Review,2023-07-27,2023,7,851,Male,50,Bachelor's Degree,13,Not Mentioned,3,5,4.2,1,6.5,"Strong fit, top candidates",Mid Range,0,0
1623,Jennifer Ramirez,In Review,2023-06-24,2023,6,884,Other,35,High School,13,Not Mentioned,1,5,3.4,3,5.7,Good candidates,High Range,0,0
1624,Tina Andrews,Interviewing,2023-07-14,2023,7,864,Other,37,PhD,18,Not Mentioned,5,5,5,2,7.9,"Strong fit, top candidates",High Range,0,0
1625,Nathaniel Martin,Offered,2023-05-31,2023,5,908,Female,47,Bachelor's Degree,11,land/geomatics,3,5,4.2,1,6.71,"Strong fit, top candidates",High Range,1,0
1626,Rachel Ward,Pending Review,2023-05-15,2023,5,924,Female,38,PhD,11,interior/spatial,5,5,5,2,8.025,"Strong fit, top candidates",High Range,0,0
1627,Jennifer Castillo,Interviewing,2023-07-12,2023,7,866,Other,49,PhD,0,manufacturing,5,1,2.6,1,4.36,Good candidates,Mid Range,0,0
1628,Micheal Wagner,Offered,2023-07-29,2023,7,849,Other,59,PhD,8,Not Mentioned,5,4,4.4,1,6.8,"Strong fit, top candidates",High Range,1,0
1629,Joseph Coleman,In Review,2023-06-06,2023,6,902,Male,59,PhD,6,molecular,5,3,3.8,1,6.28,"Strong fit, top candidates",High Range,0,0
1630,Alicia Howell,Pending Review,2023-07-16,2023,7,862,Other,49,Master's Degree,8,Not Mentioned,4,4,4,1,6.2,"Strong fit, top candidates",High Range,0,0
1631,Thomas Smith,Interviewing,2023-07-02,2023,7,876,Other,37,PhD,12,industrial,5,5,5,2,8.4,"Strong fit, top candidates",High Range,0,0
1632,Misty Davenport,Pending Review,2023-07-06,2023,7,872,Other,36,Bachelor's Degree,12,Not Mentioned,3,5,4.2,2,6.7,"Strong fit, top candidates",High Range,0,0
1633,Linda Salazar,Interviewing,2023-06-02,2023,6,906,Other,21,Bachelor's Degree,12,Not Mentioned,3,5,4.2,1,6.5,"Strong fit, top candidates",Mid Range,0,0
1634,Donald Larson,Interviewing,2023-08-02,2023,8,845,Male,30,PhD,18,Not Mentioned,5,5,5,3,8.1,"Strong fit, top candidates",High Range,0,0
1635,Julia Huynh,Interviewing,2023-05-22,2023,5,917,Female,36,High School,17,Not Mentioned,1,5,3.4,2,5.5,Good candidates,Mid Range,0,0
1636,Chris Vega,Rejected,2023-07-18,2023,7,860,Male,45,PhD,2,Not Mentioned,5,2,3.2,2,5.2,Good candidates,High Range,0,1
1637,Scott York,Interviewing,2023-07-18,2023,7,860,Other,60,Bachelor's Degree,0,government,3,1,1.8,1,3.035,Weak candidates,Mid Range,0,0
1638,Julie Williams,Rejected,2023-05-16,2023,5,923,Male,37,Bachelor's Degree,13,Not Mentioned,3,5,4.2,2,6.7,"Strong fit, top candidates",Mid Range,0,1
1639,Christopher Smith,Pending Review,2023-05-14,2023,5,925,Other,46,PhD,1,Not Mentioned,5,1,2.6,1,4.1,Good candidates,High Range,0,0
1640,Donald Morales,Pending Review,2023-05-07,2023,5,932,Male,48,Master's Degree,9,planning and development,4,4,4,1,6.4,"Strong fit, top candidates",High Range,0,0
1641,Dennis Finley,Pending Review,2023-06-14,2023,6,894,Male,24,High School,19,music,1,5,3.4,1,5.385,Good candidates,High Range,0,0
1642,Kenneth Robinson,Interviewing,2023-05-31,2023,5,908,Male,48,High School,6,Not Mentioned,1,3,2.2,1,3.5,Weak candidates,Mid Range,0,0
1643,Stephanie Stokes,Pending Review,2023-07-11,2023,7,867,Other,48,Bachelor's Degree,13,Not Mentioned,3,5,4.2,1,6.5,"Strong fit, top candidates",High Range,0,0
1644,Joshua Perez,Interviewing,2023-06-02,2023,6,906,Other,24,Bachelor's Degree,11,Not Mentioned,3,5,4.2,1,6.5,"Strong fit, top candidates",High Range,0,0
1645,William Williams,Offered,2023-06-05,2023,6,903,Other,22,Master's Degree,13,Not Mentioned,4,5,4.6,1,7.1,"Strong fit, top candidates",High Range,1,0
1646,Katherine Bender,Pending Review,2023-07-16,2023,7,862,Other,19,PhD,15,hospital,5,5,5,1,7.7,"Strong fit, top candidates",High Range,0,0
1647,Michael Wood,Rejected,2023-05-25,2023,5,914,Male,45,High School,5,Not Mentioned,1,3,2.2,2,3.7,Weak candidates,Mid Range,0,1
1648,Kathy Cook,Offered,2023-05-21,2023,5,918,Other,33,Master's Degree,14,Not Mentioned,4,5,4.6,3,7.5,"Strong fit, top candidates",Mid Range,1,0
1649,Jesse Sanchez,In Review,2023-06-26,2023,6,882,Other,55,High School,17,Not Mentioned,1,5,3.4,1,5.3,Good candidates,Mid Range,0,0
1650,Kathleen Roberts,Interviewing,2023-05-24,2023,5,915,Female,24,Master's Degree,14,Not Mentioned,4,5,4.6,1,7.1,"Strong fit, top candidates",High Range,0,0
1651,Melinda Young,Offered,2023-05-27,2023,5,912,Other,37,High School,8,Not Mentioned,1,4,2.8,2,4.6,Good candidates,High Range,1,0
1652,Dustin Sutton,Rejected,2023-06-28,2023,6,880,Other,31,Bachelor's Degree,14,Not Mentioned,3,5,4.2,3,6.9,"Strong fit, top candidates",Mid Range,0,1
1653,Joshua Gray,Rejected,2023-07-14,2023,7,864,Other,20,Master's Degree,10,Not Mentioned,4,4,4,1,6.2,"Strong fit, top candidates",High Range,0,1
1654,Hannah Jackson,Offered,2023-07-24,2023,7,854,Other,60,High School,17,Not Mentioned,1,5,3.4,1,5.3,Good candidates,High Range,1,0
1655,Justin Rowe,Interviewing,2023-05-14,2023,5,925,Male,40,High School,10,Not Mentioned,1,4,2.8,2,4.6,Good candidates,Mid Range,0,0
1656,Curtis Booth,Interviewing,2023-07-17,2023,7,861,Male,42,High School,1,Not Mentioned,1,1,1,2,1.9,Weak candidates,High Range,0,0
1657,Andre Smith,Offered,2023-05-09,2023,5,930,Other,39,Master's Degree,2,Not Mentioned,4,2,2.8,2,4.6,Good candidates,High Range,1,0
1658,Randall Miller,Pending Review,2023-06-21,2023,6,887,Other,37,PhD,1,furniture,5,1,2.6,2,4.3,Good candidates,Mid Range,0,0
1659,Stefanie Moreno,In Review,2023-08-01,2023,8,846,Male,41,PhD,18,Not Mentioned,5,5,5,2,7.9,"Strong fit, top candidates",Mid Range,0,0
1660,Dawn Cowan,Rejected,2023-08-03,2023,8,844,Male,43,Bachelor's Degree,9,Not Mentioned,3,4,3.6,2,5.8,Good candidates,High Range,0,1
1661,Thomas Gross,Interviewing,2023-06-22,2023,6,886,Female,48,PhD,1,Not Mentioned,5,1,2.6,1,4.1,Good candidates,High Range,0,0
1662,Michael Pena,Interviewing,2023-05-29,2023,5,910,Other,30,Master's Degree,8,Not Mentioned,4,4,4,3,6.6,"Strong fit, top candidates",High Range,0,0
1663,Zachary Proctor,Rejected,2023-05-24,2023,5,915,Other,54,High School,1,Not Mentioned,1,1,1,1,1.7,Weak candidates,Mid Range,0,1
1664,Sandra Church,Interviewing,2023-06-14,2023,6,894,Other,60,Master's Degree,18,Not Mentioned,4,5,4.6,1,7.1,"Strong fit, top candidates",High Range,0,0
1665,Cheyenne Murphy,Offered,2023-07-01,2023,7,877,Female,54,PhD,3,multimedia,5,2,3.2,1,5.08,Good candidates,High Range,1,0
1666,Meredith Rojas,In Review,2023-05-10,2023,5,929,Other,56,Master's Degree,11,Not Mentioned,4,5,4.6,1,7.1,"Strong fit, top candidates",Mid Range,0,0
1667,Bobby Bailey,Pending Review,2023-05-25,2023,5,914,Other,42,High School,20,Not Mentioned,1,5,3.4,2,5.5,Good candidates,High Range,0,0
1668,Teresa Williams,In Review,2023-05-28,2023,5,911,Male,32,High School,18,Not Mentioned,1,5,3.4,3,5.7,Good candidates,Mid Range,0,0
1669,Jordan Gallegos,Offered,2023-05-18,2023,5,921,Male,29,High School,1,Not Mentioned,1,1,1,3,2.1,Weak candidates,High Range,1,0
1670,Samantha Perez,Interviewing,2023-06-06,2023,6,902,Female,36,Master's Degree,9,Not Mentioned,4,4,4,2,6.4,"Strong fit, top candidates",High Range,0,0
1671,Jimmy Jones,Interviewing,2023-05-24,2023,5,915,Male,37,Bachelor's Degree,13,Not Mentioned,3,5,4.2,2,6.7,"Strong fit, top candidates",Mid Range,0,0
1672,Andrea Allen,In Review,2023-06-24,2023,6,884,Other,58,PhD,11,Not Mentioned,5,5,5,1,7.7,"Strong fit, top candidates",High Range,0,0
1673,Cathy Garner,In Review,2023-05-08,2023,5,931,Female,28,High School,12,Not Mentioned,1,5,3.4,3,5.7,Good candidates,High Range,0,0
1674,Linda Myers,Pending Review,2023-06-28,2023,6,880,Male,30,High School,18,electrical,1,5,3.4,3,6.04,"Strong fit, top candidates",High Range,0,0
1675,Ryan Martinez,Offered,2023-07-29,2023,7,849,Other,35,Master's Degree,4,Not Mentioned,4,2,2.8,3,4.8,Good candidates,High Range,1,0
1676,Mary Miles,In Review,2023-06-12,2023,6,896,Other,29,PhD,17,Not Mentioned,5,5,5,3,8.1,"Strong fit, top candidates",Mid Range,0,0
1677,Lisa Ellis,Interviewing,2023-07-02,2023,7,876,Male,28,High School,1,community,1,1,1,3,2.05,Weak candidates,Mid Range,0,0
1678,Kelly Williams,Rejected,2023-05-13,2023,5,926,Other,29,Master's Degree,13,diagnostic,4,5,4.6,3,8.075,"Strong fit, top candidates",High Range,0,1
1679,Lonnie Garcia,Pending Review,2023-06-25,2023,6,883,Female,40,Bachelor's Degree,0,Not Mentioned,3,1,1.8,2,3.1,Weak candidates,High Range,0,0
1680,Victoria Fletcher,In Review,2023-06-19,2023,6,889,Male,43,PhD,2,Not Mentioned,5,2,3.2,2,5.2,Good candidates,High Range,0,0
1681,George Williams,Pending Review,2023-05-31,2023,5,908,Male,25,PhD,6,Not Mentioned,5,3,3.8,3,6.3,"Strong fit, top candidates",High Range,0,0
1682,Laura Smith,Interviewing,2023-05-16,2023,5,923,Male,19,High School,3,counselling,1,2,1.6,1,2.6,Weak candidates,Mid Range,0,0
1683,Monica Murray,Pending Review,2023-07-11,2023,7,867,Male,44,Bachelor's Degree,16,Not Mentioned,3,5,4.2,2,6.7,"Strong fit, top candidates",High Range,0,0
1684,Sarah Peck,Offered,2023-06-15,2023,6,893,Male,53,Master's Degree,13,Not Mentioned,4,5,4.6,1,7.1,"Strong fit, top candidates",Mid Range,1,0
1685,David Cook,Offered,2023-05-22,2023,5,917,Male,57,PhD,11,Not Mentioned,5,5,5,1,7.7,"Strong fit, top candidates",High Range,1,0
1686,Jennifer Franklin,Offered,2023-05-09,2023,5,930,Female,43,High School,20,building services,1,5,3.4,2,5.67,Good candidates,High Range,1,0
1687,Olivia Sutton,Pending Review,2023-07-20,2023,7,858,Female,60,PhD,9,Not Mentioned,5,4,4.4,1,6.8,"Strong fit, top candidates",High Range,0,0
1688,Elizabeth Ruiz,Rejected,2023-07-27,2023,7,851,Female,26,Bachelor's Degree,2,Not Mentioned,3,2,2.4,3,4.2,Good candidates,High Range,0,1
1689,Laura Anderson,Offered,2023-06-24,2023,6,884,Female,50,Master's Degree,7,Not Mentioned,4,3,3.4,1,5.3,Good candidates,High Range,1,0
1690,Kenneth Wilson,Interviewing,2023-06-25,2023,6,883,Other,57,PhD,20,Not Mentioned,5,5,5,1,7.7,"Strong fit, top candidates",Mid Range,0,0
1691,Thomas Allen,Pending Review,2023-07-19,2023,7,859,Female,42,PhD,10,Not Mentioned,5,4,4.4,2,7,"Strong fit, top candidates",High Range,0,0
1692,Ashley Meyer,In Review,2023-07-31,2023,7,847,Other,52,PhD,9,occupational,5,4,4.4,1,6.8,"Strong fit, top candidates",Mid Range,0,0
1693,David Hebert,In Review,2023-06-02,2023,6,906,Other,23,Bachelor's Degree,10,Not Mentioned,3,4,3.6,1,5.6,Good candidates,Mid Range,0,0
1694,Ruben Waters,Pending Review,2023-05-09,2023,5,930,Female,56,Master's Degree,18,Not Mentioned,4,5,4.6,1,7.1,"Strong fit, top candidates",High Range,0,0
1695,Nichole Murphy,Offered,2023-06-14,2023,6,894,Other,36,PhD,6,Not Mentioned,5,3,3.8,2,6.1,"Strong fit, top candidates",High Range,1,0
1696,Justin Sanford,In Review,2023-05-13,2023,5,926,Male,30,PhD,16,Not Mentioned,5,5,5,3,8.1,"Strong fit, top candidates",High Range,0,0
1697,Rachel Gonzalez,Pending Review,2023-05-14,2023,5,925,Female,56,Master's Degree,7,Not Mentioned,4,3,3.4,1,5.3,Good candidates,High Range,0,0
1698,Natalie Williams,Pending Review,2023-07-30,2023,7,848,Female,36,Bachelor's Degree,2,Not Mentioned,3,2,2.4,2,4,Good candidates,High Range,0,0
1699,Tina Hurley,In Review,2023-05-27,2023,5,912,Female,39,PhD,3,Not Mentioned,5,2,3.2,2,5.2,Good candidates,Mid Range,0,0
1700,Carol Mitchell,Rejected,2023-06-20,2023,6,888,Other,26,High School,5,Not Mentioned,1,3,2.2,3,3.9,Weak candidates,High Range,0,1
1701,Claudia Bruce,Pending Review,2023-07-17,2023,7,861,Other,58,High School,2,Not Mentioned,1,2,1.6,1,2.6,Weak candidates,High Range,0,0
1702,Patrick Cruz,In Review,2023-07-05,2023,7,873,Male,22,Master's Degree,4,multimedia,4,2,2.8,1,4.47,Good candidates,Mid Range,0,0
1703,Aaron Caldwell,Offered,2023-07-22,2023,7,856,Female,58,Bachelor's Degree,18,Not Mentioned,3,5,4.2,1,6.5,"Strong fit, top candidates",Mid Range,1,0
1704,Elizabeth Stanton,In Review,2023-07-25,2023,7,853,Male,32,Master's Degree,1,Not Mentioned,4,1,2.2,3,3.9,Weak candidates,High Range,0,0
1705,Stephen Fernandez,In Review,2023-07-02,2023,7,876,Female,47,Bachelor's Degree,19,Not Mentioned,3,5,4.2,1,6.5,"Strong fit, top candidates",Mid Range,0,0
1706,Daniel Marks,Rejected,2023-07-06,2023,7,872,Female,60,Master's Degree,8,Not Mentioned,4,4,4,1,6.2,"Strong fit, top candidates",Mid Range,0,1
1707,Elizabeth Jenkins,Interviewing,2023-05-23,2023,5,916,Female,34,High School,5,higher education,1,3,2.2,3,4.01,Good candidates,Mid Range,0,0
1708,Deborah Johnson,In Review,2023-08-05,2023,8,842,Male,37,Master's Degree,2,Not Mentioned,4,2,2.8,2,4.6,Good candidates,High Range,0,0
1709,Kristie Moore,Rejected,2023-06-18,2023,6,890,Female,42,PhD,1,television/film/video,5,1,2.6,2,4.3,Good candidates,Mid Range,0,1
1710,Brianna Mitchell,Pending Review,2023-05-07,2023,5,932,Other,25,Bachelor's Degree,16,chartered public finance,3,5,4.2,3,7.53,"Strong fit, top candidates",High Range,0,0
1711,David Lewis,Offered,2023-07-31,2023,7,847,Other,21,Bachelor's Degree,0,Not Mentioned,3,1,1.8,1,2.9,Weak candidates,High Range,1,0
1712,James Stanley,In Review,2023-07-17,2023,7,861,Female,55,PhD,10,Not Mentioned,5,4,4.4,1,6.8,"Strong fit, top candidates",Mid Range,0,0
1713,Susan Wagner,Offered,2023-06-03,2023,6,905,Other,38,Master's Degree,11,Not Mentioned,4,5,4.6,2,7.3,"Strong fit, top candidates",High Range,1,0
1714,Brandy Paul,Pending Review,2023-07-16,2023,7,862,Male,36,High School,19,Not Mentioned,1,5,3.4,2,5.5,Good candidates,Mid Range,0,0
1715,Kristin Allen,Pending Review,2023-07-04,2023,7,874,Male,21,Master's Degree,19,Not Mentioned,4,5,4.6,1,7.1,"Strong fit, top candidates",High Range,0,0
1716,Jessica Ferguson,Rejected,2023-05-23,2023,5,916,Female,61,PhD,3,theatre/television/film,5,2,3.2,1,5.08,Good candidates,Mid Range,0,1
1717,Gabrielle Smith,Rejected,2023-07-06,2023,7,872,Male,24,Bachelor's Degree,19,Not Mentioned,3,5,4.2,1,6.5,"Strong fit, top candidates",Mid Range,0,1
1718,Todd Huff,Offered,2023-07-26,2023,7,852,Female,50,Bachelor's Degree,3,chemical,3,2,2.4,1,3.8,Weak candidates,High Range,1,0
1719,Jason Hoffman,In Review,2023-06-09,2023,6,899,Female,50,PhD,12,television/film/video,5,5,5,1,7.7,"Strong fit, top candidates",Mid Range,0,0
1720,Sean Robinson,Offered,2023-08-04,2023,8,843,Male,49,Bachelor's Degree,0,Not Mentioned,3,1,1.8,1,2.9,Weak candidates,Mid Range,1,0
1721,Christopher Jones,Offered,2023-05-08,2023,5,931,Male,54,Master's Degree,3,dance movement,4,2,2.8,1,4.4,Good candidates,High Range,1,0
1722,Michael Burgess,Rejected,2023-08-02,2023,8,845,Female,47,Bachelor's Degree,4,further education,3,2,2.4,1,3.92,Weak candidates,High Range,0,1
1723,Kevin Reynolds,Interviewing,2023-05-26,2023,5,913,Male,38,PhD,1,Not Mentioned,5,1,2.6,2,4.3,Good candidates,High Range,0,0
1724,James Boone,Offered,2023-07-29,2023,7,849,Female,57,Bachelor's Degree,10,electronics,3,4,3.6,1,5.96,Good candidates,High Range,1,0
1725,Kimberly Carter,Offered,2023-07-09,2023,7,869,Female,49,Master's Degree,19,Not Mentioned,4,5,4.6,1,7.1,"Strong fit, top candidates",Mid Range,1,0
1726,Tiffany Young,Rejected,2023-07-14,2023,7,864,Female,49,High School,8,Not Mentioned,1,4,2.8,1,4.4,Good candidates,Mid Range,0,1
1727,Kayla James,Offered,2023-06-03,2023,6,905,Male,24,High School,8,building control,1,4,2.8,1,4.54,Good candidates,High Range,1,0
1728,Mark Gomez,In Review,2023-06-18,2023,6,890,Female,53,High School,15,land,1,5,3.4,1,5.47,Good candidates,High Range,0,0
1729,Jeffrey Mclaughlin,In Review,2023-07-28,2023,7,850,Male,54,PhD,0,Not Mentioned,5,1,2.6,1,4.1,Good candidates,High Range,0,0
1730,Paul Long,Interviewing,2023-06-05,2023,6,903,Male,30,PhD,18,Not Mentioned,5,5,5,3,8.1,"Strong fit, top candidates",Mid Range,0,0
1731,Gerald Reed,In Review,2023-06-22,2023,6,886,Male,57,Master's Degree,7,Not Mentioned,4,3,3.4,1,5.3,Good candidates,Mid Range,0,0
1732,James Howard,Offered,2023-06-21,2023,6,887,Male,24,PhD,19,Not Mentioned,5,5,5,1,7.7,"Strong fit, top candidates",High Range,1,0
1733,Cheryl Rivera,Rejected,2023-05-14,2023,5,925,Female,25,Bachelor's Degree,18,Not Mentioned,3,5,4.2,3,6.9,"Strong fit, top candidates",Mid Range,0,1
1734,Paul Collins,Interviewing,2023-07-16,2023,7,862,Female,28,High School,9,Not Mentioned,1,4,2.8,3,4.8,Good candidates,Mid Range,0,0
1735,Shawn Shepard,Interviewing,2023-08-05,2023,8,842,Other,55,High School,6,Not Mentioned,1,3,2.2,1,3.5,Weak candidates,Mid Range,0,0
1736,Timothy Rhodes,Pending Review,2023-05-19,2023,5,920,Male,27,PhD,1,Not Mentioned,5,1,2.6,3,4.5,Good candidates,High Range,0,0
1737,Joseph Black,In Review,2023-06-03,2023,6,905,Female,25,PhD,10,Not Mentioned,5,4,4.4,3,7.2,"Strong fit, top candidates",High Range,0,0
1738,Emily Ward,Rejected,2023-06-07,2023,6,901,Female,34,High School,9,Not Mentioned,1,4,2.8,3,4.8,Good candidates,High Range,0,1
1739,Natalie Castillo,Rejected,2023-07-31,2023,7,847,Male,30,High School,1,Not Mentioned,1,1,1,3,2.1,Weak candidates,Mid Range,0,1
1740,John Davis,Rejected,2023-06-23,2023,6,885,Other,49,Bachelor's Degree,7,Not Mentioned,3,3,3,1,4.7,Good candidates,Mid Range,0,1
1741,Alex Davis,Interviewing,2023-05-07,2023,5,932,Male,34,PhD,7,Not Mentioned,5,3,3.8,3,6.3,"Strong fit, top candidates",Mid Range,0,0
1742,Derrick Levy,Rejected,2023-06-05,2023,6,903,Female,36,PhD,16,broadcasting/film/video,5,5,5,2,8.025,"Strong fit, top candidates",Mid Range,0,1
1743,Jordan Love,In Review,2023-07-19,2023,7,859,Other,56,Master's Degree,4,multimedia,4,2,2.8,1,4.47,Good candidates,Mid Range,0,0
1744,Tammy Drake,Interviewing,2023-05-10,2023,5,929,Female,61,Bachelor's Degree,18,energy,3,5,4.2,1,6.5,"Strong fit, top candidates",High Range,0,0
1745,Joseph Crane,Rejected,2023-07-22,2023,7,856,Female,49,PhD,14,magazine,5,5,5,1,7.825,"Strong fit, top candidates",High Range,0,1
1746,Carlos Porter,Pending Review,2023-08-04,2023,8,843,Male,43,Bachelor's Degree,15,Not Mentioned,3,5,4.2,2,6.7,"Strong fit, top candidates",High Range,0,0
1747,Catherine Griffith,In Review,2023-07-24,2023,7,854,Female,25,Master's Degree,0,Not Mentioned,4,1,2.2,3,3.9,Weak candidates,High Range,0,0
1748,Jennifer Christensen,Offered,2023-06-19,2023,6,889,Other,40,High School,18,international aid,1,5,3.4,2,5.5,Good candidates,High Range,1,0
1749,Charles Marsh,Pending Review,2023-06-12,2023,6,896,Male,55,Master's Degree,15,Not Mentioned,4,5,4.6,1,7.1,"Strong fit, top candidates",High Range,0,0
1750,Rachel Salazar,Pending Review,2023-07-23,2023,7,855,Other,20,Master's Degree,12,Not Mentioned,4,5,4.6,1,7.1,"Strong fit, top candidates",Mid Range,0,0
1751,Gloria Poole,In Review,2023-06-15,2023,6,893,Other,18,High School,7,Not Mentioned,1,3,2.2,1,3.5,Weak candidates,Mid Range,0,0
1752,Gabriel Miller,Offered,2023-05-25,2023,5,914,Other,59,PhD,15,Not Mentioned,5,5,5,1,7.7,"Strong fit, top candidates",Mid Range,1,0
1753,Ashley Bradley,Offered,2023-06-09,2023,6,899,Female,37,Bachelor's Degree,12,Not Mentioned,3,5,4.2,2,6.7,"Strong fit, top candidates",High Range,1,0
1754,Shelly Morris,Pending Review,2023-06-15,2023,6,893,Male,34,Bachelor's Degree,2,community,3,2,2.4,3,4.08,Good candidates,Mid Range,0,0
1755,Anthony Black,Interviewing,2023-05-14,2023,5,925,Male,25,High School,13,Not Mentioned,1,5,3.4,3,5.7,Good candidates,High Range,0,0
1756,Cynthia Burton,Rejected,2023-05-16,2023,5,923,Other,36,Bachelor's Degree,16,Not Mentioned,3,5,4.2,2,6.7,"Strong fit, top candidates",High Range,0,1
1757,Aaron Stanton,Rejected,2023-07-14,2023,7,864,Female,56,Bachelor's Degree,13,Not Mentioned,3,5,4.2,1,6.5,"Strong fit, top candidates",High Range,0,1
1758,Lindsey Rogers,In Review,2023-06-18,2023,6,890,Other,21,High School,7,Not Mentioned,1,3,2.2,1,3.5,Weak candidates,Mid Range,0,0
1759,Gregory Cross,Rejected,2023-05-29,2023,5,910,Female,58,Bachelor's Degree,9,applications,3,4,3.6,1,5.6,Good candidates,Mid Range,0,1
1760,Melissa Cross,Offered,2023-07-30,2023,7,848,Female,30,Master's Degree,10,Not Mentioned,4,4,4,3,6.6,"Strong fit, top candidates",Mid Range,1,0
1761,Sara Mccarthy,Pending Review,2023-05-25,2023,5,914,Male,25,Master's Degree,18,art,4,5,4.6,3,7.615,"Strong fit, top candidates",Mid Range,0,0
1762,Amy Williams,Offered,2023-06-15,2023,6,893,Male,24,Bachelor's Degree,11,Not Mentioned,3,5,4.2,1,6.5,"Strong fit, top candidates",High Range,1,0
1763,Amanda Moore,In Review,2023-07-25,2023,7,853,Female,47,Bachelor's Degree,6,Not Mentioned,3,3,3,1,4.7,Good candidates,Mid Range,0,0
1764,Sarah Compton,Interviewing,2023-06-22,2023,6,886,Female,29,Bachelor's Degree,0,retail,3,1,1.8,3,3.21,Weak candidates,High Range,0,0
1765,James Mosley,In Review,2023-05-24,2023,5,915,Other,52,High School,4,Not Mentioned,1,2,1.6,1,2.6,Weak candidates,High Range,0,0
1766,Louis Hall,Offered,2023-07-05,2023,7,873,Male,32,Bachelor's Degree,11,Not Mentioned,3,5,4.2,3,6.9,"Strong fit, top candidates",High Range,1,0
1767,Alan Ochoa,In Review,2023-05-25,2023,5,914,Male,45,Bachelor's Degree,16,broadcasting (operations),3,5,4.2,2,6.7,"Strong fit, top candidates",High Range,0,0
1768,Shawn Berry,Offered,2023-07-25,2023,7,853,Male,53,Master's Degree,0,building,4,1,2.2,1,3.61,Weak candidates,Mid Range,1,0
1769,Vickie Ramirez,Pending Review,2023-07-24,2023,7,854,Other,48,Bachelor's Degree,9,Not Mentioned,3,4,3.6,1,5.6,Good candidates,Mid Range,0,0
1770,Nicholas Richards,Offered,2023-05-22,2023,5,917,Male,18,Bachelor's Degree,14,Not Mentioned,3,5,4.2,1,6.5,"Strong fit, top candidates",High Range,1,0
1771,Eddie Lawson,Pending Review,2023-06-12,2023,6,896,Male,24,High School,12,Not Mentioned,1,5,3.4,1,5.3,Good candidates,High Range,0,0
1772,Joseph Carson,In Review,2023-07-18,2023,7,860,Female,55,PhD,13,dance movement,5,5,5,1,7.7,"Strong fit, top candidates",Mid Range,0,0
1773,Jessica Rivera,Pending Review,2023-07-23,2023,7,855,Other,29,Master's Degree,12,Not Mentioned,4,5,4.6,3,7.5,"Strong fit, top candidates",High Range,0,0
1774,Justin Richards,Pending Review,2023-06-13,2023,6,895,Male,28,High School,17,Not Mentioned,1,5,3.4,3,5.7,Good candidates,High Range,0,0
1775,Lawrence Harris,Pending Review,2023-07-10,2023,7,868,Female,40,Bachelor's Degree,15,Not Mentioned,3,5,4.2,2,6.7,"Strong fit, top candidates",Mid Range,0,0
1776,Laura Brown,Pending Review,2023-05-18,2023,5,921,Male,33,PhD,10,Not Mentioned,5,4,4.4,3,7.2,"Strong fit, top candidates",High Range,0,0
1777,Cindy Collins,Interviewing,2023-07-12,2023,7,866,Male,30,Master's Degree,10,Not Mentioned,4,4,4,3,6.6,"Strong fit, top candidates",Mid Range,0,0
1778,Brenda Jones,Rejected,2023-06-06,2023,6,902,Female,58,Master's Degree,2,Not Mentioned,4,2,2.8,1,4.4,Good candidates,Mid Range,0,1
1779,Mary Fowler,Interviewing,2023-06-24,2023,6,884,Male,20,Bachelor's Degree,18,Not Mentioned,3,5,4.2,1,6.5,"Strong fit, top candidates",High Range,0,0
1780,Alyssa Rivers,In Review,2023-06-14,2023,6,894,Other,48,High School,3,local government,1,2,1.6,1,2.6,Weak candidates,High Range,0,0
1781,Christine Liu,Pending Review,2023-06-06,2023,6,902,Female,51,Bachelor's Degree,9,broadcasting/film/video,3,4,3.6,1,5.69,Good candidates,High Range,0,0
1782,Stacy Morgan,Rejected,2023-05-28,2023,5,911,Other,56,High School,20,Not Mentioned,1,5,3.4,1,5.3,Good candidates,High Range,0,1
1783,Wesley Olson,Pending Review,2023-07-02,2023,7,876,Other,60,Bachelor's Degree,6,Not Mentioned,3,3,3,1,4.7,Good candidates,High Range,0,0
1784,Warren Beck,Pending Review,2023-08-05,2023,8,842,Other,54,PhD,13,Not Mentioned,5,5,5,1,7.7,"Strong fit, top candidates",Mid Range,0,0
1785,William Montoya,Pending Review,2023-05-18,2023,5,921,Other,40,PhD,17,Not Mentioned,5,5,5,2,7.9,"Strong fit, top candidates",Mid Range,0,0
1786,Michael Bell,Pending Review,2023-05-26,2023,5,913,Female,37,Master's Degree,5,Not Mentioned,4,3,3.4,2,5.5,Good candidates,High Range,0,0
1787,Jose Fernandez,Rejected,2023-05-21,2023,5,918,Other,47,PhD,19,Not Mentioned,5,5,5,1,7.7,"Strong fit, top candidates",Mid Range,0,1
1788,David Cox,Offered,2023-07-13,2023,7,865,Other,35,Bachelor's Degree,11,Not Mentioned,3,5,4.2,3,6.9,"Strong fit, top candidates",High Range,1,0
1789,Carlos Edwards,Offered,2023-08-02,2023,8,845,Male,48,High School,7,research (life sciences),1,3,2.2,1,3.72,Weak candidates,Mid Range,1,0
1790,Tamara Martinez,In Review,2023-06-12,2023,6,896,Female,46,Bachelor's Degree,2,amenity,3,2,2.4,1,3.68,Weak candidates,Mid Range,0,0
1791,Elaine Smith,Rejected,2023-05-19,2023,5,920,Other,27,High School,17,Not Mentioned,1,5,3.4,3,5.7,Good candidates,Mid Range,0,1
1792,Caitlin Garcia,Pending Review,2023-05-31,2023,5,908,Other,42,Master's Degree,11,television/film/video,4,5,4.6,2,7.3,"Strong fit, top candidates",High Range,0,0
1793,Joseph Bennett,Offered,2023-06-11,2023,6,897,Male,61,Bachelor's Degree,3,Not Mentioned,3,2,2.4,1,3.8,Weak candidates,High Range,1,0
1794,Sydney Rocha,Pending Review,2023-05-27,2023,5,912,Other,33,Bachelor's Degree,6,Not Mentioned,3,3,3,3,5.1,Good candidates,Mid Range,0,0
1795,Joshua Hopkins,Pending Review,2023-06-11,2023,6,897,Female,39,PhD,1,Not Mentioned,5,1,2.6,2,4.3,Good candidates,High Range,0,0
1796,Lance Trujillo,Offered,2023-05-26,2023,5,913,Male,53,PhD,17,Not Mentioned,5,5,5,1,7.7,"Strong fit, top candidates",High Range,1,0
1797,Melissa Smith,In Review,2023-06-02,2023,6,906,Male,22,High School,7,Not Mentioned,1,3,2.2,1,3.5,Weak candidates,Mid Range,0,0
1798,Matthew Wade,Interviewing,2023-06-16,2023,6,892,Female,22,Master's Degree,4,Not Mentioned,4,2,2.8,1,4.4,Good candidates,Mid Range,0,0
1799,Jennifer Rangel,In Review,2023-06-19,2023,6,889,Other,29,PhD,15,Not Mentioned,5,5,5,3,8.1,"Strong fit, top candidates",Mid Range,0,0
1800,Donald Yoder,Pending Review,2023-05-24,2023,5,915,Male,19,High School,1,Not Mentioned,1,1,1,1,1.7,Weak candidates,Mid Range,0,0
1801,Scott Lane,Rejected,2023-05-09,2023,5,930,Male,18,Master's Degree,7,government,4,3,3.4,1,5.555,Good candidates,Mid Range,0,1
1802,Ann Higgins,Interviewing,2023-08-03,2023,8,844,Female,32,High School,20,Not Mentioned,1,5,3.4,3,5.7,Good candidates,Mid Range,0,0
1803,Travis Buchanan,Rejected,2023-08-04,2023,8,843,Other,33,PhD,4,Not Mentioned,5,2,3.2,3,5.4,Good candidates,High Range,0,1
1804,Jason Bennett,Interviewing,2023-05-06,2023,5,933,Other,57,Master's Degree,2,Not Mentioned,4,2,2.8,1,4.4,Good candidates,High Range,0,0
1805,Rhonda Alvarado,In Review,2023-07-26,2023,7,852,Male,39,Bachelor's Degree,13,Not Mentioned,3,5,4.2,2,6.7,"Strong fit, top candidates",Mid Range,0,0
1806,Barbara Long,In Review,2023-06-09,2023,6,899,Other,57,Master's Degree,3,Not Mentioned,4,2,2.8,1,4.4,Good candidates,High Range,0,0
1807,Tina Anthony,In Review,2023-06-19,2023,6,889,Male,60,PhD,3,Not Mentioned,5,2,3.2,1,5,Good candidates,High Range,0,0
1808,Mary Wheeler,Pending Review,2023-07-03,2023,7,875,Female,46,Bachelor's Degree,6,structural,3,3,3,1,5,Good candidates,Mid Range,0,0
1809,Jonathan Martinez,Rejected,2023-06-17,2023,6,891,Other,48,Bachelor's Degree,9,Not Mentioned,3,4,3.6,1,5.6,Good candidates,Mid Range,0,1
1810,Ryan Morales,Offered,2023-07-14,2023,7,864,Male,25,PhD,11,Not Mentioned,5,5,5,3,8.1,"Strong fit, top candidates",Mid Range,1,0
1811,Kimberly Grant,Rejected,2023-07-08,2023,7,870,Female,29,Bachelor's Degree,11,Not Mentioned,3,5,4.2,3,6.9,"Strong fit, top candidates",Mid Range,0,1
1812,Alex Johnston,Interviewing,2023-06-30,2023,6,878,Male,52,PhD,18,Not Mentioned,5,5,5,1,7.7,"Strong fit, top candidates",Mid Range,0,0
1813,Victoria Ball,Offered,2023-07-16,2023,7,862,Female,44,High School,8,Not Mentioned,1,4,2.8,2,4.6,Good candidates,High Range,1,0
1814,Monique Cole,Offered,2023-08-04,2023,8,843,Male,29,Master's Degree,18,Not Mentioned,4,5,4.6,3,7.5,"Strong fit, top candidates",High Range,1,0
1815,Donald King,Pending Review,2023-05-21,2023,5,918,Female,50,Bachelor's Degree,2,fast food,3,2,2.4,1,3.68,Weak candidates,High Range,0,0
1816,Diana Adkins,Offered,2023-06-30,2023,6,878,Male,45,PhD,20,Not Mentioned,5,5,5,2,7.9,"Strong fit, top candidates",Mid Range,1,0
1817,Maria Brown,Pending Review,2023-06-10,2023,6,898,Other,30,Bachelor's Degree,4,Not Mentioned,3,2,2.4,3,4.2,Good candidates,High Range,0,0
1818,Mitchell Collins,Pending Review,2023-06-04,2023,6,904,Female,26,Bachelor's Degree,6,music,3,3,3,3,5.175,Good candidates,Mid Range,0,0
1819,Amanda Peters,Rejected,2023-07-03,2023,7,875,Female,46,Master's Degree,1,Not Mentioned,4,1,2.2,1,3.5,Weak candidates,High Range,0,1
1820,Jeffrey Wells,Rejected,2023-06-01,2023,6,907,Other,28,Bachelor's Degree,18,Not Mentioned,3,5,4.2,3,6.9,"Strong fit, top candidates",Mid Range,0,1
1821,Amy Mahoney,Pending Review,2023-06-16,2023,6,892,Female,38,High School,20,Not Mentioned,1,5,3.4,2,5.5,Good candidates,High Range,0,0
1822,Sabrina Greene,In Review,2023-07-09,2023,7,869,Male,46,PhD,15,Not Mentioned,5,5,5,1,7.7,"Strong fit, top candidates",High Range,0,0
1823,John Rogers,Interviewing,2023-07-04,2023,7,874,Other,45,High School,8,Not Mentioned,1,4,2.8,2,4.6,Good candidates,High Range,0,0
1824,Michael Davis,Interviewing,2023-05-06,2023,5,933,Female,31,High School,3,Not Mentioned,1,2,1.6,3,3,Weak candidates,High Range,0,0
1825,Stacey Hunt,Interviewing,2023-05-21,2023,5,918,Other,57,Bachelor's Degree,11,Not Mentioned,3,5,4.2,1,6.5,"Strong fit, top candidates",High Range,0,0
1826,John Green,In Review,2023-07-31,2023,7,847,Female,54,Bachelor's Degree,16,engineering,3,5,4.2,1,6.92,"Strong fit, top candidates",High Range,0,0
1827,Heather Ellis,In Review,2023-06-29,2023,6,879,Male,41,High School,1,educational,1,1,1,2,1.95,Weak candidates,Mid Range,0,0
1828,Edward Hart,Interviewing,2023-05-12,2023,5,927,Male,34,Master's Degree,8,Not Mentioned,4,4,4,3,6.6,"Strong fit, top candidates",High Range,0,0
1829,Isaac Taylor,Offered,2023-05-15,2023,5,924,Female,31,Master's Degree,12,Not Mentioned,4,5,4.6,3,7.5,"Strong fit, top candidates",High Range,1,0
1830,Michelle Gallagher,Pending Review,2023-06-09,2023,6,899,Male,53,PhD,4,research (medical),5,2,3.2,1,5.32,Good candidates,High Range,0,0
1831,Janice Tyler,Interviewing,2023-07-08,2023,7,870,Female,60,Bachelor's Degree,6,Not Mentioned,3,3,3,1,4.7,Good candidates,High Range,0,0
1832,Dustin Wolfe,Interviewing,2023-05-12,2023,5,927,Female,49,High School,2,Not Mentioned,1,2,1.6,1,2.6,Weak candidates,High Range,0,0
1833,Diana Durham,Interviewing,2023-05-30,2023,5,909,Female,54,Master's Degree,0,Not Mentioned,4,1,2.2,1,3.5,Weak candidates,Mid Range,0,0
1834,Fred Lopez,In Review,2023-08-05,2023,8,842,Male,22,Master's Degree,20,Not Mentioned,4,5,4.6,1,7.1,"Strong fit, top candidates",High Range,0,0
1835,Kevin Benson,Offered,2023-05-14,2023,5,925,Other,48,Bachelor's Degree,10,Not Mentioned,3,4,3.6,1,5.6,Good candidates,Mid Range,1,0
1836,Maureen Bates,Rejected,2023-06-01,2023,6,907,Female,46,Master's Degree,20,Not Mentioned,4,5,4.6,1,7.1,"Strong fit, top candidates",High Range,0,1
1837,James Robinson,Rejected,2023-08-04,2023,8,843,Male,25,Master's Degree,10,Not Mentioned,4,4,4,3,6.6,"Strong fit, top candidates",Mid Range,0,1
1838,Lydia Williams,In Review,2023-07-17,2023,7,861,Other,33,Bachelor's Degree,13,Not Mentioned,3,5,4.2,3,6.9,"Strong fit, top candidates",Mid Range,0,0
1839,Nicholas Stone,In Review,2023-08-01,2023,8,846,Male,60,Master's Degree,4,Not Mentioned,4,2,2.8,1,4.4,Good candidates,Mid Range,0,0
1840,Debra Schwartz,Interviewing,2023-07-19,2023,7,859,Other,36,Master's Degree,9,music,4,4,4,2,6.5,"Strong fit, top candidates",Mid Range,0,0
1841,Kyle Kerr,Pending Review,2023-06-12,2023,6,896,Male,32,High School,5,Not Mentioned,1,3,2.2,3,3.9,Weak candidates,Mid Range,0,0
1842,Elizabeth Crawford,Interviewing,2023-07-14,2023,7,864,Male,52,High School,17,Not Mentioned,1,5,3.4,1,5.3,Good candidates,High Range,0,0
1843,Sarah Young,Interviewing,2023-05-29,2023,5,910,Male,24,PhD,10,Not Mentioned,5,4,4.4,1,6.8,"Strong fit, top candidates",High Range,0,0
1844,Thomas Webster,Pending Review,2023-05-11,2023,5,928,Male,21,Bachelor's Degree,3,Not Mentioned,3,2,2.4,1,3.8,Weak candidates,Mid Range,0,0
1845,Kevin Rose,Rejected,2023-05-12,2023,5,927,Female,44,PhD,1,Not Mentioned,5,1,2.6,2,4.3,Good candidates,High Range,0,1
1846,William Cervantes,In Review,2023-05-31,2023,5,908,Female,59,Bachelor's Degree,1,Not Mentioned,3,1,1.8,1,2.9,Weak candidates,High Range,0,0
1847,James Greer,Offered,2023-05-14,2023,5,925,Female,38,Bachelor's Degree,1,Not Mentioned,3,1,1.8,2,3.1,Weak candidates,High Range,1,0
1848,Vanessa Martin,Interviewing,2023-07-19,2023,7,859,Female,41,Bachelor's Degree,9,Not Mentioned,3,4,3.6,2,5.8,Good candidates,Mid Range,0,0
1849,Melanie Anderson,Interviewing,2023-05-12,2023,5,927,Female,18,High School,16,electrical,1,5,3.4,1,5.64,Good candidates,Mid Range,0,0
1850,Eric Johnson,Pending Review,2023-06-25,2023,6,883,Other,57,Master's Degree,4,Not Mentioned,4,2,2.8,1,4.4,Good candidates,Mid Range,0,0
1851,Melissa Mann,Rejected,2023-08-04,2023,8,843,Female,50,Bachelor's Degree,8,Not Mentioned,3,4,3.6,1,5.6,Good candidates,High Range,0,1
1852,Christina Ramos,In Review,2023-05-21,2023,5,918,Male,20,Bachelor's Degree,20,Not Mentioned,3,5,4.2,1,6.5,"Strong fit, top candidates",Mid Range,0,0
1853,Christian Montgomery,In Review,2023-07-25,2023,7,853,Female,38,High School,11,Not Mentioned,1,5,3.4,2,5.5,Good candidates,High Range,0,0
1854,Joshua King,In Review,2023-06-09,2023,6,899,Male,59,High School,7,Not Mentioned,1,3,2.2,1,3.5,Weak candidates,Mid Range,0,0
1855,Sharon Gomez,In Review,2023-05-21,2023,5,918,Other,31,High School,4,insurance,1,2,1.6,3,3,Weak candidates,Mid Range,0,0
1856,Tiffany Snow,In Review,2023-05-11,2023,5,928,Male,47,Master's Degree,15,Not Mentioned,4,5,4.6,1,7.1,"Strong fit, top candidates",High Range,0,0
1857,Ryan Stein,Rejected,2023-06-30,2023,6,878,Male,50,Master's Degree,6,Not Mentioned,4,3,3.4,1,5.3,Good candidates,High Range,0,1
1858,Brittney Bray,Pending Review,2023-07-11,2023,7,867,Female,30,Bachelor's Degree,6,Not Mentioned,3,3,3,3,5.1,Good candidates,High Range,0,0
1859,Bryan Moreno,Offered,2023-05-28,2023,5,911,Female,19,High School,3,Not Mentioned,1,2,1.6,1,2.6,Weak candidates,High Range,1,0
1860,Natalie Carlson,Interviewing,2023-05-18,2023,5,921,Other,41,PhD,6,sports,5,3,3.8,2,5.91,Good candidates,High Range,0,0
1861,Jordan Wright,Pending Review,2023-07-17,2023,7,861,Other,34,Master's Degree,0,hospital,4,1,2.2,3,3.9,Weak candidates,Mid Range,0,0
1862,Alicia Scott,Pending Review,2023-07-31,2023,7,847,Male,57,High School,1,trade union,1,1,1,1,1.775,Weak candidates,High Range,0,0
1863,Robert Rice,Interviewing,2023-05-24,2023,5,915,Male,46,High School,12,civil (contracting),1,5,3.4,1,5.64,Good candidates,High Range,0,0
1864,Victoria Lambert,Rejected,2023-05-15,2023,5,924,Other,31,PhD,10,Not Mentioned,5,4,4.4,3,7.2,"Strong fit, top candidates",Mid Range,0,1
1865,Dawn Jennings,Offered,2023-07-07,2023,7,871,Female,24,Master's Degree,7,civil (consulting),4,3,3.4,1,5.64,Good candidates,Mid Range,1,0
1866,Cindy Jordan,Rejected,2023-05-25,2023,5,914,Other,37,High School,2,Not Mentioned,1,2,1.6,2,2.8,Weak candidates,Mid Range,0,1
1867,Beth Patterson,Pending Review,2023-05-23,2023,5,916,Other,32,Master's Degree,0,Not Mentioned,4,1,2.2,3,3.9,Weak candidates,High Range,0,0
1868,Amy Lopez,Offered,2023-05-22,2023,5,917,Female,32,PhD,16,Not Mentioned,5,5,5,3,8.1,"Strong fit, top candidates",High Range,1,0
1869,Anna Lynch,Offered,2023-07-22,2023,7,856,Male,42,Master's Degree,10,international aid,4,4,4,2,6.4,"Strong fit, top candidates",Mid Range,1,0
1870,Samantha Mccall,Rejected,2023-06-06,2023,6,902,Other,34,PhD,5,Not Mentioned,5,3,3.8,3,6.3,"Strong fit, top candidates",High Range,0,1
1871,Brian Jordan,Offered,2023-06-10,2023,6,898,Female,57,High School,3,dispensing,1,2,1.6,1,2.6,Weak candidates,High Range,1,0
1872,John Sullivan,Pending Review,2023-05-15,2023,5,924,Female,29,PhD,7,Not Mentioned,5,3,3.8,3,6.3,"Strong fit, top candidates",High Range,0,0
1873,Kristen Thomas,Interviewing,2023-06-20,2023,6,888,Male,48,PhD,12,Not Mentioned,5,5,5,1,7.7,"Strong fit, top candidates",High Range,0,0
1874,Christian Mcintosh,Offered,2023-07-24,2023,7,854,Female,32,Bachelor's Degree,6,historic buildings,3,3,3,3,5.1,Good candidates,High Range,1,0
1875,Jennifer Gomez,In Review,2023-06-26,2023,6,882,Male,35,PhD,0,Not Mentioned,5,1,2.6,3,4.5,Good candidates,High Range,0,0
1876,Rhonda Valdez,Pending Review,2023-05-08,2023,5,931,Female,41,High School,1,Not Mentioned,1,1,1,2,1.9,Weak candidates,High Range,0,0
1877,Jesus Miller,Interviewing,2023-06-21,2023,6,887,Female,45,PhD,10,Not Mentioned,5,4,4.4,2,7,"Strong fit, top candidates",High Range,0,0
1878,Deborah Holden,Pending Review,2023-05-28,2023,5,911,Other,30,Master's Degree,6,electronics,4,3,3.4,3,6.04,"Strong fit, top candidates",High Range,0,0
1879,Victoria George,In Review,2023-07-30,2023,7,848,Female,53,Bachelor's Degree,8,child,3,4,3.6,1,5.6,Good candidates,High Range,0,0
1880,Leslie Webb,Pending Review,2023-08-01,2023,8,846,Male,39,Bachelor's Degree,7,Not Mentioned,3,3,3,2,4.9,Good candidates,Mid Range,0,0
1881,Heather Davis,In Review,2023-06-29,2023,6,879,Male,48,PhD,1,forensic,5,1,2.6,1,4.425,Good candidates,Mid Range,0,0
1882,Gwendolyn Cruz,Pending Review,2023-06-29,2023,6,879,Female,47,Bachelor's Degree,6,trade union,3,3,3,1,4.925,Good candidates,Mid Range,0,0
1883,James Schultz,In Review,2023-05-29,2023,5,910,Female,50,PhD,0,furniture,5,1,2.6,1,4.1,Good candidates,Mid Range,0,0
1884,Andrew Fuentes,Rejected,2023-07-05,2023,7,873,Female,54,High School,10,Not Mentioned,1,4,2.8,1,4.4,Good candidates,High Range,0,1
1885,Jacob Hunt,Offered,2023-06-27,2023,6,881,Female,25,Master's Degree,18,Not Mentioned,4,5,4.6,3,7.5,"Strong fit, top candidates",High Range,1,0
1886,Warren Sanders,In Review,2023-07-24,2023,7,854,Female,41,Bachelor's Degree,17,nutritional,3,5,4.2,2,7.225,"Strong fit, top candidates",Mid Range,0,0
1887,Michael Cain,Offered,2023-07-01,2023,7,877,Male,38,Master's Degree,9,Not Mentioned,4,4,4,2,6.4,"Strong fit, top candidates",Mid Range,1,0
1888,Jeffrey Brown,Offered,2023-05-25,2023,5,914,Male,41,Master's Degree,0,Not Mentioned,4,1,2.2,2,3.7,Weak candidates,Mid Range,1,0
1889,Cassandra Barnett,Offered,2023-05-20,2023,5,919,Male,24,PhD,20,Not Mentioned,5,5,5,1,7.7,"Strong fit, top candidates",High Range,1,0
1890,Lauren Thomas,In Review,2023-07-08,2023,7,870,Female,59,High School,9,Not Mentioned,1,4,2.8,1,4.4,Good candidates,High Range,0,0
1891,Amy Frazier,Interviewing,2023-06-13,2023,6,895,Other,47,PhD,13,Not Mentioned,5,5,5,1,7.7,"Strong fit, top candidates",Mid Range,0,0
1892,Jennifer Martinez,Pending Review,2023-08-01,2023,8,846,Other,28,High School,20,Not Mentioned,1,5,3.4,3,5.7,Good candidates,High Range,0,0
1893,Robert Rodriguez,In Review,2023-07-02,2023,7,876,Other,45,Master's Degree,12,Not Mentioned,4,5,4.6,2,7.3,"Strong fit, top candidates",Mid Range,0,0
1894,Anthony Mccarthy,Offered,2023-06-24,2023,6,884,Other,30,PhD,0,Not Mentioned,5,1,2.6,3,4.5,Good candidates,Mid Range,1,0
1895,Janice Combs,In Review,2023-06-24,2023,6,884,Female,28,Master's Degree,18,Not Mentioned,4,5,4.6,3,7.5,"Strong fit, top candidates",High Range,0,0
1896,Jennifer Lawrence,Pending Review,2023-07-05,2023,7,873,Male,51,High School,11,Not Mentioned,1,5,3.4,1,5.3,Good candidates,High Range,0,0
1897,Angel Jensen,In Review,2023-05-14,2023,5,925,Male,53,High School,12,Not Mentioned,1,5,3.4,1,5.3,Good candidates,High Range,0,0
1898,Jessica Walker,Rejected,2023-06-25,2023,6,883,Male,21,Bachelor's Degree,19,Not Mentioned,3,5,4.2,1,6.5,"Strong fit, top candidates",High Range,0,1
1899,Pamela Barton,Interviewing,2023-07-14,2023,7,864,Other,33,Bachelor's Degree,9,Not Mentioned,3,4,3.6,3,6,"Strong fit, top candidates",High Range,0,0
1900,Ronald Barnes,In Review,2023-06-29,2023,6,879,Other,47,Master's Degree,7,Not Mentioned,4,3,3.4,1,5.3,Good candidates,High Range,0,0
1901,Chad Baker,Interviewing,2023-05-22,2023,5,917,Male,48,High School,12,Not Mentioned,1,5,3.4,1,5.3,Good candidates,Mid Range,0,0
1902,Gloria Gomez,Pending Review,2023-07-19,2023,7,859,Male,46,Bachelor's Degree,13,Not Mentioned,3,5,4.2,1,6.5,"Strong fit, top candidates",High Range,0,0
1903,Kristina Nguyen,Pending Review,2023-06-08,2023,6,900,Female,44,Master's Degree,18,Not Mentioned,4,5,4.6,2,7.3,"Strong fit, top candidates",High Range,0,0
1904,Phillip Barnes,Offered,2023-05-20,2023,5,919,Female,56,Master's Degree,4,Not Mentioned,4,2,2.8,1,4.4,Good candidates,High Range,1,0
1905,Jason Brown,Rejected,2023-06-23,2023,6,885,Male,40,High School,14,Not Mentioned,1,5,3.4,2,5.5,Good candidates,High Range,0,1
1906,Kim Callahan,Offered,2023-05-21,2023,5,918,Female,33,High School,13,research (maths),1,5,3.4,3,6.04,"Strong fit, top candidates",High Range,1,0
1907,Michael Brown,Offered,2023-05-30,2023,5,909,Male,38,High School,20,Not Mentioned,1,5,3.4,2,5.5,Good candidates,High Range,1,0
1908,Evelyn Wheeler,Rejected,2023-07-03,2023,7,875,Male,21,Master's Degree,6,Not Mentioned,4,3,3.4,1,5.3,Good candidates,High Range,0,1
1909,Robert Thomas,Offered,2023-07-28,2023,7,850,Female,19,PhD,5,Not Mentioned,5,3,3.8,1,5.9,Good candidates,Mid Range,1,0
1910,Brian Navarro,Offered,2023-05-06,2023,5,933,Other,50,PhD,15,public,5,5,5,1,7.7,"Strong fit, top candidates",High Range,1,0
1911,Ronald Nichols,Offered,2023-06-27,2023,6,881,Female,54,Bachelor's Degree,17,Not Mentioned,3,5,4.2,1,6.5,"Strong fit, top candidates",Mid Range,1,0
1912,Steven King,Offered,2023-06-23,2023,6,885,Other,51,PhD,17,Not Mentioned,5,5,5,1,7.7,"Strong fit, top candidates",High Range,1,0
1913,Catherine Ware,Offered,2023-05-30,2023,5,909,Male,19,Bachelor's Degree,2,hospital,3,2,2.4,1,3.8,Weak candidates,Mid Range,1,0
1914,Justin Brock,Offered,2023-06-09,2023,6,899,Other,58,High School,9,Not Mentioned,1,4,2.8,1,4.4,Good candidates,Mid Range,1,0
1915,Kevin Kramer,Offered,2023-07-10,2023,7,868,Female,46,Master's Degree,19,Not Mentioned,4,5,4.6,1,7.1,"Strong fit, top candidates",Mid Range,1,0
1916,Kelsey Wood,Pending Review,2023-07-31,2023,7,847,Male,35,High School,1,Not Mentioned,1,1,1,3,2.1,Weak candidates,Mid Range,0,0
1917,Kent Martin,Rejected,2023-07-19,2023,7,859,Male,31,PhD,16,research (medical),5,5,5,3,8.6,"Strong fit, top candidates",Mid Range,0,1
1918,Sabrina Roberts,Rejected,2023-05-28,2023,5,911,Male,22,Master's Degree,16,Not Mentioned,4,5,4.6,1,7.1,"Strong fit, top candidates",High Range,0,1
1919,Patricia Lane,In Review,2023-05-26,2023,5,913,Male,41,PhD,6,Not Mentioned,5,3,3.8,2,6.1,"Strong fit, top candidates",Mid Range,0,0
1920,Dale Garcia,Offered,2023-07-22,2023,7,856,Other,27,Master's Degree,10,Not Mentioned,4,4,4,3,6.6,"Strong fit, top candidates",High Range,1,0
1921,Christine Martinez,Interviewing,2023-05-29,2023,5,910,Male,35,High School,18,adult,1,5,3.4,3,5.7,Good candidates,Mid Range,0,0
1922,Michael Nelson,Pending Review,2023-06-05,2023,6,903,Male,54,Master's Degree,20,Not Mentioned,4,5,4.6,1,7.1,"Strong fit, top candidates",Mid Range,0,0
1923,Ashley Stephens,Interviewing,2023-06-05,2023,6,903,Other,46,PhD,4,Not Mentioned,5,2,3.2,1,5,Good candidates,High Range,0,0
1924,Katherine Wilson,Interviewing,2023-06-20,2023,6,888,Other,35,Bachelor's Degree,19,nature,3,5,4.2,3,6.9,"Strong fit, top candidates",High Range,0,0
1925,George Thomas,Rejected,2023-06-29,2023,6,879,Female,43,PhD,13,Not Mentioned,5,5,5,2,7.9,"Strong fit, top candidates",Mid Range,0,1
1926,Traci Francis,Pending Review,2023-07-26,2023,7,852,Female,55,PhD,19,structural,5,5,5,1,8.2,"Strong fit, top candidates",High Range,0,0
1927,Madeline Mckinney,Interviewing,2023-05-28,2023,5,911,Female,25,Bachelor's Degree,19,Not Mentioned,3,5,4.2,3,6.9,"Strong fit, top candidates",Mid Range,0,0
1928,Joshua Walsh,Rejected,2023-07-14,2023,7,864,Other,32,Master's Degree,15,Not Mentioned,4,5,4.6,3,7.5,"Strong fit, top candidates",High Range,0,1
1929,Natalie Garcia,Rejected,2023-05-14,2023,5,925,Other,26,High School,11,Not Mentioned,1,5,3.4,3,5.7,Good candidates,High Range,0,1
1930,Elizabeth Hill,In Review,2023-06-23,2023,6,885,Female,45,High School,12,Not Mentioned,1,5,3.4,2,5.5,Good candidates,Mid Range,0,0
1931,Walter Mathis,In Review,2023-06-13,2023,6,895,Female,24,Master's Degree,10,Not Mentioned,4,4,4,1,6.2,"Strong fit, top candidates",Mid Range,0,0
1932,Misty Cook,Offered,2023-08-03,2023,8,844,Other,29,PhD,1,Not Mentioned,5,1,2.6,3,4.5,Good candidates,High Range,1,0
1933,Kayla Edwards,Rejected,2023-05-24,2023,5,915,Other,54,PhD,17,rural practice,5,5,5,1,7.95,"Strong fit, top candidates",Mid Range,0,1
1934,Michael Miller,Pending Review,2023-05-17,2023,5,922,Other,20,Bachelor's Degree,18,local government,3,5,4.2,1,6.5,"Strong fit, top candidates",High Range,0,0
1935,Corey Torres,In Review,2023-06-10,2023,6,898,Female,56,PhD,12,planning and development,5,5,5,1,7.95,"Strong fit, top candidates",High Range,0,0
1936,Bethany Lee,Interviewing,2023-05-14,2023,5,925,Other,22,PhD,4,molecular,5,2,3.2,1,5.32,Good candidates,High Range,0,0
1937,Joel Cobb,Pending Review,2023-05-29,2023,5,910,Female,19,Bachelor's Degree,4,Not Mentioned,3,2,2.4,1,3.8,Weak candidates,Mid Range,0,0
1938,Jacob Mcconnell,Offered,2023-05-14,2023,5,925,Male,19,Bachelor's Degree,7,consulting,3,3,3,1,4.7,Good candidates,High Range,1,0
1939,Melanie Miller,Offered,2023-07-02,2023,7,876,Other,35,PhD,19,Not Mentioned,5,5,5,3,8.1,"Strong fit, top candidates",High Range,1,0
1940,Tammy Anderson,Interviewing,2023-07-26,2023,7,852,Female,43,PhD,19,music,5,5,5,2,8.025,"Strong fit, top candidates",Mid Range,0,0
1941,Julie Conley,Offered,2023-07-01,2023,7,877,Female,42,PhD,12,Not Mentioned,5,5,5,2,7.9,"Strong fit, top candidates",Mid Range,1,0
1942,Richard Cantrell,Pending Review,2023-07-01,2023,7,877,Other,57,Master's Degree,10,Not Mentioned,4,4,4,1,6.2,"Strong fit, top candidates",Mid Range,0,0
1943,Daniel Pugh,Rejected,2023-07-01,2023,7,877,Female,59,Master's Degree,14,Not Mentioned,4,5,4.6,1,7.1,"Strong fit, top candidates",High Range,0,1
1944,Karen Ewing,Offered,2023-06-30,2023,6,878,Female,52,Master's Degree,4,minerals,4,2,2.8,1,4.68,Good candidates,Mid Range,1,0
1945,Matthew Wright,Rejected,2023-07-01,2023,7,877,Male,28,Bachelor's Degree,13,Not Mentioned,3,5,4.2,3,6.9,"Strong fit, top candidates",High Range,0,1
1946,James Waters,Interviewing,2023-07-30,2023,7,848,Female,29,Master's Degree,8,Not Mentioned,4,4,4,3,6.6,"Strong fit, top candidates",High Range,0,0
1947,Kathryn Davis,Pending Review,2023-07-18,2023,7,860,Female,45,Master's Degree,8,Not Mentioned,4,4,4,2,6.4,"Strong fit, top candidates",High Range,0,0
1948,Robert Castillo,Rejected,2023-06-21,2023,6,887,Female,33,PhD,5,Not Mentioned,5,3,3.8,3,6.3,"Strong fit, top candidates",Mid Range,0,1
1949,Jessica Reed,Offered,2023-06-19,2023,6,889,Female,23,High School,19,Not Mentioned,1,5,3.4,1,5.3,Good candidates,High Range,1,0
1950,Rodney Thomas,Pending Review,2023-06-16,2023,6,892,Male,39,Bachelor's Degree,7,Not Mentioned,3,3,3,2,4.9,Good candidates,Mid Range,0,0
1951,Lisa Todd,In Review,2023-06-22,2023,6,886,Male,45,High School,8,Not Mentioned,1,4,2.8,2,4.6,Good candidates,Mid Range,0,0
1952,Angela Sullivan,Interviewing,2023-06-24,2023,6,884,Female,49,Bachelor's Degree,18,clinical,3,5,4.2,1,7.025,"Strong fit, top candidates",Mid Range,0,0
1953,Brittany Jones,Offered,2023-06-21,2023,6,887,Other,19,Bachelor's Degree,12,Not Mentioned,3,5,4.2,1,6.5,"Strong fit, top candidates",High Range,1,0
1954,Christopher Jackson,Offered,2023-07-03,2023,7,875,Other,51,Master's Degree,1,Not Mentioned,4,1,2.2,1,3.5,Weak candidates,High Range,1,0
1955,Frank Arroyo,In Review,2023-08-04,2023,8,843,Other,23,High School,0,government,1,1,1,1,1.775,Weak candidates,Mid Range,0,0
1956,Amber Torres,In Review,2023-07-15,2023,7,863,Female,31,Master's Degree,11,Not Mentioned,4,5,4.6,3,7.5,"Strong fit, top candidates",High Range,0,0
1957,Brittany Garcia,Pending Review,2023-08-04,2023,8,843,Female,19,PhD,8,biomedical,5,4,4.4,1,7.35,"Strong fit, top candidates",High Range,0,0
1958,Destiny Curry,Pending Review,2023-07-11,2023,7,867,Male,36,Master's Degree,18,Not Mentioned,4,5,4.6,2,7.3,"Strong fit, top candidates",High Range,0,0
1959,Kenneth Figueroa,Interviewing,2023-06-29,2023,6,879,Other,22,High School,6,clinical (histocompatibility and immunogenetics),1,3,2.2,1,3.775,Weak candidates,High Range,0,0
1960,Brian Garcia,In Review,2023-05-18,2023,5,921,Other,40,Bachelor's Degree,16,research (life sciences),3,5,4.2,2,7.12,"Strong fit, top candidates",Mid Range,0,0
1961,Valerie Steele,In Review,2023-06-09,2023,6,899,Male,42,PhD,19,Not Mentioned,5,5,5,2,7.9,"Strong fit, top candidates",Mid Range,0,0
1962,Patrick Doyle,In Review,2023-05-21,2023,5,918,Female,45,Bachelor's Degree,3,Not Mentioned,3,2,2.4,2,4,Good candidates,Mid Range,0,0
1963,Matthew Baldwin,In Review,2023-06-24,2023,6,884,Male,49,High School,6,graphic,1,3,2.2,1,3.555,Weak candidates,High Range,0,0
1964,Aaron Bryan,Pending Review,2023-06-18,2023,6,890,Female,41,High School,4,Not Mentioned,1,2,1.6,2,2.8,Weak candidates,Mid Range,0,0
1965,Maurice Dominguez,In Review,2023-07-22,2023,7,856,Other,50,Bachelor's Degree,19,Not Mentioned,3,5,4.2,1,6.5,"Strong fit, top candidates",Mid Range,0,0
1966,Travis Robinson,Pending Review,2023-06-28,2023,6,880,Other,41,Master's Degree,6,arts,4,3,3.4,2,5.585,Good candidates,High Range,0,0
1967,Gregory Williams,Pending Review,2023-08-01,2023,8,846,Female,52,High School,1,Not Mentioned,1,1,1,1,1.7,Weak candidates,Mid Range,0,0
1968,Deborah Dudley,Rejected,2023-06-15,2023,6,893,Female,59,High School,11,Not Mentioned,1,5,3.4,1,5.3,Good candidates,Mid Range,0,1
1969,Dana Wong,Offered,2023-07-23,2023,7,855,Female,50,Bachelor's Degree,19,Not Mentioned,3,5,4.2,1,6.5,"Strong fit, top candidates",High Range,1,0
1970,Christopher Gonzalez,Pending Review,2023-07-18,2023,7,860,Female,32,High School,14,Not Mentioned,1,5,3.4,3,5.7,Good candidates,Mid Range,0,0
1971,Nicholas Terrell,Rejected,2023-06-25,2023,6,883,Female,25,Bachelor's Degree,20,Not Mentioned,3,5,4.2,3,6.9,"Strong fit, top candidates",High Range,0,1
1972,Wendy Strong,Interviewing,2023-05-28,2023,5,911,Other,39,Bachelor's Degree,15,Not Mentioned,3,5,4.2,2,6.7,"Strong fit, top candidates",High Range,0,0
1973,Amanda Martin,In Review,2023-08-03,2023,8,844,Female,57,Master's Degree,2,manufacturing,4,2,2.8,1,4.68,Good candidates,High Range,0,0
1974,Samantha Soto,In Review,2023-07-01,2023,7,877,Male,18,Bachelor's Degree,5,Not Mentioned,3,3,3,1,4.7,Good candidates,Mid Range,0,0
1975,Sherri Lopez,Interviewing,2023-07-05,2023,7,873,Female,33,Master's Degree,18,Not Mentioned,4,5,4.6,3,7.5,"Strong fit, top candidates",High Range,0,0
1976,Brenda Russell,Interviewing,2023-07-07,2023,7,871,Other,30,Bachelor's Degree,20,Not Mentioned,3,5,4.2,3,6.9,"Strong fit, top candidates",Mid Range,0,0
1977,Jesus Rodriguez,Interviewing,2023-07-01,2023,7,877,Other,48,Master's Degree,16,Not Mentioned,4,5,4.6,1,7.1,"Strong fit, top candidates",Mid Range,0,0
1978,Kyle Scott,Rejected,2023-06-07,2023,6,901,Male,39,Master's Degree,10,Not Mentioned,4,4,4,2,6.4,"Strong fit, top candidates",Mid Range,0,1
1979,Kristen Hernandez,Pending Review,2023-05-14,2023,5,925,Female,50,PhD,10,Not Mentioned,5,4,4.4,1,6.8,"Strong fit, top candidates",High Range,0,0
1980,Margaret Perez,In Review,2023-06-03,2023,6,905,Male,31,Bachelor's Degree,16,Not Mentioned,3,5,4.2,3,6.9,"Strong fit, top candidates",High Range,0,0
1981,Shane Patterson,Pending Review,2023-06-27,2023,6,881,Male,36,Master's Degree,17,sports,4,5,4.6,2,7.07,"Strong fit, top candidates",Mid Range,0,0
1982,Betty Miller,Pending Review,2023-06-04,2023,6,904,Female,27,PhD,18,theatre/television/film,5,5,5,3,8.225,"Strong fit, top candidates",High Range,0,0
1983,Morgan Welch,Offered,2023-06-04,2023,6,904,Other,28,Bachelor's Degree,10,industrial/product,3,4,3.6,3,6,"Strong fit, top candidates",Mid Range,1,0
1984,Alex Diaz,Rejected,2023-08-04,2023,8,843,Female,51,Master's Degree,12,Not Mentioned,4,5,4.6,1,7.1,"Strong fit, top candidates",High Range,0,1
1985,Nicole Molina,Rejected,2023-07-25,2023,7,853,Other,18,High School,19,museum,1,5,3.4,1,5.3,Good candidates,High Range,0,1
1986,Keith Kelly,In Review,2023-06-03,2023,6,905,Male,49,High School,4,Not Mentioned,1,2,1.6,1,2.6,Weak candidates,Mid Range,0,0
1987,Samantha Stewart,Pending Review,2023-05-30,2023,5,909,Male,54,Bachelor's Degree,6,Not Mentioned,3,3,3,1,4.7,Good candidates,Mid Range,0,0
1988,Laura Bailey,Pending Review,2023-06-24,2023,6,884,Female,41,Master's Degree,4,Not Mentioned,4,2,2.8,2,4.6,Good candidates,Mid Range,0,0
1989,Megan Evans,Rejected,2023-07-18,2023,7,860,Other,39,Bachelor's Degree,17,Not Mentioned,3,5,4.2,2,6.7,"Strong fit, top candidates",High Range,0,1
1990,Amber Zuniga,Rejected,2023-05-10,2023,5,929,Other,37,Master's Degree,6,Not Mentioned,4,3,3.4,2,5.5,Good candidates,Mid Range,0,1
1991,Cynthia Sullivan,In Review,2023-05-21,2023,5,918,Male,36,High School,13,building services,1,5,3.4,2,5.67,Good candidates,Mid Range,0,0
1992,Anthony Simpson,Rejected,2023-07-25,2023,7,853,Other,38,High School,3,broadcasting,1,2,1.6,2,2.84,Weak candidates,High Range,0,1
1993,Daniel Chaney,In Review,2023-07-17,2023,7,861,Male,43,High School,20,Not Mentioned,1,5,3.4,2,5.5,Good candidates,Mid Range,0,0
1994,Amanda Henderson,Interviewing,2023-06-14,2023,6,894,Male,32,PhD,20,radio,5,5,5,3,8.1,"Strong fit, top candidates",Mid Range,0,0
1995,Ronnie Juarez,In Review,2023-05-14,2023,5,925,Male,54,Bachelor's Degree,2,Not Mentioned,3,2,2.4,1,3.8,Weak candidates,Mid Range,0,0
1996,Debra Ellis,Pending Review,2023-07-09,2023,7,869,Male,44,High School,11,multimedia,1,5,3.4,2,5.585,Good candidates,High Range,0,0
1997,Shelby Thompson,In Review,2023-07-16,2023,7,862,Other,57,Bachelor's Degree,2,furniture,3,2,2.4,1,3.8,Weak candidates,Mid Range,0,0
1998,Amber Snow,In Review,2023-06-04,2023,6,904,Other,18,PhD,8,Not Mentioned,5,4,4.4,1,6.8,"Strong fit, top candidates",Mid Range,0,0
1999,Charles Anderson,Rejected,2023-07-30,2023,7,848,Male,24,High School,13,Not Mentioned,1,5,3.4,1,5.3,Good candidates,Mid Range,0,1
2000,Carol Moon,Rejected,2023-07-30,2023,7,848,Male,56,Master's Degree,9,Not Mentioned,4,4,4,1,6.2,"Strong fit, top candidates",High Range,0,1
2001,John Holt,Rejected,2023-05-19,2023,5,920,Other,48,PhD,13,Not Mentioned,5,5,5,1,7.7,"Strong fit, top candidates",Mid Range,0,1
2002,Hannah Curry,Offered,2023-06-17,2023,6,891,Other,29,Master's Degree,20,prison and probation services,4,5,4.6,3,7.5,"Strong fit, top candidates",Mid Range,1,0
2003,Bethany Sherman,Interviewing,2023-05-23,2023,5,916,Other,60,High School,2,Not Mentioned,1,2,1.6,1,2.6,Weak candidates,Mid Range,0,0
2004,Christopher Jackson,Interviewing,2023-06-12,2023,6,896,Other,27,Master's Degree,11,Not Mentioned,4,5,4.6,3,7.5,"Strong fit, top candidates",Mid Range,0,0
2005,Clinton Ortiz,Pending Review,2023-07-27,2023,7,851,Other,47,Master's Degree,7,Not Mentioned,4,3,3.4,1,5.3,Good candidates,High Range,0,0
2006,Kaitlyn Branch,Rejected,2023-05-11,2023,5,928,Male,46,Bachelor's Degree,7,Not Mentioned,3,3,3,1,4.7,Good candidates,High Range,0,1
2007,Christy Chambers,Rejected,2023-07-29,2023,7,849,Male,45,High School,14,Not Mentioned,1,5,3.4,2,5.5,Good candidates,Mid Range,0,1
2008,Jessica Wilson,Interviewing,2023-06-20,2023,6,888,Female,56,Bachelor's Degree,7,clinical,3,3,3,1,5.075,Good candidates,High Range,0,0
2009,Daniel Gallegos,Rejected,2023-07-07,2023,7,871,Female,31,PhD,15,control and instrumentation,5,5,5,3,8.6,"Strong fit, top candidates",High Range,0,1
2010,Daniel Rogers,Rejected,2023-06-08,2023,6,900,Female,43,Master's Degree,18,Not Mentioned,4,5,4.6,2,7.3,"Strong fit, top candidates",Mid Range,0,1
2011,Amy Wilson,Rejected,2023-05-22,2023,5,917,Female,25,PhD,6,Not Mentioned,5,3,3.8,3,6.3,"Strong fit, top candidates",Mid Range,0,1
2012,John Kirk,Offered,2023-07-05,2023,7,873,Female,24,High School,16,Not Mentioned,1,5,3.4,1,5.3,Good candidates,High Range,1,0
2013,Michelle White,In Review,2023-06-18,2023,6,890,Other,49,PhD,2,Not Mentioned,5,2,3.2,1,5,Good candidates,High Range,0,0
2014,Jermaine White,Pending Review,2023-08-02,2023,8,845,Other,35,PhD,0,Not Mentioned,5,1,2.6,3,4.5,Good candidates,Mid Range,0,0
2015,Aimee Gomez,Pending Review,2023-06-04,2023,6,904,Other,32,High School,7,Not Mentioned,1,3,2.2,3,3.9,Weak candidates,High Range,0,0
2016,Micheal Russell,Rejected,2023-06-23,2023,6,885,Other,37,PhD,20,quantity,5,5,5,2,8.65,"Strong fit, top candidates",High Range,0,1
2017,Connie Powers,In Review,2023-05-27,2023,5,912,Female,46,High School,19,trade union,1,5,3.4,1,5.555,Good candidates,High Range,0,0
2018,Lorraine Friedman,Pending Review,2023-06-11,2023,6,897,Male,21,PhD,0,Not Mentioned,5,1,2.6,1,4.1,Good candidates,High Range,0,0
2019,Carl Johnson,Offered,2023-05-23,2023,5,916,Female,54,Master's Degree,13,Not Mentioned,4,5,4.6,1,7.1,"Strong fit, top candidates",Mid Range,1,0
2020,Christopher Gonzalez,In Review,2023-05-08,2023,5,931,Other,29,PhD,16,Not Mentioned,5,5,5,3,8.1,"Strong fit, top candidates",Mid Range,0,0
2021,Lisa Mueller,Interviewing,2023-06-12,2023,6,896,Female,49,Bachelor's Degree,4,Not Mentioned,3,2,2.4,1,3.8,Weak candidates,High Range,0,0
2022,Sarah Stephens,Rejected,2023-07-22,2023,7,856,Male,55,High School,11,Not Mentioned,1,5,3.4,1,5.3,Good candidates,High Range,0,1
2023,Charles Richards,Rejected,2023-05-19,2023,5,920,Other,45,PhD,6,Not Mentioned,5,3,3.8,2,6.1,"Strong fit, top candidates",Mid Range,0,1
2024,Corey Harris,In Review,2023-07-05,2023,7,873,Male,42,Master's Degree,5,corporate,4,3,3.4,2,5.755,Good candidates,High Range,0,0
2025,Derrick Cherry,In Review,2023-05-29,2023,5,910,Other,19,PhD,9,Not Mentioned,5,4,4.4,1,6.8,"Strong fit, top candidates",Mid Range,0,0
2026,Chelsea Watts,Rejected,2023-07-01,2023,7,877,Female,29,High School,10,magazine,1,4,2.8,3,4.87,Good candidates,Mid Range,0,1
2027,Aaron Hunt,Pending Review,2023-07-09,2023,7,869,Female,37,Master's Degree,12,production,4,5,4.6,2,7.3,"Strong fit, top candidates",High Range,0,0
2028,Justin Roth,Interviewing,2023-06-28,2023,6,880,Other,30,PhD,11,Not Mentioned,5,5,5,3,8.1,"Strong fit, top candidates",High Range,0,0
2029,Emily Rose,Interviewing,2023-07-16,2023,7,862,Other,37,Bachelor's Degree,14,Not Mentioned,3,5,4.2,2,6.7,"Strong fit, top candidates",High Range,0,0
2030,Jessica Paul,Offered,2023-05-25,2023,5,914,Other,50,Master's Degree,3,Not Mentioned,4,2,2.8,1,4.4,Good candidates,High Range,1,0
2031,Amy Miller,Pending Review,2023-08-04,2023,8,843,Male,28,High School,16,Not Mentioned,1,5,3.4,3,5.7,Good candidates,High Range,0,0
2032,Tracy Lee,Rejected,2023-05-29,2023,5,910,Male,23,PhD,2,Not Mentioned,5,2,3.2,1,5,Good candidates,High Range,0,1
2033,Brent Summers,Offered,2023-07-29,2023,7,849,Male,40,Bachelor's Degree,11,Not Mentioned,3,5,4.2,2,6.7,"Strong fit, top candidates",Mid Range,1,0
2034,Angela Daniels,Offered,2023-06-10,2023,6,898,Female,55,Master's Degree,20,Not Mentioned,4,5,4.6,1,7.1,"Strong fit, top candidates",Mid Range,1,0
2035,Alicia Collier,Pending Review,2023-05-17,2023,5,922,Other,47,Master's Degree,5,Not Mentioned,4,3,3.4,1,5.3,Good candidates,Mid Range,0,0
2036,John Morales,Interviewing,2023-06-06,2023,6,902,Male,24,Bachelor's Degree,2,Not Mentioned,3,2,2.4,1,3.8,Weak candidates,High Range,0,0
2037,Crystal Holmes,Rejected,2023-05-18,2023,5,921,Female,38,Bachelor's Degree,2,community,3,2,2.4,2,3.88,Weak candidates,High Range,0,1
2038,Marisa Murray,Pending Review,2023-06-05,2023,6,903,Male,28,Master's Degree,19,Not Mentioned,4,5,4.6,3,7.5,"Strong fit, top candidates",Mid Range,0,0
2039,Ashley Willis,In Review,2023-07-27,2023,7,851,Female,34,High School,1,Not Mentioned,1,1,1,3,2.1,Weak candidates,High Range,0,0
2040,Margaret Reyes,Interviewing,2023-06-16,2023,6,892,Other,60,Bachelor's Degree,2,Not Mentioned,3,2,2.4,1,3.8,Weak candidates,High Range,0,0
2041,Amy Alexander,In Review,2023-05-15,2023,5,924,Male,31,PhD,7,Not Mentioned,5,3,3.8,3,6.3,"Strong fit, top candidates",High Range,0,0
2042,Betty Hall,Pending Review,2023-07-04,2023,7,874,Other,53,Master's Degree,6,Not Mentioned,4,3,3.4,1,5.3,Good candidates,High Range,0,0
2043,Rebecca Bishop,Rejected,2023-05-15,2023,5,924,Female,59,Master's Degree,8,company,4,4,4,1,6.5,"Strong fit, top candidates",High Range,0,1
2044,Karen Anthony,Offered,2023-06-09,2023,6,899,Male,58,Bachelor's Degree,18,chartered public finance,3,5,4.2,1,7.13,"Strong fit, top candidates",High Range,1,0
2045,Samuel Hays,Rejected,2023-07-05,2023,7,873,Male,52,Bachelor's Degree,12,Not Mentioned,3,5,4.2,1,6.5,"Strong fit, top candidates",Mid Range,0,1
2046,Michelle Perez,In Review,2023-07-19,2023,7,859,Male,21,Master's Degree,8,Not Mentioned,4,4,4,1,6.2,"Strong fit, top candidates",High Range,0,0
2047,Zachary Davis,Pending Review,2023-06-09,2023,6,899,Other,36,PhD,0,Not Mentioned,5,1,2.6,2,4.3,Good candidates,Mid Range,0,0
2048,Mario Murray,Rejected,2023-06-09,2023,6,899,Female,49,PhD,16,Not Mentioned,5,5,5,1,7.7,"Strong fit, top candidates",High Range,0,1
2049,Stephanie Costa,In Review,2023-08-02,2023,8,845,Male,56,High School,1,Not Mentioned,1,1,1,1,1.7,Weak candidates,High Range,0,0
2050,Christy Johnson,Interviewing,2023-07-16,2023,7,862,Female,37,Bachelor's Degree,0,Not Mentioned,3,1,1.8,2,3.1,Weak candidates,High Range,0,0
2051,Carrie Pena,In Review,2023-07-27,2023,7,851,Other,18,Master's Degree,11,operational,4,5,4.6,1,6.87,"Strong fit, top candidates",Mid Range,0,0
2052,Jose Palmer,In Review,2023-05-24,2023,5,915,Other,21,Master's Degree,5,Not Mentioned,4,3,3.4,1,5.3,Good candidates,Mid Range,0,0
2053,Jeffrey Hayes,Pending Review,2023-06-18,2023,6,890,Other,26,PhD,19,building,5,5,5,3,8.35,"Strong fit, top candidates",High Range,0,0
2054,Christopher Harris,In Review,2023-07-16,2023,7,862,Other,23,PhD,18,Not Mentioned,5,5,5,1,7.7,"Strong fit, top candidates",Mid Range,0,0
2055,Mark Anderson,Rejected,2023-07-12,2023,7,866,Male,30,Master's Degree,18,television,4,5,4.6,3,7.615,"Strong fit, top candidates",High Range,0,1
2056,Jim Petty,In Review,2023-07-17,2023,7,861,Male,60,Bachelor's Degree,10,Not Mentioned,3,4,3.6,1,5.6,Good candidates,Mid Range,0,0
2057,Rachael Brewer,Interviewing,2023-06-30,2023,6,878,Other,35,PhD,4,Not Mentioned,5,2,3.2,3,5.4,Good candidates,Mid Range,0,0
2058,Scott Floyd,Pending Review,2023-07-18,2023,7,860,Male,20,Master's Degree,17,Not Mentioned,4,5,4.6,1,7.1,"Strong fit, top candidates",High Range,0,0
2059,Cheryl Wells,In Review,2023-05-10,2023,5,929,Other,57,PhD,20,Not Mentioned,5,5,5,1,7.7,"Strong fit, top candidates",Mid Range,0,0
2060,Brandon Williams,Interviewing,2023-05-18,2023,5,921,Male,24,Master's Degree,2,Not Mentioned,4,2,2.8,1,4.4,Good candidates,Mid Range,0,0
2061,Alicia Avila,Interviewing,2023-05-18,2023,5,921,Female,24,Master's Degree,0,Not Mentioned,4,1,2.2,1,3.5,Weak candidates,Mid Range,0,0
2062,Todd Diaz,Interviewing,2023-05-23,2023,5,916,Male,27,PhD,8,structural,5,4,4.4,3,7.64,"Strong fit, top candidates",Mid Range,0,0
2063,Amy Gomez,Rejected,2023-05-29,2023,5,910,Male,28,High School,15,Not Mentioned,1,5,3.4,3,5.7,Good candidates,Mid Range,0,1
2064,Caitlyn Valentine,In Review,2023-06-03,2023,6,905,Female,48,PhD,3,Not Mentioned,5,2,3.2,1,5,Good candidates,High Range,0,0
2065,Patty Peters,Rejected,2023-06-10,2023,6,898,Other,20,Bachelor's Degree,0,Not Mentioned,3,1,1.8,1,2.9,Weak candidates,Mid Range,0,1
2066,Alyssa Kirby,In Review,2023-06-20,2023,6,888,Female,47,Bachelor's Degree,15,Not Mentioned,3,5,4.2,1,6.5,"Strong fit, top candidates",High Range,0,0
2067,Patricia Moore,Rejected,2023-07-14,2023,7,864,Other,18,Master's Degree,10,control and instrumentation,4,4,4,1,6.6,"Strong fit, top candidates",High Range,0,1
2068,Paul Perez,In Review,2023-07-06,2023,7,872,Other,20,Bachelor's Degree,4,music,3,2,2.4,1,3.86,Weak candidates,Mid Range,0,0
2069,Pamela Schwartz,Pending Review,2023-06-20,2023,6,888,Female,54,PhD,9,Not Mentioned,5,4,4.4,1,6.8,"Strong fit, top candidates",High Range,0,0
2070,Krista Clark,Rejected,2023-07-23,2023,7,855,Male,53,High School,17,water quality,1,5,3.4,1,5.47,Good candidates,High Range,0,1
2071,Patricia Williams,Interviewing,2023-07-17,2023,7,861,Other,53,High School,19,Not Mentioned,1,5,3.4,1,5.3,Good candidates,High Range,0,0
2072,Sarah Wolfe,Offered,2023-06-11,2023,6,897,Other,22,High School,8,Not Mentioned,1,4,2.8,1,4.4,Good candidates,Mid Range,1,0
2073,James Ellis,In Review,2023-05-12,2023,5,927,Other,32,PhD,13,Not Mentioned,5,5,5,3,8.1,"Strong fit, top candidates",High Range,0,0
2074,Michael Brown,In Review,2023-07-07,2023,7,871,Female,55,Master's Degree,4,Not Mentioned,4,2,2.8,1,4.4,Good candidates,Mid Range,0,0
2075,Daniel Davis,Interviewing,2023-06-03,2023,6,905,Female,34,Bachelor's Degree,17,Civil Service,3,5,4.2,3,7.215,"Strong fit, top candidates",Mid Range,0,0
2076,Deborah Thompson,Pending Review,2023-07-03,2023,7,875,Male,49,High School,19,Not Mentioned,1,5,3.4,1,5.3,Good candidates,High Range,0,0
2077,Vicki Krause,Rejected,2023-05-07,2023,5,932,Female,22,PhD,5,Not Mentioned,5,3,3.8,1,5.9,Good candidates,Mid Range,0,1
2078,Melissa Oconnor,In Review,2023-06-17,2023,6,891,Female,26,Master's Degree,9,Not Mentioned,4,4,4,3,6.6,"Strong fit, top candidates",Mid Range,0,0
2079,Benjamin Huber,Rejected,2023-06-20,2023,6,888,Other,38,Master's Degree,10,automotive,4,4,4,2,6.8,"Strong fit, top candidates",High Range,0,1
2080,Kaitlyn Barnes,Rejected,2023-07-06,2023,7,872,Other,53,High School,11,Not Mentioned,1,5,3.4,1,5.3,Good candidates,High Range,0,1
2081,Ronald Walker,In Review,2023-05-14,2023,5,925,Male,54,Bachelor's Degree,11,Not Mentioned,3,5,4.2,1,6.5,"Strong fit, top candidates",High Range,0,0
2082,Michelle Bryant,In Review,2023-06-03,2023,6,905,Other,53,Bachelor's Degree,13,educational,3,5,4.2,1,6.71,"Strong fit, top candidates",High Range,0,0
2083,Jennifer Drake,Offered,2023-08-04,2023,8,843,Female,54,High School,7,jewellery,1,3,2.2,1,3.5,Weak candidates,Mid Range,1,0
2084,Brenda Aguilar,Pending Review,2023-06-29,2023,6,879,Other,53,Bachelor's Degree,6,Not Mentioned,3,3,3,1,4.7,Good candidates,High Range,0,0
2085,David Contreras,Pending Review,2023-06-09,2023,6,899,Other,56,Bachelor's Degree,6,hospital,3,3,3,1,4.7,Good candidates,Mid Range,0,0
2086,Darrell Harper,Rejected,2023-06-23,2023,6,885,Male,24,Bachelor's Degree,20,molecular,3,5,4.2,1,6.92,"Strong fit, top candidates",Mid Range,0,1
2087,Brittany Krueger,In Review,2023-05-06,2023,5,933,Male,35,PhD,8,Not Mentioned,5,4,4.4,3,7.2,"Strong fit, top candidates",High Range,0,0
2088,Eric Graham,Pending Review,2023-05-17,2023,5,922,Other,49,Master's Degree,20,Not Mentioned,4,5,4.6,1,7.1,"Strong fit, top candidates",Mid Range,0,0
2089,Bruce Rios,Interviewing,2023-05-21,2023,5,918,Female,45,Bachelor's Degree,6,commercial,3,3,3,2,5.125,Good candidates,Mid Range,0,0
2090,Matthew Turner,Interviewing,2023-06-19,2023,6,889,Male,20,Master's Degree,6,Not Mentioned,4,3,3.4,1,5.3,Good candidates,Mid Range,0,0
2091,Michael Walker,Offered,2023-07-16,2023,7,862,Other,30,PhD,6,Not Mentioned,5,3,3.8,3,6.3,"Strong fit, top candidates",High Range,1,0
2092,Melissa Dunn,Pending Review,2023-05-12,2023,5,927,Female,55,Master's Degree,15,Not Mentioned,4,5,4.6,1,7.1,"Strong fit, top candidates",High Range,0,0
2093,Nichole Barrett,In Review,2023-07-28,2023,7,850,Female,58,PhD,7,Not Mentioned,5,3,3.8,1,5.9,Good candidates,High Range,0,0
2094,Nicole Brown,Pending Review,2023-07-04,2023,7,874,Other,22,Master's Degree,16,Not Mentioned,4,5,4.6,1,7.1,"Strong fit, top candidates",Mid Range,0,0
2095,Jeremy Fisher,Rejected,2023-07-17,2023,7,861,Female,55,High School,10,Not Mentioned,1,4,2.8,1,4.4,Good candidates,Mid Range,0,1
2096,Patricia Smith,Interviewing,2023-07-06,2023,7,872,Male,25,Master's Degree,9,Not Mentioned,4,4,4,3,6.6,"Strong fit, top candidates",High Range,0,0
2097,James Poole,In Review,2023-06-04,2023,6,904,Female,49,Bachelor's Degree,17,exhibition/display,3,5,4.2,1,6.605,"Strong fit, top candidates",High Range,0,0
2098,Joshua Miller,Offered,2023-06-11,2023,6,897,Other,44,PhD,13,historic buildings,5,5,5,2,7.9,"Strong fit, top candidates",Mid Range,1,0
2099,Richard Hoover,Pending Review,2023-07-13,2023,7,865,Other,53,High School,2,Not Mentioned,1,2,1.6,1,2.6,Weak candidates,High Range,0,0
2100,Jennifer Harrell,Offered,2023-05-07,2023,5,932,Female,27,PhD,16,Not Mentioned,5,5,5,3,8.1,"Strong fit, top candidates",High Range,1,0
2101,Ashley Wheeler,In Review,2023-07-20,2023,7,858,Female,35,Bachelor's Degree,20,Not Mentioned,3,5,4.2,3,6.9,"Strong fit, top candidates",High Range,0,0
2102,Erin Jones,Rejected,2023-07-26,2023,7,852,Male,45,PhD,16,Not Mentioned,5,5,5,2,7.9,"Strong fit, top candidates",High Range,0,1
2103,Christopher Beasley,Offered,2023-06-28,2023,6,880,Male,23,PhD,1,Not Mentioned,5,1,2.6,1,4.1,Good candidates,Mid Range,1,0
2104,Nancy Boyd,Interviewing,2023-05-19,2023,5,920,Male,32,Master's Degree,7,airline,4,3,3.4,3,5.7,Good candidates,High Range,0,0
2105,Matthew Thompson,Interviewing,2023-05-23,2023,5,916,Other,21,PhD,4,Not Mentioned,5,2,3.2,1,5,Good candidates,Mid Range,0,0
2106,Brandon Foster,In Review,2023-07-05,2023,7,873,Female,59,Master's Degree,11,Not Mentioned,4,5,4.6,1,7.1,"Strong fit, top candidates",High Range,0,0
2107,Adam Price,In Review,2023-05-17,2023,5,922,Other,55,High School,14,Not Mentioned,1,5,3.4,1,5.3,Good candidates,High Range,0,0
2108,Tara Gardner,Pending Review,2023-05-16,2023,5,923,Female,60,PhD,14,Not Mentioned,5,5,5,1,7.7,"Strong fit, top candidates",High Range,0,0
2109,Jeffrey Crane,Rejected,2023-06-13,2023,6,895,Male,24,Master's Degree,1,production,4,1,2.2,1,3.5,Weak candidates,High Range,0,1
2110,Nancy Williams,Rejected,2023-06-09,2023,6,899,Male,48,PhD,16,Not Mentioned,5,5,5,1,7.7,"Strong fit, top candidates",High Range,0,1
2111,Richard Lawson,Offered,2023-07-11,2023,7,867,Female,41,PhD,11,Not Mentioned,5,5,5,2,7.9,"Strong fit, top candidates",High Range,1,0
2112,Jennifer Kerr,Interviewing,2023-05-19,2023,5,920,Female,26,Bachelor's Degree,20,Not Mentioned,3,5,4.2,3,6.9,"Strong fit, top candidates",High Range,0,0
2113,Edward Turner,Rejected,2023-08-03,2023,8,844,Male,19,Bachelor's Degree,14,Not Mentioned,3,5,4.2,1,6.5,"Strong fit, top candidates",High Range,0,1
2114,Amy Gonzales,Offered,2023-07-04,2023,7,874,Male,43,Master's Degree,3,Not Mentioned,4,2,2.8,2,4.6,Good candidates,High Range,1,0
2115,Briana Sparks,Offered,2023-05-14,2023,5,925,Male,38,High School,6,Not Mentioned,1,3,2.2,2,3.7,Weak candidates,Mid Range,1,0
2116,Cindy Morris,Offered,2023-07-04,2023,7,874,Male,24,High School,10,Not Mentioned,1,4,2.8,1,4.4,Good candidates,Mid Range,1,0
2117,Alan Keith,Offered,2023-06-07,2023,6,901,Female,47,Bachelor's Degree,13,corporate,3,5,4.2,1,6.815,"Strong fit, top candidates",High Range,1,0
2118,Bonnie Cruz,Interviewing,2023-07-31,2023,7,847,Other,59,Master's Degree,15,Not Mentioned,4,5,4.6,1,7.1,"Strong fit, top candidates",Mid Range,0,0
2119,Ronald Scott,In Review,2023-06-04,2023,6,904,Other,36,Bachelor's Degree,16,Not Mentioned,3,5,4.2,2,6.7,"Strong fit, top candidates",Mid Range,0,0
2120,Jonathan Miller,In Review,2023-07-31,2023,7,847,Female,27,PhD,20,Not Mentioned,5,5,5,3,8.1,"Strong fit, top candidates",Mid Range,0,0
2121,Susan Fleming,Offered,2023-06-20,2023,6,888,Female,41,Bachelor's Degree,15,Not Mentioned,3,5,4.2,2,6.7,"Strong fit, top candidates",High Range,1,0
2122,Dana Pham,Interviewing,2023-06-08,2023,6,900,Male,25,PhD,15,Not Mentioned,5,5,5,3,8.1,"Strong fit, top candidates",Mid Range,0,0
2123,Kevin Johnson,In Review,2023-05-12,2023,5,927,Female,19,Master's Degree,4,Not Mentioned,4,2,2.8,1,4.4,Good candidates,High Range,0,0
2124,Andrew Ball,Rejected,2023-05-20,2023,5,919,Female,59,High School,4,Not Mentioned,1,2,1.6,1,2.6,Weak candidates,Mid Range,0,1
2125,Sarah Williams,In Review,2023-07-03,2023,7,875,Other,28,Bachelor's Degree,2,Not Mentioned,3,2,2.4,3,4.2,Good candidates,High Range,0,0
2126,Elizabeth Burke,Interviewing,2023-06-30,2023,6,878,Other,61,High School,20,materials,1,5,3.4,1,5.3,Good candidates,High Range,0,0
2127,Stacey Fuller,Offered,2023-06-24,2023,6,884,Female,56,Bachelor's Degree,5,Not Mentioned,3,3,3,1,4.7,Good candidates,High Range,1,0
2128,April Pratt,Offered,2023-05-14,2023,5,925,Female,39,PhD,17,Not Mentioned,5,5,5,2,7.9,"Strong fit, top candidates",Mid Range,1,0
2129,Tracy French,Interviewing,2023-05-29,2023,5,910,Female,28,Bachelor's Degree,5,Not Mentioned,3,3,3,3,5.1,Good candidates,High Range,0,0
2130,Lisa Dominguez,Interviewing,2023-08-02,2023,8,845,Other,54,PhD,16,Not Mentioned,5,5,5,1,7.7,"Strong fit, top candidates",High Range,0,0
2131,Amanda Thomas,In Review,2023-05-08,2023,5,931,Female,23,High School,13,Not Mentioned,1,5,3.4,1,5.3,Good candidates,Mid Range,0,0
2132,Kevin Cain,Pending Review,2023-07-19,2023,7,859,Female,23,Bachelor's Degree,2,Not Mentioned,3,2,2.4,1,3.8,Weak candidates,Mid Range,0,0
2133,Melissa Meyers,In Review,2023-07-15,2023,7,863,Male,49,High School,17,Not Mentioned,1,5,3.4,1,5.3,Good candidates,High Range,0,0
2134,Brooke Torres,Rejected,2023-07-08,2023,7,870,Male,45,Master's Degree,11,Not Mentioned,4,5,4.6,2,7.3,"Strong fit, top candidates",High Range,0,1
2135,Jonathan Craig,Offered,2023-07-10,2023,7,868,Male,38,PhD,8,Not Mentioned,5,4,4.4,2,7,"Strong fit, top candidates",High Range,1,0
2136,James Lee,Offered,2023-05-07,2023,5,932,Male,53,Master's Degree,16,Not Mentioned,4,5,4.6,1,7.1,"Strong fit, top candidates",High Range,1,0
2137,Amber Hughes,Rejected,2023-05-31,2023,5,908,Other,58,Bachelor's Degree,12,textile,3,5,4.2,1,6.5,"Strong fit, top candidates",Mid Range,0,1
2138,Kyle Lawrence,Offered,2023-05-23,2023,5,916,Male,38,Master's Degree,18,Not Mentioned,4,5,4.6,2,7.3,"Strong fit, top candidates",High Range,1,0
2139,Amy Moreno,Interviewing,2023-08-02,2023,8,845,Male,41,Master's Degree,6,Not Mentioned,4,3,3.4,2,5.5,Good candidates,Mid Range,0,0
2140,Kelly Stanley,Pending Review,2023-05-18,2023,5,921,Other,60,Master's Degree,2,Not Mentioned,4,2,2.8,1,4.4,Good candidates,High Range,0,0
2141,Laura Richardson,Rejected,2023-07-30,2023,7,848,Female,41,Master's Degree,0,Not Mentioned,4,1,2.2,2,3.7,Weak candidates,High Range,0,1
2142,Linda Gillespie,Rejected,2023-06-27,2023,6,881,Female,33,High School,15,electronics,1,5,3.4,3,6.04,"Strong fit, top candidates",High Range,0,1
2143,Richard Murphy,Rejected,2023-07-22,2023,7,856,Other,25,Bachelor's Degree,19,Not Mentioned,3,5,4.2,3,6.9,"Strong fit, top candidates",Mid Range,0,1
2144,John Phillips,Rejected,2023-06-29,2023,6,879,Male,50,Master's Degree,5,Not Mentioned,4,3,3.4,1,5.3,Good candidates,Mid Range,0,1
2145,Matthew Trujillo,Interviewing,2023-05-20,2023,5,919,Other,49,Master's Degree,17,Not Mentioned,4,5,4.6,1,7.1,"Strong fit, top candidates",High Range,0,0
2146,Nicholas Mendoza,Offered,2023-07-28,2023,7,850,Male,18,PhD,11,Not Mentioned,5,5,5,1,7.7,"Strong fit, top candidates",Mid Range,1,0
2147,Brandon Miller,Interviewing,2023-06-29,2023,6,879,Male,47,Bachelor's Degree,3,Not Mentioned,3,2,2.4,1,3.8,Weak candidates,High Range,0,0
2148,Stephen Hardy,Interviewing,2023-05-09,2023,5,930,Male,36,PhD,17,Not Mentioned,5,5,5,2,7.9,"Strong fit, top candidates",High Range,0,0
2149,Jaime Butler,In Review,2023-06-20,2023,6,888,Female,44,High School,17,communications,1,5,3.4,2,5.5,Good candidates,Mid Range,0,0
2150,Michael Wade,Offered,2023-05-28,2023,5,911,Female,47,Bachelor's Degree,9,Not Mentioned,3,4,3.6,1,5.6,Good candidates,High Range,1,0
2151,Reginald Nelson,Rejected,2023-07-12,2023,7,866,Male,26,Master's Degree,3,Not Mentioned,4,2,2.8,3,4.8,Good candidates,High Range,0,1
2152,Susan Flores,Pending Review,2023-06-25,2023,6,883,Male,39,Master's Degree,17,manufacturing systems,4,5,4.6,2,7.76,"Strong fit, top candidates",High Range,0,0
2153,Holly Perez,Offered,2023-06-14,2023,6,894,Other,34,Master's Degree,19,Not Mentioned,4,5,4.6,3,7.5,"Strong fit, top candidates",High Range,1,0
2154,Lindsey Clark,Offered,2023-05-23,2023,5,916,Other,58,Master's Degree,20,Not Mentioned,4,5,4.6,1,7.1,"Strong fit, top candidates",Mid Range,1,0
2155,Kevin Smith,Pending Review,2023-06-13,2023,6,895,Male,44,Bachelor's Degree,18,Not Mentioned,3,5,4.2,2,6.7,"Strong fit, top candidates",High Range,0,0
2156,Darius Stevenson,In Review,2023-07-14,2023,7,864,Male,50,PhD,17,manufacturing systems,5,5,5,1,8.2,"Strong fit, top candidates",Mid Range,0,0
2157,Wanda Stein,Pending Review,2023-06-01,2023,6,907,Other,28,Bachelor's Degree,5,Not Mentioned,3,3,3,3,5.1,Good candidates,Mid Range,0,0
2158,Victoria Ballard,Offered,2023-07-21,2023,7,857,Male,25,High School,15,Not Mentioned,1,5,3.4,3,5.7,Good candidates,High Range,1,0
2159,Deborah Cook,In Review,2023-08-03,2023,8,844,Other,48,Bachelor's Degree,16,Not Mentioned,3,5,4.2,1,6.5,"Strong fit, top candidates",Mid Range,0,0
2160,Sylvia Church,Rejected,2023-06-20,2023,6,888,Female,28,Bachelor's Degree,0,Not Mentioned,3,1,1.8,3,3.3,Weak candidates,High Range,0,1
2161,Erica Kelly,In Review,2023-07-03,2023,7,875,Other,21,PhD,6,Not Mentioned,5,3,3.8,1,5.9,Good candidates,Mid Range,0,0
2162,Anthony Beck,Pending Review,2023-07-17,2023,7,861,Other,56,Bachelor's Degree,20,Not Mentioned,3,5,4.2,1,6.5,"Strong fit, top candidates",High Range,0,0
2163,Donald Kelly,Interviewing,2023-07-12,2023,7,866,Male,56,Bachelor's Degree,5,Not Mentioned,3,3,3,1,4.7,Good candidates,High Range,0,0
2164,Carolyn Preston,Offered,2023-07-16,2023,7,862,Other,48,Master's Degree,9,Not Mentioned,4,4,4,1,6.2,"Strong fit, top candidates",High Range,1,0
2165,Kristi Robertson,Pending Review,2023-05-28,2023,5,911,Male,36,Bachelor's Degree,1,Not Mentioned,3,1,1.8,2,3.1,Weak candidates,Mid Range,0,0
2166,Andrew Allen,Rejected,2023-05-09,2023,5,930,Other,39,Bachelor's Degree,11,Not Mentioned,3,5,4.2,2,6.7,"Strong fit, top candidates",Mid Range,0,1
2167,Amy Nielsen,Interviewing,2023-07-24,2023,7,854,Male,19,High School,10,Not Mentioned,1,4,2.8,1,4.4,Good candidates,Mid Range,0,0
2168,Mark Ray,In Review,2023-06-16,2023,6,892,Other,21,Bachelor's Degree,12,Not Mentioned,3,5,4.2,1,6.5,"Strong fit, top candidates",Mid Range,0,0
2169,Thomas Irwin,In Review,2023-08-02,2023,8,845,Other,51,Master's Degree,8,Not Mentioned,4,4,4,1,6.2,"Strong fit, top candidates",High Range,0,0
2170,Gerald Gregory,Offered,2023-06-09,2023,6,899,Female,22,High School,8,Not Mentioned,1,4,2.8,1,4.4,Good candidates,High Range,1,0
2171,Corey Miller,Rejected,2023-06-27,2023,6,881,Male,46,PhD,10,Not Mentioned,5,4,4.4,1,6.8,"Strong fit, top candidates",High Range,0,1
2172,Amanda Thompson,In Review,2023-07-24,2023,7,854,Male,49,Master's Degree,2,Not Mentioned,4,2,2.8,1,4.4,Good candidates,High Range,0,0
2173,Jennifer Clark,Offered,2023-06-12,2023,6,896,Male,60,Bachelor's Degree,3,quantity,3,2,2.4,1,4.16,Good candidates,High Range,1,0
2174,Kimberly Hernandez,Offered,2023-07-11,2023,7,867,Other,46,Master's Degree,1,Not Mentioned,4,1,2.2,1,3.5,Weak candidates,Mid Range,1,0
2175,William Daugherty,Rejected,2023-08-05,2023,8,842,Female,44,PhD,5,Not Mentioned,5,3,3.8,2,6.1,"Strong fit, top candidates",High Range,0,1
2176,Joann Jennings,Pending Review,2023-05-08,2023,5,931,Female,46,PhD,10,blown glass/stained glass,5,4,4.4,1,6.91,"Strong fit, top candidates",Mid Range,0,0
2177,Leah Evans,Pending Review,2023-07-22,2023,7,856,Male,22,PhD,6,building,5,3,3.8,1,6.09,"Strong fit, top candidates",High Range,0,0
2178,Michelle Rivera,Interviewing,2023-07-29,2023,7,849,Female,56,Master's Degree,1,Not Mentioned,4,1,2.2,1,3.5,Weak candidates,High Range,0,0
2179,Brendan May,Pending Review,2023-06-22,2023,6,886,Female,34,Bachelor's Degree,11,Not Mentioned,3,5,4.2,3,6.9,"Strong fit, top candidates",Mid Range,0,0
2180,Colton Hartman,Rejected,2023-05-13,2023,5,926,Other,52,High School,15,Not Mentioned,1,5,3.4,1,5.3,Good candidates,High Range,0,1
2181,Ronald Beard,Pending Review,2023-07-18,2023,7,860,Other,52,Bachelor's Degree,11,newspaper,3,5,4.2,1,6.605,"Strong fit, top candidates",High Range,0,0
2182,Henry Browning,Pending Review,2023-06-04,2023,6,904,Male,31,PhD,1,Not Mentioned,5,1,2.6,3,4.5,Good candidates,High Range,0,0
2183,Tanya Zamora,In Review,2023-06-16,2023,6,892,Other,37,PhD,2,Not Mentioned,5,2,3.2,2,5.2,Good candidates,High Range,0,0
2184,Mike Gibson,Interviewing,2023-05-23,2023,5,916,Female,25,Master's Degree,15,Not Mentioned,4,5,4.6,3,7.5,"Strong fit, top candidates",Mid Range,0,0
2185,Olivia George,Rejected,2023-06-24,2023,6,884,Male,36,High School,15,Not Mentioned,1,5,3.4,2,5.5,Good candidates,High Range,0,1
2186,Jeffrey Daniel,Interviewing,2023-06-02,2023,6,906,Female,39,PhD,12,prison and probation services,5,5,5,2,7.9,"Strong fit, top candidates",High Range,0,0
2187,Jennifer Webster,Pending Review,2023-05-19,2023,5,920,Male,53,High School,11,Not Mentioned,1,5,3.4,1,5.3,Good candidates,High Range,0,0
2188,Jasmine Carey,Interviewing,2023-06-20,2023,6,888,Female,19,Bachelor's Degree,9,Not Mentioned,3,4,3.6,1,5.6,Good candidates,High Range,0,0
2189,Bradley Lindsey,Interviewing,2023-06-15,2023,6,893,Female,47,High School,9,Not Mentioned,1,4,2.8,1,4.4,Good candidates,High Range,0,0
2190,Lisa Martin,Offered,2023-07-10,2023,7,868,Female,29,High School,7,Not Mentioned,1,3,2.2,3,3.9,Weak candidates,Mid Range,1,0
2191,Cynthia Harris,Interviewing,2023-05-13,2023,5,926,Other,39,Bachelor's Degree,14,drilling,3,5,4.2,2,7.12,"Strong fit, top candidates",Mid Range,0,0
2192,Charles Roberts,Offered,2023-06-17,2023,6,891,Male,40,High School,16,Not Mentioned,1,5,3.4,2,5.5,Good candidates,High Range,1,0
2193,Kathleen Mcneil,Interviewing,2023-05-09,2023,5,930,Other,21,Master's Degree,5,Not Mentioned,4,3,3.4,1,5.3,Good candidates,High Range,0,0
2194,Mathew Smith,Interviewing,2023-08-01,2023,8,846,Male,27,High School,16,Not Mentioned,1,5,3.4,3,5.7,Good candidates,High Range,0,0
2195,Ashley Gibson,Interviewing,2023-07-03,2023,7,875,Male,57,Bachelor's Degree,14,Not Mentioned,3,5,4.2,1,6.5,"Strong fit, top candidates",Mid Range,0,0
2196,Amy Olsen,Offered,2023-05-18,2023,5,921,Male,30,Bachelor's Degree,0,Not Mentioned,3,1,1.8,3,3.3,Weak candidates,Mid Range,1,0
2197,Mitchell Farley,Offered,2023-07-22,2023,7,856,Female,61,High School,16,Not Mentioned,1,5,3.4,1,5.3,Good candidates,High Range,1,0
2198,Amanda Waters,Offered,2023-06-08,2023,6,900,Male,43,PhD,20,Not Mentioned,5,5,5,2,7.9,"Strong fit, top candidates",High Range,1,0
2199,Donna Hahn,Pending Review,2023-07-08,2023,7,870,Male,50,Bachelor's Degree,7,Not Mentioned,3,3,3,1,4.7,Good candidates,Mid Range,0,0
2200,Jean Schneider,Offered,2023-06-07,2023,6,901,Male,53,PhD,16,Not Mentioned,5,5,5,1,7.7,"Strong fit, top candidates",High Range,1,0
2201,Ryan Garcia,In Review,2023-06-04,2023,6,904,Female,48,Master's Degree,9,Not Mentioned,4,4,4,1,6.2,"Strong fit, top candidates",High Range,0,0
2202,Mark Shaw,Rejected,2023-07-28,2023,7,850,Female,24,Bachelor's Degree,10,Not Mentioned,3,4,3.6,1,5.6,Good candidates,Mid Range,0,1
2203,Ryan Ortega,Pending Review,2023-07-14,2023,7,864,Male,44,Master's Degree,0,Not Mentioned,4,1,2.2,2,3.7,Weak candidates,High Range,0,0
2204,Brian Marks,Rejected,2023-05-23,2023,5,916,Female,39,Bachelor's Degree,19,Not Mentioned,3,5,4.2,2,6.7,"Strong fit, top candidates",Mid Range,0,1
2205,Richard Joseph,Offered,2023-07-12,2023,7,866,Female,26,Master's Degree,13,Not Mentioned,4,5,4.6,3,7.5,"Strong fit, top candidates",High Range,1,0
2206,Benjamin Serrano,Rejected,2023-06-01,2023,6,907,Male,32,High School,1,Not Mentioned,1,1,1,3,2.1,Weak candidates,Mid Range,0,1
2207,Tracy Davidson,In Review,2023-07-02,2023,7,876,Male,20,High School,3,agricultural,1,2,1.6,1,2.6,Weak candidates,Mid Range,0,0
2208,Christina Arellano,In Review,2023-05-08,2023,5,931,Female,46,High School,20,IT,1,5,3.4,1,5.64,Good candidates,High Range,0,0
2209,Luis Cuevas,In Review,2023-06-23,2023,6,885,Female,56,Bachelor's Degree,8,Not Mentioned,3,4,3.6,1,5.6,Good candidates,High Range,0,0
2210,Elizabeth Massey,Offered,2023-05-09,2023,5,930,Female,22,PhD,14,Not Mentioned,5,5,5,1,7.7,"Strong fit, top candidates",High Range,1,0
2211,Shawn Fitzpatrick,Rejected,2023-06-22,2023,6,886,Male,23,Bachelor's Degree,0,Not Mentioned,3,1,1.8,1,2.9,Weak candidates,Mid Range,0,1
2212,Margaret Stephenson,In Review,2023-06-23,2023,6,885,Male,58,High School,4,chartered,1,2,1.6,1,2.84,Weak candidates,Mid Range,0,0
2213,Shelby Romero,Offered,2023-05-14,2023,5,925,Male,29,Master's Degree,9,mental health,4,4,4,3,7.1,"Strong fit, top candidates",High Range,1,0
2214,Robert Hurley,Pending Review,2023-07-17,2023,7,861,Other,46,Bachelor's Degree,10,Not Mentioned,3,4,3.6,1,5.6,Good candidates,Mid Range,0,0
2215,Jeffrey Becker,Offered,2023-07-16,2023,7,862,Female,19,High School,4,hospital,1,2,1.6,1,2.6,Weak candidates,High Range,1,0
2216,John Maxwell,Rejected,2023-05-18,2023,5,921,Male,46,High School,18,land/geomatics,1,5,3.4,1,5.47,Good candidates,Mid Range,0,1
2217,Andrea Ray,Rejected,2023-05-29,2023,5,910,Male,19,High School,9,Not Mentioned,1,4,2.8,1,4.4,Good candidates,High Range,0,1
2218,Amanda Franklin,In Review,2023-06-01,2023,6,907,Other,53,Master's Degree,16,Not Mentioned,4,5,4.6,1,7.1,"Strong fit, top candidates",High Range,0,0
2219,Gina Thomas,Interviewing,2023-07-20,2023,7,858,Other,39,PhD,2,Not Mentioned,5,2,3.2,2,5.2,Good candidates,Mid Range,0,0
2220,Cheryl Miller,Interviewing,2023-06-11,2023,6,897,Male,35,Master's Degree,1,Not Mentioned,4,1,2.2,3,3.9,Weak candidates,High Range,0,0
2221,Kimberly Jensen,Offered,2023-05-09,2023,5,930,Male,21,High School,13,Not Mentioned,1,5,3.4,1,5.3,Good candidates,Mid Range,1,0
2222,Jason Sanders,In Review,2023-05-31,2023,5,908,Female,39,PhD,9,Not Mentioned,5,4,4.4,2,7,"Strong fit, top candidates",High Range,0,0
2223,Victoria Adams,Pending Review,2023-07-23,2023,7,855,Other,22,Bachelor's Degree,4,hospital,3,2,2.4,1,3.8,Weak candidates,High Range,0,0
2224,Susan Donovan,Pending Review,2023-07-19,2023,7,859,Other,55,PhD,6,Not Mentioned,5,3,3.8,1,5.9,Good candidates,Mid Range,0,0
2225,Isabel Long,Offered,2023-05-31,2023,5,908,Male,21,High School,14,mining,1,5,3.4,1,5.3,Good candidates,Mid Range,1,0
2226,Kelly Lewis,Interviewing,2023-07-27,2023,7,851,Female,20,High School,9,general practice,1,4,2.8,1,4.4,Good candidates,Mid Range,0,0
2227,Carolyn Moreno,Rejected,2023-05-24,2023,5,915,Female,33,Master's Degree,19,Not Mentioned,4,5,4.6,3,7.5,"Strong fit, top candidates",High Range,0,1
2228,Charles Robertson,Interviewing,2023-07-17,2023,7,861,Female,48,Bachelor's Degree,3,Not Mentioned,3,2,2.4,1,3.8,Weak candidates,High Range,0,0
2229,Joseph Williams,Interviewing,2023-07-21,2023,7,857,Female,52,Master's Degree,17,Not Mentioned,4,5,4.6,1,7.1,"Strong fit, top candidates",Mid Range,0,0
2230,Christopher Kelly,Interviewing,2023-07-29,2023,7,849,Male,56,Bachelor's Degree,4,Not Mentioned,3,2,2.4,1,3.8,Weak candidates,High Range,0,0
2231,David Hill,Interviewing,2023-07-17,2023,7,861,Other,39,Master's Degree,13,interior/spatial,4,5,4.6,2,7.415,"Strong fit, top candidates",High Range,0,0
2232,Alexander Edwards,In Review,2023-06-24,2023,6,884,Female,50,High School,9,contracting,1,4,2.8,1,4.4,Good candidates,High Range,0,0
2233,Jacob Gilbert,Pending Review,2023-06-25,2023,6,883,Female,19,Bachelor's Degree,7,Not Mentioned,3,3,3,1,4.7,Good candidates,High Range,0,0
2234,Laura Hooper,Pending Review,2023-07-28,2023,7,850,Male,24,High School,10,Not Mentioned,1,4,2.8,1,4.4,Good candidates,High Range,0,0
2235,Angelica Scott,Rejected,2023-06-27,2023,6,881,Male,48,Bachelor's Degree,17,Not Mentioned,3,5,4.2,1,6.5,"Strong fit, top candidates",Mid Range,0,1
2236,Kristie Hull,In Review,2023-05-23,2023,5,916,Female,26,High School,11,Not Mentioned,1,5,3.4,3,5.7,Good candidates,Mid Range,0,0
2237,Gloria Burns,Rejected,2023-05-19,2023,5,920,Other,28,PhD,7,Not Mentioned,5,3,3.8,3,6.3,"Strong fit, top candidates",Mid Range,0,1
2238,Breanna Clark,Interviewing,2023-06-02,2023,6,906,Female,26,Bachelor's Degree,13,clinical (histocompatibility and immunogenetics),3,5,4.2,3,7.425,"Strong fit, top candidates",Mid Range,0,0
2239,Michael Morales,Rejected,2023-06-09,2023,6,899,Male,52,Master's Degree,11,Not Mentioned,4,5,4.6,1,7.1,"Strong fit, top candidates",High Range,0,1
2240,Kaitlin Lopez,Pending Review,2023-05-06,2023,5,933,Other,45,Master's Degree,13,Not Mentioned,4,5,4.6,2,7.3,"Strong fit, top candidates",Mid Range,0,0
2241,Robert Salazar,Offered,2023-07-20,2023,7,858,Other,20,Master's Degree,1,Not Mentioned,4,1,2.2,1,3.5,Weak candidates,Mid Range,1,0
2242,Jason Reynolds,In Review,2023-06-24,2023,6,884,Male,28,Bachelor's Degree,8,broadcasting/film/video,3,4,3.6,3,6.09,"Strong fit, top candidates",Mid Range,0,0
2243,Cristina Lucas,In Review,2023-06-18,2023,6,890,Female,48,Bachelor's Degree,0,Not Mentioned,3,1,1.8,1,2.9,Weak candidates,Mid Range,0,0
2244,Lisa Daniels,In Review,2023-07-18,2023,7,860,Other,47,PhD,4,Not Mentioned,5,2,3.2,1,5,Good candidates,High Range,0,0
2245,Tammy Williams,Rejected,2023-06-06,2023,6,902,Male,51,PhD,18,Not Mentioned,5,5,5,1,7.7,"Strong fit, top candidates",High Range,0,1
2246,Marcus Williams,Offered,2023-07-14,2023,7,864,Other,30,High School,7,land,1,3,2.2,3,4.01,Good candidates,High Range,1,0
2247,John Peterson,Pending Review,2023-06-22,2023,6,886,Female,51,High School,5,community,1,3,2.2,1,3.39,Weak candidates,High Range,0,0
2248,Jennifer Schneider,Interviewing,2023-07-01,2023,7,877,Other,37,Bachelor's Degree,12,nature,3,5,4.2,2,6.7,"Strong fit, top candidates",Mid Range,0,0
2249,Sandra Smith,Interviewing,2023-07-18,2023,7,860,Female,24,PhD,18,Not Mentioned,5,5,5,1,7.7,"Strong fit, top candidates",High Range,0,0
2250,Elizabeth Williams,Offered,2023-05-17,2023,5,922,Male,45,PhD,4,Not Mentioned,5,2,3.2,2,5.2,Good candidates,High Range,1,0
2251,Amanda Rubio,Pending Review,2023-06-18,2023,6,890,Male,32,Master's Degree,18,magazine,4,5,4.6,3,7.615,"Strong fit, top candidates",Mid Range,0,0
2252,Patrick Lopez,In Review,2023-06-21,2023,6,887,Other,60,High School,8,Not Mentioned,1,4,2.8,1,4.4,Good candidates,Mid Range,0,0
2253,Christina Rivera,Offered,2023-05-23,2023,5,916,Other,27,Master's Degree,6,early years/pre,4,3,3.4,3,5.87,Good candidates,Mid Range,1,0
2254,Shirley Patton,In Review,2023-07-16,2023,7,862,Male,50,PhD,3,Not Mentioned,5,2,3.2,1,5,Good candidates,Mid Range,0,0
2255,Paula Wilson,In Review,2023-06-17,2023,6,891,Male,55,PhD,15,Not Mentioned,5,5,5,1,7.7,"Strong fit, top candidates",High Range,0,0
2256,Carol Johnson,Offered,2023-06-01,2023,6,907,Female,28,PhD,3,Not Mentioned,5,2,3.2,3,5.4,Good candidates,Mid Range,1,0
2257,Stephanie Castaneda,Offered,2023-07-18,2023,7,860,Male,44,Master's Degree,11,civil (consulting),4,5,4.6,2,7.76,"Strong fit, top candidates",Mid Range,1,0
2258,Melissa Walker,Offered,2023-05-23,2023,5,916,Male,34,Bachelor's Degree,14,Not Mentioned,3,5,4.2,3,6.9,"Strong fit, top candidates",High Range,1,0
2259,Kimberly Brewer,Pending Review,2023-07-20,2023,7,858,Female,33,Bachelor's Degree,10,Not Mentioned,3,4,3.6,3,6,"Strong fit, top candidates",High Range,0,0
2260,Paige Lopez,Offered,2023-07-23,2023,7,855,Female,44,PhD,18,Not Mentioned,5,5,5,2,7.9,"Strong fit, top candidates",Mid Range,1,0
2261,Robert Johnson,In Review,2023-07-04,2023,7,874,Other,59,High School,12,land/geomatics,1,5,3.4,1,5.47,Good candidates,High Range,0,0
2262,Jim Carter,Offered,2023-05-16,2023,5,923,Female,54,Bachelor's Degree,13,broadcasting/film/video,3,5,4.2,1,6.605,"Strong fit, top candidates",Mid Range,1,0
2263,Steve Haas,Interviewing,2023-07-15,2023,7,863,Male,56,High School,6,Not Mentioned,1,3,2.2,1,3.5,Weak candidates,High Range,0,0
2264,Ashley Knight,Interviewing,2023-06-20,2023,6,888,Other,39,High School,13,Not Mentioned,1,5,3.4,2,5.5,Good candidates,Mid Range,0,0
2265,Rachel Galvan,In Review,2023-06-22,2023,6,886,Male,54,High School,2,diagnostic,1,2,1.6,1,2.8,Weak candidates,High Range,0,0
2266,Christina Moyer,Rejected,2023-07-14,2023,7,864,Male,55,PhD,14,Not Mentioned,5,5,5,1,7.7,"Strong fit, top candidates",High Range,0,1
2267,Kenneth Brown,In Review,2023-07-10,2023,7,868,Other,44,Master's Degree,1,Not Mentioned,4,1,2.2,2,3.7,Weak candidates,Mid Range,0,0
2268,Tammy Perry,Offered,2023-05-22,2023,5,917,Female,40,High School,8,Not Mentioned,1,4,2.8,2,4.6,Good candidates,Mid Range,1,0
2269,Gloria Perez,In Review,2023-07-30,2023,7,848,Other,57,Master's Degree,11,early years/pre,4,5,4.6,1,7.33,"Strong fit, top candidates",Mid Range,0,0
2270,Matthew Tucker,Offered,2023-05-11,2023,5,928,Male,46,High School,20,Not Mentioned,1,5,3.4,1,5.3,Good candidates,Mid Range,1,0
2271,Mary Rodriguez,Pending Review,2023-07-03,2023,7,875,Male,22,High School,4,Not Mentioned,1,2,1.6,1,2.6,Weak candidates,High Range,0,0
2272,Amy Montgomery,Interviewing,2023-07-02,2023,7,876,Male,55,Master's Degree,16,multimedia,4,5,4.6,1,7.215,"Strong fit, top candidates",Mid Range,0,0
2273,Michael Nelson,Rejected,2023-06-13,2023,6,895,Female,41,Master's Degree,19,Not Mentioned,4,5,4.6,2,7.3,"Strong fit, top candidates",High Range,0,1
2274,William Garcia,Interviewing,2023-06-30,2023,6,878,Other,46,High School,19,Not Mentioned,1,5,3.4,1,5.3,Good candidates,High Range,0,0
2275,David James,Interviewing,2023-05-29,2023,5,910,Other,55,Master's Degree,4,Not Mentioned,4,2,2.8,1,4.4,Good candidates,Mid Range,0,0
2276,James Bowen,Interviewing,2023-06-25,2023,6,883,Female,60,High School,10,Not Mentioned,1,4,2.8,1,4.4,Good candidates,High Range,0,0
2277,Tammy Martinez,Interviewing,2023-05-21,2023,5,918,Male,29,Master's Degree,13,occupational,4,5,4.6,3,7.5,"Strong fit, top candidates",Mid Range,0,0
2278,Shane Thornton,In Review,2023-06-11,2023,6,897,Male,18,PhD,16,early years/pre,5,5,5,1,7.95,"Strong fit, top candidates",High Range,0,0
2279,Dominique Welch,In Review,2023-06-22,2023,6,886,Other,22,Master's Degree,18,drama,4,5,4.6,1,7.215,"Strong fit, top candidates",High Range,0,0
2280,Kelsey Watson,Interviewing,2023-07-09,2023,7,869,Female,27,PhD,6,Not Mentioned,5,3,3.8,3,6.3,"Strong fit, top candidates",High Range,0,0
2281,Craig Ross,Interviewing,2023-05-07,2023,5,932,Female,32,High School,7,Not Mentioned,1,3,2.2,3,3.9,Weak candidates,Mid Range,0,0
2282,Sean Long,Rejected,2023-05-25,2023,5,914,Male,25,Master's Degree,5,government,4,3,3.4,3,5.955,Good candidates,High Range,0,1
2283,Jamie Martin,In Review,2023-05-28,2023,5,911,Female,40,High School,6,Not Mentioned,1,3,2.2,2,3.7,Weak candidates,Mid Range,0,0
2284,David Martin,Pending Review,2023-05-21,2023,5,918,Female,25,High School,12,Not Mentioned,1,5,3.4,3,5.7,Good candidates,High Range,0,0
2285,Taylor Baldwin,Rejected,2023-05-08,2023,5,931,Female,48,High School,6,secondary school,1,3,2.2,1,3.61,Weak candidates,High Range,0,1
2286,Charles Gilbert,Rejected,2023-07-25,2023,7,853,Other,20,Bachelor's Degree,11,Not Mentioned,3,5,4.2,1,6.5,"Strong fit, top candidates",High Range,0,1
2287,Courtney Jackson,In Review,2023-05-23,2023,5,916,Other,37,Bachelor's Degree,14,Not Mentioned,3,5,4.2,2,6.7,"Strong fit, top candidates",High Range,0,0
2288,Angela Carson,In Review,2023-07-06,2023,7,872,Female,41,Bachelor's Degree,15,Not Mentioned,3,5,4.2,2,6.7,"Strong fit, top candidates",Mid Range,0,0
2289,Thomas Shields,Offered,2023-05-12,2023,5,927,Male,41,High School,1,museum,1,1,1,2,1.9,Weak candidates,High Range,1,0
2290,Haley Hawkins,Rejected,2023-05-20,2023,5,919,Other,20,PhD,14,Not Mentioned,5,5,5,1,7.7,"Strong fit, top candidates",Mid Range,0,1
2291,Bradley Richardson,Interviewing,2023-07-15,2023,7,863,Female,42,Master's Degree,4,Not Mentioned,4,2,2.8,2,4.6,Good candidates,Mid Range,0,0
2292,Crystal Douglas,Offered,2023-05-08,2023,5,931,Male,44,PhD,13,Not Mentioned,5,5,5,2,7.9,"Strong fit, top candidates",Mid Range,1,0
2293,John Smith,Rejected,2023-06-10,2023,6,898,Male,37,Master's Degree,4,Not Mentioned,4,2,2.8,2,4.6,Good candidates,High Range,0,1
2294,Janice Reese,In Review,2023-07-15,2023,7,863,Female,33,High School,9,Not Mentioned,1,4,2.8,3,4.8,Good candidates,Mid Range,0,0
2295,Kaitlyn Arnold,Pending Review,2023-06-27,2023,6,881,Female,23,PhD,7,Not Mentioned,5,3,3.8,1,5.9,Good candidates,Mid Range,0,0
2296,Matthew Alvarez,In Review,2023-05-30,2023,5,909,Male,48,Master's Degree,19,forensic,4,5,4.6,1,7.675,"Strong fit, top candidates",Mid Range,0,0
2297,Christopher Davis,Pending Review,2023-07-24,2023,7,854,Male,43,Master's Degree,4,Not Mentioned,4,2,2.8,2,4.6,Good candidates,High Range,0,0
2298,Aaron Diaz,Interviewing,2023-05-24,2023,5,915,Male,47,Master's Degree,13,Not Mentioned,4,5,4.6,1,7.1,"Strong fit, top candidates",Mid Range,0,0
2299,Sheena Miller,Rejected,2023-07-23,2023,7,855,Other,50,High School,17,Not Mentioned,1,5,3.4,1,5.3,Good candidates,High Range,0,1
2300,Christopher Flores,Pending Review,2023-07-10,2023,7,868,Female,38,Master's Degree,6,secondary school,4,3,3.4,2,5.67,Good candidates,Mid Range,0,0
2301,Brianna Anderson,In Review,2023-08-04,2023,8,843,Male,50,High School,14,occupational,1,5,3.4,1,5.3,Good candidates,High Range,0,0
2302,Veronica West,Pending Review,2023-07-28,2023,7,850,Other,35,Bachelor's Degree,19,Not Mentioned,3,5,4.2,3,6.9,"Strong fit, top candidates",High Range,0,0
2303,Jessica Newton,In Review,2023-05-09,2023,5,930,Male,31,Master's Degree,7,Not Mentioned,4,3,3.4,3,5.7,Good candidates,High Range,0,0
2304,James Mckinney,In Review,2023-08-03,2023,8,844,Female,29,Master's Degree,6,Not Mentioned,4,3,3.4,3,5.7,Good candidates,High Range,0,0
2305,Luke King,Offered,2023-05-06,2023,5,933,Other,34,High School,11,Not Mentioned,1,5,3.4,3,5.7,Good candidates,High Range,1,0
2306,Stephanie Montgomery,Pending Review,2023-06-24,2023,6,884,Male,56,PhD,9,Not Mentioned,5,4,4.4,1,6.8,"Strong fit, top candidates",High Range,0,0
2307,John Beck,Offered,2023-08-02,2023,8,845,Male,47,High School,8,local government,1,4,2.8,1,4.4,Good candidates,High Range,1,0
2308,Kimberly Davis,Offered,2023-07-19,2023,7,859,Other,56,PhD,4,Not Mentioned,5,2,3.2,1,5,Good candidates,High Range,1,0
2309,Brandon Evans,Offered,2023-05-07,2023,5,932,Other,50,PhD,6,Not Mentioned,5,3,3.8,1,5.9,Good candidates,High Range,1,0
2310,Kimberly Henderson,Rejected,2023-05-24,2023,5,915,Other,35,Master's Degree,13,Not Mentioned,4,5,4.6,3,7.5,"Strong fit, top candidates",Mid Range,0,1
2311,Alexander Ingram,Interviewing,2023-06-26,2023,6,882,Other,43,PhD,9,research (medical),5,4,4.4,2,7.44,"Strong fit, top candidates",High Range,0,0
2312,Christopher Martin,Interviewing,2023-07-19,2023,7,859,Male,23,High School,8,sport and exercise,1,4,2.8,1,4.4,Good candidates,High Range,0,0
2313,Mark Price,In Review,2023-06-24,2023,6,884,Other,30,High School,5,Not Mentioned,1,3,2.2,3,3.9,Weak candidates,Mid Range,0,0
2314,Gregory Johnson,In Review,2023-07-17,2023,7,861,Other,34,Master's Degree,8,Not Mentioned,4,4,4,3,6.6,"Strong fit, top candidates",Mid Range,0,0
2315,Joshua Diaz,Rejected,2023-07-09,2023,7,869,Male,36,High School,1,maintenance (IT),1,1,1,2,2,Weak candidates,Mid Range,0,1
2316,Sheila Marquez,Interviewing,2023-07-01,2023,7,877,Male,60,Master's Degree,7,radio,4,3,3.4,1,5.3,Good candidates,Mid Range,0,0
2317,Eric Powell,Offered,2023-05-29,2023,5,910,Other,59,PhD,7,multimedia,5,3,3.8,1,5.995,Good candidates,Mid Range,1,0
2318,Mark Holland,Rejected,2023-06-12,2023,6,896,Male,27,PhD,0,Not Mentioned,5,1,2.6,3,4.5,Good candidates,High Range,0,1
2319,Austin Clark,Offered,2023-07-05,2023,7,873,Female,21,High School,20,sport and exercise,1,5,3.4,1,5.3,Good candidates,High Range,1,0
2320,Christian Woods,Pending Review,2023-05-18,2023,5,921,Female,48,Master's Degree,12,community,4,5,4.6,1,6.87,"Strong fit, top candidates",High Range,0,0
2321,Breanna Baker,In Review,2023-06-09,2023,6,899,Female,51,Bachelor's Degree,7,Not Mentioned,3,3,3,1,4.7,Good candidates,High Range,0,0
2322,Rachel Price,In Review,2023-07-13,2023,7,865,Female,31,Bachelor's Degree,6,Not Mentioned,3,3,3,3,5.1,Good candidates,High Range,0,0
2323,Elizabeth Johnson,Rejected,2023-06-08,2023,6,900,Male,23,Bachelor's Degree,13,Not Mentioned,3,5,4.2,1,6.5,"Strong fit, top candidates",High Range,0,1
2324,Victoria Lopez,Offered,2023-06-24,2023,6,884,Female,28,High School,18,Not Mentioned,1,5,3.4,3,5.7,Good candidates,High Range,1,0
2325,Julie Ford,Pending Review,2023-06-28,2023,6,880,Male,46,Master's Degree,19,Not Mentioned,4,5,4.6,1,7.1,"Strong fit, top candidates",High Range,0,0
2326,Dawn Martinez,Pending Review,2023-06-29,2023,6,879,Female,26,Bachelor's Degree,1,Not Mentioned,3,1,1.8,3,3.3,Weak candidates,Mid Range,0,0
2327,Marissa Garcia,Interviewing,2023-06-26,2023,6,882,Male,26,Master's Degree,3,Not Mentioned,4,2,2.8,3,4.8,Good candidates,Mid Range,0,0
2328,Christopher Clark,In Review,2023-06-10,2023,6,898,Male,52,Master's Degree,5,Not Mentioned,4,3,3.4,1,5.3,Good candidates,Mid Range,0,0
2329,Kevin Thomas,Rejected,2023-06-12,2023,6,896,Female,54,Master's Degree,19,Not Mentioned,4,5,4.6,1,7.1,"Strong fit, top candidates",High Range,0,1
2330,Ashley Fuller,Rejected,2023-05-14,2023,5,925,Male,19,High School,17,Not Mentioned,1,5,3.4,1,5.3,Good candidates,Mid Range,0,1
2331,Stephen Baxter,Offered,2023-06-27,2023,6,881,Female,23,High School,5,clinical,1,3,2.2,1,3.775,Weak candidates,High Range,1,0
2332,Barbara Stephenson,Offered,2023-07-10,2023,7,868,Male,60,Bachelor's Degree,13,Not Mentioned,3,5,4.2,1,6.5,"Strong fit, top candidates",Mid Range,1,0
2333,James Moore,Rejected,2023-05-10,2023,5,929,Female,31,High School,1,Not Mentioned,1,1,1,3,2.1,Weak candidates,Mid Range,0,1
2334,Lorraine Fernandez,Rejected,2023-05-13,2023,5,926,Female,19,PhD,18,medical,5,5,5,1,7.7,"Strong fit, top candidates",High Range,0,1
2335,Joseph Gray,In Review,2023-05-22,2023,5,917,Female,42,High School,7,Not Mentioned,1,3,2.2,2,3.7,Weak candidates,Mid Range,0,0
2336,Joshua Sanders,Pending Review,2023-06-27,2023,6,881,Other,60,Master's Degree,20,Not Mentioned,4,5,4.6,1,7.1,"Strong fit, top candidates",High Range,0,0
2337,Tonya Foster,Rejected,2023-06-27,2023,6,881,Male,22,High School,20,special educational needs,1,5,3.4,1,5.47,Good candidates,High Range,0,1
2338,Erin Long,In Review,2023-07-30,2023,7,848,Female,20,PhD,8,Not Mentioned,5,4,4.4,1,6.8,"Strong fit, top candidates",Mid Range,0,0
2339,Wendy Travis,Rejected,2023-07-11,2023,7,867,Female,58,Master's Degree,11,adult education,4,5,4.6,1,7.33,"Strong fit, top candidates",Mid Range,0,1
2340,Stephanie Stewart,Interviewing,2023-06-13,2023,6,895,Other,26,Master's Degree,9,Not Mentioned,4,4,4,3,6.6,"Strong fit, top candidates",High Range,0,0
2341,Tammy Marquez,Rejected,2023-05-20,2023,5,919,Other,40,PhD,20,Not Mentioned,5,5,5,2,7.9,"Strong fit, top candidates",Mid Range,0,1
2342,Kendra Hayes,Rejected,2023-06-25,2023,6,883,Male,22,PhD,5,Not Mentioned,5,3,3.8,1,5.9,Good candidates,Mid Range,0,1
2343,Jennifer Curtis,Offered,2023-07-20,2023,7,858,Male,27,PhD,5,control and instrumentation,5,3,3.8,3,6.68,"Strong fit, top candidates",High Range,1,0
2344,Kathleen Houston,Rejected,2023-07-25,2023,7,853,Male,30,Bachelor's Degree,15,Not Mentioned,3,5,4.2,3,6.9,"Strong fit, top candidates",High Range,0,1
2345,Penny Rocha,Pending Review,2023-05-19,2023,5,920,Other,53,Master's Degree,2,Not Mentioned,4,2,2.8,1,4.4,Good candidates,High Range,0,0
2346,Tina Bishop,In Review,2023-05-07,2023,5,932,Male,25,Master's Degree,5,contracting,4,3,3.4,3,5.7,Good candidates,Mid Range,0,0
2347,Carol Ramirez,Rejected,2023-07-13,2023,7,865,Female,60,Master's Degree,7,sports,4,3,3.4,1,5.13,Good candidates,Mid Range,0,1
2348,Lisa Brown,In Review,2023-07-06,2023,7,872,Female,33,High School,18,Not Mentioned,1,5,3.4,3,5.7,Good candidates,Mid Range,0,0
2349,Cynthia Sherman,Pending Review,2023-06-20,2023,6,888,Male,40,High School,9,Not Mentioned,1,4,2.8,2,4.6,Good candidates,High Range,0,0
2350,Jessica Flores,Interviewing,2023-07-04,2023,7,874,Other,32,Bachelor's Degree,8,newspaper,3,4,3.6,3,6.09,"Strong fit, top candidates",Mid Range,0,0
2351,Brandy Morgan,In Review,2023-06-09,2023,6,899,Male,31,PhD,11,Not Mentioned,5,5,5,3,8.1,"Strong fit, top candidates",Mid Range,0,0
2352,Kathryn Diaz,In Review,2023-07-20,2023,7,858,Female,52,Bachelor's Degree,4,Not Mentioned,3,2,2.4,1,3.8,Weak candidates,Mid Range,0,0
2353,Eric Padilla,In Review,2023-07-25,2023,7,853,Male,30,PhD,19,Not Mentioned,5,5,5,3,8.1,"Strong fit, top candidates",High Range,0,0
2354,Emily Carter,Pending Review,2023-05-10,2023,5,929,Male,39,PhD,1,Not Mentioned,5,1,2.6,2,4.3,Good candidates,High Range,0,0
2355,Shelby Pacheco,In Review,2023-06-04,2023,6,904,Male,41,Bachelor's Degree,0,radio,3,1,1.8,2,3.1,Weak candidates,High Range,0,0
2356,Michael Taylor,In Review,2023-06-09,2023,6,899,Other,30,Master's Degree,1,Not Mentioned,4,1,2.2,3,3.9,Weak candidates,Mid Range,0,0
2357,Christina Cardenas,Interviewing,2023-06-24,2023,6,884,Male,31,PhD,7,Not Mentioned,5,3,3.8,3,6.3,"Strong fit, top candidates",High Range,0,0
2358,Brandon Atkins,Pending Review,2023-05-15,2023,5,924,Male,26,High School,16,Not Mentioned,1,5,3.4,3,5.7,Good candidates,High Range,0,0
2359,Samantha Dunn,Offered,2023-06-20,2023,6,888,Female,59,Bachelor's Degree,3,IT,3,2,2.4,1,4.04,Good candidates,High Range,1,0
2360,Jesse Barnes,Pending Review,2023-05-18,2023,5,921,Female,43,Bachelor's Degree,20,maintenance (IT),3,5,4.2,2,7.12,"Strong fit, top candidates",Mid Range,0,0
2361,Daniel House,In Review,2023-07-12,2023,7,866,Male,26,Master's Degree,14,English as a foreign language,4,5,4.6,3,7.5,"Strong fit, top candidates",Mid Range,0,0
2362,Casey Richardson,In Review,2023-07-25,2023,7,853,Other,35,PhD,8,Not Mentioned,5,4,4.4,3,7.2,"Strong fit, top candidates",High Range,0,0
2363,Philip Clarke,Offered,2023-05-27,2023,5,912,Female,23,Bachelor's Degree,16,company,3,5,4.2,1,6.815,"Strong fit, top candidates",Mid Range,1,0
2364,Jesse Bernard,Rejected,2023-07-04,2023,7,874,Other,34,Bachelor's Degree,13,mental health,3,5,4.2,3,7.425,"Strong fit, top candidates",High Range,0,1
2365,Robert Delgado,Offered,2023-07-02,2023,7,876,Female,59,Bachelor's Degree,1,Not Mentioned,3,1,1.8,1,2.9,Weak candidates,High Range,1,0
2366,Natasha Schroeder,Offered,2023-05-07,2023,5,932,Male,40,Master's Degree,5,Not Mentioned,4,3,3.4,2,5.5,Good candidates,High Range,1,0
2367,John Moon,Offered,2023-05-27,2023,5,912,Male,44,High School,12,Not Mentioned,1,5,3.4,2,5.5,Good candidates,Mid Range,1,0
2368,Karen Torres,In Review,2023-06-11,2023,6,897,Female,41,Master's Degree,15,Not Mentioned,4,5,4.6,2,7.3,"Strong fit, top candidates",High Range,0,0
2369,James Stanley,Offered,2023-07-02,2023,7,876,Female,19,Master's Degree,5,graphic,4,3,3.4,1,5.385,Good candidates,High Range,1,0
2370,Ryan Sanchez,Rejected,2023-08-05,2023,8,842,Female,47,High School,9,Not Mentioned,1,4,2.8,1,4.4,Good candidates,High Range,0,1
2371,Christina Melendez,In Review,2023-06-09,2023,6,899,Other,23,High School,10,Not Mentioned,1,4,2.8,1,4.4,Good candidates,High Range,0,0
2372,Douglas Ross,In Review,2023-05-30,2023,5,909,Female,49,High School,6,Not Mentioned,1,3,2.2,1,3.5,Weak candidates,Mid Range,0,0
2373,Jennifer Freeman,Pending Review,2023-07-19,2023,7,859,Other,37,Bachelor's Degree,18,Not Mentioned,3,5,4.2,2,6.7,"Strong fit, top candidates",High Range,0,0
2374,Brandi Monroe,Offered,2023-05-08,2023,5,931,Female,52,Bachelor's Degree,4,Not Mentioned,3,2,2.4,1,3.8,Weak candidates,High Range,1,0
2375,Sheena Smith,Pending Review,2023-05-31,2023,5,908,Male,57,Bachelor's Degree,17,art,3,5,4.2,1,6.605,"Strong fit, top candidates",Mid Range,0,0
2376,Jennifer Stanley,Pending Review,2023-05-08,2023,5,931,Male,26,High School,11,Not Mentioned,1,5,3.4,3,5.7,Good candidates,Mid Range,0,0
2377,Douglas Smith,Pending Review,2023-07-19,2023,7,859,Other,25,Bachelor's Degree,10,Not Mentioned,3,4,3.6,3,6,"Strong fit, top candidates",High Range,0,0
2378,Julie Garcia,In Review,2023-07-22,2023,7,856,Other,50,High School,13,Not Mentioned,1,5,3.4,1,5.3,Good candidates,High Range,0,0
2379,James Carr,Interviewing,2023-07-06,2023,7,872,Female,59,Master's Degree,20,Not Mentioned,4,5,4.6,1,7.1,"Strong fit, top candidates",High Range,0,0
2380,Kevin Spencer,Rejected,2023-05-21,2023,5,918,Male,53,PhD,4,Not Mentioned,5,2,3.2,1,5,Good candidates,High Range,0,1
2381,Terri Smith,Interviewing,2023-05-29,2023,5,910,Male,34,Bachelor's Degree,14,community,3,5,4.2,3,6.69,"Strong fit, top candidates",High Range,0,0
2382,Heather Smith,Offered,2023-06-07,2023,6,901,Male,47,PhD,7,audiological,5,3,3.8,1,6.375,"Strong fit, top candidates",Mid Range,1,0
2383,Heather Thomas,Rejected,2023-06-16,2023,6,892,Female,29,Master's Degree,5,Not Mentioned,4,3,3.4,3,5.7,Good candidates,High Range,0,1
2384,Sheri Price,Interviewing,2023-05-22,2023,5,917,Other,33,PhD,9,Not Mentioned,5,4,4.4,3,7.2,"Strong fit, top candidates",High Range,0,0
2385,Yvonne Munoz,Rejected,2023-05-27,2023,5,912,Other,41,High School,10,Not Mentioned,1,4,2.8,2,4.6,Good candidates,High Range,0,1
2386,Cassandra Shields,Offered,2023-07-19,2023,7,859,Female,47,PhD,13,Not Mentioned,5,5,5,1,7.7,"Strong fit, top candidates",High Range,1,0
2387,Jennifer Riley,In Review,2023-06-13,2023,6,895,Other,47,High School,13,Not Mentioned,1,5,3.4,1,5.3,Good candidates,Mid Range,0,0
2388,Emily Diaz,In Review,2023-06-22,2023,6,886,Other,54,Bachelor's Degree,0,broadcasting/film/video,3,1,1.8,1,2.945,Weak candidates,Mid Range,0,0
2389,Monique Wright,Interviewing,2023-05-24,2023,5,915,Male,42,Bachelor's Degree,2,broadcasting/film/video,3,2,2.4,2,4.06,Good candidates,High Range,0,0
2390,Kerri Williams,Interviewing,2023-07-04,2023,7,874,Female,20,Master's Degree,9,clinical,4,4,4,1,6.7,"Strong fit, top candidates",High Range,0,0
2391,Ethan Howard,Interviewing,2023-06-05,2023,6,903,Other,40,Bachelor's Degree,14,Not Mentioned,3,5,4.2,2,6.7,"Strong fit, top candidates",High Range,0,0
2392,William Gray,Interviewing,2023-05-16,2023,5,923,Other,37,Master's Degree,14,Not Mentioned,4,5,4.6,2,7.3,"Strong fit, top candidates",Mid Range,0,0
2393,Dana Mcguire,Interviewing,2023-06-08,2023,6,900,Female,22,Master's Degree,8,Not Mentioned,4,4,4,1,6.2,"Strong fit, top candidates",High Range,0,0
2394,Anna White,Offered,2023-06-27,2023,6,881,Other,59,High School,4,Not Mentioned,1,2,1.6,1,2.6,Weak candidates,High Range,1,0
2395,Tyler Anderson,Pending Review,2023-05-28,2023,5,911,Other,42,Master's Degree,18,Not Mentioned,4,5,4.6,2,7.3,"Strong fit, top candidates",Mid Range,0,0
2396,Jennifer Cooper,In Review,2023-05-07,2023,5,932,Male,48,PhD,15,Not Mentioned,5,5,5,1,7.7,"Strong fit, top candidates",High Range,0,0
2397,Kristen Jones,In Review,2023-05-26,2023,5,913,Other,55,PhD,2,Not Mentioned,5,2,3.2,1,5,Good candidates,Mid Range,0,0
2398,Neil Bullock,In Review,2023-06-30,2023,6,878,Other,42,PhD,3,furniture,5,2,3.2,2,5.2,Good candidates,High Range,0,0
2399,Megan Harmon,Interviewing,2023-07-27,2023,7,851,Other,55,Bachelor's Degree,10,Not Mentioned,3,4,3.6,1,5.6,Good candidates,Mid Range,0,0
2400,Kristen Reynolds,Pending Review,2023-05-19,2023,5,920,Other,27,Bachelor's Degree,18,television/film/video,3,5,4.2,3,6.9,"Strong fit, top candidates",High Range,0,0
2401,Edward Richardson,Interviewing,2023-05-23,2023,5,916,Female,58,High School,1,children's,1,1,1,1,1.75,Weak candidates,Mid Range,0,0
2402,Todd Clay,Pending Review,2023-06-17,2023,6,891,Female,53,High School,11,Not Mentioned,1,5,3.4,1,5.3,Good candidates,High Range,0,0
2403,Tyler Clark,Pending Review,2023-05-21,2023,5,918,Female,35,High School,6,Not Mentioned,1,3,2.2,3,3.9,Weak candidates,Mid Range,0,0
2404,David Pennington,Interviewing,2023-06-04,2023,6,904,Other,56,High School,2,Not Mentioned,1,2,1.6,1,2.6,Weak candidates,High Range,0,0
2405,Jason Vaughan,Offered,2023-08-05,2023,8,842,Male,21,High School,16,Not Mentioned,1,5,3.4,1,5.3,Good candidates,High Range,1,0
2406,Carlos Gonzalez,In Review,2023-06-23,2023,6,885,Male,39,PhD,15,primary school,5,5,5,2,8.15,"Strong fit, top candidates",High Range,0,0
2407,Jason Gallegos,Pending Review,2023-06-27,2023,6,881,Male,20,Master's Degree,12,Not Mentioned,4,5,4.6,1,7.1,"Strong fit, top candidates",Mid Range,0,0
2408,Maria Glenn,Offered,2023-05-08,2023,5,931,Female,41,PhD,17,Not Mentioned,5,5,5,2,7.9,"Strong fit, top candidates",High Range,1,0
2409,Joshua Clark,Rejected,2023-05-12,2023,5,927,Female,35,Bachelor's Degree,4,Not Mentioned,3,2,2.4,3,4.2,Good candidates,Mid Range,0,1
2410,Edward Conley,Pending Review,2023-07-12,2023,7,866,Male,40,PhD,13,educational,5,5,5,2,8.15,"Strong fit, top candidates",High Range,0,0
2411,Anita Hartman,Rejected,2023-06-04,2023,6,904,Female,40,High School,2,Not Mentioned,1,2,1.6,2,2.8,Weak candidates,High Range,0,1
2412,James Rodriguez,Offered,2023-07-29,2023,7,849,Male,23,Master's Degree,12,Not Mentioned,4,5,4.6,1,7.1,"Strong fit, top candidates",Mid Range,1,0
2413,Michelle Bowen,Offered,2023-07-20,2023,7,858,Female,37,PhD,12,Not Mentioned,5,5,5,2,7.9,"Strong fit, top candidates",High Range,1,0
2414,Zachary Walsh,Offered,2023-07-31,2023,7,847,Female,60,PhD,1,Not Mentioned,5,1,2.6,1,4.1,Good candidates,High Range,1,0
2415,Catherine Chavez,In Review,2023-07-14,2023,7,864,Male,32,Bachelor's Degree,14,analytical,3,5,4.2,3,7.32,"Strong fit, top candidates",Mid Range,0,0
2416,Brandon Reeves,Offered,2023-07-30,2023,7,848,Male,42,Bachelor's Degree,19,Not Mentioned,3,5,4.2,2,6.7,"Strong fit, top candidates",High Range,1,0
2417,Matthew Bush,Pending Review,2023-07-24,2023,7,854,Other,41,PhD,12,Not Mentioned,5,5,5,2,7.9,"Strong fit, top candidates",Mid Range,0,0
2418,Laura Fletcher,Pending Review,2023-06-30,2023,6,878,Other,25,PhD,0,Not Mentioned,5,1,2.6,3,4.5,Good candidates,Mid Range,0,0
2419,James Butler,In Review,2023-05-21,2023,5,918,Other,56,Master's Degree,17,Scotland,4,5,4.6,1,7.1,"Strong fit, top candidates",High Range,0,0
2420,Michelle Collins,Offered,2023-06-25,2023,6,883,Female,38,PhD,5,land/geomatics,5,3,3.8,2,6.29,"Strong fit, top candidates",High Range,1,0
2421,Cassie Alvarado,Rejected,2023-07-29,2023,7,849,Other,39,Bachelor's Degree,11,Not Mentioned,3,5,4.2,2,6.7,"Strong fit, top candidates",Mid Range,0,1
2422,Courtney Mayo,Pending Review,2023-06-13,2023,6,895,Other,58,Bachelor's Degree,5,applications,3,3,3,1,4.7,Good candidates,High Range,0,0
2423,Theodore Howell,Pending Review,2023-06-28,2023,6,880,Other,34,High School,10,Not Mentioned,1,4,2.8,3,4.8,Good candidates,High Range,0,0
2424,Charles Barber,Offered,2023-05-24,2023,5,915,Male,54,Bachelor's Degree,11,Not Mentioned,3,5,4.2,1,6.5,"Strong fit, top candidates",Mid Range,1,0
2425,Paul Tucker,Pending Review,2023-06-22,2023,6,886,Other,20,High School,9,Not Mentioned,1,4,2.8,1,4.4,Good candidates,High Range,0,0
2426,Ruth Williams,Rejected,2023-07-25,2023,7,853,Other,29,PhD,3,Not Mentioned,5,2,3.2,3,5.4,Good candidates,High Range,0,1
2427,Travis Francis,Pending Review,2023-07-13,2023,7,865,Male,28,PhD,6,Not Mentioned,5,3,3.8,3,6.3,"Strong fit, top candidates",High Range,0,0
2428,Matthew Gomez,In Review,2023-06-11,2023,6,897,Male,45,Master's Degree,15,Not Mentioned,4,5,4.6,2,7.3,"Strong fit, top candidates",Mid Range,0,0
2429,Sarah Conley,Offered,2023-07-01,2023,7,877,Male,54,Bachelor's Degree,19,broadcasting,3,5,4.2,1,6.605,"Strong fit, top candidates",Mid Range,1,0
2430,Thomas Riley,In Review,2023-06-12,2023,6,896,Other,36,Master's Degree,8,Not Mentioned,4,4,4,2,6.4,"Strong fit, top candidates",High Range,0,0
2431,Crystal Miller,Interviewing,2023-06-21,2023,6,887,Other,36,PhD,14,Not Mentioned,5,5,5,2,7.9,"Strong fit, top candidates",High Range,0,0
2432,Catherine Lang,In Review,2023-06-08,2023,6,900,Other,25,Master's Degree,4,Not Mentioned,4,2,2.8,3,4.8,Good candidates,Mid Range,0,0
2433,Joseph Forbes,Rejected,2023-05-07,2023,5,932,Other,37,PhD,17,Not Mentioned,5,5,5,2,7.9,"Strong fit, top candidates",High Range,0,1
2434,Laura Miller,Interviewing,2023-05-14,2023,5,925,Male,45,PhD,8,Not Mentioned,5,4,4.4,2,7,"Strong fit, top candidates",Mid Range,0,0
2435,Angela Diaz,Interviewing,2023-06-17,2023,6,891,Female,33,High School,3,systems,1,2,1.6,3,3.16,Weak candidates,Mid Range,0,0
2436,Justin Hill,Interviewing,2023-06-11,2023,6,897,Female,27,Master's Degree,8,Not Mentioned,4,4,4,3,6.6,"Strong fit, top candidates",High Range,0,0
2437,Melissa Lyons,Interviewing,2023-07-27,2023,7,851,Other,26,Master's Degree,11,physiological,4,5,4.6,3,8.075,"Strong fit, top candidates",High Range,0,0
2438,David Sweeney,Offered,2023-06-23,2023,6,885,Male,23,Bachelor's Degree,5,Not Mentioned,3,3,3,1,4.7,Good candidates,High Range,1,0
2439,Jason Chavez,In Review,2023-06-30,2023,6,878,Other,58,High School,16,Not Mentioned,1,5,3.4,1,5.3,Good candidates,High Range,0,0
2440,Zachary Kent,Interviewing,2023-06-04,2023,6,904,Male,43,Bachelor's Degree,17,Not Mentioned,3,5,4.2,2,6.7,"Strong fit, top candidates",Mid Range,0,0
2441,Lucas Hernandez,Pending Review,2023-07-05,2023,7,873,Other,49,Master's Degree,15,water,4,5,4.6,1,7.33,"Strong fit, top candidates",High Range,0,0
2442,Valerie Mullen,In Review,2023-06-03,2023,6,905,Female,35,Bachelor's Degree,9,Not Mentioned,3,4,3.6,3,6,"Strong fit, top candidates",High Range,0,0
2443,Sydney Brown,Pending Review,2023-06-02,2023,6,906,Other,55,Bachelor's Degree,14,blown glass/stained glass,3,5,4.2,1,6.605,"Strong fit, top candidates",High Range,0,0
2444,Kimberly Cameron,Offered,2023-06-07,2023,6,901,Other,38,PhD,14,Not Mentioned,5,5,5,2,7.9,"Strong fit, top candidates",High Range,1,0
2445,Clayton Fields,Offered,2023-07-13,2023,7,865,Female,60,Master's Degree,13,Not Mentioned,4,5,4.6,1,7.1,"Strong fit, top candidates",Mid Range,1,0
2446,Yolanda Stephens,Offered,2023-07-23,2023,7,855,Male,36,High School,6,automotive,1,3,2.2,2,3.92,Weak candidates,Mid Range,1,0
2447,Adrienne Allen,Rejected,2023-08-04,2023,8,843,Female,56,Master's Degree,16,Not Mentioned,4,5,4.6,1,7.1,"Strong fit, top candidates",High Range,0,1
2448,Christopher Hill,In Review,2023-08-01,2023,8,846,Male,35,Master's Degree,1,Not Mentioned,4,1,2.2,3,3.9,Weak candidates,Mid Range,0,0
2449,Brandi Barber,In Review,2023-06-28,2023,6,880,Other,34,PhD,11,Not Mentioned,5,5,5,3,8.1,"Strong fit, top candidates",High Range,0,0
2450,Monica Edwards,Rejected,2023-07-23,2023,7,855,Female,23,Master's Degree,11,Not Mentioned,4,5,4.6,1,7.1,"Strong fit, top candidates",High Range,0,1
2451,Michael Wiley,Pending Review,2023-06-05,2023,6,903,Other,56,PhD,0,Not Mentioned,5,1,2.6,1,4.1,Good candidates,High Range,0,0
2452,Dan Salinas,Pending Review,2023-08-02,2023,8,845,Male,30,Master's Degree,18,early years/pre,4,5,4.6,3,7.73,"Strong fit, top candidates",High Range,0,0
2453,Stephanie King,Pending Review,2023-05-18,2023,5,921,Other,53,Bachelor's Degree,14,broadcasting,3,5,4.2,1,6.605,"Strong fit, top candidates",High Range,0,0
2454,Donald Smith,Pending Review,2023-06-17,2023,6,891,Other,22,Master's Degree,5,Not Mentioned,4,3,3.4,1,5.3,Good candidates,Mid Range,0,0
2455,Teresa Garcia,Rejected,2023-05-14,2023,5,925,Male,31,Bachelor's Degree,17,drama,3,5,4.2,3,7.005,"Strong fit, top candidates",High Range,0,1
2456,Jeremy Flowers,Offered,2023-06-10,2023,6,898,Male,46,PhD,17,Not Mentioned,5,5,5,1,7.7,"Strong fit, top candidates",Mid Range,1,0
2457,Douglas Perez,Interviewing,2023-07-15,2023,7,863,Female,56,PhD,4,Not Mentioned,5,2,3.2,1,5,Good candidates,Mid Range,0,0
2458,Adam Spencer,Pending Review,2023-05-25,2023,5,914,Male,37,PhD,4,Not Mentioned,5,2,3.2,2,5.2,Good candidates,High Range,0,0
2459,Carla King,Pending Review,2023-07-27,2023,7,851,Other,38,High School,9,petroleum,1,4,2.8,2,4.88,Good candidates,Mid Range,0,0
2460,Micheal Hayes,Interviewing,2023-05-10,2023,5,929,Female,47,Bachelor's Degree,16,Not Mentioned,3,5,4.2,1,6.5,"Strong fit, top candidates",Mid Range,0,0
2461,Briana Johnson,Pending Review,2023-05-23,2023,5,916,Male,25,Bachelor's Degree,11,Not Mentioned,3,5,4.2,3,6.9,"Strong fit, top candidates",High Range,0,0
2462,Tiffany Flores,Offered,2023-07-21,2023,7,857,Male,49,PhD,4,Not Mentioned,5,2,3.2,1,5,Good candidates,High Range,1,0
2463,Debra Johnson,Rejected,2023-06-13,2023,6,895,Female,21,PhD,20,Not Mentioned,5,5,5,1,7.7,"Strong fit, top candidates",High Range,0,1
2464,Kathy Burch,Interviewing,2023-07-30,2023,7,848,Male,36,Master's Degree,6,Not Mentioned,4,3,3.4,2,5.5,Good candidates,High Range,0,0
2465,Paula Hall,Rejected,2023-07-21,2023,7,857,Female,56,PhD,14,Not Mentioned,5,5,5,1,7.7,"Strong fit, top candidates",High Range,0,1
2466,James Gill,Rejected,2023-06-27,2023,6,881,Male,58,Bachelor's Degree,19,Not Mentioned,3,5,4.2,1,6.5,"Strong fit, top candidates",Mid Range,0,1
2467,Isaiah Mcneil,Offered,2023-07-27,2023,7,851,Other,45,Master's Degree,6,furniture,4,3,3.4,2,5.5,Good candidates,Mid Range,1,0
2468,Amanda Brewer,Rejected,2023-06-28,2023,6,880,Other,22,Master's Degree,0,Not Mentioned,4,1,2.2,1,3.5,Weak candidates,High Range,0,1
2469,Nancy Gonzalez,Offered,2023-07-09,2023,7,869,Female,52,PhD,14,Not Mentioned,5,5,5,1,7.7,"Strong fit, top candidates",Mid Range,1,0
2470,Chase Clark,Interviewing,2023-07-23,2023,7,855,Male,44,Master's Degree,3,Not Mentioned,4,2,2.8,2,4.6,Good candidates,High Range,0,0
2471,Isaiah Smith,Offered,2023-05-10,2023,5,929,Other,43,PhD,6,Not Mentioned,5,3,3.8,2,6.1,"Strong fit, top candidates",High Range,1,0
2472,Austin Taylor,Interviewing,2023-06-08,2023,6,900,Female,43,Master's Degree,8,Not Mentioned,4,4,4,2,6.4,"Strong fit, top candidates",High Range,0,0
2473,Susan Chaney,In Review,2023-06-12,2023,6,896,Other,56,PhD,1,Not Mentioned,5,1,2.6,1,4.1,Good candidates,Mid Range,0,0
2474,Madeline Bailey,Offered,2023-05-18,2023,5,921,Female,45,PhD,0,education,5,1,2.6,2,4.43,Good candidates,Mid Range,1,0
2475,Emily Hill,Offered,2023-06-01,2023,6,907,Female,22,Master's Degree,9,Not Mentioned,4,4,4,1,6.2,"Strong fit, top candidates",High Range,1,0
2476,Katherine Brewer,Offered,2023-05-30,2023,5,909,Male,32,PhD,7,Not Mentioned,5,3,3.8,3,6.3,"Strong fit, top candidates",Mid Range,1,0
2477,Joseph Holmes,Rejected,2023-05-14,2023,5,925,Male,44,High School,7,Not Mentioned,1,3,2.2,2,3.7,Weak candidates,Mid Range,0,1
2478,Annette Price,Offered,2023-05-19,2023,5,920,Other,34,Master's Degree,20,Not Mentioned,4,5,4.6,3,7.5,"Strong fit, top candidates",Mid Range,1,0
2479,Mark Sparks,Offered,2023-06-29,2023,6,879,Male,42,Bachelor's Degree,11,Not Mentioned,3,5,4.2,2,6.7,"Strong fit, top candidates",Mid Range,1,0
2480,Travis Hickman,Pending Review,2023-07-29,2023,7,849,Female,23,High School,16,Not Mentioned,1,5,3.4,1,5.3,Good candidates,High Range,0,0
2481,Kenneth Simmons,Pending Review,2023-05-14,2023,5,925,Male,42,High School,17,sport and exercise,1,5,3.4,2,5.5,Good candidates,Mid Range,0,0
2482,Jason Williams,In Review,2023-07-26,2023,7,852,Other,24,Master's Degree,19,Not Mentioned,4,5,4.6,1,7.1,"Strong fit, top candidates",High Range,0,0
2483,Charles Hull,In Review,2023-05-12,2023,5,927,Other,57,High School,4,Not Mentioned,1,2,1.6,1,2.6,Weak candidates,Mid Range,0,0
2484,Patrick Tucker,Rejected,2023-06-17,2023,6,891,Female,26,PhD,5,hospital,5,3,3.8,3,6.3,"Strong fit, top candidates",High Range,0,1
2485,Robert Murray,Interviewing,2023-06-19,2023,6,889,Male,26,High School,14,political party,1,5,3.4,3,5.955,Good candidates,High Range,0,0
2486,James Horn,In Review,2023-08-04,2023,8,843,Male,32,High School,4,local government,1,2,1.6,3,3,Weak candidates,Mid Range,0,0
2487,Kenneth Smith,Rejected,2023-05-28,2023,5,911,Other,41,High School,0,building services,1,1,1,2,1.95,Weak candidates,Mid Range,0,1
2488,Kimberly Morgan,Interviewing,2023-06-11,2023,6,897,Male,47,PhD,6,Not Mentioned,5,3,3.8,1,5.9,Good candidates,Mid Range,0,0
2489,Shannon Boyd,Offered,2023-06-08,2023,6,900,Male,57,Bachelor's Degree,7,Not Mentioned,3,3,3,1,4.7,Good candidates,High Range,1,0
2490,Jessica Taylor,Interviewing,2023-07-17,2023,7,861,Other,27,Master's Degree,7,Not Mentioned,4,3,3.4,3,5.7,Good candidates,High Range,0,0
2491,Luke Wilson,Rejected,2023-07-18,2023,7,860,Other,24,Master's Degree,17,Not Mentioned,4,5,4.6,1,7.1,"Strong fit, top candidates",Mid Range,0,1
2492,Christopher Morgan,Interviewing,2023-07-17,2023,7,861,Female,56,Bachelor's Degree,17,Not Mentioned,3,5,4.2,1,6.5,"Strong fit, top candidates",Mid Range,0,0
2514,Christopher Ayers,Offered,2023-07-13,2023,7,865,Male,55,Bachelor's Degree,10,Not Mentioned,3,4,3.6,1,5.6,Good candidates,High Range,1,0
2493,Daniel Newton,Rejected,2023-05-23,2023,5,916,Other,57,Bachelor's Degree,7,Not Mentioned,3,3,3,1,4.7,Good candidates,High Range,0,1
2494,Terry Davis,In Review,2023-06-23,2023,6,885,Female,36,PhD,2,Not Mentioned,5,2,3.2,2,5.2,Good candidates,High Range,0,0
2495,Jacqueline Carter,Pending Review,2023-05-24,2023,5,915,Female,27,Master's Degree,9,historic buildings,4,4,4,3,6.6,"Strong fit, top candidates",High Range,0,0
2496,Matthew Hale,Pending Review,2023-06-28,2023,6,880,Other,25,PhD,2,Not Mentioned,5,2,3.2,3,5.4,Good candidates,Mid Range,0,0
2497,Olivia Soto,In Review,2023-07-24,2023,7,854,Male,31,PhD,3,Not Mentioned,5,2,3.2,3,5.4,Good candidates,High Range,0,0
2498,Teresa Ortiz,In Review,2023-07-21,2023,7,857,Other,61,Master's Degree,3,Not Mentioned,4,2,2.8,1,4.4,Good candidates,Mid Range,0,0
2499,Lori Russell,Interviewing,2023-06-25,2023,6,883,Male,47,PhD,5,Not Mentioned,5,3,3.8,1,5.9,Good candidates,Mid Range,0,0
2500,Jessica Clark,Interviewing,2023-05-10,2023,5,929,Other,27,Master's Degree,9,Not Mentioned,4,4,4,3,6.6,"Strong fit, top candidates",High Range,0,0
2501,Kathleen Evans,Pending Review,2023-06-21,2023,6,887,Female,22,Master's Degree,6,furniture,4,3,3.4,1,5.3,Good candidates,High Range,0,0
2502,Larry Compton,Rejected,2023-06-23,2023,6,885,Other,37,PhD,16,government,5,5,5,2,8.275,"Strong fit, top candidates",High Range,0,1
2503,Wendy Spencer,Pending Review,2023-07-29,2023,7,849,Other,20,Master's Degree,16,Not Mentioned,4,5,4.6,1,7.1,"Strong fit, top candidates",High Range,0,0
2504,Johnny Pacheco,Rejected,2023-06-12,2023,6,896,Male,46,PhD,20,Not Mentioned,5,5,5,1,7.7,"Strong fit, top candidates",High Range,0,1
2505,Stephanie Coleman,Pending Review,2023-06-01,2023,6,907,Female,60,Master's Degree,3,Not Mentioned,4,2,2.8,1,4.4,Good candidates,High Range,0,0
2506,Kayla Howell,Pending Review,2023-05-31,2023,5,908,Other,41,High School,18,chartered public finance,1,5,3.4,2,6.01,"Strong fit, top candidates",High Range,0,0
2507,Joel Bell,Offered,2023-08-01,2023,8,846,Other,54,High School,9,Not Mentioned,1,4,2.8,1,4.4,Good candidates,Mid Range,1,0
2508,Ryan Hall,Rejected,2023-05-06,2023,5,933,Male,34,Master's Degree,12,Not Mentioned,4,5,4.6,3,7.5,"Strong fit, top candidates",Mid Range,0,1
2509,Robert Graham,Pending Review,2023-07-02,2023,7,876,Other,34,Bachelor's Degree,7,physiological,3,3,3,3,5.475,Good candidates,High Range,0,0
2510,Robert Carter,Offered,2023-06-24,2023,6,884,Female,18,High School,6,Not Mentioned,1,3,2.2,1,3.5,Weak candidates,High Range,1,0
2511,Jacqueline Fuller,Pending Review,2023-06-12,2023,6,896,Other,51,High School,7,Not Mentioned,1,3,2.2,1,3.5,Weak candidates,Mid Range,0,0
2512,Blake Lawrence,Offered,2023-07-26,2023,7,852,Female,40,Master's Degree,17,Not Mentioned,4,5,4.6,2,7.3,"Strong fit, top candidates",High Range,1,0
2513,Kathy Morales,Offered,2023-08-01,2023,8,846,Female,43,High School,12,Not Mentioned,1,5,3.4,2,5.5,Good candidates,High Range,1,0
2515,Christopher Velazquez,Pending Review,2023-07-15,2023,7,863,Other,38,Master's Degree,1,Not Mentioned,4,1,2.2,2,3.7,Weak candidates,High Range,0,0
2516,Kristen Johnston,Offered,2023-05-11,2023,5,928,Male,51,High School,14,Not Mentioned,1,5,3.4,1,5.3,Good candidates,High Range,1,0
2517,Sylvia Saunders,Interviewing,2023-05-24,2023,5,915,Male,55,High School,7,Civil Service,1,3,2.2,1,3.665,Weak candidates,High Range,0,0
2518,Thomas Wood,Offered,2023-07-29,2023,7,849,Male,60,Master's Degree,11,Not Mentioned,4,5,4.6,1,7.1,"Strong fit, top candidates",Mid Range,1,0
2519,Danielle Garcia,Offered,2023-07-11,2023,7,867,Male,21,Bachelor's Degree,8,Not Mentioned,3,4,3.6,1,5.6,Good candidates,Mid Range,1,0
2520,Patricia Patton,Rejected,2023-05-17,2023,5,922,Other,25,Bachelor's Degree,15,Not Mentioned,3,5,4.2,3,6.9,"Strong fit, top candidates",High Range,0,1
2521,Michael Payne,Rejected,2023-06-05,2023,6,903,Other,31,Bachelor's Degree,14,sports,3,5,4.2,3,6.69,"Strong fit, top candidates",High Range,0,1
2522,Chad Lopez,In Review,2023-06-30,2023,6,878,Other,58,PhD,19,Not Mentioned,5,5,5,1,7.7,"Strong fit, top candidates",High Range,0,0
2523,Kendra Love,Rejected,2023-06-08,2023,6,900,Female,50,Master's Degree,1,building control,4,1,2.2,1,3.61,Weak candidates,Mid Range,0,1
2524,Richard Hampton,Rejected,2023-06-03,2023,6,905,Other,60,Bachelor's Degree,5,Not Mentioned,3,3,3,1,4.7,Good candidates,Mid Range,0,1
2525,Leah Wallace,In Review,2023-05-10,2023,5,929,Male,49,High School,3,clinical,1,2,1.6,1,2.8,Weak candidates,High Range,0,0
2526,Tammy Mason,Pending Review,2023-07-05,2023,7,873,Female,36,Bachelor's Degree,6,prison and probation services,3,3,3,2,4.9,Good candidates,High Range,0,0
2527,Monica Lozano,Offered,2023-07-02,2023,7,876,Male,30,Master's Degree,19,Not Mentioned,4,5,4.6,3,7.5,"Strong fit, top candidates",Mid Range,1,0
2528,Sarah Woods,Interviewing,2023-07-06,2023,7,872,Male,47,Master's Degree,2,Not Mentioned,4,2,2.8,1,4.4,Good candidates,Mid Range,0,0
2529,Benjamin Sharp,Pending Review,2023-07-20,2023,7,858,Female,56,High School,5,Not Mentioned,1,3,2.2,1,3.5,Weak candidates,Mid Range,0,0
2530,Tiffany Smith,Interviewing,2023-05-12,2023,5,927,Male,38,High School,7,Not Mentioned,1,3,2.2,2,3.7,Weak candidates,Mid Range,0,0
2531,James Holmes,Rejected,2023-07-15,2023,7,863,Male,19,PhD,11,Not Mentioned,5,5,5,1,7.7,"Strong fit, top candidates",Mid Range,0,1
2532,Tiffany Calderon,Offered,2023-07-31,2023,7,847,Female,42,Bachelor's Degree,3,Not Mentioned,3,2,2.4,2,4,Good candidates,High Range,1,0
2533,Joy Walton,Interviewing,2023-07-13,2023,7,865,Other,24,High School,11,sport and exercise,1,5,3.4,1,5.3,Good candidates,Mid Range,0,0
2534,Stephen Gardner,Rejected,2023-06-22,2023,6,886,Male,53,PhD,6,Not Mentioned,5,3,3.8,1,5.9,Good candidates,High Range,0,1
2535,Amanda Schmitt,Offered,2023-07-30,2023,7,848,Male,41,Master's Degree,11,audiological,4,5,4.6,2,7.875,"Strong fit, top candidates",High Range,1,0
2536,Abigail Welch,Interviewing,2023-05-14,2023,5,925,Male,60,Master's Degree,8,Not Mentioned,4,4,4,1,6.2,"Strong fit, top candidates",High Range,0,0
2537,Judith Lopez,Pending Review,2023-05-15,2023,5,924,Other,42,High School,9,Not Mentioned,1,4,2.8,2,4.6,Good candidates,Mid Range,0,0
2538,Juan Alvarez,In Review,2023-06-13,2023,6,895,Male,19,Master's Degree,12,Not Mentioned,4,5,4.6,1,7.1,"Strong fit, top candidates",Mid Range,0,0
2539,Donna Abbott,Pending Review,2023-06-26,2023,6,882,Female,49,High School,9,museum,1,4,2.8,1,4.4,Good candidates,Mid Range,0,0
2540,Lori Alvarez,Rejected,2023-07-27,2023,7,851,Male,18,Master's Degree,17,forensic,4,5,4.6,1,7.675,"Strong fit, top candidates",Mid Range,0,1
2541,Jason Williams,Interviewing,2023-07-14,2023,7,864,Male,23,Bachelor's Degree,1,Not Mentioned,3,1,1.8,1,2.9,Weak candidates,High Range,0,0
2542,John Byrd,Pending Review,2023-06-24,2023,6,884,Other,48,High School,8,Not Mentioned,1,4,2.8,1,4.4,Good candidates,Mid Range,0,0
2543,Edward Campbell,Interviewing,2023-07-25,2023,7,853,Female,59,PhD,10,Not Mentioned,5,4,4.4,1,6.8,"Strong fit, top candidates",Mid Range,0,0
2544,Nicole Roach,In Review,2023-06-08,2023,6,900,Male,48,Master's Degree,9,Not Mentioned,4,4,4,1,6.2,"Strong fit, top candidates",Mid Range,0,0
2545,Kevin Wiggins,In Review,2023-07-15,2023,7,863,Female,40,PhD,0,Not Mentioned,5,1,2.6,2,4.3,Good candidates,High Range,0,0
2546,Daniel Smith,Pending Review,2023-06-01,2023,6,907,Male,54,Master's Degree,20,Not Mentioned,4,5,4.6,1,7.1,"Strong fit, top candidates",High Range,0,0
2547,Theresa Harper,Rejected,2023-07-17,2023,7,861,Female,26,Bachelor's Degree,6,research (life sciences),3,3,3,3,5.4,Good candidates,High Range,0,1
2548,Lawrence Gibson,Interviewing,2023-07-30,2023,7,848,Male,57,PhD,9,Not Mentioned,5,4,4.4,1,6.8,"Strong fit, top candidates",High Range,0,0
2549,Christopher Ballard,Interviewing,2023-06-02,2023,6,906,Female,24,Bachelor's Degree,17,Not Mentioned,3,5,4.2,1,6.5,"Strong fit, top candidates",High Range,0,0
2550,Daniel Palmer,Interviewing,2023-07-24,2023,7,854,Female,59,Bachelor's Degree,4,Not Mentioned,3,2,2.4,1,3.8,Weak candidates,Mid Range,0,0
2551,Travis Osborne,In Review,2023-05-29,2023,5,910,Other,29,PhD,17,museum/gallery,5,5,5,3,8.1,"Strong fit, top candidates",High Range,0,0
2552,Frank Lewis,Interviewing,2023-06-16,2023,6,892,Female,53,Master's Degree,17,Not Mentioned,4,5,4.6,1,7.1,"Strong fit, top candidates",High Range,0,0
2553,John Yang,Interviewing,2023-06-04,2023,6,904,Female,23,High School,4,wellsite,1,2,1.6,1,2.52,Weak candidates,Mid Range,0,0
2554,William Nash,In Review,2023-05-16,2023,5,923,Other,47,High School,2,Not Mentioned,1,2,1.6,1,2.6,Weak candidates,High Range,0,0
2555,Danielle Snow,In Review,2023-05-20,2023,5,919,Other,60,Bachelor's Degree,6,Not Mentioned,3,3,3,1,4.7,Good candidates,High Range,0,0
2556,Emily Herring,Pending Review,2023-06-06,2023,6,902,Other,59,Bachelor's Degree,4,physiological,3,2,2.4,1,4.1,Good candidates,High Range,0,0
2557,Lee Hanson,Offered,2023-07-13,2023,7,865,Male,47,Bachelor's Degree,0,Not Mentioned,3,1,1.8,1,2.9,Weak candidates,High Range,1,0
2558,Brian Torres,Rejected,2023-07-21,2023,7,857,Male,43,High School,13,Not Mentioned,1,5,3.4,2,5.5,Good candidates,High Range,0,1
2559,Philip Johnson,Pending Review,2023-07-11,2023,7,867,Female,44,Bachelor's Degree,5,Not Mentioned,3,3,3,2,4.9,Good candidates,Mid Range,0,0
2560,Robert Mitchell,Offered,2023-05-13,2023,5,926,Other,41,Bachelor's Degree,6,Not Mentioned,3,3,3,2,4.9,Good candidates,High Range,1,0
2561,Tracey Aguirre,Pending Review,2023-05-27,2023,5,912,Male,19,Bachelor's Degree,4,Not Mentioned,3,2,2.4,1,3.8,Weak candidates,High Range,0,0
2562,Micheal Wright,Offered,2023-07-11,2023,7,867,Female,27,High School,7,secondary school,1,3,2.2,3,4.01,Good candidates,High Range,1,0
2563,Mike Chase,Pending Review,2023-07-01,2023,7,877,Male,36,High School,0,Not Mentioned,1,1,1,2,1.9,Weak candidates,High Range,0,0
2564,Jonathan Brooks,Pending Review,2023-05-29,2023,5,910,Male,36,Bachelor's Degree,3,Not Mentioned,3,2,2.4,2,4,Good candidates,High Range,0,0
2565,Candace Moore,Interviewing,2023-05-30,2023,5,909,Other,21,Bachelor's Degree,16,Not Mentioned,3,5,4.2,1,6.5,"Strong fit, top candidates",Mid Range,0,0
2566,Edward Tate,Offered,2023-05-15,2023,5,924,Male,27,Master's Degree,10,higher education,4,4,4,3,6.8,"Strong fit, top candidates",High Range,1,0
2567,Sarah Berry,Offered,2023-05-08,2023,5,931,Other,26,PhD,11,Not Mentioned,5,5,5,3,8.1,"Strong fit, top candidates",High Range,1,0
2568,Eric Graves,Interviewing,2023-07-08,2023,7,870,Other,59,PhD,15,Not Mentioned,5,5,5,1,7.7,"Strong fit, top candidates",High Range,0,0
2569,Emily Morris,Offered,2023-06-03,2023,6,905,Other,28,Master's Degree,20,Not Mentioned,4,5,4.6,3,7.5,"Strong fit, top candidates",High Range,1,0
2570,Donald Figueroa,Offered,2023-05-31,2023,5,908,Other,53,Bachelor's Degree,19,radio,3,5,4.2,1,6.5,"Strong fit, top candidates",High Range,1,0
2571,David Garcia,In Review,2023-06-20,2023,6,888,Female,35,Master's Degree,14,Not Mentioned,4,5,4.6,3,7.5,"Strong fit, top candidates",High Range,0,0
2572,Brandon Levy,Rejected,2023-08-01,2023,8,846,Male,43,Master's Degree,9,Not Mentioned,4,4,4,2,6.4,"Strong fit, top candidates",High Range,0,1
2573,Jennifer Howard,Offered,2023-05-26,2023,5,913,Male,23,Bachelor's Degree,17,Not Mentioned,3,5,4.2,1,6.5,"Strong fit, top candidates",High Range,1,0
2574,Mckenzie Ellis,In Review,2023-07-08,2023,7,870,Other,37,Master's Degree,16,Not Mentioned,4,5,4.6,2,7.3,"Strong fit, top candidates",Mid Range,0,0
2575,Annette Chang,Offered,2023-07-23,2023,7,855,Male,24,Master's Degree,12,broadcasting/film/video,4,5,4.6,1,7.215,"Strong fit, top candidates",High Range,1,0
2576,Robert Kim,Interviewing,2023-08-03,2023,8,844,Male,54,PhD,12,Not Mentioned,5,5,5,1,7.7,"Strong fit, top candidates",High Range,0,0
2577,George Blake,Interviewing,2023-07-06,2023,7,872,Male,52,PhD,17,Not Mentioned,5,5,5,1,7.7,"Strong fit, top candidates",High Range,0,0
2578,Christian Fletcher,Pending Review,2023-05-10,2023,5,929,Female,59,High School,16,Not Mentioned,1,5,3.4,1,5.3,Good candidates,Mid Range,0,0
2579,Kimberly Ramirez,Rejected,2023-07-14,2023,7,864,Female,44,Master's Degree,1,Not Mentioned,4,1,2.2,2,3.7,Weak candidates,High Range,0,1
2580,James Cardenas,Offered,2023-05-22,2023,5,917,Male,54,PhD,2,Not Mentioned,5,2,3.2,1,5,Good candidates,Mid Range,1,0
2581,Jamie Schmitt,Interviewing,2023-07-04,2023,7,874,Female,33,Master's Degree,1,fast food,4,1,2.2,3,3.79,Weak candidates,Mid Range,0,0
2582,Heidi Blanchard,Interviewing,2023-06-01,2023,6,907,Female,56,Bachelor's Degree,12,Not Mentioned,3,5,4.2,1,6.5,"Strong fit, top candidates",Mid Range,0,0
2583,Frances Rhodes,In Review,2023-06-29,2023,6,879,Female,56,PhD,14,Scotland,5,5,5,1,7.7,"Strong fit, top candidates",High Range,0,0
2584,Kristine Carlson,Rejected,2023-06-15,2023,6,893,Male,25,High School,19,Not Mentioned,1,5,3.4,3,5.7,Good candidates,High Range,0,1
2585,Thomas Cline,Offered,2023-06-19,2023,6,889,Male,55,PhD,2,Not Mentioned,5,2,3.2,1,5,Good candidates,Mid Range,1,0
2586,Jeffrey Martinez,Rejected,2023-06-12,2023,6,896,Male,39,High School,18,Not Mentioned,1,5,3.4,2,5.5,Good candidates,High Range,0,1
2587,Stephen Davis,Offered,2023-05-28,2023,5,911,Other,30,Bachelor's Degree,4,Not Mentioned,3,2,2.4,3,4.2,Good candidates,High Range,1,0
2588,Jasmine Gibson,Rejected,2023-06-04,2023,6,904,Other,24,Master's Degree,19,Not Mentioned,4,5,4.6,1,7.1,"Strong fit, top candidates",High Range,0,1
2589,Keith Nichols,In Review,2023-07-12,2023,7,866,Female,50,High School,0,wellsite,1,1,1,1,1.65,Weak candidates,High Range,0,0
2590,Vincent Oliver,Interviewing,2023-05-06,2023,5,933,Female,48,Bachelor's Degree,17,Not Mentioned,3,5,4.2,1,6.5,"Strong fit, top candidates",Mid Range,0,0
2591,Vicki Cook,In Review,2023-06-15,2023,6,893,Male,42,Bachelor's Degree,8,Not Mentioned,3,4,3.6,2,5.8,Good candidates,High Range,0,0
2592,Lisa Oliver,Interviewing,2023-07-26,2023,7,852,Other,25,Bachelor's Degree,10,Not Mentioned,3,4,3.6,3,6,"Strong fit, top candidates",High Range,0,0
2593,Grant Johnson,In Review,2023-05-15,2023,5,924,Other,45,Master's Degree,4,Not Mentioned,4,2,2.8,2,4.6,Good candidates,High Range,0,0
2594,Jack Montes,Interviewing,2023-06-08,2023,6,900,Other,58,PhD,20,Not Mentioned,5,5,5,1,7.7,"Strong fit, top candidates",High Range,0,0
2595,Timothy Larson,In Review,2023-07-04,2023,7,874,Male,52,High School,13,Not Mentioned,1,5,3.4,1,5.3,Good candidates,Mid Range,0,0
2596,Kenneth Kaiser,Offered,2023-05-19,2023,5,920,Female,27,High School,7,Not Mentioned,1,3,2.2,3,3.9,Weak candidates,High Range,1,0
2597,Patrick Brown,Rejected,2023-07-19,2023,7,859,Female,52,High School,13,Not Mentioned,1,5,3.4,1,5.3,Good candidates,Mid Range,0,1
2598,Rachael Bates,Interviewing,2023-06-30,2023,6,878,Female,44,High School,8,production,1,4,2.8,2,4.6,Good candidates,Mid Range,0,0
2599,Christine Horne,Rejected,2023-06-11,2023,6,897,Male,57,Bachelor's Degree,10,retail,3,4,3.6,1,5.42,Good candidates,Mid Range,0,1
2600,Amanda Thomas,Pending Review,2023-07-21,2023,7,857,Male,35,Master's Degree,19,engineering,4,5,4.6,3,7.96,"Strong fit, top candidates",High Range,0,0
2601,Theresa Boyle,In Review,2023-05-12,2023,5,927,Female,32,High School,11,jewellery,1,5,3.4,3,5.7,Good candidates,Mid Range,0,0
2602,Donna Tyler,Pending Review,2023-07-31,2023,7,847,Male,60,PhD,0,broadcasting/film/video,5,1,2.6,1,4.165,Good candidates,High Range,0,0
2603,Darrell Luna,Offered,2023-06-16,2023,6,892,Female,27,Bachelor's Degree,0,Not Mentioned,3,1,1.8,3,3.3,Weak candidates,Mid Range,1,0
2604,Cheryl Gutierrez,In Review,2023-07-13,2023,7,865,Other,28,Master's Degree,1,Not Mentioned,4,1,2.2,3,3.9,Weak candidates,Mid Range,0,0
2605,Mary Smith,Offered,2023-07-04,2023,7,874,Other,44,High School,20,Not Mentioned,1,5,3.4,2,5.5,Good candidates,Mid Range,1,0
2606,Danielle Bowers,Offered,2023-05-11,2023,5,928,Male,47,PhD,13,Not Mentioned,5,5,5,1,7.7,"Strong fit, top candidates",Mid Range,1,0
2607,Laura Kent,Interviewing,2023-06-11,2023,6,897,Male,18,Bachelor's Degree,13,Not Mentioned,3,5,4.2,1,6.5,"Strong fit, top candidates",Mid Range,0,0
2608,Virginia Ramirez,Pending Review,2023-07-22,2023,7,856,Male,45,High School,14,Not Mentioned,1,5,3.4,2,5.5,Good candidates,Mid Range,0,0
2609,Connor Hudson,In Review,2023-06-05,2023,6,903,Male,21,Master's Degree,16,Not Mentioned,4,5,4.6,1,7.1,"Strong fit, top candidates",Mid Range,0,0
2610,Kenneth Salas,Rejected,2023-05-09,2023,5,930,Other,45,Master's Degree,5,Not Mentioned,4,3,3.4,2,5.5,Good candidates,High Range,0,1
2611,Elizabeth Porter,Rejected,2023-08-02,2023,8,845,Other,39,Bachelor's Degree,4,higher education,3,2,2.4,2,4.12,Good candidates,High Range,0,1
2612,Donna Jones,Interviewing,2023-05-10,2023,5,929,Male,27,High School,12,Not Mentioned,1,5,3.4,3,5.7,Good candidates,Mid Range,0,0
2613,Harry Johnson,Rejected,2023-06-16,2023,6,892,Male,51,Bachelor's Degree,0,Not Mentioned,3,1,1.8,1,2.9,Weak candidates,High Range,0,1
2614,Janet Valdez,Pending Review,2023-07-24,2023,7,854,Male,53,Master's Degree,13,Not Mentioned,4,5,4.6,1,7.1,"Strong fit, top candidates",Mid Range,0,0
2615,Donna Harris,In Review,2023-07-14,2023,7,864,Female,36,High School,7,Not Mentioned,1,3,2.2,2,3.7,Weak candidates,Mid Range,0,0
2616,Carol Martin,Pending Review,2023-07-29,2023,7,849,Other,36,PhD,16,Not Mentioned,5,5,5,2,7.9,"Strong fit, top candidates",Mid Range,0,0
2617,Valerie Johnson,Interviewing,2023-07-02,2023,7,876,Female,33,Bachelor's Degree,18,Not Mentioned,3,5,4.2,3,6.9,"Strong fit, top candidates",High Range,0,0
2618,Crystal Stone,Interviewing,2023-05-19,2023,5,920,Female,45,PhD,13,Not Mentioned,5,5,5,2,7.9,"Strong fit, top candidates",High Range,0,0
2619,Justin Hardy,Offered,2023-07-10,2023,7,868,Other,22,Bachelor's Degree,17,Not Mentioned,3,5,4.2,1,6.5,"Strong fit, top candidates",High Range,1,0
2620,Angela Nash,Offered,2023-06-11,2023,6,897,Female,42,Bachelor's Degree,5,Not Mentioned,3,3,3,2,4.9,Good candidates,High Range,1,0
2621,Taylor Mcdonald,Interviewing,2023-07-19,2023,7,859,Male,28,PhD,4,Not Mentioned,5,2,3.2,3,5.4,Good candidates,Mid Range,0,0
2622,Jason Clark,Interviewing,2023-06-20,2023,6,888,Female,18,PhD,14,Not Mentioned,5,5,5,1,7.7,"Strong fit, top candidates",High Range,0,0
2623,Christina Goodman,Interviewing,2023-06-21,2023,6,887,Female,26,High School,8,government,1,4,2.8,3,5.01,Good candidates,Mid Range,0,0
2624,David Fletcher,Rejected,2023-07-11,2023,7,867,Other,56,Master's Degree,14,public,4,5,4.6,1,7.1,"Strong fit, top candidates",Mid Range,0,1
2625,William Turner,Rejected,2023-06-13,2023,6,895,Female,38,Master's Degree,18,early years/pre,4,5,4.6,2,7.53,"Strong fit, top candidates",High Range,0,1
2626,Tyler Andersen,Offered,2023-07-18,2023,7,860,Female,20,Master's Degree,13,Not Mentioned,4,5,4.6,1,7.1,"Strong fit, top candidates",Mid Range,1,0
2627,Benjamin Drake,Pending Review,2023-06-04,2023,6,904,Female,40,High School,14,Not Mentioned,1,5,3.4,2,5.5,Good candidates,High Range,0,0
2628,James Nolan,Rejected,2023-07-13,2023,7,865,Female,60,Bachelor's Degree,17,English as a foreign language,3,5,4.2,1,6.5,"Strong fit, top candidates",Mid Range,0,1
2629,Christopher Foster,Rejected,2023-07-10,2023,7,868,Other,30,PhD,2,Not Mentioned,5,2,3.2,3,5.4,Good candidates,Mid Range,0,1
2630,Juan Craig,Offered,2023-05-13,2023,5,926,Male,25,Master's Degree,8,rural practice,4,4,4,3,6.8,"Strong fit, top candidates",Mid Range,1,0
2631,Anna Woods,In Review,2023-07-07,2023,7,871,Male,44,PhD,6,Not Mentioned,5,3,3.8,2,6.1,"Strong fit, top candidates",High Range,0,0
2632,Leslie Reynolds,In Review,2023-05-10,2023,5,929,Female,52,Master's Degree,7,primary school,4,3,3.4,1,5.47,Good candidates,Mid Range,0,0
2633,Shelly Bean,Interviewing,2023-06-14,2023,6,894,Other,39,PhD,0,research (physical sciences),5,1,2.6,2,4.56,Good candidates,High Range,0,0
2634,Christina Weaver,Rejected,2023-05-12,2023,5,927,Female,26,Bachelor's Degree,12,community,3,5,4.2,3,6.69,"Strong fit, top candidates",High Range,0,1
2635,Hailey Alvarado,Offered,2023-05-19,2023,5,920,Other,22,High School,2,Not Mentioned,1,2,1.6,1,2.6,Weak candidates,High Range,1,0
2636,Melissa Santos,Interviewing,2023-07-20,2023,7,858,Female,37,High School,4,Not Mentioned,1,2,1.6,2,2.8,Weak candidates,High Range,0,0
2637,Michelle Burke,Pending Review,2023-06-21,2023,6,887,Female,19,Master's Degree,13,Not Mentioned,4,5,4.6,1,7.1,"Strong fit, top candidates",High Range,0,0
2638,Zachary Green,In Review,2023-06-02,2023,6,906,Other,27,Master's Degree,0,Not Mentioned,4,1,2.2,3,3.9,Weak candidates,Mid Range,0,0
2639,Michael Bullock,Pending Review,2023-06-23,2023,6,885,Male,46,PhD,7,Not Mentioned,5,3,3.8,1,5.9,Good candidates,High Range,0,0
2640,Jody Brown,Offered,2023-06-28,2023,6,880,Male,31,High School,15,Not Mentioned,1,5,3.4,3,5.7,Good candidates,Mid Range,1,0
2641,Brooke Peters,Rejected,2023-06-01,2023,6,907,Female,46,High School,1,Not Mentioned,1,1,1,1,1.7,Weak candidates,Mid Range,0,1
2642,Jamie Aguilar,Rejected,2023-07-17,2023,7,861,Female,19,Bachelor's Degree,9,chartered certified,3,4,3.6,1,6.14,"Strong fit, top candidates",Mid Range,0,1
2643,Vanessa Mcdaniel,In Review,2023-07-24,2023,7,854,Male,45,High School,13,Not Mentioned,1,5,3.4,2,5.5,Good candidates,Mid Range,0,0
2644,Shawn Stafford,Offered,2023-07-25,2023,7,853,Other,42,Bachelor's Degree,13,Not Mentioned,3,5,4.2,2,6.7,"Strong fit, top candidates",Mid Range,1,0
2645,Eric West,Pending Review,2023-07-18,2023,7,860,Other,42,Master's Degree,5,Not Mentioned,4,3,3.4,2,5.5,Good candidates,Mid Range,0,0
2646,Andrew James,Rejected,2023-05-26,2023,5,913,Other,46,Bachelor's Degree,19,Not Mentioned,3,5,4.2,1,6.5,"Strong fit, top candidates",High Range,0,1
2647,Michelle Herrera,Interviewing,2023-06-07,2023,6,901,Other,22,Master's Degree,7,children's,4,3,3.4,1,5.47,Good candidates,High Range,0,0
2648,Justin Moore,Pending Review,2023-05-22,2023,5,917,Other,59,High School,5,interior/spatial,1,3,2.2,1,3.555,Weak candidates,High Range,0,0
2649,George Kirby,Rejected,2023-06-30,2023,6,878,Other,31,Master's Degree,10,Not Mentioned,4,4,4,3,6.6,"Strong fit, top candidates",High Range,0,1
2650,John King,Rejected,2023-06-30,2023,6,878,Male,29,PhD,11,Not Mentioned,5,5,5,3,8.1,"Strong fit, top candidates",High Range,0,1
2651,Donald Schmidt,Rejected,2023-07-03,2023,7,875,Female,41,Bachelor's Degree,6,Not Mentioned,3,3,3,2,4.9,Good candidates,High Range,0,1
2652,Kelly Zhang,In Review,2023-07-25,2023,7,853,Other,49,PhD,2,Not Mentioned,5,2,3.2,1,5,Good candidates,High Range,0,0
2653,Samantha Lamb,In Review,2023-07-31,2023,7,847,Female,59,PhD,17,Not Mentioned,5,5,5,1,7.7,"Strong fit, top candidates",High Range,0,0
2654,Kristopher Smith,Pending Review,2023-07-27,2023,7,851,Male,41,High School,12,Not Mentioned,1,5,3.4,2,5.5,Good candidates,Mid Range,0,0
2655,Lindsay Hutchinson,Pending Review,2023-07-16,2023,7,862,Female,30,Bachelor's Degree,6,Not Mentioned,3,3,3,3,5.1,Good candidates,High Range,0,0
2656,Rachel Pierce,Interviewing,2023-06-06,2023,6,902,Other,60,PhD,7,furniture,5,3,3.8,1,5.9,Good candidates,Mid Range,0,0
2657,Amanda Moore,Rejected,2023-06-22,2023,6,886,Male,29,Master's Degree,1,Not Mentioned,4,1,2.2,3,3.9,Weak candidates,Mid Range,0,1
2658,Joel Brennan,Pending Review,2023-07-06,2023,7,872,Male,21,Bachelor's Degree,12,Not Mentioned,3,5,4.2,1,6.5,"Strong fit, top candidates",Mid Range,0,0
2659,Shannon Simmons,In Review,2023-05-16,2023,5,923,Male,57,Bachelor's Degree,10,Not Mentioned,3,4,3.6,1,5.6,Good candidates,High Range,0,0
2660,Shaun Chavez,In Review,2023-06-02,2023,6,906,Male,23,Master's Degree,5,multimedia,4,3,3.4,1,5.385,Good candidates,Mid Range,0,0
2661,Charles Freeman,In Review,2023-06-22,2023,6,886,Other,25,Bachelor's Degree,12,Not Mentioned,3,5,4.2,3,6.9,"Strong fit, top candidates",Mid Range,0,0
2662,Brian Martin,Offered,2023-05-29,2023,5,910,Female,56,Bachelor's Degree,16,Not Mentioned,3,5,4.2,1,6.5,"Strong fit, top candidates",High Range,1,0
2663,Kristin Morse,Offered,2023-06-02,2023,6,906,Female,20,PhD,3,clinical (histocompatibility and immunogenetics),5,2,3.2,1,5.4,Good candidates,High Range,1,0
2664,David Thompson,Rejected,2023-05-08,2023,5,931,Female,50,Master's Degree,15,furniture,4,5,4.6,1,7.1,"Strong fit, top candidates",High Range,0,1
2665,Jonathan Reynolds,Rejected,2023-07-23,2023,7,855,Other,59,Bachelor's Degree,14,community,3,5,4.2,1,6.29,"Strong fit, top candidates",High Range,0,1
2666,Amanda Heath,Rejected,2023-05-07,2023,5,932,Female,55,Master's Degree,5,museum/gallery,4,3,3.4,1,5.3,Good candidates,Mid Range,0,1
2667,Lisa Hudson,Rejected,2023-06-15,2023,6,893,Other,47,Bachelor's Degree,19,Not Mentioned,3,5,4.2,1,6.5,"Strong fit, top candidates",Mid Range,0,1
2668,Linda Parsons,Offered,2023-07-24,2023,7,854,Other,57,Master's Degree,0,Not Mentioned,4,1,2.2,1,3.5,Weak candidates,Mid Range,1,0
2669,Tracy Bean,Offered,2023-05-21,2023,5,918,Male,49,Bachelor's Degree,18,Not Mentioned,3,5,4.2,1,6.5,"Strong fit, top candidates",High Range,1,0
2670,Bryan Zamora,In Review,2023-07-07,2023,7,871,Female,59,Master's Degree,18,Not Mentioned,4,5,4.6,1,7.1,"Strong fit, top candidates",Mid Range,0,0
2671,Joseph Carr,Pending Review,2023-05-09,2023,5,930,Male,41,High School,7,Not Mentioned,1,3,2.2,2,3.7,Weak candidates,High Range,0,0
2672,Caroline Holland,Interviewing,2023-05-12,2023,5,927,Female,51,High School,20,Not Mentioned,1,5,3.4,1,5.3,Good candidates,High Range,0,0
2673,Philip Cohen,In Review,2023-07-25,2023,7,853,Other,48,High School,4,chartered,1,2,1.6,1,2.84,Weak candidates,High Range,0,0
2674,Tanya Garcia,Pending Review,2023-05-14,2023,5,925,Female,56,PhD,3,petroleum,5,2,3.2,1,5.32,Good candidates,Mid Range,0,0
2675,Katie Jefferson,Rejected,2023-07-21,2023,7,857,Other,41,PhD,20,Not Mentioned,5,5,5,2,7.9,"Strong fit, top candidates",Mid Range,0,1
2676,Anita Neal,Interviewing,2023-07-05,2023,7,873,Other,61,High School,16,Not Mentioned,1,5,3.4,1,5.3,Good candidates,Mid Range,0,0
2677,Thomas Clark,Offered,2023-05-22,2023,5,917,Male,21,Master's Degree,18,Not Mentioned,4,5,4.6,1,7.1,"Strong fit, top candidates",Mid Range,1,0
2678,Darlene Jones,Rejected,2023-05-24,2023,5,915,Male,39,Master's Degree,17,Not Mentioned,4,5,4.6,2,7.3,"Strong fit, top candidates",High Range,0,1
2679,Christine Ray,Offered,2023-05-18,2023,5,921,Other,29,Master's Degree,0,Not Mentioned,4,1,2.2,3,3.9,Weak candidates,Mid Range,1,0
2680,Terrance Holloway,Pending Review,2023-07-10,2023,7,868,Female,40,Bachelor's Degree,6,Not Mentioned,3,3,3,2,4.9,Good candidates,Mid Range,0,0
2681,Kristen Rose,Pending Review,2023-05-11,2023,5,928,Other,44,High School,17,Not Mentioned,1,5,3.4,2,5.5,Good candidates,High Range,0,0
2682,Kenneth Morgan,Interviewing,2023-07-31,2023,7,847,Male,40,PhD,18,medical,5,5,5,2,7.9,"Strong fit, top candidates",High Range,0,0
2683,Jose Ramirez,Pending Review,2023-05-15,2023,5,924,Other,25,PhD,9,Not Mentioned,5,4,4.4,3,7.2,"Strong fit, top candidates",Mid Range,0,0
2684,Nathan Mullins,Interviewing,2023-07-02,2023,7,876,Male,58,High School,10,blown glass/stained glass,1,4,2.8,1,4.47,Good candidates,High Range,0,0
2685,Michelle Luna,Offered,2023-05-27,2023,5,912,Other,44,Master's Degree,10,Not Mentioned,4,4,4,2,6.4,"Strong fit, top candidates",Mid Range,1,0
2686,Ashley Castaneda,Interviewing,2023-06-20,2023,6,888,Female,35,High School,10,chartered certified,1,4,2.8,3,5.22,Good candidates,Mid Range,0,0
2687,William Hines,Pending Review,2023-07-18,2023,7,860,Male,45,Master's Degree,2,Not Mentioned,4,2,2.8,2,4.6,Good candidates,High Range,0,0
2688,Cristina Jordan,Pending Review,2023-07-11,2023,7,867,Male,18,Master's Degree,9,chartered public finance,4,4,4,1,6.8,"Strong fit, top candidates",Mid Range,0,0
2689,Steven Palmer,Interviewing,2023-05-15,2023,5,924,Female,57,PhD,13,medical,5,5,5,1,7.7,"Strong fit, top candidates",High Range,0,0
2690,Jason Zimmerman,Offered,2023-06-21,2023,6,887,Other,28,PhD,3,Not Mentioned,5,2,3.2,3,5.4,Good candidates,Mid Range,1,0
2691,Laura Brown,Interviewing,2023-06-14,2023,6,894,Other,59,High School,13,maintenance,1,5,3.4,1,5.3,Good candidates,High Range,0,0
2692,Laurie Foster,Pending Review,2023-06-28,2023,6,880,Female,56,High School,11,Not Mentioned,1,5,3.4,1,5.3,Good candidates,High Range,0,0
2693,Nicole King,Rejected,2023-06-17,2023,6,891,Male,58,Master's Degree,18,Not Mentioned,4,5,4.6,1,7.1,"Strong fit, top candidates",High Range,0,1
2694,Lori Nichols,Rejected,2023-07-29,2023,7,849,Other,22,High School,15,Not Mentioned,1,5,3.4,1,5.3,Good candidates,Mid Range,0,1
2695,Peggy Watkins,Interviewing,2023-07-10,2023,7,868,Female,27,High School,7,Not Mentioned,1,3,2.2,3,3.9,Weak candidates,Mid Range,0,0
2696,Michael Henderson,Interviewing,2023-07-17,2023,7,861,Female,35,High School,19,Not Mentioned,1,5,3.4,3,5.7,Good candidates,High Range,0,0
2697,Richard Jones,Pending Review,2023-06-03,2023,6,905,Other,55,Master's Degree,20,Not Mentioned,4,5,4.6,1,7.1,"Strong fit, top candidates",High Range,0,0
2698,Leonard Acosta,Offered,2023-07-30,2023,7,848,Male,23,High School,19,Not Mentioned,1,5,3.4,1,5.3,Good candidates,Mid Range,1,0
2699,Nancy Coleman,Interviewing,2023-05-06,2023,5,933,Female,51,PhD,17,Not Mentioned,5,5,5,1,7.7,"Strong fit, top candidates",High Range,0,0
2700,Jennifer Perez,Offered,2023-05-10,2023,5,929,Male,53,Bachelor's Degree,14,Not Mentioned,3,5,4.2,1,6.5,"Strong fit, top candidates",High Range,1,0
2701,Jason Bowman,Rejected,2023-07-21,2023,7,857,Other,38,Master's Degree,20,Not Mentioned,4,5,4.6,2,7.3,"Strong fit, top candidates",Mid Range,0,1
2702,Andrew Rodriguez,Interviewing,2023-05-29,2023,5,910,Other,21,Bachelor's Degree,11,Not Mentioned,3,5,4.2,1,6.5,"Strong fit, top candidates",High Range,0,0
2703,Katherine Baker,Interviewing,2023-08-03,2023,8,844,Other,31,PhD,7,multimedia,5,3,3.8,3,6.395,"Strong fit, top candidates",High Range,0,0
2704,Michelle Miller,Rejected,2023-07-27,2023,7,851,Other,56,Master's Degree,0,Not Mentioned,4,1,2.2,1,3.5,Weak candidates,High Range,0,1
2705,Vanessa Jones,Rejected,2023-05-07,2023,5,932,Other,49,Master's Degree,7,Not Mentioned,4,3,3.4,1,5.3,Good candidates,Mid Range,0,1
2706,Eric Carpenter,Pending Review,2023-06-30,2023,6,878,Female,20,Master's Degree,7,dispensing,4,3,3.4,1,5.3,Good candidates,High Range,0,0
2707,Joel Schmidt,Rejected,2023-06-02,2023,6,906,Female,25,High School,10,Not Mentioned,1,4,2.8,3,4.8,Good candidates,High Range,0,1
2708,Kimberly Mcintyre,Pending Review,2023-06-27,2023,6,881,Other,39,Master's Degree,15,Not Mentioned,4,5,4.6,2,7.3,"Strong fit, top candidates",High Range,0,0
2709,Faith Brown,Interviewing,2023-07-31,2023,7,847,Male,50,Master's Degree,7,agricultural,4,3,3.4,1,5.3,Good candidates,High Range,0,0
2710,Mindy Lee,Offered,2023-07-18,2023,7,860,Male,26,High School,9,Not Mentioned,1,4,2.8,3,4.8,Good candidates,High Range,1,0
2711,James White,Interviewing,2023-07-10,2023,7,868,Male,53,High School,20,Not Mentioned,1,5,3.4,1,5.3,Good candidates,High Range,0,0
2712,Mary Miller,Pending Review,2023-06-20,2023,6,888,Female,26,Bachelor's Degree,18,Not Mentioned,3,5,4.2,3,6.9,"Strong fit, top candidates",Mid Range,0,0
2713,Emily Alvarez,In Review,2023-05-29,2023,5,910,Female,32,Master's Degree,16,Not Mentioned,4,5,4.6,3,7.5,"Strong fit, top candidates",Mid Range,0,0
2714,Jessica Davis,Interviewing,2023-06-11,2023,6,897,Male,32,PhD,9,international aid,5,4,4.4,3,7.2,"Strong fit, top candidates",High Range,0,0
2715,Courtney Castillo,Pending Review,2023-07-11,2023,7,867,Female,55,High School,3,Not Mentioned,1,2,1.6,1,2.6,Weak candidates,High Range,0,0
2716,Jeremy Douglas,Offered,2023-06-05,2023,6,903,Other,60,PhD,19,Not Mentioned,5,5,5,1,7.7,"Strong fit, top candidates",Mid Range,1,0
2717,Jose Gomez,Rejected,2023-05-30,2023,5,909,Other,34,High School,16,Not Mentioned,1,5,3.4,3,5.7,Good candidates,High Range,0,1
2718,Eric Rivera,Interviewing,2023-06-17,2023,6,891,Other,43,Bachelor's Degree,16,research (medical),3,5,4.2,2,7.12,"Strong fit, top candidates",High Range,0,0
2719,Steven Brown,Rejected,2023-07-20,2023,7,858,Male,50,PhD,12,Not Mentioned,5,5,5,1,7.7,"Strong fit, top candidates",High Range,0,1
2720,Lauren Adams,Interviewing,2023-05-10,2023,5,929,Male,56,Bachelor's Degree,4,Not Mentioned,3,2,2.4,1,3.8,Weak candidates,Mid Range,0,0
2721,Heather Cochran,Offered,2023-07-14,2023,7,864,Male,55,Bachelor's Degree,19,Not Mentioned,3,5,4.2,1,6.5,"Strong fit, top candidates",High Range,1,0
2722,Bryan Hodges,Pending Review,2023-07-27,2023,7,851,Male,19,High School,2,Not Mentioned,1,2,1.6,1,2.6,Weak candidates,Mid Range,0,0
2723,Shane Hall,Pending Review,2023-07-20,2023,7,858,Male,27,PhD,16,Not Mentioned,5,5,5,3,8.1,"Strong fit, top candidates",High Range,0,0
2724,Laura Barber,Rejected,2023-06-03,2023,6,905,Female,34,Master's Degree,2,Not Mentioned,4,2,2.8,3,4.8,Good candidates,Mid Range,0,1
2725,Jennifer Ward,Offered,2023-07-16,2023,7,862,Male,54,Bachelor's Degree,9,Not Mentioned,3,4,3.6,1,5.6,Good candidates,High Range,1,0
2726,Taylor Kelley,Offered,2023-06-27,2023,6,881,Other,18,PhD,19,secondary school,5,5,5,1,7.95,"Strong fit, top candidates",High Range,1,0
2727,Elizabeth Martinez,Interviewing,2023-08-05,2023,8,842,Female,19,PhD,8,Not Mentioned,5,4,4.4,1,6.8,"Strong fit, top candidates",Mid Range,0,0
2728,Anthony Jennings,Pending Review,2023-05-29,2023,5,910,Other,54,Bachelor's Degree,17,Not Mentioned,3,5,4.2,1,6.5,"Strong fit, top candidates",High Range,0,0
2729,Michael Pittman,Pending Review,2023-07-15,2023,7,863,Female,46,Bachelor's Degree,3,Not Mentioned,3,2,2.4,1,3.8,Weak candidates,High Range,0,0
2730,Crystal Rice,Offered,2023-07-31,2023,7,847,Other,37,Master's Degree,6,Not Mentioned,4,3,3.4,2,5.5,Good candidates,High Range,1,0
2731,Lucas Huffman,Rejected,2023-08-04,2023,8,843,Other,59,PhD,17,Not Mentioned,5,5,5,1,7.7,"Strong fit, top candidates",Mid Range,0,1
2732,Alexander Martin,Rejected,2023-05-29,2023,5,910,Male,53,High School,2,Not Mentioned,1,2,1.6,1,2.6,Weak candidates,Mid Range,0,1
2733,David Holland,Pending Review,2023-06-29,2023,6,879,Female,21,PhD,12,Not Mentioned,5,5,5,1,7.7,"Strong fit, top candidates",Mid Range,0,0
2734,Angela Smith,Interviewing,2023-05-28,2023,5,911,Other,39,PhD,17,Not Mentioned,5,5,5,2,7.9,"Strong fit, top candidates",Mid Range,0,0
2735,Emily Cordova,Offered,2023-05-29,2023,5,910,Female,31,Master's Degree,14,Not Mentioned,4,5,4.6,3,7.5,"Strong fit, top candidates",Mid Range,1,0
2736,Jose Hunter,Rejected,2023-07-20,2023,7,858,Other,25,Master's Degree,20,Not Mentioned,4,5,4.6,3,7.5,"Strong fit, top candidates",High Range,0,1
2737,Kayla Allen,In Review,2023-06-15,2023,6,893,Female,54,Bachelor's Degree,0,land,3,1,1.8,1,2.99,Weak candidates,High Range,0,0
2738,Adam Thompson,Rejected,2023-06-03,2023,6,905,Male,40,Master's Degree,12,land/geomatics,4,5,4.6,2,7.53,"Strong fit, top candidates",Mid Range,0,1
2739,Anna Romero,Rejected,2023-05-15,2023,5,924,Other,48,Master's Degree,6,Not Mentioned,4,3,3.4,1,5.3,Good candidates,Mid Range,0,1
2740,Karen Morton,Offered,2023-06-16,2023,6,892,Other,59,Master's Degree,20,land,4,5,4.6,1,7.33,"Strong fit, top candidates",High Range,1,0
2741,Christian Richards,In Review,2023-05-24,2023,5,915,Male,40,High School,10,Not Mentioned,1,4,2.8,2,4.6,Good candidates,High Range,0,0
2742,Lauren Ross,Rejected,2023-08-02,2023,8,845,Male,34,High School,16,adult education,1,5,3.4,3,5.87,Good candidates,High Range,0,1
2743,Gregory Bailey,Offered,2023-07-19,2023,7,859,Other,47,High School,2,Not Mentioned,1,2,1.6,1,2.6,Weak candidates,Mid Range,1,0
2744,Jonathan Thompson,Pending Review,2023-05-09,2023,5,930,Other,32,PhD,10,wellsite,5,4,4.4,3,6.98,"Strong fit, top candidates",Mid Range,0,0
2745,Daniel Butler,Interviewing,2023-05-09,2023,5,930,Female,42,Bachelor's Degree,19,Not Mentioned,3,5,4.2,2,6.7,"Strong fit, top candidates",High Range,0,0
2746,Barbara Cruz,Rejected,2023-06-26,2023,6,882,Male,25,High School,10,Not Mentioned,1,4,2.8,3,4.8,Good candidates,Mid Range,0,1
2747,Tammy Wallace,Interviewing,2023-06-08,2023,6,900,Other,25,Bachelor's Degree,2,Not Mentioned,3,2,2.4,3,4.2,Good candidates,High Range,0,0
2748,Michael Jenkins,Offered,2023-05-16,2023,5,923,Female,55,Bachelor's Degree,1,Not Mentioned,3,1,1.8,1,2.9,Weak candidates,High Range,1,0
2749,Bradley Chandler,In Review,2023-07-22,2023,7,856,Other,47,Bachelor's Degree,19,Not Mentioned,3,5,4.2,1,6.5,"Strong fit, top candidates",Mid Range,0,0
2750,Kayla Collins,Rejected,2023-07-20,2023,7,858,Male,29,PhD,17,Not Mentioned,5,5,5,3,8.1,"Strong fit, top candidates",Mid Range,0,1
2751,Jason White,In Review,2023-06-11,2023,6,897,Female,54,Master's Degree,18,systems,4,5,4.6,1,7.56,"Strong fit, top candidates",Mid Range,0,0
2752,Amy Knight,Interviewing,2023-05-10,2023,5,929,Other,29,Master's Degree,19,Not Mentioned,4,5,4.6,3,7.5,"Strong fit, top candidates",Mid Range,0,0
2753,Francisco Moore,Rejected,2023-07-10,2023,7,868,Other,53,Bachelor's Degree,11,Not Mentioned,3,5,4.2,1,6.5,"Strong fit, top candidates",High Range,0,1
2754,Jeremiah Gonzalez,Offered,2023-06-29,2023,6,879,Female,51,High School,8,Not Mentioned,1,4,2.8,1,4.4,Good candidates,Mid Range,1,0
2755,Chelsea Mata,Pending Review,2023-05-10,2023,5,929,Female,31,Bachelor's Degree,19,Not Mentioned,3,5,4.2,3,6.9,"Strong fit, top candidates",Mid Range,0,0
2756,Ashley Brown,Rejected,2023-06-06,2023,6,902,Female,59,Bachelor's Degree,0,Not Mentioned,3,1,1.8,1,2.9,Weak candidates,High Range,0,1
2757,Michael Salazar,Interviewing,2023-06-29,2023,6,879,Female,25,Bachelor's Degree,17,general practice,3,5,4.2,3,6.9,"Strong fit, top candidates",High Range,0,0
2758,Michael Lee,Interviewing,2023-05-10,2023,5,929,Female,19,High School,20,Not Mentioned,1,5,3.4,1,5.3,Good candidates,High Range,0,0
2759,David Perez,Rejected,2023-06-29,2023,6,879,Other,41,High School,6,nutritional,1,3,2.2,2,3.975,Weak candidates,High Range,0,1
2760,Jose Henson,Rejected,2023-05-12,2023,5,927,Other,23,PhD,1,Not Mentioned,5,1,2.6,1,4.1,Good candidates,High Range,0,1
2761,Ronald Perry,Pending Review,2023-08-03,2023,8,844,Male,26,PhD,7,Not Mentioned,5,3,3.8,3,6.3,"Strong fit, top candidates",High Range,0,0
2762,Brandon Hernandez,Offered,2023-07-24,2023,7,854,Female,40,Bachelor's Degree,6,Not Mentioned,3,3,3,2,4.9,Good candidates,High Range,1,0
2763,Sean Ford,Offered,2023-07-16,2023,7,862,Male,28,Bachelor's Degree,12,Not Mentioned,3,5,4.2,3,6.9,"Strong fit, top candidates",High Range,1,0
2764,William White,Interviewing,2023-06-11,2023,6,897,Female,52,PhD,7,Not Mentioned,5,3,3.8,1,5.9,Good candidates,High Range,0,0
2765,Nicholas Davis,Offered,2023-07-03,2023,7,875,Other,58,Master's Degree,15,Not Mentioned,4,5,4.6,1,7.1,"Strong fit, top candidates",High Range,1,0
2766,John Roberts,Rejected,2023-05-15,2023,5,924,Other,43,Bachelor's Degree,0,Not Mentioned,3,1,1.8,2,3.1,Weak candidates,Mid Range,0,1
2767,Jennifer Pollard,In Review,2023-06-12,2023,6,896,Other,26,Master's Degree,16,Not Mentioned,4,5,4.6,3,7.5,"Strong fit, top candidates",Mid Range,0,0
2768,Jennifer Gibson,In Review,2023-05-16,2023,5,923,Female,20,PhD,2,Not Mentioned,5,2,3.2,1,5,Good candidates,High Range,0,0
2769,Zoe Patel,In Review,2023-06-11,2023,6,897,Female,36,Master's Degree,13,broadcasting/film/video,4,5,4.6,2,7.415,"Strong fit, top candidates",Mid Range,0,0
2770,Adriana Thomas,Pending Review,2023-06-29,2023,6,879,Female,23,Master's Degree,0,adult,4,1,2.2,1,3.5,Weak candidates,Mid Range,0,0
2771,Austin Arnold,Interviewing,2023-07-18,2023,7,860,Female,57,Master's Degree,1,hospital,4,1,2.2,1,3.5,Weak candidates,High Range,0,0
2772,Sherri James,In Review,2023-06-16,2023,6,892,Other,29,High School,5,Not Mentioned,1,3,2.2,3,3.9,Weak candidates,High Range,0,0
2773,Holly George,Interviewing,2023-06-16,2023,6,892,Male,35,PhD,20,Not Mentioned,5,5,5,3,8.1,"Strong fit, top candidates",Mid Range,0,0
2774,Jeremy Mosley,Pending Review,2023-05-23,2023,5,916,Other,51,Bachelor's Degree,5,Not Mentioned,3,3,3,1,4.7,Good candidates,Mid Range,0,0
2775,Jeremy Jones,Rejected,2023-07-03,2023,7,875,Other,59,High School,3,Not Mentioned,1,2,1.6,1,2.6,Weak candidates,Mid Range,0,1
2776,Thomas Gallegos,Rejected,2023-07-03,2023,7,875,Male,31,High School,11,electronics,1,5,3.4,3,6.04,"Strong fit, top candidates",Mid Range,0,1
2777,Angela Taylor,In Review,2023-08-04,2023,8,843,Other,23,PhD,15,Not Mentioned,5,5,5,1,7.7,"Strong fit, top candidates",High Range,0,0
2778,Matthew Keller,In Review,2023-07-23,2023,7,855,Male,54,PhD,8,Not Mentioned,5,4,4.4,1,6.8,"Strong fit, top candidates",Mid Range,0,0
2779,Angela Ross,Rejected,2023-08-03,2023,8,844,Female,36,Master's Degree,1,Not Mentioned,4,1,2.2,2,3.7,Weak candidates,Mid Range,0,1
2780,Ashley Steele,In Review,2023-06-24,2023,6,884,Female,25,Bachelor's Degree,11,Not Mentioned,3,5,4.2,3,6.9,"Strong fit, top candidates",Mid Range,0,0
2781,Daniel Shelton,Offered,2023-06-18,2023,6,890,Male,49,PhD,2,Not Mentioned,5,2,3.2,1,5,Good candidates,Mid Range,1,0
2782,Gene Ward,Interviewing,2023-07-12,2023,7,866,Male,57,Bachelor's Degree,10,Not Mentioned,3,4,3.6,1,5.6,Good candidates,Mid Range,0,0
2783,Lee Johnson,Rejected,2023-07-21,2023,7,857,Other,28,High School,13,Not Mentioned,1,5,3.4,3,5.7,Good candidates,High Range,0,1
2784,Eric Thomas,Offered,2023-06-03,2023,6,905,Female,58,PhD,4,Not Mentioned,5,2,3.2,1,5,Good candidates,High Range,1,0
2785,Tammy Perry,Interviewing,2023-07-08,2023,7,870,Male,32,High School,9,Not Mentioned,1,4,2.8,3,4.8,Good candidates,High Range,0,0
2786,Randall Martinez,Interviewing,2023-05-26,2023,5,913,Male,59,Master's Degree,20,Not Mentioned,4,5,4.6,1,7.1,"Strong fit, top candidates",Mid Range,0,0
2787,Danielle Stevens,Rejected,2023-07-11,2023,7,867,Female,28,PhD,14,Not Mentioned,5,5,5,3,8.1,"Strong fit, top candidates",High Range,0,1
2788,Karen Jones,Offered,2023-07-04,2023,7,874,Other,41,Bachelor's Degree,14,Not Mentioned,3,5,4.2,2,6.7,"Strong fit, top candidates",High Range,1,0
2789,Cynthia Cruz,Interviewing,2023-05-15,2023,5,924,Other,40,High School,3,Not Mentioned,1,2,1.6,2,2.8,Weak candidates,High Range,0,0
2790,Christopher Sanders,In Review,2023-06-26,2023,6,882,Other,39,Master's Degree,5,Not Mentioned,4,3,3.4,2,5.5,Good candidates,Mid Range,0,0
2791,Alfred Berg,Rejected,2023-07-25,2023,7,853,Other,33,High School,3,Not Mentioned,1,2,1.6,3,3,Weak candidates,High Range,0,1
2792,Amber Williams,In Review,2023-06-13,2023,6,895,Other,57,High School,10,Not Mentioned,1,4,2.8,1,4.4,Good candidates,Mid Range,0,0
2793,Traci Jones,Pending Review,2023-06-15,2023,6,893,Male,25,Master's Degree,16,Not Mentioned,4,5,4.6,3,7.5,"Strong fit, top candidates",Mid Range,0,0
2794,Tony Lucero,Offered,2023-07-29,2023,7,849,Other,27,High School,5,Not Mentioned,1,3,2.2,3,3.9,Weak candidates,High Range,1,0
2795,Lisa Graham,Interviewing,2023-06-13,2023,6,895,Female,36,Bachelor's Degree,3,research (physical sciences),3,2,2.4,2,4.24,Good candidates,High Range,0,0
2796,Michael Johnson,Rejected,2023-05-08,2023,5,931,Male,33,Bachelor's Degree,5,Not Mentioned,3,3,3,3,5.1,Good candidates,High Range,0,1
2797,Mary Randall,Offered,2023-05-29,2023,5,910,Male,39,PhD,9,Not Mentioned,5,4,4.4,2,7,"Strong fit, top candidates",Mid Range,1,0
2798,Megan Diaz,Offered,2023-05-14,2023,5,925,Other,36,High School,10,Not Mentioned,1,4,2.8,2,4.6,Good candidates,Mid Range,1,0
2799,John Mccarthy,Rejected,2023-08-01,2023,8,846,Other,58,High School,17,maintenance,1,5,3.4,1,5.3,Good candidates,High Range,0,1
2800,Vincent Roberts,In Review,2023-06-07,2023,6,901,Other,31,PhD,6,Not Mentioned,5,3,3.8,3,6.3,"Strong fit, top candidates",Mid Range,0,0
2801,Michael Richardson,Interviewing,2023-06-15,2023,6,893,Female,38,High School,4,Not Mentioned,1,2,1.6,2,2.8,Weak candidates,Mid Range,0,0
2802,Joseph Duarte,Pending Review,2023-08-01,2023,8,846,Female,54,PhD,3,Not Mentioned,5,2,3.2,1,5,Good candidates,Mid Range,0,0
2803,Joseph Ochoa,Offered,2023-07-06,2023,7,872,Female,29,PhD,1,Not Mentioned,5,1,2.6,3,4.5,Good candidates,Mid Range,1,0
2804,Tina Coleman,Offered,2023-07-24,2023,7,854,Male,59,Bachelor's Degree,1,Not Mentioned,3,1,1.8,1,2.9,Weak candidates,Mid Range,1,0
2805,Brianna Le,Pending Review,2023-08-02,2023,8,845,Other,59,High School,20,counselling,1,5,3.4,1,5.3,Good candidates,High Range,0,0
2806,Monique Wells,In Review,2023-07-15,2023,7,863,Other,28,Master's Degree,1,communications,4,1,2.2,3,3.9,Weak candidates,Mid Range,0,0
2807,Jennifer Ortiz,Pending Review,2023-07-12,2023,7,866,Male,52,High School,5,wellsite,1,3,2.2,1,3.39,Weak candidates,Mid Range,0,0
2808,Lindsay Paul,In Review,2023-08-04,2023,8,843,Other,43,Bachelor's Degree,3,Not Mentioned,3,2,2.4,2,4,Good candidates,Mid Range,0,0
2809,Robert Campbell,Interviewing,2023-05-21,2023,5,918,Other,56,Bachelor's Degree,19,Not Mentioned,3,5,4.2,1,6.5,"Strong fit, top candidates",High Range,0,0
2810,Daniel Velez,Interviewing,2023-06-09,2023,6,899,Other,49,Bachelor's Degree,2,Not Mentioned,3,2,2.4,1,3.8,Weak candidates,High Range,0,0
2811,Danielle Lee,Interviewing,2023-05-17,2023,5,922,Female,47,Master's Degree,9,Not Mentioned,4,4,4,1,6.2,"Strong fit, top candidates",High Range,0,0
2812,Jose Anthony,Pending Review,2023-08-02,2023,8,845,Male,43,Bachelor's Degree,6,Not Mentioned,3,3,3,2,4.9,Good candidates,High Range,0,0
2813,Cassandra Diaz,Pending Review,2023-07-29,2023,7,849,Male,44,Bachelor's Degree,11,Not Mentioned,3,5,4.2,2,6.7,"Strong fit, top candidates",Mid Range,0,0
2814,Ryan Owens,Rejected,2023-06-21,2023,6,887,Male,24,Master's Degree,0,Not Mentioned,4,1,2.2,1,3.5,Weak candidates,High Range,0,1
2815,Melanie Hill,Rejected,2023-07-29,2023,7,849,Male,27,Master's Degree,17,advertising,4,5,4.6,3,7.5,"Strong fit, top candidates",High Range,0,1
2816,Connie Rhodes,Offered,2023-06-09,2023,6,899,Female,22,High School,5,Not Mentioned,1,3,2.2,1,3.5,Weak candidates,Mid Range,1,0
2817,Gregory Campbell,Interviewing,2023-06-10,2023,6,898,Male,33,Master's Degree,8,Not Mentioned,4,4,4,3,6.6,"Strong fit, top candidates",High Range,0,0
2818,Kelly Davies,Rejected,2023-07-03,2023,7,875,Other,37,Bachelor's Degree,4,Not Mentioned,3,2,2.4,2,4,Good candidates,Mid Range,0,1
2819,Amy Smith,Interviewing,2023-06-13,2023,6,895,Other,22,High School,17,Not Mentioned,1,5,3.4,1,5.3,Good candidates,Mid Range,0,0
2820,Bradley Thompson,Pending Review,2023-05-08,2023,5,931,Other,48,PhD,11,Not Mentioned,5,5,5,1,7.7,"Strong fit, top candidates",Mid Range,0,0
2821,Daniel Knox,Offered,2023-05-13,2023,5,926,Other,50,High School,9,music,1,4,2.8,1,4.47,Good candidates,Mid Range,1,0
2822,Christopher Carroll,Rejected,2023-05-10,2023,5,929,Male,55,High School,20,maintenance (IT),1,5,3.4,1,5.64,Good candidates,Mid Range,0,1
2823,Diamond Shannon,Pending Review,2023-05-29,2023,5,910,Other,36,PhD,10,Not Mentioned,5,4,4.4,2,7,"Strong fit, top candidates",Mid Range,0,0
2824,Nathan Contreras,Rejected,2023-07-08,2023,7,870,Male,18,Bachelor's Degree,11,dance movement,3,5,4.2,1,6.5,"Strong fit, top candidates",Mid Range,0,1
2825,Christopher Murphy,Pending Review,2023-05-12,2023,5,927,Male,22,High School,18,higher education,1,5,3.4,1,5.47,Good candidates,High Range,0,0
2826,Susan Guerrero,Rejected,2023-06-25,2023,6,883,Female,38,High School,4,Not Mentioned,1,2,1.6,2,2.8,Weak candidates,High Range,0,1
2827,Mark Jennings,Interviewing,2023-05-20,2023,5,919,Male,56,Master's Degree,17,fashion/clothing,4,5,4.6,1,7.215,"Strong fit, top candidates",High Range,0,0
2828,Brianna Carlson,Pending Review,2023-06-09,2023,6,899,Male,33,PhD,14,Not Mentioned,5,5,5,3,8.1,"Strong fit, top candidates",Mid Range,0,0
2829,Jennifer Robbins,Offered,2023-06-06,2023,6,902,Other,30,Master's Degree,12,Not Mentioned,4,5,4.6,3,7.5,"Strong fit, top candidates",Mid Range,1,0
2830,Jessica Riggs,Rejected,2023-06-09,2023,6,899,Male,41,PhD,1,Not Mentioned,5,1,2.6,2,4.3,Good candidates,Mid Range,0,1
2831,Desiree Marquez,Interviewing,2023-06-19,2023,6,889,Male,21,PhD,13,Not Mentioned,5,5,5,1,7.7,"Strong fit, top candidates",Mid Range,0,0
2832,John Hoover,Pending Review,2023-07-29,2023,7,849,Female,25,Bachelor's Degree,11,Not Mentioned,3,5,4.2,3,6.9,"Strong fit, top candidates",High Range,0,0
2833,Alicia Bush,Interviewing,2023-07-15,2023,7,863,Other,40,Bachelor's Degree,13,Not Mentioned,3,5,4.2,2,6.7,"Strong fit, top candidates",Mid Range,0,0
2834,Luke Rice,Pending Review,2023-05-27,2023,5,912,Other,23,PhD,12,physiological,5,5,5,1,8.325,"Strong fit, top candidates",High Range,0,0
2835,Mark Price,In Review,2023-07-13,2023,7,865,Male,21,High School,4,Not Mentioned,1,2,1.6,1,2.6,Weak candidates,Mid Range,0,0
2836,Cameron Brooks,Offered,2023-06-07,2023,6,901,Other,37,High School,0,Not Mentioned,1,1,1,2,1.9,Weak candidates,Mid Range,1,0
2837,Jeffrey Simon,Offered,2023-06-18,2023,6,890,Other,26,Master's Degree,12,Not Mentioned,4,5,4.6,3,7.5,"Strong fit, top candidates",Mid Range,1,0
2838,Karl Rivera,Rejected,2023-06-30,2023,6,878,Female,22,Bachelor's Degree,1,electrical,3,1,1.8,1,3.08,Weak candidates,High Range,0,1
2839,Jose Burke,Offered,2023-07-01,2023,7,877,Female,27,High School,16,rural practice,1,5,3.4,3,5.87,Good candidates,Mid Range,1,0
2840,Jaclyn Daugherty,Rejected,2023-05-26,2023,5,913,Other,40,High School,6,Not Mentioned,1,3,2.2,2,3.7,Weak candidates,Mid Range,0,1
2841,Amanda Johnson,Interviewing,2023-05-09,2023,5,930,Female,55,Bachelor's Degree,6,Not Mentioned,3,3,3,1,4.7,Good candidates,High Range,0,0
2842,Sherry Davis,In Review,2023-06-05,2023,6,903,Female,30,High School,9,Not Mentioned,1,4,2.8,3,4.8,Good candidates,High Range,0,0
2843,Paige Martinez,Pending Review,2023-07-12,2023,7,866,Other,55,PhD,3,Not Mentioned,5,2,3.2,1,5,Good candidates,High Range,0,0
2844,William Reynolds,Offered,2023-07-18,2023,7,860,Other,31,High School,13,Not Mentioned,1,5,3.4,3,5.7,Good candidates,High Range,1,0
2845,Tara Montoya,In Review,2023-07-20,2023,7,858,Other,40,Master's Degree,16,Not Mentioned,4,5,4.6,2,7.3,"Strong fit, top candidates",High Range,0,0
2846,Jessica Allen,In Review,2023-06-04,2023,6,904,Female,19,Master's Degree,14,Not Mentioned,4,5,4.6,1,7.1,"Strong fit, top candidates",High Range,0,0
2847,Samantha Osborn,Rejected,2023-05-06,2023,5,933,Female,28,Bachelor's Degree,20,Not Mentioned,3,5,4.2,3,6.9,"Strong fit, top candidates",High Range,0,1
2848,Jeremiah Lopez,Rejected,2023-06-24,2023,6,884,Male,59,Bachelor's Degree,19,Not Mentioned,3,5,4.2,1,6.5,"Strong fit, top candidates",High Range,0,1
2849,James Tucker,In Review,2023-07-19,2023,7,859,Male,25,High School,5,Not Mentioned,1,3,2.2,3,3.9,Weak candidates,Mid Range,0,0
2850,Toni Baker,Pending Review,2023-07-28,2023,7,850,Female,20,PhD,18,Not Mentioned,5,5,5,1,7.7,"Strong fit, top candidates",High Range,0,0
2851,Whitney Peterson,Interviewing,2023-05-09,2023,5,930,Male,36,Bachelor's Degree,13,Not Mentioned,3,5,4.2,2,6.7,"Strong fit, top candidates",High Range,0,0
2852,Nicholas Waller,Pending Review,2023-06-19,2023,6,889,Female,27,Master's Degree,16,Not Mentioned,4,5,4.6,3,7.5,"Strong fit, top candidates",Mid Range,0,0
2853,Tracy Hurley,Rejected,2023-07-29,2023,7,849,Other,41,Master's Degree,18,furniture,4,5,4.6,2,7.3,"Strong fit, top candidates",High Range,0,1
2854,Joshua Ramirez,Pending Review,2023-07-05,2023,7,873,Other,56,PhD,0,building services,5,1,2.6,1,4.23,Good candidates,High Range,0,0
2855,Debbie Lawson,Rejected,2023-06-21,2023,6,887,Other,58,Bachelor's Degree,7,Not Mentioned,3,3,3,1,4.7,Good candidates,High Range,0,1
2856,Christopher Nielsen,Pending Review,2023-07-15,2023,7,863,Female,44,Master's Degree,15,hospital,4,5,4.6,2,7.3,"Strong fit, top candidates",High Range,0,0
2857,Kevin Nguyen,Rejected,2023-06-30,2023,6,878,Female,35,Master's Degree,14,Not Mentioned,4,5,4.6,3,7.5,"Strong fit, top candidates",Mid Range,0,1
2858,Melanie Sims,Pending Review,2023-05-26,2023,5,913,Male,56,Master's Degree,19,Not Mentioned,4,5,4.6,1,7.1,"Strong fit, top candidates",Mid Range,0,0
2859,Nathan Alvarez,Interviewing,2023-07-22,2023,7,856,Male,37,High School,14,Not Mentioned,1,5,3.4,2,5.5,Good candidates,High Range,0,0
2860,Karen Reyes,In Review,2023-05-20,2023,5,919,Female,23,PhD,4,theatre/television/film,5,2,3.2,1,5.08,Good candidates,High Range,0,0
2861,Thomas Nelson,Offered,2023-06-28,2023,6,880,Male,31,Bachelor's Degree,8,Not Mentioned,3,4,3.6,3,6,"Strong fit, top candidates",High Range,1,0
2862,Kenneth Jones,In Review,2023-06-19,2023,6,889,Female,44,High School,14,Not Mentioned,1,5,3.4,2,5.5,Good candidates,Mid Range,0,0
2863,Monica Miller,In Review,2023-05-31,2023,5,908,Male,34,High School,3,Not Mentioned,1,2,1.6,3,3,Weak candidates,High Range,0,0
2864,Diana Higgins,Offered,2023-07-15,2023,7,863,Male,22,High School,14,Not Mentioned,1,5,3.4,1,5.3,Good candidates,High Range,1,0
2865,Steven Pena,In Review,2023-06-27,2023,6,881,Male,28,PhD,16,occupational,5,5,5,3,8.1,"Strong fit, top candidates",High Range,0,0
2866,Lindsay Ramos,Pending Review,2023-08-02,2023,8,845,Other,60,Bachelor's Degree,19,Not Mentioned,3,5,4.2,1,6.5,"Strong fit, top candidates",Mid Range,0,0
2867,Thomas Davis,Offered,2023-07-13,2023,7,865,Female,27,Bachelor's Degree,2,Not Mentioned,3,2,2.4,3,4.2,Good candidates,High Range,1,0
2868,Pamela Rogers,Interviewing,2023-08-02,2023,8,845,Female,53,Master's Degree,14,Not Mentioned,4,5,4.6,1,7.1,"Strong fit, top candidates",High Range,0,0
2869,Robert Chavez,In Review,2023-08-02,2023,8,845,Female,41,PhD,9,Not Mentioned,5,4,4.4,2,7,"Strong fit, top candidates",Mid Range,0,0
2870,Stephen Mullins,Pending Review,2023-05-12,2023,5,927,Male,51,Bachelor's Degree,3,nature,3,2,2.4,1,3.8,Weak candidates,Mid Range,0,0
2871,Ryan Castillo,Offered,2023-07-24,2023,7,854,Other,29,Bachelor's Degree,10,Not Mentioned,3,4,3.6,3,6,"Strong fit, top candidates",Mid Range,1,0
2872,Eric Garcia,Pending Review,2023-07-22,2023,7,856,Other,47,High School,11,Not Mentioned,1,5,3.4,1,5.3,Good candidates,High Range,0,0
2873,Mary Vaughn,Interviewing,2023-07-13,2023,7,865,Other,43,Bachelor's Degree,2,community,3,2,2.4,2,3.88,Weak candidates,Mid Range,0,0
2874,Kylie Martinez,Pending Review,2023-05-23,2023,5,916,Other,55,PhD,9,Not Mentioned,5,4,4.4,1,6.8,"Strong fit, top candidates",Mid Range,0,0
2875,James Brooks,Rejected,2023-08-03,2023,8,844,Male,50,High School,12,Not Mentioned,1,5,3.4,1,5.3,Good candidates,Mid Range,0,1
2876,Alan Elliott,In Review,2023-05-23,2023,5,916,Male,33,Bachelor's Degree,8,Not Mentioned,3,4,3.6,3,6,"Strong fit, top candidates",High Range,0,0
2877,Sara Williams,Pending Review,2023-06-12,2023,6,896,Other,52,High School,4,Not Mentioned,1,2,1.6,1,2.6,Weak candidates,High Range,0,0
2878,Robert Conley,In Review,2023-05-23,2023,5,916,Female,52,PhD,2,community,5,2,3.2,1,4.84,Good candidates,Mid Range,0,0
2879,Michael Harrell,In Review,2023-05-14,2023,5,925,Male,20,PhD,1,Not Mentioned,5,1,2.6,1,4.1,Good candidates,High Range,0,0
2880,John Brock,Interviewing,2023-06-24,2023,6,884,Other,42,PhD,7,Not Mentioned,5,3,3.8,2,6.1,"Strong fit, top candidates",High Range,0,0
2881,Jeffrey Hall,Pending Review,2023-05-14,2023,5,925,Female,45,High School,7,Not Mentioned,1,3,2.2,2,3.7,Weak candidates,Mid Range,0,0
2882,Jessica Rowe,In Review,2023-06-16,2023,6,892,Female,30,Bachelor's Degree,1,Not Mentioned,3,1,1.8,3,3.3,Weak candidates,Mid Range,0,0
2883,Cody Pratt,Rejected,2023-06-03,2023,6,905,Male,30,High School,13,Not Mentioned,1,5,3.4,3,5.7,Good candidates,High Range,0,1
2884,Jeffrey Bennett,Interviewing,2023-05-11,2023,5,928,Female,49,PhD,20,dance movement,5,5,5,1,7.7,"Strong fit, top candidates",Mid Range,0,0
2885,Lucas Davis,Pending Review,2023-07-25,2023,7,853,Male,53,Bachelor's Degree,13,child,3,5,4.2,1,6.5,"Strong fit, top candidates",High Range,0,0
2886,Lisa Rose,Offered,2023-07-13,2023,7,865,Other,27,Master's Degree,9,Not Mentioned,4,4,4,3,6.6,"Strong fit, top candidates",High Range,1,0
2887,Susan Morris,Rejected,2023-07-27,2023,7,851,Male,41,High School,7,sport and exercise,1,3,2.2,2,3.7,Weak candidates,Mid Range,0,1
2888,Erica Kelly,Pending Review,2023-06-24,2023,6,884,Female,55,Bachelor's Degree,16,Not Mentioned,3,5,4.2,1,6.5,"Strong fit, top candidates",High Range,0,0
2889,Karen Mcdowell,Pending Review,2023-05-26,2023,5,913,Male,37,PhD,7,Not Mentioned,5,3,3.8,2,6.1,"Strong fit, top candidates",High Range,0,0
2890,Brittany Baldwin,Offered,2023-06-24,2023,6,884,Male,57,Bachelor's Degree,8,Not Mentioned,3,4,3.6,1,5.6,Good candidates,High Range,1,0
2891,Sarah Peterson,In Review,2023-07-20,2023,7,858,Male,20,High School,19,Not Mentioned,1,5,3.4,1,5.3,Good candidates,High Range,0,0
2892,Evan Alvarez,Pending Review,2023-05-14,2023,5,925,Male,59,Master's Degree,6,Not Mentioned,4,3,3.4,1,5.3,Good candidates,High Range,0,0
2893,Patrick Williams,Rejected,2023-05-22,2023,5,917,Female,29,High School,11,Not Mentioned,1,5,3.4,3,5.7,Good candidates,Mid Range,0,1
2894,Connor Hobbs,Pending Review,2023-06-03,2023,6,905,Other,30,Master's Degree,7,Not Mentioned,4,3,3.4,3,5.7,Good candidates,High Range,0,0
2895,Stuart Miller,Rejected,2023-05-07,2023,5,932,Other,57,PhD,10,electronics,5,4,4.4,1,7.24,"Strong fit, top candidates",High Range,0,1
2896,Jennifer Padilla,Pending Review,2023-07-06,2023,7,872,Other,36,High School,9,Not Mentioned,1,4,2.8,2,4.6,Good candidates,High Range,0,0
2897,William Hughes,Rejected,2023-07-10,2023,7,868,Male,19,High School,9,fashion/clothing,1,4,2.8,1,4.47,Good candidates,Mid Range,0,1
2898,Amber Phillips,Rejected,2023-06-18,2023,6,890,Other,60,PhD,16,Not Mentioned,5,5,5,1,7.7,"Strong fit, top candidates",Mid Range,0,1
2899,Randall Carter,Offered,2023-07-10,2023,7,868,Other,48,PhD,0,Not Mentioned,5,1,2.6,1,4.1,Good candidates,High Range,1,0
2900,Eric Garrett,Interviewing,2023-07-22,2023,7,856,Male,51,Master's Degree,1,Not Mentioned,4,1,2.2,1,3.5,Weak candidates,Mid Range,0,0
2901,Matthew Klein,Offered,2023-06-11,2023,6,897,Male,21,PhD,10,Not Mentioned,5,4,4.4,1,6.8,"Strong fit, top candidates",High Range,1,0
2902,Shelly Miranda,Interviewing,2023-07-21,2023,7,857,Other,23,PhD,15,Not Mentioned,5,5,5,1,7.7,"Strong fit, top candidates",High Range,0,0
2903,Monique Grant,In Review,2023-06-28,2023,6,880,Female,42,Bachelor's Degree,2,Not Mentioned,3,2,2.4,2,4,Good candidates,Mid Range,0,0
2904,Renee Kim,Rejected,2023-05-28,2023,5,911,Female,43,Master's Degree,14,Not Mentioned,4,5,4.6,2,7.3,"Strong fit, top candidates",Mid Range,0,1
2905,Derek Murray,Interviewing,2023-06-17,2023,6,891,Other,38,Master's Degree,3,television/film set,4,2,2.8,2,4.67,Good candidates,High Range,0,0
2906,Michelle Martinez,Offered,2023-06-09,2023,6,899,Other,24,Master's Degree,8,Not Mentioned,4,4,4,1,6.2,"Strong fit, top candidates",Mid Range,1,0
2907,Caitlin Johnson,In Review,2023-05-16,2023,5,923,Male,27,High School,15,Not Mentioned,1,5,3.4,3,5.7,Good candidates,High Range,0,0
2908,Judy Riley,Offered,2023-06-05,2023,6,903,Other,34,PhD,5,Not Mentioned,5,3,3.8,3,6.3,"Strong fit, top candidates",Mid Range,1,0
2909,Cheryl Jenkins,Rejected,2023-05-08,2023,5,931,Female,34,High School,11,Not Mentioned,1,5,3.4,3,5.7,Good candidates,Mid Range,0,1
2910,Kara Payne,Offered,2023-05-22,2023,5,917,Female,44,Bachelor's Degree,0,Not Mentioned,3,1,1.8,2,3.1,Weak candidates,High Range,1,0
2911,Erica Atkins,Interviewing,2023-07-18,2023,7,860,Other,36,High School,2,museum/gallery,1,2,1.6,2,2.8,Weak candidates,High Range,0,0
2912,Curtis Carter,Rejected,2023-07-05,2023,7,873,Other,32,PhD,4,Not Mentioned,5,2,3.2,3,5.4,Good candidates,High Range,0,1
2913,Scott Lee,Interviewing,2023-07-29,2023,7,849,Other,40,High School,8,Not Mentioned,1,4,2.8,2,4.6,Good candidates,High Range,0,0
2914,Mark Williams,In Review,2023-07-06,2023,7,872,Other,56,PhD,2,Not Mentioned,5,2,3.2,1,5,Good candidates,High Range,0,0
2915,Justin Horton,In Review,2023-06-14,2023,6,894,Male,27,PhD,18,Not Mentioned,5,5,5,3,8.1,"Strong fit, top candidates",Mid Range,0,0
2916,Aaron Hernandez,Rejected,2023-05-16,2023,5,923,Other,31,High School,4,Not Mentioned,1,2,1.6,3,3,Weak candidates,High Range,0,1
2917,Jonathan Weber,Interviewing,2023-06-29,2023,6,879,Other,59,PhD,13,research (maths),5,5,5,1,8.2,"Strong fit, top candidates",Mid Range,0,0
2918,Barbara Mccann,Pending Review,2023-06-08,2023,6,900,Male,44,Bachelor's Degree,10,Not Mentioned,3,4,3.6,2,5.8,Good candidates,High Range,0,0
2919,Kathleen Martinez,Offered,2023-07-03,2023,7,875,Male,36,Master's Degree,12,Not Mentioned,4,5,4.6,2,7.3,"Strong fit, top candidates",High Range,1,0
2920,Catherine Harper,Offered,2023-05-20,2023,5,919,Female,21,Bachelor's Degree,7,Not Mentioned,3,3,3,1,4.7,Good candidates,Mid Range,1,0
2921,Tonya Dennis,Rejected,2023-06-08,2023,6,900,Other,50,High School,3,Not Mentioned,1,2,1.6,1,2.6,Weak candidates,Mid Range,0,1
2922,Gregory Cantrell,Interviewing,2023-07-20,2023,7,858,Male,54,Bachelor's Degree,13,hospital,3,5,4.2,1,6.5,"Strong fit, top candidates",Mid Range,0,0
2923,Haley Hodges,Rejected,2023-05-31,2023,5,908,Female,50,Master's Degree,16,primary school,4,5,4.6,1,7.33,"Strong fit, top candidates",High Range,0,1
2924,Brittney James,Interviewing,2023-07-11,2023,7,867,Female,51,PhD,13,Not Mentioned,5,5,5,1,7.7,"Strong fit, top candidates",High Range,0,0
2925,Lauren Morris,Interviewing,2023-05-29,2023,5,910,Female,40,Master's Degree,11,research (physical sciences),4,5,4.6,2,7.76,"Strong fit, top candidates",Mid Range,0,0
2926,Jasmine White,In Review,2023-07-27,2023,7,851,Male,48,PhD,0,Not Mentioned,5,1,2.6,1,4.1,Good candidates,Mid Range,0,0
2927,Nathan Barnett,Interviewing,2023-06-02,2023,6,906,Female,54,PhD,7,Not Mentioned,5,3,3.8,1,5.9,Good candidates,High Range,0,0
2928,Bradley Dean,In Review,2023-07-14,2023,7,864,Male,31,Bachelor's Degree,12,Not Mentioned,3,5,4.2,3,6.9,"Strong fit, top candidates",High Range,0,0
2929,David Farrell,Rejected,2023-08-01,2023,8,846,Female,49,Master's Degree,8,Not Mentioned,4,4,4,1,6.2,"Strong fit, top candidates",High Range,0,1
2930,Edward White,Offered,2023-06-25,2023,6,883,Male,22,Bachelor's Degree,18,Not Mentioned,3,5,4.2,1,6.5,"Strong fit, top candidates",High Range,1,0
2931,Aaron Sullivan,Offered,2023-06-09,2023,6,899,Female,32,High School,10,Not Mentioned,1,4,2.8,3,4.8,Good candidates,High Range,1,0
2932,Eric Martinez,Rejected,2023-05-15,2023,5,924,Male,18,Bachelor's Degree,7,furniture,3,3,3,1,4.7,Good candidates,High Range,0,1
2933,Amanda Schmitt,Interviewing,2023-07-21,2023,7,857,Male,29,Bachelor's Degree,17,maintenance (IT),3,5,4.2,3,7.32,"Strong fit, top candidates",High Range,0,0
2934,Megan Torres,Pending Review,2023-06-26,2023,6,882,Other,32,PhD,6,biomedical,5,3,3.8,3,6.775,"Strong fit, top candidates",High Range,0,0
2935,Jeffrey Wade,Offered,2023-07-26,2023,7,852,Male,32,Bachelor's Degree,11,Not Mentioned,3,5,4.2,3,6.9,"Strong fit, top candidates",Mid Range,1,0
2936,Alexis Hunter,Pending Review,2023-05-26,2023,5,913,Other,54,Bachelor's Degree,1,Not Mentioned,3,1,1.8,1,2.9,Weak candidates,High Range,0,0
2937,Danielle Bryan,Interviewing,2023-07-16,2023,7,862,Male,20,Bachelor's Degree,14,Not Mentioned,3,5,4.2,1,6.5,"Strong fit, top candidates",High Range,0,0
2938,Krista Thompson,In Review,2023-07-28,2023,7,850,Male,19,High School,20,Not Mentioned,1,5,3.4,1,5.3,Good candidates,Mid Range,0,0
2939,Richard Watson,Interviewing,2023-06-03,2023,6,905,Male,56,High School,14,Not Mentioned,1,5,3.4,1,5.3,Good candidates,Mid Range,0,0
2940,Jeff Martinez,Offered,2023-05-30,2023,5,909,Male,40,Bachelor's Degree,15,magazine,3,5,4.2,2,6.805,"Strong fit, top candidates",High Range,1,0
2941,Paul Washington,Offered,2023-06-04,2023,6,904,Other,40,PhD,0,Not Mentioned,5,1,2.6,2,4.3,Good candidates,High Range,1,0
2942,Lisa Carr,In Review,2023-05-25,2023,5,914,Male,61,PhD,5,Not Mentioned,5,3,3.8,1,5.9,Good candidates,Mid Range,0,0
2943,Arthur Alexander,Interviewing,2023-07-30,2023,7,848,Other,40,Bachelor's Degree,7,adult,3,3,3,2,4.9,Good candidates,High Range,0,0
2944,Stephen Mejia,Pending Review,2023-07-21,2023,7,857,Other,50,Bachelor's Degree,18,graphic,3,5,4.2,1,6.605,"Strong fit, top candidates",Mid Range,0,0
2945,Sharon Reilly,Interviewing,2023-06-08,2023,6,900,Female,23,High School,5,Not Mentioned,1,3,2.2,1,3.5,Weak candidates,Mid Range,0,0
2946,Anthony Sims,Rejected,2023-05-16,2023,5,923,Female,54,Bachelor's Degree,16,Not Mentioned,3,5,4.2,1,6.5,"Strong fit, top candidates",High Range,0,1
2947,Elizabeth Gilmore,Offered,2023-07-08,2023,7,870,Male,47,PhD,12,Not Mentioned,5,5,5,1,7.7,"Strong fit, top candidates",Mid Range,1,0
2948,Doris Serrano,Offered,2023-05-21,2023,5,918,Other,32,Bachelor's Degree,12,Not Mentioned,3,5,4.2,3,6.9,"Strong fit, top candidates",Mid Range,1,0
2949,Melissa Phelps,Pending Review,2023-06-08,2023,6,900,Male,35,Bachelor's Degree,11,academic,3,5,4.2,3,7.32,"Strong fit, top candidates",High Range,0,0
2950,Benjamin Harris,Rejected,2023-06-06,2023,6,902,Female,51,Bachelor's Degree,15,Not Mentioned,3,5,4.2,1,6.5,"Strong fit, top candidates",High Range,0,1
2951,Jonathan Williams,In Review,2023-06-01,2023,6,907,Male,45,PhD,7,Not Mentioned,5,3,3.8,2,6.1,"Strong fit, top candidates",High Range,0,0
2952,Sarah Griffin,Rejected,2023-06-06,2023,6,902,Male,45,High School,10,Not Mentioned,1,4,2.8,2,4.6,Good candidates,High Range,0,1
2953,Derrick Smith,Pending Review,2023-05-22,2023,5,917,Other,59,Master's Degree,10,Not Mentioned,4,4,4,1,6.2,"Strong fit, top candidates",High Range,0,0
2954,Laura Rhodes,Interviewing,2023-06-02,2023,6,906,Male,35,Bachelor's Degree,16,Not Mentioned,3,5,4.2,3,6.9,"Strong fit, top candidates",High Range,0,0
2955,Cameron Forbes,In Review,2023-06-16,2023,6,892,Male,56,Bachelor's Degree,6,trade union,3,3,3,1,4.925,Good candidates,High Range,0,0
2956,Mary Johnson,Pending Review,2023-07-30,2023,7,848,Female,29,PhD,6,political party,5,3,3.8,3,6.585,"Strong fit, top candidates",Mid Range,0,0
2957,Brian Martin,In Review,2023-06-13,2023,6,895,Female,39,PhD,12,Not Mentioned,5,5,5,2,7.9,"Strong fit, top candidates",Mid Range,0,0
2958,Jeremy Perez,Rejected,2023-07-25,2023,7,853,Other,50,High School,7,Not Mentioned,1,3,2.2,1,3.5,Weak candidates,Mid Range,0,1
2959,Anna Morris,Rejected,2023-07-25,2023,7,853,Female,55,High School,14,Not Mentioned,1,5,3.4,1,5.3,Good candidates,High Range,0,1
2960,Micheal Kennedy,Rejected,2023-07-10,2023,7,868,Other,55,Master's Degree,17,Not Mentioned,4,5,4.6,1,7.1,"Strong fit, top candidates",Mid Range,0,1
2961,Diana Johnson,Rejected,2023-07-05,2023,7,873,Other,20,Bachelor's Degree,2,Not Mentioned,3,2,2.4,1,3.8,Weak candidates,High Range,0,1
2962,Shannon Rodriguez,Offered,2023-06-24,2023,6,884,Other,57,Bachelor's Degree,19,political party,3,5,4.2,1,6.815,"Strong fit, top candidates",Mid Range,1,0
2963,Jason Stokes,Interviewing,2023-07-27,2023,7,851,Other,35,High School,15,Not Mentioned,1,5,3.4,3,5.7,Good candidates,High Range,0,0
2964,Lynn Love,In Review,2023-06-12,2023,6,896,Other,47,PhD,7,physiological,5,3,3.8,1,6.375,"Strong fit, top candidates",High Range,0,0
2965,Amanda Underwood,Pending Review,2023-07-24,2023,7,854,Other,34,Bachelor's Degree,16,Not Mentioned,3,5,4.2,3,6.9,"Strong fit, top candidates",Mid Range,0,0
2966,Patrick Thomas,In Review,2023-07-15,2023,7,863,Other,35,High School,11,museum/gallery,1,5,3.4,3,5.7,Good candidates,High Range,0,0
2967,Molly Williams,Interviewing,2023-07-19,2023,7,859,Other,39,High School,19,Not Mentioned,1,5,3.4,2,5.5,Good candidates,High Range,0,0
2968,Andrew Sanchez,Rejected,2023-07-02,2023,7,876,Male,56,Master's Degree,19,television/film/video,4,5,4.6,1,7.1,"Strong fit, top candidates",Mid Range,0,1
2969,Brandon Brown,Offered,2023-06-13,2023,6,895,Female,42,Master's Degree,20,Not Mentioned,4,5,4.6,2,7.3,"Strong fit, top candidates",High Range,1,0
2970,Natasha Vasquez,Offered,2023-07-14,2023,7,864,Female,33,PhD,17,Not Mentioned,5,5,5,3,8.1,"Strong fit, top candidates",Mid Range,1,0
2971,Deborah Garrett,Interviewing,2023-07-25,2023,7,853,Male,44,PhD,19,Not Mentioned,5,5,5,2,7.9,"Strong fit, top candidates",Mid Range,0,0
2972,Teresa Pearson,In Review,2023-07-26,2023,7,852,Other,25,PhD,6,commercial/residential,5,3,3.8,3,6.585,"Strong fit, top candidates",High Range,0,0
2973,Megan Galloway,In Review,2023-05-06,2023,5,933,Male,43,Bachelor's Degree,13,Not Mentioned,3,5,4.2,2,6.7,"Strong fit, top candidates",Mid Range,0,0
2974,Barbara Flores,Interviewing,2023-06-30,2023,6,878,Other,36,High School,9,Not Mentioned,1,4,2.8,2,4.6,Good candidates,High Range,0,0
2975,Elizabeth Stephens,Pending Review,2023-05-31,2023,5,908,Other,44,High School,3,Not Mentioned,1,2,1.6,2,2.8,Weak candidates,High Range,0,0
2976,Nicole Donovan,Offered,2023-06-26,2023,6,882,Male,41,High School,8,Not Mentioned,1,4,2.8,2,4.6,Good candidates,Mid Range,1,0
2977,Spencer Sanchez,Rejected,2023-06-22,2023,6,886,Other,39,Master's Degree,19,Not Mentioned,4,5,4.6,2,7.3,"Strong fit, top candidates",High Range,0,1
2978,Ronald Savage,Pending Review,2023-05-15,2023,5,924,Male,31,High School,15,retail,1,5,3.4,3,5.53,Good candidates,Mid Range,0,0
2979,Marcus Ellis,Offered,2023-05-23,2023,5,916,Female,40,Master's Degree,16,Not Mentioned,4,5,4.6,2,7.3,"Strong fit, top candidates",High Range,1,0
2980,Robert Brown,Offered,2023-07-24,2023,7,854,Male,34,Master's Degree,1,graphic,4,1,2.2,3,3.955,Weak candidates,High Range,1,0
2981,Tyler Vaughn,Pending Review,2023-06-10,2023,6,898,Other,48,Master's Degree,3,Not Mentioned,4,2,2.8,1,4.4,Good candidates,Mid Range,0,0
2982,Joanne Brewer,In Review,2023-06-10,2023,6,898,Female,21,Bachelor's Degree,19,Not Mentioned,3,5,4.2,1,6.5,"Strong fit, top candidates",Mid Range,0,0
2983,Heather Jackson,In Review,2023-05-30,2023,5,909,Female,22,High School,8,museum/gallery,1,4,2.8,1,4.4,Good candidates,High Range,0,0
2984,Rebecca Fox,Offered,2023-05-26,2023,5,913,Male,22,Master's Degree,18,Not Mentioned,4,5,4.6,1,7.1,"Strong fit, top candidates",High Range,1,0
2985,Jessica Austin,Rejected,2023-07-27,2023,7,851,Female,57,High School,16,speech and language,1,5,3.4,1,5.725,Good candidates,High Range,0,1
2986,Jaclyn Ryan,In Review,2023-07-29,2023,7,849,Other,48,High School,18,Not Mentioned,1,5,3.4,1,5.3,Good candidates,Mid Range,0,0
2987,Shane Brown,Rejected,2023-07-06,2023,7,872,Male,43,Bachelor's Degree,15,Not Mentioned,3,5,4.2,2,6.7,"Strong fit, top candidates",High Range,0,1
2988,Michelle Goodman,Offered,2023-06-06,2023,6,902,Other,50,PhD,8,Not Mentioned,5,4,4.4,1,6.8,"Strong fit, top candidates",High Range,1,0
2989,Jeffrey Bennett,Pending Review,2023-06-14,2023,6,894,Male,31,Master's Degree,15,physiological,4,5,4.6,3,8.075,"Strong fit, top candidates",Mid Range,0,0
2990,Theresa Gomez,Interviewing,2023-07-21,2023,7,857,Other,47,PhD,16,Not Mentioned,5,5,5,1,7.7,"Strong fit, top candidates",High Range,0,0
2991,Rachael Wheeler,Pending Review,2023-06-11,2023,6,897,Other,27,Master's Degree,8,Not Mentioned,4,4,4,3,6.6,"Strong fit, top candidates",High Range,0,0
2992,Anna Bowers,Rejected,2023-05-26,2023,5,913,Male,38,Bachelor's Degree,8,Not Mentioned,3,4,3.6,2,5.8,Good candidates,Mid Range,0,1
2993,Gregory Jones,Interviewing,2023-07-10,2023,7,868,Other,35,Master's Degree,14,Not Mentioned,4,5,4.6,3,7.5,"Strong fit, top candidates",High Range,0,0
2994,April Smith,Offered,2023-08-03,2023,8,844,Other,46,PhD,15,Not Mentioned,5,5,5,1,7.7,"Strong fit, top candidates",Mid Range,1,0
2995,Amanda Johnson,Rejected,2023-06-18,2023,6,890,Female,24,Bachelor's Degree,6,Not Mentioned,3,3,3,1,4.7,Good candidates,Mid Range,0,1
2996,Gary Newton,Rejected,2023-07-28,2023,7,850,Male,50,Bachelor's Degree,12,communications,3,5,4.2,1,6.5,"Strong fit, top candidates",Mid Range,0,1
2997,Meghan Vargas,Interviewing,2023-05-07,2023,5,932,Other,35,Master's Degree,18,broadcasting (operations),4,5,4.6,3,7.5,"Strong fit, top candidates",High Range,0,0
2998,Bryan Diaz,Interviewing,2023-07-01,2023,7,877,Other,54,Master's Degree,4,prison and probation services,4,2,2.8,1,4.4,Good candidates,Mid Range,0,0
2999,Erica Moore,In Review,2023-05-10,2023,5,929,Male,48,Master's Degree,3,drilling,4,2,2.8,1,4.68,Good candidates,High Range,0,0
3000,Christopher Silva,Interviewing,2023-07-11,2023,7,867,Other,37,Master's Degree,15,Not Mentioned,4,5,4.6,2,7.3,"Strong fit, top candidates",High Range,0,0
3001,Regina Kelly,Offered,2023-07-17,2023,7,861,Male,53,Master's Degree,10,Not Mentioned,4,4,4,1,6.2,"Strong fit, top candidates",Mid Range,1,0
3002,Michael Dixon,Interviewing,2023-07-31,2023,7,847,Other,47,PhD,5,Not Mentioned,5,3,3.8,1,5.9,Good candidates,Mid Range,0,0
3003,Nicholas Davis,Offered,2023-07-18,2023,7,860,Male,29,PhD,0,Not Mentioned,5,1,2.6,3,4.5,Good candidates,Mid Range,1,0
3004,William Watson,Pending Review,2023-05-19,2023,5,920,Other,26,High School,4,Not Mentioned,1,2,1.6,3,3,Weak candidates,Mid Range,0,0
3005,Molly Fisher,Interviewing,2023-07-26,2023,7,852,Male,46,PhD,11,energy,5,5,5,1,7.7,"Strong fit, top candidates",High Range,0,0
3006,Hannah Le,Pending Review,2023-07-13,2023,7,865,Other,36,PhD,19,Not Mentioned,5,5,5,2,7.9,"Strong fit, top candidates",High Range,0,0
3007,Deanna Guerrero,Pending Review,2023-07-09,2023,7,869,Male,52,High School,13,Not Mentioned,1,5,3.4,1,5.3,Good candidates,Mid Range,0,0
3008,Cynthia Brewer,Offered,2023-06-25,2023,6,883,Female,34,Bachelor's Degree,8,Not Mentioned,3,4,3.6,3,6,"Strong fit, top candidates",Mid Range,1,0
3009,David Rios,Rejected,2023-07-09,2023,7,869,Other,39,High School,0,Not Mentioned,1,1,1,2,1.9,Weak candidates,Mid Range,0,1
3010,Christina James,Rejected,2023-05-24,2023,5,915,Other,20,High School,13,Not Mentioned,1,5,3.4,1,5.3,Good candidates,High Range,0,1
3011,Samuel Nichols,In Review,2023-06-13,2023,6,895,Male,59,Master's Degree,14,hospital,4,5,4.6,1,7.1,"Strong fit, top candidates",High Range,0,0
3012,Lindsay Duncan,Rejected,2023-06-22,2023,6,886,Male,46,PhD,8,television/film/video,5,4,4.4,1,6.8,"Strong fit, top candidates",Mid Range,0,1
3013,Todd Martinez,In Review,2023-06-21,2023,6,887,Other,21,High School,19,Not Mentioned,1,5,3.4,1,5.3,Good candidates,Mid Range,0,0
3014,Rachel Huber,Interviewing,2023-06-11,2023,6,897,Other,21,Master's Degree,14,Not Mentioned,4,5,4.6,1,7.1,"Strong fit, top candidates",High Range,0,0
3015,Joshua Murray,Rejected,2023-07-20,2023,7,858,Male,21,High School,6,Not Mentioned,1,3,2.2,1,3.5,Weak candidates,High Range,0,1
3016,Elizabeth Blankenship,Offered,2023-07-16,2023,7,862,Female,31,Bachelor's Degree,16,Not Mentioned,3,5,4.2,3,6.9,"Strong fit, top candidates",Mid Range,1,0
3017,David Jones,Pending Review,2023-06-29,2023,6,879,Other,28,Master's Degree,10,Not Mentioned,4,4,4,3,6.6,"Strong fit, top candidates",High Range,0,0
3018,Clifford Cox,Rejected,2023-07-25,2023,7,853,Male,31,Bachelor's Degree,17,Not Mentioned,3,5,4.2,3,6.9,"Strong fit, top candidates",Mid Range,0,1
3019,Alison Wilson,Pending Review,2023-08-02,2023,8,845,Female,35,PhD,14,Not Mentioned,5,5,5,3,8.1,"Strong fit, top candidates",High Range,0,0
3020,Frank Combs,In Review,2023-06-14,2023,6,894,Male,38,Master's Degree,7,Not Mentioned,4,3,3.4,2,5.5,Good candidates,High Range,0,0
3021,Rhonda Martin,In Review,2023-06-10,2023,6,898,Other,47,High School,1,Not Mentioned,1,1,1,1,1.7,Weak candidates,High Range,0,0
3022,Peggy Manning,Offered,2023-06-28,2023,6,880,Other,45,PhD,0,Not Mentioned,5,1,2.6,2,4.3,Good candidates,High Range,1,0
3023,Marcus Ballard,Interviewing,2023-06-14,2023,6,894,Other,56,PhD,5,Not Mentioned,5,3,3.8,1,5.9,Good candidates,Mid Range,0,0
3024,Donna Medina,Pending Review,2023-05-06,2023,5,933,Male,34,High School,2,Not Mentioned,1,2,1.6,3,3,Weak candidates,Mid Range,0,0
3025,Cristina Walker,In Review,2023-08-04,2023,8,843,Female,58,PhD,17,applications,5,5,5,1,7.7,"Strong fit, top candidates",Mid Range,0,0
3026,Joshua Mathis,Interviewing,2023-07-26,2023,7,852,Female,47,Bachelor's Degree,7,broadcasting/film/video,3,3,3,1,4.775,Good candidates,High Range,0,0
3027,Jose Wright,In Review,2023-06-16,2023,6,892,Male,30,PhD,0,Not Mentioned,5,1,2.6,3,4.5,Good candidates,High Range,0,0
3028,John Sandoval,Interviewing,2023-06-17,2023,6,891,Male,36,Bachelor's Degree,9,Not Mentioned,3,4,3.6,2,5.8,Good candidates,Mid Range,0,0
3029,Ashley Campbell,Pending Review,2023-05-13,2023,5,926,Male,27,Bachelor's Degree,7,Not Mentioned,3,3,3,3,5.1,Good candidates,Mid Range,0,0
3030,Melissa Matthews,Offered,2023-07-04,2023,7,874,Female,38,High School,2,magazine features,1,2,1.6,2,2.84,Weak candidates,High Range,1,0
3031,Amanda Jacobs,Pending Review,2023-06-30,2023,6,878,Other,22,High School,0,Not Mentioned,1,1,1,1,1.7,Weak candidates,Mid Range,0,0
3032,Renee Schneider,Pending Review,2023-08-02,2023,8,845,Other,42,PhD,3,Not Mentioned,5,2,3.2,2,5.2,Good candidates,Mid Range,0,0
3033,John Berry,Pending Review,2023-05-15,2023,5,924,Female,23,Master's Degree,11,Not Mentioned,4,5,4.6,1,7.1,"Strong fit, top candidates",High Range,0,0
3034,Sara Smith,Offered,2023-05-21,2023,5,918,Other,61,Master's Degree,0,Not Mentioned,4,1,2.2,1,3.5,Weak candidates,High Range,1,0
3035,Linda Gomez,Rejected,2023-06-19,2023,6,889,Male,29,PhD,11,academic,5,5,5,3,8.6,"Strong fit, top candidates",Mid Range,0,1
3036,Stephen Costa,Pending Review,2023-08-05,2023,8,842,Other,50,High School,14,educational,1,5,3.4,1,5.47,Good candidates,High Range,0,0
3037,Melissa Johnson,Pending Review,2023-07-04,2023,7,874,Male,39,PhD,16,Not Mentioned,5,5,5,2,7.9,"Strong fit, top candidates",High Range,0,0
3038,Michael Lamb,Offered,2023-07-10,2023,7,868,Male,29,PhD,19,Not Mentioned,5,5,5,3,8.1,"Strong fit, top candidates",High Range,1,0
3039,Brian Escobar,In Review,2023-06-16,2023,6,892,Female,30,Master's Degree,17,Not Mentioned,4,5,4.6,3,7.5,"Strong fit, top candidates",High Range,0,0
3040,Sarah Brown,Offered,2023-06-11,2023,6,897,Male,20,High School,10,Not Mentioned,1,4,2.8,1,4.4,Good candidates,Mid Range,1,0
3041,Ronnie Morales,Interviewing,2023-06-17,2023,6,891,Male,44,Bachelor's Degree,15,Not Mentioned,3,5,4.2,2,6.7,"Strong fit, top candidates",Mid Range,0,0
3042,Jason Cohen,Pending Review,2023-07-22,2023,7,856,Male,46,Master's Degree,7,Not Mentioned,4,3,3.4,1,5.3,Good candidates,High Range,0,0
3043,John Lawrence,Interviewing,2023-06-13,2023,6,895,Male,51,High School,17,Not Mentioned,1,5,3.4,1,5.3,Good candidates,Mid Range,0,0
3044,Danielle Bass,Offered,2023-05-09,2023,5,930,Other,19,High School,4,Not Mentioned,1,2,1.6,1,2.6,Weak candidates,High Range,1,0
3045,Michael Myers,Pending Review,2023-05-07,2023,5,932,Male,54,High School,6,Not Mentioned,1,3,2.2,1,3.5,Weak candidates,High Range,0,0
3046,Billy Schneider,Offered,2023-05-25,2023,5,914,Male,20,PhD,20,Not Mentioned,5,5,5,1,7.7,"Strong fit, top candidates",Mid Range,1,0
3047,Donna Lopez,Rejected,2023-05-27,2023,5,912,Other,29,Bachelor's Degree,3,Not Mentioned,3,2,2.4,3,4.2,Good candidates,High Range,0,1
3048,Matthew Harris,In Review,2023-05-23,2023,5,916,Other,57,Master's Degree,3,Not Mentioned,4,2,2.8,1,4.4,Good candidates,Mid Range,0,0
3049,Melody Diaz,Pending Review,2023-07-09,2023,7,869,Other,34,High School,9,Not Mentioned,1,4,2.8,3,4.8,Good candidates,Mid Range,0,0
3050,Kenneth Jones,Rejected,2023-05-22,2023,5,917,Other,43,Master's Degree,9,Not Mentioned,4,4,4,2,6.4,"Strong fit, top candidates",Mid Range,0,1
3051,Mark Gonzalez,In Review,2023-07-30,2023,7,848,Female,19,High School,17,Not Mentioned,1,5,3.4,1,5.3,Good candidates,High Range,0,0
3052,Heather Lane,In Review,2023-08-05,2023,8,842,Other,39,High School,16,production,1,5,3.4,2,5.5,Good candidates,Mid Range,0,0
3053,Zachary Garcia,Rejected,2023-05-26,2023,5,913,Other,44,PhD,10,Not Mentioned,5,4,4.4,2,7,"Strong fit, top candidates",High Range,0,1
3054,Jeffrey Gonzales,Offered,2023-06-21,2023,6,887,Female,30,PhD,15,Not Mentioned,5,5,5,3,8.1,"Strong fit, top candidates",Mid Range,1,0
3055,Kenneth Ray,Offered,2023-05-23,2023,5,916,Female,52,PhD,20,Not Mentioned,5,5,5,1,7.7,"Strong fit, top candidates",Mid Range,1,0
3056,Amanda Campbell,Offered,2023-07-10,2023,7,868,Other,45,High School,19,Not Mentioned,1,5,3.4,2,5.5,Good candidates,Mid Range,1,0
3057,Brian Kelly,Interviewing,2023-07-22,2023,7,856,Other,25,Master's Degree,10,Not Mentioned,4,4,4,3,6.6,"Strong fit, top candidates",High Range,0,0
3058,Jonathan Berry,Rejected,2023-06-18,2023,6,890,Female,20,PhD,4,Not Mentioned,5,2,3.2,1,5,Good candidates,Mid Range,0,1
3059,Suzanne Turner,In Review,2023-05-25,2023,5,914,Male,51,High School,10,Not Mentioned,1,4,2.8,1,4.4,Good candidates,High Range,0,0
3060,Jennifer Martinez,In Review,2023-05-14,2023,5,925,Female,22,Master's Degree,19,Not Mentioned,4,5,4.6,1,7.1,"Strong fit, top candidates",High Range,0,0
3061,Reginald Patterson,Rejected,2023-06-21,2023,6,887,Male,21,Master's Degree,15,Not Mentioned,4,5,4.6,1,7.1,"Strong fit, top candidates",Mid Range,0,1
3062,Jose Glass,Pending Review,2023-07-16,2023,7,862,Male,49,Bachelor's Degree,12,Not Mentioned,3,5,4.2,1,6.5,"Strong fit, top candidates",High Range,0,0
3063,John Garner,Offered,2023-06-14,2023,6,894,Male,50,Bachelor's Degree,14,Not Mentioned,3,5,4.2,1,6.5,"Strong fit, top candidates",High Range,1,0
3064,Joanne Strickland,Pending Review,2023-07-29,2023,7,849,Male,19,Master's Degree,1,Not Mentioned,4,1,2.2,1,3.5,Weak candidates,High Range,0,0
3065,William Smith,Pending Review,2023-07-07,2023,7,871,Female,59,Bachelor's Degree,11,Not Mentioned,3,5,4.2,1,6.5,"Strong fit, top candidates",High Range,0,0
3066,Kelly Heath,Offered,2023-06-26,2023,6,882,Male,32,PhD,15,Not Mentioned,5,5,5,3,8.1,"Strong fit, top candidates",Mid Range,1,0
3067,Matthew Anderson,In Review,2023-06-11,2023,6,897,Female,57,Master's Degree,15,Not Mentioned,4,5,4.6,1,7.1,"Strong fit, top candidates",High Range,0,0
3068,Michael Andrade,In Review,2023-05-07,2023,5,932,Female,29,Bachelor's Degree,2,Not Mentioned,3,2,2.4,3,4.2,Good candidates,High Range,0,0
3069,Katie Hayden,Rejected,2023-07-25,2023,7,853,Other,44,Bachelor's Degree,8,Not Mentioned,3,4,3.6,2,5.8,Good candidates,High Range,0,1
3070,Charlene Smith,Rejected,2023-07-16,2023,7,862,Female,49,PhD,18,Not Mentioned,5,5,5,1,7.7,"Strong fit, top candidates",Mid Range,0,1
3071,Thomas Barton,Pending Review,2023-05-16,2023,5,923,Female,37,PhD,13,Not Mentioned,5,5,5,2,7.9,"Strong fit, top candidates",Mid Range,0,0
3072,Chad Decker,Pending Review,2023-07-07,2023,7,871,Other,37,Bachelor's Degree,4,Not Mentioned,3,2,2.4,2,4,Good candidates,High Range,0,0
3073,Dylan Reyes,Offered,2023-07-18,2023,7,860,Other,28,Bachelor's Degree,5,Not Mentioned,3,3,3,3,5.1,Good candidates,High Range,1,0
3074,Whitney Thompson,In Review,2023-06-28,2023,6,880,Female,42,PhD,9,physiological,5,4,4.4,2,7.55,"Strong fit, top candidates",High Range,0,0
3075,Jesse Warren,In Review,2023-08-04,2023,8,843,Female,29,Master's Degree,0,Not Mentioned,4,1,2.2,3,3.9,Weak candidates,Mid Range,0,0
3076,Charles Ballard,Offered,2023-06-20,2023,6,888,Male,60,PhD,13,Not Mentioned,5,5,5,1,7.7,"Strong fit, top candidates",High Range,1,0
3077,Thomas Liu,Rejected,2023-05-06,2023,5,933,Male,44,Bachelor's Degree,19,Not Mentioned,3,5,4.2,2,6.7,"Strong fit, top candidates",High Range,0,1
3078,Colin Fisher,Rejected,2023-06-11,2023,6,897,Male,52,Bachelor's Degree,3,Not Mentioned,3,2,2.4,1,3.8,Weak candidates,High Range,0,1
3079,Nicholas King,Rejected,2023-05-11,2023,5,928,Other,51,High School,10,dispensing,1,4,2.8,1,4.4,Good candidates,Mid Range,0,1
3080,Susan Nolan,Interviewing,2023-05-10,2023,5,929,Other,39,PhD,9,drilling,5,4,4.4,2,7.44,"Strong fit, top candidates",High Range,0,0
3081,Greg Cohen,Offered,2023-06-27,2023,6,881,Other,49,High School,5,Not Mentioned,1,3,2.2,1,3.5,Weak candidates,High Range,1,0
3082,Justin Simmons,Pending Review,2023-07-10,2023,7,868,Male,59,Master's Degree,0,Not Mentioned,4,1,2.2,1,3.5,Weak candidates,Mid Range,0,0
3083,Joseph Jones,In Review,2023-07-06,2023,7,872,Female,52,Bachelor's Degree,6,Not Mentioned,3,3,3,1,4.7,Good candidates,Mid Range,0,0
3084,Debra Martinez,Pending Review,2023-05-26,2023,5,913,Other,37,Bachelor's Degree,19,Not Mentioned,3,5,4.2,2,6.7,"Strong fit, top candidates",High Range,0,0
3085,Seth Chambers,Interviewing,2023-07-13,2023,7,865,Female,29,Bachelor's Degree,7,Not Mentioned,3,3,3,3,5.1,Good candidates,High Range,0,0
3086,Gina Benson,Offered,2023-07-29,2023,7,849,Female,29,Master's Degree,16,technical sales,4,5,4.6,3,7.96,"Strong fit, top candidates",Mid Range,1,0
3087,Mark Guzman,Rejected,2023-07-13,2023,7,865,Male,53,PhD,12,sports,5,5,5,1,7.45,"Strong fit, top candidates",High Range,0,1
3088,Michael King,In Review,2023-07-18,2023,7,860,Female,21,Bachelor's Degree,0,Not Mentioned,3,1,1.8,1,2.9,Weak candidates,Mid Range,0,0
3089,Mary Lopez,Offered,2023-06-13,2023,6,895,Other,39,High School,18,Not Mentioned,1,5,3.4,2,5.5,Good candidates,Mid Range,1,0
3090,Michelle Walker,In Review,2023-07-05,2023,7,873,Male,44,Master's Degree,14,local government,4,5,4.6,2,7.3,"Strong fit, top candidates",High Range,0,0
3091,Audrey Downs,Interviewing,2023-06-15,2023,6,893,Female,60,Master's Degree,8,museum/gallery,4,4,4,1,6.2,"Strong fit, top candidates",High Range,0,0
3092,Michael Velazquez,Offered,2023-07-07,2023,7,871,Female,54,High School,4,Not Mentioned,1,2,1.6,1,2.6,Weak candidates,High Range,1,0
3093,Matthew Johnson,Rejected,2023-05-18,2023,5,921,Male,39,Bachelor's Degree,10,occupational,3,4,3.6,2,5.8,Good candidates,Mid Range,0,1
3094,Willie Lester,Offered,2023-05-27,2023,5,912,Male,22,Bachelor's Degree,2,Not Mentioned,3,2,2.4,1,3.8,Weak candidates,Mid Range,1,0
3095,Kristin Anderson,Pending Review,2023-07-06,2023,7,872,Other,54,Bachelor's Degree,13,Not Mentioned,3,5,4.2,1,6.5,"Strong fit, top candidates",Mid Range,0,0
3096,David Gill,Interviewing,2023-07-30,2023,7,848,Other,27,Bachelor's Degree,4,Not Mentioned,3,2,2.4,3,4.2,Good candidates,High Range,0,0
3097,Lauren Wells,Offered,2023-05-06,2023,5,933,Male,26,Master's Degree,5,Not Mentioned,4,3,3.4,3,5.7,Good candidates,High Range,1,0
3098,Ryan Adams,In Review,2023-06-22,2023,6,886,Other,18,PhD,16,Not Mentioned,5,5,5,1,7.7,"Strong fit, top candidates",High Range,0,0
3099,Andrew Valdez,Interviewing,2023-06-09,2023,6,899,Male,47,Bachelor's Degree,8,furniture,3,4,3.6,1,5.6,Good candidates,High Range,0,0
3100,Brandon Smith,Rejected,2023-07-30,2023,7,848,Other,59,High School,11,Not Mentioned,1,5,3.4,1,5.3,Good candidates,Mid Range,0,1
3101,Jeffery Ward,In Review,2023-07-19,2023,7,859,Other,58,Bachelor's Degree,16,Not Mentioned,3,5,4.2,1,6.5,"Strong fit, top candidates",High Range,0,0
3102,Heather Robbins,In Review,2023-06-02,2023,6,906,Male,55,PhD,8,Not Mentioned,5,4,4.4,1,6.8,"Strong fit, top candidates",Mid Range,0,0
3103,Colleen Cole,Rejected,2023-07-19,2023,7,859,Female,56,High School,7,histocompatibility and immunogenetics,1,3,2.2,1,3.775,Weak candidates,Mid Range,0,1
3104,Jose Thompson,Offered,2023-07-30,2023,7,848,Male,44,Master's Degree,17,water,4,5,4.6,2,7.53,"Strong fit, top candidates",High Range,1,0
3105,Michael Ellison,Pending Review,2023-05-19,2023,5,920,Female,21,Bachelor's Degree,14,Not Mentioned,3,5,4.2,1,6.5,"Strong fit, top candidates",Mid Range,0,0
3106,Kristen Bailey,Pending Review,2023-06-15,2023,6,893,Female,32,Master's Degree,4,Not Mentioned,4,2,2.8,3,4.8,Good candidates,High Range,0,0
3107,Christopher Scott,In Review,2023-06-07,2023,6,901,Other,50,PhD,9,dispensing,5,4,4.4,1,6.8,"Strong fit, top candidates",Mid Range,0,0
3108,Eric Hernandez,Offered,2023-07-12,2023,7,866,Female,33,PhD,3,Not Mentioned,5,2,3.2,3,5.4,Good candidates,High Range,1,0
3109,Tonya Smith,In Review,2023-05-07,2023,5,932,Male,18,Bachelor's Degree,0,Not Mentioned,3,1,1.8,1,2.9,Weak candidates,Mid Range,0,0
3110,Kevin Gomez,Offered,2023-06-06,2023,6,902,Female,33,Master's Degree,5,Not Mentioned,4,3,3.4,3,5.7,Good candidates,High Range,1,0
3111,Eric Alvarez,Pending Review,2023-06-02,2023,6,906,Female,50,PhD,8,Not Mentioned,5,4,4.4,1,6.8,"Strong fit, top candidates",High Range,0,0
3112,Michael Tucker,Interviewing,2023-05-18,2023,5,921,Other,36,Bachelor's Degree,3,prison and probation services,3,2,2.4,2,4,Good candidates,High Range,0,0
3113,Eric Fisher,Offered,2023-07-02,2023,7,876,Female,37,High School,10,Not Mentioned,1,4,2.8,2,4.6,Good candidates,Mid Range,1,0
3114,Rachael Suarez,Rejected,2023-06-09,2023,6,899,Male,32,High School,1,Not Mentioned,1,1,1,3,2.1,Weak candidates,Mid Range,0,1
3115,Tammy Brown,Rejected,2023-07-14,2023,7,864,Female,59,High School,8,Not Mentioned,1,4,2.8,1,4.4,Good candidates,Mid Range,0,1
3116,Christine Wilkinson,Rejected,2023-06-29,2023,6,879,Male,46,Bachelor's Degree,1,Not Mentioned,3,1,1.8,1,2.9,Weak candidates,High Range,0,1
3117,Lawrence Wilson,Rejected,2023-06-22,2023,6,886,Female,43,High School,17,Not Mentioned,1,5,3.4,2,5.5,Good candidates,High Range,0,1
3118,John Fox,Interviewing,2023-05-30,2023,5,909,Other,30,Bachelor's Degree,8,Not Mentioned,3,4,3.6,3,6,"Strong fit, top candidates",High Range,0,0
3119,Olivia Mcclure,Pending Review,2023-06-05,2023,6,903,Female,56,High School,10,Not Mentioned,1,4,2.8,1,4.4,Good candidates,Mid Range,0,0
3120,Stephanie Horne,Offered,2023-06-24,2023,6,884,Female,38,Master's Degree,10,Not Mentioned,4,4,4,2,6.4,"Strong fit, top candidates",High Range,1,0
3121,Lori Weiss,Pending Review,2023-07-05,2023,7,873,Female,45,Bachelor's Degree,17,product/process development,3,5,4.2,2,7.12,"Strong fit, top candidates",High Range,0,0
3122,Alyssa Hansen,Interviewing,2023-07-31,2023,7,847,Female,26,High School,2,Not Mentioned,1,2,1.6,3,3,Weak candidates,High Range,0,0
3123,Steven Joseph,Offered,2023-05-15,2023,5,924,Other,19,PhD,19,Not Mentioned,5,5,5,1,7.7,"Strong fit, top candidates",Mid Range,1,0
3124,Ashley Garcia,In Review,2023-06-18,2023,6,890,Male,37,Bachelor's Degree,0,Not Mentioned,3,1,1.8,2,3.1,Weak candidates,Mid Range,0,0
3125,Chad Newton,Interviewing,2023-05-29,2023,5,910,Male,44,High School,17,research (physical sciences),1,5,3.4,2,5.84,Good candidates,Mid Range,0,0
3126,Taylor Chan,Pending Review,2023-05-06,2023,5,933,Male,60,Bachelor's Degree,5,Not Mentioned,3,3,3,1,4.7,Good candidates,High Range,0,0
3127,Alexandra Medina,Offered,2023-08-02,2023,8,845,Other,19,PhD,11,Not Mentioned,5,5,5,1,7.7,"Strong fit, top candidates",High Range,1,0
3128,Michelle George,In Review,2023-06-16,2023,6,892,Female,55,High School,8,fast food,1,4,2.8,1,4.26,Good candidates,Mid Range,0,0
3129,Larry Adams,Offered,2023-06-08,2023,6,900,Other,23,Master's Degree,18,Not Mentioned,4,5,4.6,1,7.1,"Strong fit, top candidates",High Range,1,0
3130,Jared Anthony,Interviewing,2023-07-15,2023,7,863,Other,31,Bachelor's Degree,10,drama,3,4,3.6,3,6.09,"Strong fit, top candidates",Mid Range,0,0
3131,John Johnson,Pending Review,2023-07-09,2023,7,869,Female,55,Bachelor's Degree,12,agricultural,3,5,4.2,1,6.5,"Strong fit, top candidates",Mid Range,0,0
3132,William Schneider,In Review,2023-06-19,2023,6,889,Other,57,Master's Degree,17,Not Mentioned,4,5,4.6,1,7.1,"Strong fit, top candidates",Mid Range,0,0
3133,Rebecca Harris,Offered,2023-06-11,2023,6,897,Other,59,PhD,15,ceramics/pottery,5,5,5,1,7.825,"Strong fit, top candidates",High Range,1,0
3134,Dale Mendoza,Pending Review,2023-07-09,2023,7,869,Female,54,Master's Degree,4,Not Mentioned,4,2,2.8,1,4.4,Good candidates,High Range,0,0
3135,Joshua Jenkins,Offered,2023-07-17,2023,7,861,Other,19,Master's Degree,1,molecular,4,1,2.2,1,3.72,Weak candidates,Mid Range,1,0
3136,Patricia Mccall,Pending Review,2023-07-05,2023,7,873,Other,47,Bachelor's Degree,5,Not Mentioned,3,3,3,1,4.7,Good candidates,Mid Range,0,0
3137,Sarah Mendoza,In Review,2023-07-20,2023,7,858,Other,39,Master's Degree,13,Not Mentioned,4,5,4.6,2,7.3,"Strong fit, top candidates",High Range,0,0
3138,Sean Bailey,Rejected,2023-06-13,2023,6,895,Other,20,PhD,18,child,5,5,5,1,7.7,"Strong fit, top candidates",High Range,0,1
3139,Angela Beltran,Interviewing,2023-07-03,2023,7,875,Female,55,PhD,7,maintenance,5,3,3.8,1,5.9,Good candidates,High Range,0,0
3140,Robert Smith,In Review,2023-06-03,2023,6,905,Other,52,High School,9,Not Mentioned,1,4,2.8,1,4.4,Good candidates,Mid Range,0,0
3141,Kathryn Perez,Pending Review,2023-06-03,2023,6,905,Male,54,High School,16,retail,1,5,3.4,1,5.13,Good candidates,Mid Range,0,0
3142,Elizabeth Park,Rejected,2023-05-30,2023,5,909,Male,53,PhD,12,Not Mentioned,5,5,5,1,7.7,"Strong fit, top candidates",High Range,0,1
3143,Rebecca Shaw,Offered,2023-05-18,2023,5,921,Other,29,Bachelor's Degree,14,Not Mentioned,3,5,4.2,3,6.9,"Strong fit, top candidates",Mid Range,1,0
3144,Lisa Paul,Pending Review,2023-07-16,2023,7,862,Female,53,PhD,15,site,5,5,5,1,7.95,"Strong fit, top candidates",Mid Range,0,0
3145,Alexis Torres,Offered,2023-06-25,2023,6,883,Female,52,Master's Degree,10,Not Mentioned,4,4,4,1,6.2,"Strong fit, top candidates",High Range,1,0
3146,Jessica Adams,Interviewing,2023-07-02,2023,7,876,Other,32,PhD,4,Not Mentioned,5,2,3.2,3,5.4,Good candidates,High Range,0,0
3147,Sarah Hall,Rejected,2023-07-27,2023,7,851,Male,30,PhD,14,Not Mentioned,5,5,5,3,8.1,"Strong fit, top candidates",Mid Range,0,1
3148,Jennifer Jackson,Rejected,2023-05-19,2023,5,920,Male,19,Master's Degree,18,Not Mentioned,4,5,4.6,1,7.1,"Strong fit, top candidates",Mid Range,0,1
3149,Bryan Drake,Rejected,2023-07-15,2023,7,863,Female,47,High School,15,primary school,1,5,3.4,1,5.47,Good candidates,Mid Range,0,1
3150,Caleb Robinson,In Review,2023-07-02,2023,7,876,Female,44,Master's Degree,2,Not Mentioned,4,2,2.8,2,4.6,Good candidates,High Range,0,0
3151,Ronald Kennedy,Rejected,2023-06-18,2023,6,890,Male,56,Master's Degree,14,Not Mentioned,4,5,4.6,1,7.1,"Strong fit, top candidates",Mid Range,0,1
3152,Jessica Kirby,Interviewing,2023-05-14,2023,5,925,Female,20,Bachelor's Degree,1,Not Mentioned,3,1,1.8,1,2.9,Weak candidates,Mid Range,0,0
3153,Tammy Russell,Interviewing,2023-06-21,2023,6,887,Other,21,Bachelor's Degree,13,Not Mentioned,3,5,4.2,1,6.5,"Strong fit, top candidates",High Range,0,0
3154,Natasha Turner,In Review,2023-06-10,2023,6,898,Other,44,High School,3,Not Mentioned,1,2,1.6,2,2.8,Weak candidates,High Range,0,0
3155,Brittney Bradshaw,Offered,2023-07-17,2023,7,861,Male,55,High School,2,Not Mentioned,1,2,1.6,1,2.6,Weak candidates,High Range,1,0
3156,Cody Campbell,In Review,2023-07-16,2023,7,862,Female,36,High School,5,Not Mentioned,1,3,2.2,2,3.7,Weak candidates,High Range,0,0
3157,Edwin Thompson,Offered,2023-07-10,2023,7,868,Other,36,Master's Degree,20,Not Mentioned,4,5,4.6,2,7.3,"Strong fit, top candidates",High Range,1,0
3158,John Williams,Pending Review,2023-05-27,2023,5,912,Other,55,Bachelor's Degree,20,Not Mentioned,3,5,4.2,1,6.5,"Strong fit, top candidates",High Range,0,0
3159,Tyler Hayes,Offered,2023-06-09,2023,6,899,Other,40,Bachelor's Degree,9,Not Mentioned,3,4,3.6,2,5.8,Good candidates,Mid Range,1,0
3160,Joseph Taylor,In Review,2023-07-23,2023,7,855,Male,24,High School,15,Not Mentioned,1,5,3.4,1,5.3,Good candidates,High Range,0,0
3161,Kathy Powers,Pending Review,2023-06-11,2023,6,897,Female,51,Bachelor's Degree,15,Not Mentioned,3,5,4.2,1,6.5,"Strong fit, top candidates",Mid Range,0,0
3162,Randall Howell,Rejected,2023-05-27,2023,5,912,Other,46,PhD,10,wellsite,5,4,4.4,1,6.58,"Strong fit, top candidates",High Range,0,1
3163,Angela Jackson,In Review,2023-07-09,2023,7,869,Male,31,PhD,16,Not Mentioned,5,5,5,3,8.1,"Strong fit, top candidates",High Range,0,0
3164,Stephanie Wilson,In Review,2023-06-20,2023,6,888,Other,45,High School,11,Not Mentioned,1,5,3.4,2,5.5,Good candidates,Mid Range,0,0
3165,Joseph Tate,Offered,2023-07-10,2023,7,868,Male,42,High School,11,quantity,1,5,3.4,2,6.01,"Strong fit, top candidates",Mid Range,1,0
3166,Jerome Medina,Rejected,2023-06-25,2023,6,883,Female,51,Master's Degree,12,Not Mentioned,4,5,4.6,1,7.1,"Strong fit, top candidates",High Range,0,1
3167,Sara Powell,Rejected,2023-06-30,2023,6,878,Female,61,Bachelor's Degree,4,Not Mentioned,3,2,2.4,1,3.8,Weak candidates,Mid Range,0,1
3168,Thomas Stevens,In Review,2023-05-29,2023,5,910,Male,48,Master's Degree,14,Not Mentioned,4,5,4.6,1,7.1,"Strong fit, top candidates",High Range,0,0
3189,Johnny Hunt,Interviewing,2023-06-14,2023,6,894,Male,54,PhD,20,Not Mentioned,5,5,5,1,7.7,"Strong fit, top candidates",Mid Range,0,0
3169,Dustin Russell,In Review,2023-07-17,2023,7,861,Male,27,Master's Degree,3,chartered management,4,2,2.8,3,5.22,Good candidates,High Range,0,0
3170,Lawrence Clark,Interviewing,2023-06-27,2023,6,881,Male,21,High School,9,Not Mentioned,1,4,2.8,1,4.4,Good candidates,High Range,0,0
3171,Nathan Jennings,Pending Review,2023-05-25,2023,5,914,Male,53,Bachelor's Degree,6,Not Mentioned,3,3,3,1,4.7,Good candidates,High Range,0,0
3172,Walter Erickson,Pending Review,2023-07-01,2023,7,877,Male,20,Bachelor's Degree,4,Not Mentioned,3,2,2.4,1,3.8,Weak candidates,Mid Range,0,0
3173,Brittney Cannon,Offered,2023-07-03,2023,7,875,Male,56,Master's Degree,17,Not Mentioned,4,5,4.6,1,7.1,"Strong fit, top candidates",High Range,1,0
3174,Wendy Allen,Rejected,2023-06-23,2023,6,885,Female,47,High School,9,Not Mentioned,1,4,2.8,1,4.4,Good candidates,Mid Range,0,1
3175,Angela Walker,In Review,2023-06-28,2023,6,880,Male,50,Master's Degree,12,Not Mentioned,4,5,4.6,1,7.1,"Strong fit, top candidates",Mid Range,0,0
3176,Jeffrey Miller,Pending Review,2023-07-16,2023,7,862,Male,57,Master's Degree,1,Not Mentioned,4,1,2.2,1,3.5,Weak candidates,Mid Range,0,0
3177,Abigail Davis,Pending Review,2023-07-12,2023,7,866,Female,23,PhD,4,Not Mentioned,5,2,3.2,1,5,Good candidates,High Range,0,0
3178,Danielle Sullivan,Interviewing,2023-06-10,2023,6,898,Other,59,Master's Degree,15,horticultural,4,5,4.6,1,7.1,"Strong fit, top candidates",High Range,0,0
3179,James Alexander,Offered,2023-07-14,2023,7,864,Other,61,Bachelor's Degree,6,Not Mentioned,3,3,3,1,4.7,Good candidates,Mid Range,1,0
3180,James Torres,Pending Review,2023-07-17,2023,7,861,Male,21,Master's Degree,9,Not Mentioned,4,4,4,1,6.2,"Strong fit, top candidates",High Range,0,0
3181,Christian Flores,Offered,2023-05-07,2023,5,932,Female,39,PhD,8,Not Mentioned,5,4,4.4,2,7,"Strong fit, top candidates",Mid Range,1,0
3182,Cody Brock,Pending Review,2023-07-22,2023,7,856,Other,35,High School,15,Not Mentioned,1,5,3.4,3,5.7,Good candidates,High Range,0,0
3183,Scott Chavez,In Review,2023-06-17,2023,6,891,Other,50,High School,0,Not Mentioned,1,1,1,1,1.7,Weak candidates,Mid Range,0,0
3184,John Holmes,Rejected,2023-06-02,2023,6,906,Female,38,Bachelor's Degree,14,horticultural,3,5,4.2,2,6.7,"Strong fit, top candidates",Mid Range,0,1
3185,Mariah Phillips,Rejected,2023-08-01,2023,8,846,Male,59,Bachelor's Degree,2,broadcasting (operations),3,2,2.4,1,3.8,Weak candidates,Mid Range,0,1
3186,Laura Walton,Pending Review,2023-06-22,2023,6,886,Female,20,Bachelor's Degree,1,Not Mentioned,3,1,1.8,1,2.9,Weak candidates,High Range,0,0
3187,Preston Rice,In Review,2023-05-28,2023,5,911,Female,38,PhD,9,maintenance (IT),5,4,4.4,2,7.44,"Strong fit, top candidates",High Range,0,0
3188,Patrick Jones,In Review,2023-05-31,2023,5,908,Other,55,Bachelor's Degree,2,Not Mentioned,3,2,2.4,1,3.8,Weak candidates,Mid Range,0,0
3190,John Robinson,Interviewing,2023-05-24,2023,5,915,Male,60,PhD,19,Not Mentioned,5,5,5,1,7.7,"Strong fit, top candidates",Mid Range,0,0
3191,John Sparks,Interviewing,2023-07-04,2023,7,874,Female,33,PhD,20,Not Mentioned,5,5,5,3,8.1,"Strong fit, top candidates",Mid Range,0,0
3192,Catherine Richardson,Pending Review,2023-07-26,2023,7,852,Female,26,Master's Degree,15,Not Mentioned,4,5,4.6,3,7.5,"Strong fit, top candidates",High Range,0,0
3193,Danielle Smith,Pending Review,2023-05-28,2023,5,911,Other,41,Master's Degree,7,Not Mentioned,4,3,3.4,2,5.5,Good candidates,High Range,0,0
3194,Natasha Morris,Pending Review,2023-07-02,2023,7,876,Female,44,Master's Degree,13,early years/pre,4,5,4.6,2,7.53,"Strong fit, top candidates",High Range,0,0
3195,Jason Perkins,Pending Review,2023-07-04,2023,7,874,Other,20,Bachelor's Degree,16,Not Mentioned,3,5,4.2,1,6.5,"Strong fit, top candidates",High Range,0,0
3196,Susan Hopkins,Rejected,2023-07-16,2023,7,862,Male,35,PhD,19,Not Mentioned,5,5,5,3,8.1,"Strong fit, top candidates",High Range,0,1
3197,Heather Washington,Pending Review,2023-06-02,2023,6,906,Male,48,Master's Degree,19,Not Mentioned,4,5,4.6,1,7.1,"Strong fit, top candidates",High Range,0,0
3198,Adam Werner,Interviewing,2023-05-24,2023,5,915,Other,41,Master's Degree,10,local government,4,4,4,2,6.4,"Strong fit, top candidates",High Range,0,0
3199,Tiffany Bell,Offered,2023-07-18,2023,7,860,Female,45,High School,19,Not Mentioned,1,5,3.4,2,5.5,Good candidates,Mid Range,1,0
3200,Fred Turner,Interviewing,2023-05-29,2023,5,910,Female,43,Bachelor's Degree,4,Not Mentioned,3,2,2.4,2,4,Good candidates,High Range,0,0
3201,Keith Sullivan,Interviewing,2023-08-02,2023,8,845,Male,47,High School,15,further education,1,5,3.4,1,5.47,Good candidates,Mid Range,0,0
3202,Courtney Rodriguez,Rejected,2023-08-02,2023,8,845,Male,35,Master's Degree,16,Not Mentioned,4,5,4.6,3,7.5,"Strong fit, top candidates",High Range,0,1
3203,Denise Thompson,In Review,2023-05-19,2023,5,920,Other,21,High School,10,Not Mentioned,1,4,2.8,1,4.4,Good candidates,Mid Range,0,0
3204,Hannah Dickerson,Offered,2023-06-29,2023,6,879,Other,60,Bachelor's Degree,2,Not Mentioned,3,2,2.4,1,3.8,Weak candidates,Mid Range,1,0
3205,Tony Phillips,In Review,2023-06-19,2023,6,889,Female,47,High School,8,Not Mentioned,1,4,2.8,1,4.4,Good candidates,Mid Range,0,0
3206,Alan Tran,Pending Review,2023-07-04,2023,7,874,Other,33,PhD,9,Not Mentioned,5,4,4.4,3,7.2,"Strong fit, top candidates",High Range,0,0
3207,Natalie Smith,Pending Review,2023-07-03,2023,7,875,Male,28,Bachelor's Degree,14,Civil Service,3,5,4.2,3,7.215,"Strong fit, top candidates",Mid Range,0,0
3208,Heather Marsh,Offered,2023-06-04,2023,6,904,Female,49,PhD,14,dance movement,5,5,5,1,7.7,"Strong fit, top candidates",High Range,1,0
3209,Tasha Mcgee,Interviewing,2023-05-31,2023,5,908,Other,60,PhD,1,retail,5,1,2.6,1,3.97,Weak candidates,Mid Range,0,0
3210,Justin Jackson,Offered,2023-05-21,2023,5,918,Male,32,PhD,11,local government,5,5,5,3,8.1,"Strong fit, top candidates",High Range,1,0
3211,David Fuentes,Interviewing,2023-07-17,2023,7,861,Other,40,Bachelor's Degree,0,land/geomatics,3,1,1.8,2,3.19,Weak candidates,Mid Range,0,0
3212,Vincent Houston,Rejected,2023-07-04,2023,7,874,Other,55,High School,17,water,1,5,3.4,1,5.47,Good candidates,High Range,0,1
3213,Mary Briggs,Pending Review,2023-06-15,2023,6,893,Male,54,PhD,2,Not Mentioned,5,2,3.2,1,5,Good candidates,Mid Range,0,0
3214,Kimberly Jones,Offered,2023-07-24,2023,7,854,Female,19,Bachelor's Degree,4,Not Mentioned,3,2,2.4,1,3.8,Weak candidates,Mid Range,1,0
3215,Theresa Taylor,In Review,2023-05-08,2023,5,931,Other,53,High School,5,Not Mentioned,1,3,2.2,1,3.5,Weak candidates,Mid Range,0,0
3216,Marcus Caldwell,Rejected,2023-06-03,2023,6,905,Female,33,High School,2,Not Mentioned,1,2,1.6,3,3,Weak candidates,Mid Range,0,1
3217,Justin Mendez,Rejected,2023-07-23,2023,7,855,Male,19,High School,2,corporate,1,2,1.6,1,2.72,Weak candidates,High Range,0,1
3218,Cody Bradford,Pending Review,2023-06-01,2023,6,907,Other,61,PhD,15,histocompatibility and immunogenetics,5,5,5,1,8.325,"Strong fit, top candidates",Mid Range,0,0
3219,Autumn Lang,Pending Review,2023-07-20,2023,7,858,Other,24,High School,14,Not Mentioned,1,5,3.4,1,5.3,Good candidates,Mid Range,0,0
3220,Cheryl Fitzgerald,In Review,2023-05-30,2023,5,909,Female,39,Master's Degree,0,dispensing,4,1,2.2,2,3.7,Weak candidates,Mid Range,0,0
3221,Dalton Fisher,Interviewing,2023-06-04,2023,6,904,Male,59,Master's Degree,11,Not Mentioned,4,5,4.6,1,7.1,"Strong fit, top candidates",High Range,0,0
3222,Melissa Cherry,Pending Review,2023-05-15,2023,5,924,Female,37,Bachelor's Degree,8,Not Mentioned,3,4,3.6,2,5.8,Good candidates,High Range,0,0
3223,Ryan Webb,In Review,2023-05-08,2023,5,931,Other,22,PhD,8,minerals,5,4,4.4,1,7.24,"Strong fit, top candidates",High Range,0,0
3224,Angela Hardy,In Review,2023-07-26,2023,7,852,Male,57,Master's Degree,2,clinical,4,2,2.8,1,4.75,Good candidates,Mid Range,0,0
3225,Nancy Brown,Interviewing,2023-07-15,2023,7,863,Other,28,Bachelor's Degree,7,insurance,3,3,3,3,5.1,Good candidates,Mid Range,0,0
3226,Leah Perry,Rejected,2023-05-25,2023,5,914,Female,19,Bachelor's Degree,15,Not Mentioned,3,5,4.2,1,6.5,"Strong fit, top candidates",High Range,0,1
3227,Michael Johnson,Rejected,2023-06-08,2023,6,900,Other,44,PhD,15,airline,5,5,5,2,7.9,"Strong fit, top candidates",Mid Range,0,1
3228,Erica Hayes,Rejected,2023-06-15,2023,6,893,Female,46,Bachelor's Degree,9,Not Mentioned,3,4,3.6,1,5.6,Good candidates,High Range,0,1
3229,Jasmine Brooks,Offered,2023-07-19,2023,7,859,Male,58,Master's Degree,17,Not Mentioned,4,5,4.6,1,7.1,"Strong fit, top candidates",High Range,1,0
3230,Paul Espinoza,Offered,2023-08-04,2023,8,843,Female,30,Master's Degree,11,Not Mentioned,4,5,4.6,3,7.5,"Strong fit, top candidates",High Range,1,0
3231,Tiffany Silva,Offered,2023-06-11,2023,6,897,Female,58,PhD,20,Not Mentioned,5,5,5,1,7.7,"Strong fit, top candidates",High Range,1,0
3232,David Edwards,Interviewing,2023-07-15,2023,7,863,Female,31,High School,5,Not Mentioned,1,3,2.2,3,3.9,Weak candidates,High Range,0,0
3233,Gina Chambers,Pending Review,2023-07-05,2023,7,873,Other,30,Bachelor's Degree,8,hospital,3,4,3.6,3,6,"Strong fit, top candidates",Mid Range,0,0
3234,Brittney Harmon,Rejected,2023-07-19,2023,7,859,Male,25,Master's Degree,10,Not Mentioned,4,4,4,3,6.6,"Strong fit, top candidates",High Range,0,1
3235,Jacob Stevens,Interviewing,2023-05-07,2023,5,932,Other,22,Master's Degree,17,Not Mentioned,4,5,4.6,1,7.1,"Strong fit, top candidates",High Range,0,0
3236,Robert Fernandez,Pending Review,2023-07-20,2023,7,858,Other,50,High School,17,Not Mentioned,1,5,3.4,1,5.3,Good candidates,Mid Range,0,0
3237,Brandon Ward,Interviewing,2023-08-05,2023,8,842,Male,45,PhD,2,Not Mentioned,5,2,3.2,2,5.2,Good candidates,High Range,0,0
3238,Phillip Rollins,Interviewing,2023-06-02,2023,6,906,Other,58,Master's Degree,6,Not Mentioned,4,3,3.4,1,5.3,Good candidates,High Range,0,0
3239,Morgan Hall,Offered,2023-06-14,2023,6,894,Male,22,Bachelor's Degree,1,Not Mentioned,3,1,1.8,1,2.9,Weak candidates,High Range,1,0
3240,Brian Johnson,Pending Review,2023-05-16,2023,5,923,Other,41,PhD,0,Not Mentioned,5,1,2.6,2,4.3,Good candidates,High Range,0,0
3241,Kelly Hunter,Interviewing,2023-05-22,2023,5,917,Male,58,PhD,1,Not Mentioned,5,1,2.6,1,4.1,Good candidates,Mid Range,0,0
3242,David Hall,Rejected,2023-07-13,2023,7,865,Male,21,High School,7,Not Mentioned,1,3,2.2,1,3.5,Weak candidates,Mid Range,0,1
3243,Joseph Salinas,Offered,2023-07-28,2023,7,850,Other,56,PhD,3,Not Mentioned,5,2,3.2,1,5,Good candidates,High Range,1,0
3244,Judith Keller,In Review,2023-07-07,2023,7,871,Male,41,Master's Degree,15,Not Mentioned,4,5,4.6,2,7.3,"Strong fit, top candidates",High Range,0,0
3245,Alyssa Taylor,Offered,2023-06-01,2023,6,907,Female,60,High School,12,Not Mentioned,1,5,3.4,1,5.3,Good candidates,High Range,1,0
3246,Philip Nguyen,In Review,2023-07-10,2023,7,868,Other,36,Bachelor's Degree,9,clinical,3,4,3.6,2,6.25,"Strong fit, top candidates",High Range,0,0
3247,Robert Williams,Rejected,2023-07-23,2023,7,855,Female,52,PhD,13,Not Mentioned,5,5,5,1,7.7,"Strong fit, top candidates",High Range,0,1
3248,Richard Torres,Offered,2023-05-07,2023,5,932,Other,23,High School,14,arts,1,5,3.4,1,5.385,Good candidates,Mid Range,1,0
3249,Tiffany Brown,In Review,2023-06-04,2023,6,904,Female,54,Master's Degree,7,planning and development,4,3,3.4,1,5.47,Good candidates,Mid Range,0,0
3250,Matthew Dominguez,Interviewing,2023-06-30,2023,6,878,Other,48,High School,4,child,1,2,1.6,1,2.6,Weak candidates,Mid Range,0,0
3251,Toni Fuentes,Offered,2023-08-04,2023,8,843,Female,18,PhD,14,Not Mentioned,5,5,5,1,7.7,"Strong fit, top candidates",High Range,1,0
3252,Michael Alexander,Pending Review,2023-05-22,2023,5,917,Male,45,Master's Degree,7,Not Mentioned,4,3,3.4,2,5.5,Good candidates,High Range,0,0
3253,Lisa Wood,Offered,2023-07-12,2023,7,866,Male,39,Master's Degree,12,clinical,4,5,4.6,2,7.875,"Strong fit, top candidates",Mid Range,1,0
3254,Amy Miller,Interviewing,2023-06-15,2023,6,893,Male,31,Bachelor's Degree,12,Not Mentioned,3,5,4.2,3,6.9,"Strong fit, top candidates",High Range,0,0
3255,Beth Johnson,In Review,2023-06-30,2023,6,878,Male,19,Master's Degree,16,ceramics/pottery,4,5,4.6,1,7.215,"Strong fit, top candidates",High Range,0,0
3256,Blake Dominguez,Interviewing,2023-07-24,2023,7,854,Other,58,Master's Degree,10,Not Mentioned,4,4,4,1,6.2,"Strong fit, top candidates",High Range,0,0
3257,George Taylor,In Review,2023-07-29,2023,7,849,Other,60,High School,4,Not Mentioned,1,2,1.6,1,2.6,Weak candidates,High Range,0,0
3258,Nancy Hansen,Offered,2023-05-29,2023,5,910,Female,61,Bachelor's Degree,2,Not Mentioned,3,2,2.4,1,3.8,Weak candidates,High Range,1,0
3259,John Fowler,Pending Review,2023-05-08,2023,5,931,Male,55,High School,16,chemical,1,5,3.4,1,5.3,Good candidates,Mid Range,0,0
3260,Justin Clements,In Review,2023-05-19,2023,5,920,Female,23,PhD,8,Not Mentioned,5,4,4.4,1,6.8,"Strong fit, top candidates",Mid Range,0,0
3261,Troy Mcknight,Pending Review,2023-07-06,2023,7,872,Other,51,PhD,14,Not Mentioned,5,5,5,1,7.7,"Strong fit, top candidates",High Range,0,0
3262,Ann Key,In Review,2023-06-06,2023,6,902,Other,59,PhD,0,chartered,5,1,2.6,1,4.49,Good candidates,Mid Range,0,0
3263,Gabrielle Potter,Pending Review,2023-05-07,2023,5,932,Other,45,Bachelor's Degree,6,Not Mentioned,3,3,3,2,4.9,Good candidates,High Range,0,0
3264,James Ellison,Pending Review,2023-08-01,2023,8,846,Other,19,PhD,6,Not Mentioned,5,3,3.8,1,5.9,Good candidates,Mid Range,0,0
3265,Marie Johnson,Offered,2023-05-29,2023,5,910,Male,36,High School,4,Not Mentioned,1,2,1.6,2,2.8,Weak candidates,High Range,1,0
3266,Jamie Allen,Rejected,2023-06-16,2023,6,892,Female,60,PhD,12,Not Mentioned,5,5,5,1,7.7,"Strong fit, top candidates",High Range,0,1
3267,Amanda Summers,In Review,2023-05-31,2023,5,908,Other,45,Master's Degree,16,Not Mentioned,4,5,4.6,2,7.3,"Strong fit, top candidates",Mid Range,0,0
3268,Kyle Fleming,Pending Review,2023-07-04,2023,7,874,Other,57,Master's Degree,12,Not Mentioned,4,5,4.6,1,7.1,"Strong fit, top candidates",Mid Range,0,0
3269,John Harrison,Pending Review,2023-07-17,2023,7,861,Other,52,PhD,5,Not Mentioned,5,3,3.8,1,5.9,Good candidates,High Range,0,0
3270,Ryan Meadows,Rejected,2023-05-08,2023,5,931,Male,30,Master's Degree,6,broadcasting,4,3,3.4,3,5.785,Good candidates,Mid Range,0,1
3271,Rachel Perkins,Interviewing,2023-06-02,2023,6,906,Other,29,PhD,8,Not Mentioned,5,4,4.4,3,7.2,"Strong fit, top candidates",Mid Range,0,0
3272,Jeffrey Reese,Pending Review,2023-05-16,2023,5,923,Female,26,PhD,2,marine,5,2,3.2,3,5.72,Good candidates,High Range,0,0
3273,Wesley Henderson,In Review,2023-05-19,2023,5,920,Other,45,Bachelor's Degree,1,Not Mentioned,3,1,1.8,2,3.1,Weak candidates,Mid Range,0,0
3274,Jon Brooks,In Review,2023-06-06,2023,6,902,Other,41,Master's Degree,13,Not Mentioned,4,5,4.6,2,7.3,"Strong fit, top candidates",High Range,0,0
3275,Shari Patel,Rejected,2023-07-24,2023,7,854,Male,47,High School,1,adult,1,1,1,1,1.7,Weak candidates,High Range,0,1
3276,Benjamin Wilson,Offered,2023-05-08,2023,5,931,Male,29,Master's Degree,6,Not Mentioned,4,3,3.4,3,5.7,Good candidates,Mid Range,1,0
3277,Noah Neal,In Review,2023-07-24,2023,7,854,Female,56,High School,18,newspaper,1,5,3.4,1,5.385,Good candidates,High Range,0,0
3278,Allison Huynh,Interviewing,2023-05-13,2023,5,926,Male,23,Bachelor's Degree,7,Not Mentioned,3,3,3,1,4.7,Good candidates,High Range,0,0
3279,Elizabeth Anderson,Interviewing,2023-05-27,2023,5,912,Other,53,High School,11,Not Mentioned,1,5,3.4,1,5.3,Good candidates,Mid Range,0,0
3280,George Chandler,Rejected,2023-07-01,2023,7,877,Male,51,Bachelor's Degree,12,contracting,3,5,4.2,1,6.5,"Strong fit, top candidates",High Range,0,1
3281,Charles Mendez,In Review,2023-06-05,2023,6,903,Female,49,PhD,2,Not Mentioned,5,2,3.2,1,5,Good candidates,Mid Range,0,0
3282,Chelsea Mclaughlin,Offered,2023-05-22,2023,5,917,Other,53,Bachelor's Degree,18,Not Mentioned,3,5,4.2,1,6.5,"Strong fit, top candidates",Mid Range,1,0
3283,Jason Smith,In Review,2023-07-08,2023,7,870,Male,24,Bachelor's Degree,0,medical,3,1,1.8,1,2.9,Weak candidates,High Range,0,0
3284,Brittany Barnes,Rejected,2023-07-22,2023,7,856,Male,25,Master's Degree,1,Not Mentioned,4,1,2.2,3,3.9,Weak candidates,Mid Range,0,1
3285,Carly Kennedy,Offered,2023-07-31,2023,7,847,Female,44,Master's Degree,14,international aid,4,5,4.6,2,7.3,"Strong fit, top candidates",Mid Range,1,0
3286,David Mullins,In Review,2023-08-04,2023,8,843,Female,56,High School,8,clinical,1,4,2.8,1,4.75,Good candidates,Mid Range,0,0
3287,Joseph Walker,Interviewing,2023-06-16,2023,6,892,Male,34,High School,13,Not Mentioned,1,5,3.4,3,5.7,Good candidates,High Range,0,0
3288,Alan Green,Offered,2023-07-03,2023,7,875,Male,47,Bachelor's Degree,10,Not Mentioned,3,4,3.6,1,5.6,Good candidates,High Range,1,0
3289,Stephanie Steele,Offered,2023-07-15,2023,7,863,Male,32,PhD,1,Not Mentioned,5,1,2.6,3,4.5,Good candidates,Mid Range,1,0
3290,Kathleen Schmidt,Offered,2023-05-13,2023,5,926,Male,54,Bachelor's Degree,1,Not Mentioned,3,1,1.8,1,2.9,Weak candidates,High Range,1,0
3291,Laura Jacobson,Pending Review,2023-06-25,2023,6,883,Female,49,Master's Degree,4,primary school,4,2,2.8,1,4.54,Good candidates,High Range,0,0
3292,Robert Baker,Rejected,2023-05-13,2023,5,926,Female,41,PhD,13,Not Mentioned,5,5,5,2,7.9,"Strong fit, top candidates",High Range,0,1
3293,Jamie Greene,Interviewing,2023-06-25,2023,6,883,Female,41,High School,10,forensic,1,4,2.8,2,4.95,Good candidates,High Range,0,0
3294,Kim Bailey,Rejected,2023-08-05,2023,8,842,Female,24,Bachelor's Degree,20,clinical,3,5,4.2,1,7.025,"Strong fit, top candidates",High Range,0,1
3295,Edward Mitchell,Interviewing,2023-08-01,2023,8,846,Male,40,Bachelor's Degree,0,Not Mentioned,3,1,1.8,2,3.1,Weak candidates,Mid Range,0,0
3296,Debra Miller,Rejected,2023-05-13,2023,5,926,Female,44,High School,9,Not Mentioned,1,4,2.8,2,4.6,Good candidates,High Range,0,1
3297,Anthony Harris,Offered,2023-05-19,2023,5,920,Female,57,Master's Degree,9,Not Mentioned,4,4,4,1,6.2,"Strong fit, top candidates",Mid Range,1,0
3298,Erika Griffin,Rejected,2023-08-02,2023,8,845,Male,48,High School,18,Not Mentioned,1,5,3.4,1,5.3,Good candidates,Mid Range,0,1
3299,Rose Rodriguez,Pending Review,2023-06-25,2023,6,883,Female,25,Bachelor's Degree,18,Not Mentioned,3,5,4.2,3,6.9,"Strong fit, top candidates",Mid Range,0,0
3300,Donald Patterson,Interviewing,2023-07-22,2023,7,856,Other,56,PhD,6,Not Mentioned,5,3,3.8,1,5.9,Good candidates,High Range,0,0
3301,Katie Osborn,Offered,2023-07-24,2023,7,854,Male,21,Master's Degree,14,fashion/clothing,4,5,4.6,1,7.215,"Strong fit, top candidates",Mid Range,1,0
3302,Chloe Kennedy,In Review,2023-06-29,2023,6,879,Male,33,PhD,11,Not Mentioned,5,5,5,3,8.1,"Strong fit, top candidates",High Range,0,0
3303,Derrick Robinson,In Review,2023-07-20,2023,7,858,Other,60,Bachelor's Degree,5,Not Mentioned,3,3,3,1,4.7,Good candidates,Mid Range,0,0
3304,Juan Guerrero,Pending Review,2023-07-26,2023,7,852,Male,49,PhD,5,Not Mentioned,5,3,3.8,1,5.9,Good candidates,High Range,0,0
3305,Sandra Levy,Offered,2023-07-29,2023,7,849,Other,19,Bachelor's Degree,6,Not Mentioned,3,3,3,1,4.7,Good candidates,High Range,1,0
3306,Joseph Edwards,Pending Review,2023-06-21,2023,6,887,Other,43,Bachelor's Degree,16,Not Mentioned,3,5,4.2,2,6.7,"Strong fit, top candidates",Mid Range,0,0
3307,Christopher Morgan,In Review,2023-07-08,2023,7,870,Other,27,Bachelor's Degree,11,Not Mentioned,3,5,4.2,3,6.9,"Strong fit, top candidates",High Range,0,0
3308,Kevin Bell,Pending Review,2023-08-03,2023,8,844,Female,44,High School,7,Not Mentioned,1,3,2.2,2,3.7,Weak candidates,High Range,0,0
3309,James Miller,Interviewing,2023-05-26,2023,5,913,Other,56,Bachelor's Degree,1,Not Mentioned,3,1,1.8,1,2.9,Weak candidates,High Range,0,0
3310,Jonathan Ramirez,Interviewing,2023-08-03,2023,8,844,Male,50,High School,13,museum,1,5,3.4,1,5.3,Good candidates,Mid Range,0,0
3311,Kathleen Kent,Offered,2023-05-17,2023,5,922,Male,37,PhD,11,Not Mentioned,5,5,5,2,7.9,"Strong fit, top candidates",Mid Range,1,0
3312,Caleb Smith,Rejected,2023-07-16,2023,7,862,Female,53,Bachelor's Degree,14,chartered,3,5,4.2,1,7.13,"Strong fit, top candidates",High Range,0,1
3313,Kimberly Brown,Rejected,2023-05-20,2023,5,919,Male,37,Bachelor's Degree,3,Not Mentioned,3,2,2.4,2,4,Good candidates,Mid Range,0,1
3314,Christine Harvey,Rejected,2023-08-04,2023,8,843,Female,27,PhD,17,Not Mentioned,5,5,5,3,8.1,"Strong fit, top candidates",High Range,0,1
3315,Jill Bishop,Rejected,2023-07-31,2023,7,847,Female,31,PhD,20,Not Mentioned,5,5,5,3,8.1,"Strong fit, top candidates",High Range,0,1
3316,Jennifer Soto,Rejected,2023-07-06,2023,7,872,Male,44,Bachelor's Degree,8,Not Mentioned,3,4,3.6,2,5.8,Good candidates,Mid Range,0,1
3317,Amanda Wallace,Interviewing,2023-07-22,2023,7,856,Female,56,Master's Degree,12,Not Mentioned,4,5,4.6,1,7.1,"Strong fit, top candidates",High Range,0,0
3318,Jessica Thompson,Pending Review,2023-05-16,2023,5,923,Male,47,Bachelor's Degree,15,Not Mentioned,3,5,4.2,1,6.5,"Strong fit, top candidates",High Range,0,0
3319,David Thomas,In Review,2023-06-28,2023,6,880,Female,40,High School,3,Not Mentioned,1,2,1.6,2,2.8,Weak candidates,Mid Range,0,0
3320,Sean Anderson,Offered,2023-07-31,2023,7,847,Male,33,Bachelor's Degree,18,Not Mentioned,3,5,4.2,3,6.9,"Strong fit, top candidates",Mid Range,1,0
3321,Christopher Allison,Rejected,2023-06-24,2023,6,884,Female,39,Master's Degree,9,Not Mentioned,4,4,4,2,6.4,"Strong fit, top candidates",High Range,0,1
3322,Roberto Campbell,Offered,2023-06-20,2023,6,888,Other,52,Master's Degree,19,Not Mentioned,4,5,4.6,1,7.1,"Strong fit, top candidates",Mid Range,1,0
3323,Antonio Dunn,Offered,2023-06-10,2023,6,898,Female,22,PhD,3,Not Mentioned,5,2,3.2,1,5,Good candidates,Mid Range,1,0
3324,Sharon Bishop,Pending Review,2023-06-16,2023,6,892,Male,49,Bachelor's Degree,17,Not Mentioned,3,5,4.2,1,6.5,"Strong fit, top candidates",High Range,0,0
3325,Amanda Molina,In Review,2023-06-28,2023,6,880,Male,50,Master's Degree,18,Not Mentioned,4,5,4.6,1,7.1,"Strong fit, top candidates",High Range,0,0
3326,Bryan Wood,In Review,2023-06-06,2023,6,902,Other,23,High School,16,Not Mentioned,1,5,3.4,1,5.3,Good candidates,Mid Range,0,0
3327,Cynthia West,Offered,2023-07-01,2023,7,877,Male,40,Master's Degree,8,Not Mentioned,4,4,4,2,6.4,"Strong fit, top candidates",High Range,1,0
3328,Anita Lawson,Interviewing,2023-06-06,2023,6,902,Female,60,Master's Degree,12,community,4,5,4.6,1,6.87,"Strong fit, top candidates",Mid Range,0,0
3329,Pamela Martin,Offered,2023-07-01,2023,7,877,Other,45,Master's Degree,8,diagnostic,4,4,4,2,6.9,"Strong fit, top candidates",High Range,1,0
3330,Amy Wilson,Interviewing,2023-05-14,2023,5,925,Female,23,High School,3,Not Mentioned,1,2,1.6,1,2.6,Weak candidates,Mid Range,0,0
3331,Tonya Delgado,Interviewing,2023-06-20,2023,6,888,Female,27,High School,5,Not Mentioned,1,3,2.2,3,3.9,Weak candidates,Mid Range,0,0
3332,Elizabeth Hale,Pending Review,2023-06-10,2023,6,898,Other,29,Master's Degree,13,Not Mentioned,4,5,4.6,3,7.5,"Strong fit, top candidates",High Range,0,0
3333,Tracy Phillips,In Review,2023-08-02,2023,8,845,Female,23,PhD,5,Not Mentioned,5,3,3.8,1,5.9,Good candidates,High Range,0,0
3334,Rebecca Garza,Pending Review,2023-06-01,2023,6,907,Male,52,High School,20,Not Mentioned,1,5,3.4,1,5.3,Good candidates,High Range,0,0
3335,Jerome Williams,Rejected,2023-07-01,2023,7,877,Male,57,Bachelor's Degree,7,blown glass/stained glass,3,3,3,1,4.775,Good candidates,High Range,0,1
3336,Kayla Kelly,Interviewing,2023-05-27,2023,5,912,Female,52,Bachelor's Degree,0,Not Mentioned,3,1,1.8,1,2.9,Weak candidates,High Range,0,0
3337,Brian Manning,Offered,2023-08-05,2023,8,842,Female,54,PhD,10,Not Mentioned,5,4,4.4,1,6.8,"Strong fit, top candidates",High Range,1,0
3338,Ashley Peterson,Interviewing,2023-07-03,2023,7,875,Other,51,PhD,18,Not Mentioned,5,5,5,1,7.7,"Strong fit, top candidates",High Range,0,0
3339,Travis Espinoza,Offered,2023-07-18,2023,7,860,Other,32,Master's Degree,11,Not Mentioned,4,5,4.6,3,7.5,"Strong fit, top candidates",High Range,1,0
3340,Christine Schmidt,Interviewing,2023-07-15,2023,7,863,Male,25,Bachelor's Degree,6,Not Mentioned,3,3,3,3,5.1,Good candidates,Mid Range,0,0
3341,Kevin Cooper,Rejected,2023-06-30,2023,6,878,Other,39,PhD,4,Not Mentioned,5,2,3.2,2,5.2,Good candidates,High Range,0,1
3342,Jessica Murphy,Pending Review,2023-05-11,2023,5,928,Female,40,Master's Degree,11,Not Mentioned,4,5,4.6,2,7.3,"Strong fit, top candidates",High Range,0,0
3343,Tiffany Drake,Interviewing,2023-06-25,2023,6,883,Male,52,High School,4,Not Mentioned,1,2,1.6,1,2.6,Weak candidates,High Range,0,0
3344,Diana Taylor,Offered,2023-07-31,2023,7,847,Female,44,Master's Degree,16,television/film set,4,5,4.6,2,7.415,"Strong fit, top candidates",Mid Range,1,0
3345,Rebecca Shaw,In Review,2023-08-01,2023,8,846,Male,47,High School,15,child,1,5,3.4,1,5.3,Good candidates,High Range,0,0
3346,Crystal Payne,Offered,2023-06-26,2023,6,882,Other,28,Bachelor's Degree,14,Not Mentioned,3,5,4.2,3,6.9,"Strong fit, top candidates",High Range,1,0
3347,Stephen Baldwin,Offered,2023-05-06,2023,5,933,Male,48,PhD,12,Not Mentioned,5,5,5,1,7.7,"Strong fit, top candidates",High Range,1,0
3348,Michelle Williams,Offered,2023-07-05,2023,7,873,Female,57,Bachelor's Degree,19,Not Mentioned,3,5,4.2,1,6.5,"Strong fit, top candidates",Mid Range,1,0
3349,Frank Brown,Interviewing,2023-06-26,2023,6,882,Male,43,Master's Degree,0,quantity,4,1,2.2,2,4.03,Good candidates,Mid Range,0,0
3350,Lisa Jones,In Review,2023-07-23,2023,7,855,Female,35,PhD,3,museum,5,2,3.2,3,5.4,Good candidates,High Range,0,0
3351,Melissa Morgan,In Review,2023-06-10,2023,6,898,Other,60,Master's Degree,15,Not Mentioned,4,5,4.6,1,7.1,"Strong fit, top candidates",Mid Range,0,0
3352,Andrew Lopez,Pending Review,2023-07-21,2023,7,857,Other,48,High School,19,Not Mentioned,1,5,3.4,1,5.3,Good candidates,High Range,0,0
3353,Whitney Green,Pending Review,2023-05-25,2023,5,914,Other,56,PhD,15,Not Mentioned,5,5,5,1,7.7,"Strong fit, top candidates",Mid Range,0,0
3354,Sarah Conley,Rejected,2023-06-23,2023,6,885,Other,23,High School,3,broadcasting,1,2,1.6,1,2.64,Weak candidates,Mid Range,0,1
3355,Gary Ortiz,Offered,2023-06-10,2023,6,898,Female,61,Master's Degree,5,Not Mentioned,4,3,3.4,1,5.3,Good candidates,Mid Range,1,0
3356,Rita Kelley,Interviewing,2023-06-11,2023,6,897,Female,60,Bachelor's Degree,20,hospital,3,5,4.2,1,6.5,"Strong fit, top candidates",High Range,0,0
3357,Michael Hopkins,Rejected,2023-07-13,2023,7,865,Other,30,High School,11,Not Mentioned,1,5,3.4,3,5.7,Good candidates,High Range,0,1
3358,Tina Martin,In Review,2023-07-24,2023,7,854,Other,38,PhD,17,Not Mentioned,5,5,5,2,7.9,"Strong fit, top candidates",Mid Range,0,0
3359,Eric Blanchard,Rejected,2023-07-03,2023,7,875,Female,31,PhD,0,hydrographic,5,1,2.6,3,4.63,Good candidates,Mid Range,0,1
3360,Devon James,Rejected,2023-08-04,2023,8,843,Female,39,PhD,19,site,5,5,5,2,8.15,"Strong fit, top candidates",Mid Range,0,1
3361,Melanie Arnold,Interviewing,2023-06-08,2023,6,900,Female,50,High School,11,Not Mentioned,1,5,3.4,1,5.3,Good candidates,Mid Range,0,0
3362,Timothy Herrera,Interviewing,2023-07-19,2023,7,859,Male,20,High School,5,Not Mentioned,1,3,2.2,1,3.5,Weak candidates,Mid Range,0,0
3363,Gregory Waters,Offered,2023-06-19,2023,6,889,Other,33,PhD,5,research (physical sciences),5,3,3.8,3,6.68,"Strong fit, top candidates",Mid Range,1,0
3364,Alexander Rodriguez,Rejected,2023-06-01,2023,6,907,Other,51,Bachelor's Degree,1,Not Mentioned,3,1,1.8,1,2.9,Weak candidates,Mid Range,0,1
3365,Jason Williams,Offered,2023-06-06,2023,6,902,Other,56,PhD,19,adult,5,5,5,1,7.7,"Strong fit, top candidates",Mid Range,1,0
3366,Lori Romero,Interviewing,2023-06-10,2023,6,898,Male,49,Bachelor's Degree,14,Not Mentioned,3,5,4.2,1,6.5,"Strong fit, top candidates",Mid Range,0,0
3367,Rose Watts,Pending Review,2023-07-16,2023,7,862,Female,59,Master's Degree,8,biomedical,4,4,4,1,6.7,"Strong fit, top candidates",High Range,0,0
3368,Nathaniel Taylor,Pending Review,2023-07-01,2023,7,877,Female,51,Bachelor's Degree,12,Not Mentioned,3,5,4.2,1,6.5,"Strong fit, top candidates",High Range,0,0
3369,Tina Harris,Interviewing,2023-07-18,2023,7,860,Other,48,Bachelor's Degree,10,Not Mentioned,3,4,3.6,1,5.6,Good candidates,High Range,0,0
3370,Sarah Trevino,Interviewing,2023-06-09,2023,6,899,Female,36,Master's Degree,11,Not Mentioned,4,5,4.6,2,7.3,"Strong fit, top candidates",High Range,0,0
3371,Kathryn Bartlett,Interviewing,2023-05-22,2023,5,917,Other,37,Bachelor's Degree,9,English as a foreign language,3,4,3.6,2,5.8,Good candidates,High Range,0,0
3372,Donna Russell,Rejected,2023-06-12,2023,6,896,Other,43,Bachelor's Degree,4,mining,3,2,2.4,2,4,Good candidates,High Range,0,1
3373,John Mcclain,In Review,2023-05-28,2023,5,911,Female,36,Bachelor's Degree,15,Not Mentioned,3,5,4.2,2,6.7,"Strong fit, top candidates",High Range,0,0
3374,Patricia Thompson,Pending Review,2023-05-21,2023,5,918,Other,54,High School,19,Not Mentioned,1,5,3.4,1,5.3,Good candidates,Mid Range,0,0
3375,Judy Jensen,Pending Review,2023-06-26,2023,6,882,Other,33,High School,18,Not Mentioned,1,5,3.4,3,5.7,Good candidates,High Range,0,0
3376,Debra Mckee,Pending Review,2023-06-02,2023,6,906,Male,39,PhD,9,Not Mentioned,5,4,4.4,2,7,"Strong fit, top candidates",Mid Range,0,0
3377,Michael Larson,Offered,2023-05-21,2023,5,918,Female,22,Master's Degree,8,Not Mentioned,4,4,4,1,6.2,"Strong fit, top candidates",High Range,1,0
3378,Christopher Thornton,Pending Review,2023-06-29,2023,6,879,Male,54,PhD,7,adult education,5,3,3.8,1,6.09,"Strong fit, top candidates",High Range,0,0
3379,Lawrence Gibson,Interviewing,2023-07-19,2023,7,859,Male,30,Bachelor's Degree,4,Not Mentioned,3,2,2.4,3,4.2,Good candidates,High Range,0,0
3380,Megan Jones,In Review,2023-05-31,2023,5,908,Other,23,PhD,9,fast food,5,4,4.4,1,6.58,"Strong fit, top candidates",Mid Range,0,0
3381,Shane Mendez,In Review,2023-07-20,2023,7,858,Other,26,PhD,10,Not Mentioned,5,4,4.4,3,7.2,"Strong fit, top candidates",High Range,0,0
3382,Jennifer Hopkins,Offered,2023-06-14,2023,6,894,Female,32,Bachelor's Degree,3,Not Mentioned,3,2,2.4,3,4.2,Good candidates,High Range,1,0
3383,Tammy King,Rejected,2023-07-16,2023,7,862,Female,51,High School,19,dispensing,1,5,3.4,1,5.3,Good candidates,High Range,0,1
3384,Anita Walker,Interviewing,2023-07-02,2023,7,876,Female,58,High School,9,Not Mentioned,1,4,2.8,1,4.4,Good candidates,Mid Range,0,0
3385,Charles Rivera,Offered,2023-07-08,2023,7,870,Male,45,Master's Degree,10,Not Mentioned,4,4,4,2,6.4,"Strong fit, top candidates",High Range,1,0
3386,Scott Hartman,Pending Review,2023-05-28,2023,5,911,Male,30,Bachelor's Degree,19,Not Mentioned,3,5,4.2,3,6.9,"Strong fit, top candidates",High Range,0,0
3387,James Harris,Rejected,2023-07-12,2023,7,866,Male,57,High School,9,Not Mentioned,1,4,2.8,1,4.4,Good candidates,Mid Range,0,1
3388,Leslie Shannon,In Review,2023-07-24,2023,7,854,Other,27,Bachelor's Degree,10,biomedical,3,4,3.6,3,6.45,"Strong fit, top candidates",High Range,0,0
3389,Maria West,Offered,2023-06-29,2023,6,879,Female,21,Bachelor's Degree,0,Not Mentioned,3,1,1.8,1,2.9,Weak candidates,High Range,1,0
3390,Nicholas Morrow,In Review,2023-07-20,2023,7,858,Male,20,High School,16,Not Mentioned,1,5,3.4,1,5.3,Good candidates,High Range,0,0
3391,John Powell,Interviewing,2023-07-03,2023,7,875,Male,50,PhD,19,chemical,5,5,5,1,7.7,"Strong fit, top candidates",High Range,0,0
3392,Karen Glass,In Review,2023-05-18,2023,5,921,Female,60,Master's Degree,16,electrical,4,5,4.6,1,7.56,"Strong fit, top candidates",Mid Range,0,0
3393,Lori Davis,In Review,2023-05-16,2023,5,923,Other,40,Bachelor's Degree,6,industrial/product,3,3,3,2,4.9,Good candidates,High Range,0,0
3394,Tyrone Gordon,Offered,2023-06-25,2023,6,883,Female,33,Master's Degree,13,manufacturing systems,4,5,4.6,3,7.96,"Strong fit, top candidates",High Range,1,0
3395,Charles Kelly,Rejected,2023-05-30,2023,5,909,Female,58,PhD,7,Not Mentioned,5,3,3.8,1,5.9,Good candidates,High Range,0,1
3396,Anthony Sutton,Interviewing,2023-07-02,2023,7,876,Female,53,Master's Degree,9,political party,4,4,4,1,6.5,"Strong fit, top candidates",Mid Range,0,0
3397,Gabriel Stout,Interviewing,2023-07-27,2023,7,851,Other,40,Master's Degree,19,Not Mentioned,4,5,4.6,2,7.3,"Strong fit, top candidates",Mid Range,0,0
3398,Hannah White,In Review,2023-05-19,2023,5,920,Other,18,PhD,17,Not Mentioned,5,5,5,1,7.7,"Strong fit, top candidates",Mid Range,0,0
3399,Kristin Downs,Pending Review,2023-06-30,2023,6,878,Male,21,High School,8,Not Mentioned,1,4,2.8,1,4.4,Good candidates,High Range,0,0
3400,Thomas Richardson,Rejected,2023-07-07,2023,7,871,Other,61,Bachelor's Degree,3,broadcasting/film/video,3,2,2.4,1,3.86,Weak candidates,High Range,0,1
3401,Arthur Cook,Interviewing,2023-07-01,2023,7,877,Other,55,Bachelor's Degree,9,Not Mentioned,3,4,3.6,1,5.6,Good candidates,High Range,0,0
3402,Ashley Goodman,In Review,2023-07-11,2023,7,867,Female,57,Bachelor's Degree,5,Not Mentioned,3,3,3,1,4.7,Good candidates,Mid Range,0,0
3403,Julia Mendez,In Review,2023-07-09,2023,7,869,Other,47,Bachelor's Degree,16,chemical,3,5,4.2,1,6.5,"Strong fit, top candidates",Mid Range,0,0
3404,Michelle Ball,Interviewing,2023-06-25,2023,6,883,Male,56,Bachelor's Degree,11,forensic,3,5,4.2,1,7.025,"Strong fit, top candidates",High Range,0,0
3405,Emily Kirk,Offered,2023-06-28,2023,6,880,Male,54,Bachelor's Degree,0,Not Mentioned,3,1,1.8,1,2.9,Weak candidates,High Range,1,0
3406,Julia Ortega,Pending Review,2023-05-29,2023,5,910,Female,44,PhD,15,Not Mentioned,5,5,5,2,7.9,"Strong fit, top candidates",High Range,0,0
3407,Jeffrey Stone,In Review,2023-07-08,2023,7,870,Female,27,Master's Degree,6,Not Mentioned,4,3,3.4,3,5.7,Good candidates,High Range,0,0
3408,Linda Marsh,Pending Review,2023-07-12,2023,7,866,Other,49,PhD,9,charities/voluntary organisations,5,4,4.4,1,7.13,"Strong fit, top candidates",High Range,0,0
3409,Stephanie Warren,Rejected,2023-06-19,2023,6,889,Male,41,PhD,20,Not Mentioned,5,5,5,2,7.9,"Strong fit, top candidates",Mid Range,0,1
3410,Bobby Clark,Offered,2023-07-13,2023,7,865,Female,60,High School,9,Not Mentioned,1,4,2.8,1,4.4,Good candidates,Mid Range,1,0
3411,Elizabeth Davis,In Review,2023-06-02,2023,6,906,Female,58,PhD,0,Not Mentioned,5,1,2.6,1,4.1,Good candidates,High Range,0,0
3412,Cory Vaughan,Interviewing,2023-08-01,2023,8,846,Male,51,Master's Degree,0,Not Mentioned,4,1,2.2,1,3.5,Weak candidates,High Range,0,0
3413,Lindsey Simpson,Rejected,2023-05-27,2023,5,912,Other,54,Master's Degree,11,Not Mentioned,4,5,4.6,1,7.1,"Strong fit, top candidates",Mid Range,0,1
3414,Adam Riley,In Review,2023-07-07,2023,7,871,Male,50,Master's Degree,10,Not Mentioned,4,4,4,1,6.2,"Strong fit, top candidates",High Range,0,0
3415,Jacqueline Davis,Interviewing,2023-06-12,2023,6,896,Female,51,Bachelor's Degree,14,Not Mentioned,3,5,4.2,1,6.5,"Strong fit, top candidates",Mid Range,0,0
3416,John Gomez,Interviewing,2023-05-23,2023,5,916,Other,19,Bachelor's Degree,2,Not Mentioned,3,2,2.4,1,3.8,Weak candidates,High Range,0,0
3417,Anthony Reed,Pending Review,2023-05-13,2023,5,926,Other,58,High School,15,Not Mentioned,1,5,3.4,1,5.3,Good candidates,Mid Range,0,0
3418,Peggy Frost,Rejected,2023-06-10,2023,6,898,Female,58,High School,15,Not Mentioned,1,5,3.4,1,5.3,Good candidates,High Range,0,1
3419,Jessica Brown,Rejected,2023-05-21,2023,5,918,Male,20,Bachelor's Degree,7,Not Mentioned,3,3,3,1,4.7,Good candidates,Mid Range,0,1
3420,Jillian Smith,Interviewing,2023-06-01,2023,6,907,Other,26,Master's Degree,4,chartered management,4,2,2.8,3,5.22,Good candidates,Mid Range,0,0
3421,Darin Kim,In Review,2023-05-06,2023,5,933,Male,22,Bachelor's Degree,14,Not Mentioned,3,5,4.2,1,6.5,"Strong fit, top candidates",High Range,0,0
3422,Natalie Reed,In Review,2023-05-29,2023,5,910,Other,22,Master's Degree,17,Not Mentioned,4,5,4.6,1,7.1,"Strong fit, top candidates",High Range,0,0
3423,Debbie Moore,Pending Review,2023-05-25,2023,5,914,Female,38,Master's Degree,13,Not Mentioned,4,5,4.6,2,7.3,"Strong fit, top candidates",Mid Range,0,0
3424,William Boyd,Pending Review,2023-05-21,2023,5,918,Other,51,Bachelor's Degree,5,Not Mentioned,3,3,3,1,4.7,Good candidates,Mid Range,0,0
3425,Robert Armstrong,Rejected,2023-07-21,2023,7,857,Male,28,Master's Degree,2,Not Mentioned,4,2,2.8,3,4.8,Good candidates,Mid Range,0,1
3426,Michael Brown,Offered,2023-07-29,2023,7,849,Female,27,Master's Degree,18,Not Mentioned,4,5,4.6,3,7.5,"Strong fit, top candidates",High Range,1,0
3427,Tracey Frank,Offered,2023-06-04,2023,6,904,Other,19,PhD,17,Not Mentioned,5,5,5,1,7.7,"Strong fit, top candidates",High Range,1,0
3428,Peter Best,In Review,2023-07-03,2023,7,875,Female,24,High School,1,amenity,1,1,1,1,1.65,Weak candidates,Mid Range,0,0
3429,Matthew Haynes,Rejected,2023-07-05,2023,7,873,Other,39,PhD,10,Not Mentioned,5,4,4.4,2,7,"Strong fit, top candidates",High Range,0,1
3430,Anne Martin,Interviewing,2023-07-19,2023,7,859,Female,22,Master's Degree,5,Not Mentioned,4,3,3.4,1,5.3,Good candidates,Mid Range,0,0
3431,Haley Gonzalez,Pending Review,2023-06-22,2023,6,886,Male,31,Bachelor's Degree,15,land,3,5,4.2,3,7.11,"Strong fit, top candidates",High Range,0,0
3432,Gina Vasquez,Interviewing,2023-06-03,2023,6,905,Other,56,High School,4,Not Mentioned,1,2,1.6,1,2.6,Weak candidates,Mid Range,0,0
3433,Crystal Jenkins,Rejected,2023-07-05,2023,7,873,Male,45,Master's Degree,2,newspaper,4,2,2.8,2,4.67,Good candidates,High Range,0,1
3434,Victoria Thomas,Offered,2023-05-21,2023,5,918,Female,49,High School,16,Not Mentioned,1,5,3.4,1,5.3,Good candidates,High Range,1,0
3435,David Garner,Interviewing,2023-07-01,2023,7,877,Female,57,PhD,17,Not Mentioned,5,5,5,1,7.7,"Strong fit, top candidates",Mid Range,0,0
3436,John Mora,In Review,2023-05-16,2023,5,923,Other,53,Bachelor's Degree,9,education,3,4,3.6,1,5.78,Good candidates,High Range,0,0
3437,Tyler Walsh,Rejected,2023-06-05,2023,6,903,Other,37,Bachelor's Degree,1,education,3,1,1.8,2,3.19,Weak candidates,High Range,0,1
3438,Matthew Callahan,Interviewing,2023-06-29,2023,6,879,Other,47,High School,1,Not Mentioned,1,1,1,1,1.7,Weak candidates,Mid Range,0,0
3439,Savannah Kemp,Offered,2023-05-29,2023,5,910,Male,45,Bachelor's Degree,19,Not Mentioned,3,5,4.2,2,6.7,"Strong fit, top candidates",High Range,1,0
3440,Gregory Young,In Review,2023-08-05,2023,8,842,Other,40,Bachelor's Degree,9,museum/gallery,3,4,3.6,2,5.8,Good candidates,High Range,0,0
3441,Lori Summers,Offered,2023-06-17,2023,6,891,Female,33,PhD,6,Not Mentioned,5,3,3.8,3,6.3,"Strong fit, top candidates",High Range,1,0
3442,Megan Gonzalez,In Review,2023-06-08,2023,6,900,Male,51,High School,13,magazine features,1,5,3.4,1,5.385,Good candidates,High Range,0,0
3443,Anne Ingram,Rejected,2023-07-20,2023,7,858,Male,35,Master's Degree,19,Not Mentioned,4,5,4.6,3,7.5,"Strong fit, top candidates",High Range,0,1
3444,Victoria Mora,Interviewing,2023-06-24,2023,6,884,Female,49,Master's Degree,11,Not Mentioned,4,5,4.6,1,7.1,"Strong fit, top candidates",High Range,0,0
3445,Chad Smith,Interviewing,2023-05-31,2023,5,908,Male,49,High School,3,Not Mentioned,1,2,1.6,1,2.6,Weak candidates,High Range,0,0
3446,Connie Hart,Rejected,2023-05-21,2023,5,918,Other,32,High School,13,Not Mentioned,1,5,3.4,3,5.7,Good candidates,High Range,0,1
3447,Wesley Johnson,Rejected,2023-05-06,2023,5,933,Other,30,Master's Degree,19,company,4,5,4.6,3,7.845,"Strong fit, top candidates",High Range,0,1
3448,Jennifer Johnston,Pending Review,2023-08-05,2023,8,842,Other,20,Bachelor's Degree,14,Not Mentioned,3,5,4.2,1,6.5,"Strong fit, top candidates",Mid Range,0,0
3449,William Murray,Interviewing,2023-05-30,2023,5,909,Male,38,PhD,16,Not Mentioned,5,5,5,2,7.9,"Strong fit, top candidates",Mid Range,0,0
3450,Rebecca Larson,In Review,2023-05-15,2023,5,924,Other,27,Master's Degree,5,histocompatibility and immunogenetics,4,3,3.4,3,6.125,"Strong fit, top candidates",Mid Range,0,0
3451,Lori Yoder,Interviewing,2023-07-15,2023,7,863,Female,48,Master's Degree,18,Not Mentioned,4,5,4.6,1,7.1,"Strong fit, top candidates",Mid Range,0,0
3452,Jerry Chambers,Rejected,2023-06-27,2023,6,881,Other,57,High School,6,Not Mentioned,1,3,2.2,1,3.5,Weak candidates,High Range,0,1
3453,Brad Atkinson,In Review,2023-07-18,2023,7,860,Female,55,High School,10,Not Mentioned,1,4,2.8,1,4.4,Good candidates,High Range,0,0
3454,Cynthia Dunlap,Offered,2023-05-26,2023,5,913,Female,19,PhD,8,Not Mentioned,5,4,4.4,1,6.8,"Strong fit, top candidates",Mid Range,1,0
3455,Gary Rivera,Offered,2023-07-25,2023,7,853,Male,60,PhD,8,biomedical,5,4,4.4,1,7.35,"Strong fit, top candidates",Mid Range,1,0
3456,Samuel Murphy,Offered,2023-06-02,2023,6,906,Female,40,Bachelor's Degree,1,Not Mentioned,3,1,1.8,2,3.1,Weak candidates,High Range,1,0
3457,Adam Sellers,Interviewing,2023-06-23,2023,6,885,Male,59,Bachelor's Degree,12,museum/gallery,3,5,4.2,1,6.5,"Strong fit, top candidates",High Range,0,0
3458,Corey Ward,In Review,2023-05-22,2023,5,917,Other,47,Master's Degree,18,Not Mentioned,4,5,4.6,1,7.1,"Strong fit, top candidates",Mid Range,0,0
3459,Elizabeth Armstrong,Offered,2023-05-27,2023,5,912,Other,50,PhD,10,Not Mentioned,5,4,4.4,1,6.8,"Strong fit, top candidates",High Range,1,0
3460,Nicholas Silva,Interviewing,2023-06-02,2023,6,906,Female,60,Bachelor's Degree,12,Not Mentioned,3,5,4.2,1,6.5,"Strong fit, top candidates",Mid Range,0,0
3461,Madison Avery,Rejected,2023-07-27,2023,7,851,Male,54,PhD,15,commercial/residential,5,5,5,1,8.075,"Strong fit, top candidates",High Range,0,1
3462,Steven Andrews,Offered,2023-07-20,2023,7,858,Male,42,High School,10,learning disability,1,4,2.8,2,4.6,Good candidates,Mid Range,1,0
3463,Stacey Hammond,Pending Review,2023-08-03,2023,8,844,Male,60,PhD,15,Not Mentioned,5,5,5,1,7.7,"Strong fit, top candidates",High Range,0,0
3464,Alexandra Smith,Interviewing,2023-05-29,2023,5,910,Other,35,Master's Degree,16,Not Mentioned,4,5,4.6,3,7.5,"Strong fit, top candidates",Mid Range,0,0
3465,Jennifer Berg,Offered,2023-07-07,2023,7,871,Other,53,Master's Degree,16,blown glass/stained glass,4,5,4.6,1,7.215,"Strong fit, top candidates",High Range,1,0
3466,Mary Knight,Rejected,2023-07-09,2023,7,869,Other,45,Bachelor's Degree,18,Not Mentioned,3,5,4.2,2,6.7,"Strong fit, top candidates",Mid Range,0,1
3467,Dana Jones,Rejected,2023-06-16,2023,6,892,Female,20,High School,12,Not Mentioned,1,5,3.4,1,5.3,Good candidates,Mid Range,0,1
3468,Tammy Hutchinson,In Review,2023-06-23,2023,6,885,Female,53,Master's Degree,20,Not Mentioned,4,5,4.6,1,7.1,"Strong fit, top candidates",High Range,0,0
3469,Steven Martinez,Pending Review,2023-05-15,2023,5,924,Female,25,PhD,18,Not Mentioned,5,5,5,3,8.1,"Strong fit, top candidates",Mid Range,0,0
3470,Carl Riley,Rejected,2023-06-29,2023,6,879,Male,53,PhD,8,Not Mentioned,5,4,4.4,1,6.8,"Strong fit, top candidates",Mid Range,0,1
3471,Allison Hunter,Pending Review,2023-07-23,2023,7,855,Male,55,High School,4,Not Mentioned,1,2,1.6,1,2.6,Weak candidates,Mid Range,0,0
3472,Jessica Kim,Offered,2023-06-13,2023,6,895,Other,31,Bachelor's Degree,20,Not Mentioned,3,5,4.2,3,6.9,"Strong fit, top candidates",Mid Range,1,0
3473,Sydney Powell,Rejected,2023-06-08,2023,6,900,Other,33,High School,4,Not Mentioned,1,2,1.6,3,3,Weak candidates,Mid Range,0,1
3474,Mark Roy,Rejected,2023-06-30,2023,6,878,Male,38,Bachelor's Degree,9,Not Mentioned,3,4,3.6,2,5.8,Good candidates,High Range,0,1
3475,Steven Andrade,Pending Review,2023-05-14,2023,5,925,Other,45,High School,4,Not Mentioned,1,2,1.6,2,2.8,Weak candidates,High Range,0,0
3476,James Perez,Offered,2023-07-16,2023,7,862,Other,32,Bachelor's Degree,6,Not Mentioned,3,3,3,3,5.1,Good candidates,High Range,1,0
3477,Amy Garcia,Rejected,2023-07-30,2023,7,848,Male,21,PhD,7,Not Mentioned,5,3,3.8,1,5.9,Good candidates,Mid Range,0,1
3478,Carolyn Nichols,Rejected,2023-06-12,2023,6,896,Other,30,PhD,13,Not Mentioned,5,5,5,3,8.1,"Strong fit, top candidates",High Range,0,1
3479,Anthony Neal,In Review,2023-07-10,2023,7,868,Other,46,Master's Degree,2,Not Mentioned,4,2,2.8,1,4.4,Good candidates,Mid Range,0,0
3480,Rachel Martinez,Rejected,2023-08-03,2023,8,844,Other,26,Bachelor's Degree,20,Not Mentioned,3,5,4.2,3,6.9,"Strong fit, top candidates",High Range,0,1
3481,Troy Warren,Rejected,2023-06-30,2023,6,878,Male,53,Master's Degree,4,Not Mentioned,4,2,2.8,1,4.4,Good candidates,High Range,0,1
3482,John Porter,Rejected,2023-06-02,2023,6,906,Female,52,Master's Degree,11,Not Mentioned,4,5,4.6,1,7.1,"Strong fit, top candidates",High Range,0,1
3483,Jennifer Jones,Rejected,2023-07-05,2023,7,873,Female,42,Master's Degree,11,English as a foreign language,4,5,4.6,2,7.3,"Strong fit, top candidates",Mid Range,0,1
3484,Katelyn Murphy,Rejected,2023-05-31,2023,5,908,Female,58,Master's Degree,16,technical sales,4,5,4.6,1,7.56,"Strong fit, top candidates",High Range,0,1
3485,Madison Welch,Pending Review,2023-08-02,2023,8,845,Other,47,High School,11,forensic,1,5,3.4,1,5.725,Good candidates,Mid Range,0,0
3486,James Green,Rejected,2023-07-31,2023,7,847,Male,54,PhD,12,forensic,5,5,5,1,8.325,"Strong fit, top candidates",Mid Range,0,1
3487,Michael Goodwin,Interviewing,2023-06-10,2023,6,898,Male,34,High School,11,Not Mentioned,1,5,3.4,3,5.7,Good candidates,High Range,0,0
3488,Raymond Chavez,Rejected,2023-07-25,2023,7,853,Male,34,High School,20,Not Mentioned,1,5,3.4,3,5.7,Good candidates,High Range,0,1
3489,Jodi Peterson,In Review,2023-05-16,2023,5,923,Female,53,Bachelor's Degree,0,Not Mentioned,3,1,1.8,1,2.9,Weak candidates,High Range,0,0
3490,Ryan Owens,Pending Review,2023-07-06,2023,7,872,Other,33,PhD,17,Not Mentioned,5,5,5,3,8.1,"Strong fit, top candidates",High Range,0,0
3491,Kerri Pierce,Interviewing,2023-05-19,2023,5,920,Male,42,Master's Degree,0,Not Mentioned,4,1,2.2,2,3.7,Weak candidates,Mid Range,0,0
3492,Cynthia Melendez,Offered,2023-07-07,2023,7,871,Male,43,High School,11,environmental,1,5,3.4,2,5.67,Good candidates,High Range,1,0
3493,Melanie Sullivan,In Review,2023-06-07,2023,6,901,Other,51,Bachelor's Degree,6,Not Mentioned,3,3,3,1,4.7,Good candidates,High Range,0,0
3494,Cindy Holland,Offered,2023-08-03,2023,8,844,Female,60,Master's Degree,16,Not Mentioned,4,5,4.6,1,7.1,"Strong fit, top candidates",Mid Range,1,0
3495,Perry Graham,Rejected,2023-06-10,2023,6,898,Female,29,PhD,13,energy,5,5,5,3,8.1,"Strong fit, top candidates",High Range,0,1
3496,Robert Harris,Pending Review,2023-07-15,2023,7,863,Other,19,PhD,6,Not Mentioned,5,3,3.8,1,5.9,Good candidates,Mid Range,0,0
3497,Bridget Vang,In Review,2023-06-29,2023,6,879,Other,37,Master's Degree,15,Not Mentioned,4,5,4.6,2,7.3,"Strong fit, top candidates",Mid Range,0,0
3498,Brian Combs,Interviewing,2023-05-28,2023,5,911,Female,38,Master's Degree,16,Not Mentioned,4,5,4.6,2,7.3,"Strong fit, top candidates",Mid Range,0,0
3499,James Goodman,Pending Review,2023-08-05,2023,8,842,Male,58,High School,3,Not Mentioned,1,2,1.6,1,2.6,Weak candidates,High Range,0,0
3500,Miranda Walters,Pending Review,2023-06-10,2023,6,898,Male,51,PhD,2,Not Mentioned,5,2,3.2,1,5,Good candidates,Mid Range,0,0
3501,Thomas Patel,Offered,2023-05-15,2023,5,924,Male,32,Bachelor's Degree,13,sports,3,5,4.2,3,6.69,"Strong fit, top candidates",Mid Range,1,0
3502,Henry Patterson,Interviewing,2023-05-27,2023,5,912,Other,24,High School,15,Not Mentioned,1,5,3.4,1,5.3,Good candidates,High Range,0,0
3503,Shannon Mack,Rejected,2023-05-16,2023,5,923,Other,49,Bachelor's Degree,10,Not Mentioned,3,4,3.6,1,5.6,Good candidates,High Range,0,1
3504,Sara Moon,Pending Review,2023-06-27,2023,6,881,Female,51,Master's Degree,17,Not Mentioned,4,5,4.6,1,7.1,"Strong fit, top candidates",Mid Range,0,0
3505,Kimberly Ortega,In Review,2023-06-27,2023,6,881,Female,41,Bachelor's Degree,9,Not Mentioned,3,4,3.6,2,5.8,Good candidates,Mid Range,0,0
3506,Noah Villanueva,Rejected,2023-07-12,2023,7,866,Female,47,PhD,12,Not Mentioned,5,5,5,1,7.7,"Strong fit, top candidates",High Range,0,1
3507,Amanda Miller,Interviewing,2023-06-09,2023,6,899,Male,59,PhD,18,Not Mentioned,5,5,5,1,7.7,"Strong fit, top candidates",High Range,0,0
3508,Evan Craig,Interviewing,2023-07-18,2023,7,860,Other,22,Bachelor's Degree,11,Not Mentioned,3,5,4.2,1,6.5,"Strong fit, top candidates",Mid Range,0,0
3509,Meghan Norman,Interviewing,2023-06-24,2023,6,884,Other,41,Bachelor's Degree,4,furniture,3,2,2.4,2,4,Good candidates,Mid Range,0,0
3510,Daniel Klein,Pending Review,2023-05-27,2023,5,912,Male,31,Bachelor's Degree,18,international aid,3,5,4.2,3,6.9,"Strong fit, top candidates",High Range,0,0
3511,Jennifer Jackson,In Review,2023-05-08,2023,5,931,Male,41,High School,14,water,1,5,3.4,2,5.67,Good candidates,High Range,0,0
3512,Susan Stewart,In Review,2023-07-05,2023,7,873,Female,59,Master's Degree,20,Not Mentioned,4,5,4.6,1,7.1,"Strong fit, top candidates",Mid Range,0,0
3513,Mark Sutton,In Review,2023-06-01,2023,6,907,Male,45,High School,7,Not Mentioned,1,3,2.2,2,3.7,Weak candidates,Mid Range,0,0
3514,Angela Velazquez,Offered,2023-05-22,2023,5,917,Male,21,Bachelor's Degree,6,Not Mentioned,3,3,3,1,4.7,Good candidates,High Range,1,0
3515,Allen Miller,Interviewing,2023-05-17,2023,5,922,Other,23,PhD,9,Not Mentioned,5,4,4.4,1,6.8,"Strong fit, top candidates",Mid Range,0,0
3516,Dawn Camacho,Interviewing,2023-07-02,2023,7,876,Female,57,High School,10,Not Mentioned,1,4,2.8,1,4.4,Good candidates,High Range,0,0
3517,Richard Parker,Offered,2023-07-24,2023,7,854,Female,46,Bachelor's Degree,2,applications,3,2,2.4,1,3.8,Weak candidates,Mid Range,1,0
3518,William Rodriguez,In Review,2023-07-10,2023,7,868,Male,28,Master's Degree,9,adult,4,4,4,3,6.6,"Strong fit, top candidates",Mid Range,0,0
3519,Barbara Mason,Offered,2023-08-05,2023,8,842,Other,55,Bachelor's Degree,7,learning disability,3,3,3,1,4.7,Good candidates,Mid Range,1,0
3520,Carolyn Trujillo,In Review,2023-07-26,2023,7,852,Other,28,Master's Degree,5,materials,4,3,3.4,3,5.7,Good candidates,Mid Range,0,0
3521,Dustin Cervantes,Rejected,2023-07-10,2023,7,868,Other,48,Bachelor's Degree,15,Not Mentioned,3,5,4.2,1,6.5,"Strong fit, top candidates",Mid Range,0,1
3522,Austin Fisher,Rejected,2023-05-07,2023,5,932,Female,44,Master's Degree,5,Not Mentioned,4,3,3.4,2,5.5,Good candidates,Mid Range,0,1
3523,Katie Gray,Interviewing,2023-07-29,2023,7,849,Female,46,PhD,1,minerals,5,1,2.6,1,4.36,Good candidates,Mid Range,0,0
3524,Matthew Aguilar,Offered,2023-07-07,2023,7,871,Female,44,High School,3,Not Mentioned,1,2,1.6,2,2.8,Weak candidates,High Range,1,0
3525,Angela Williams,Pending Review,2023-06-20,2023,6,888,Female,42,Master's Degree,6,mental health,4,3,3.4,2,5.925,Good candidates,High Range,0,0
3526,Gabriel Mann,Rejected,2023-06-18,2023,6,890,Male,56,PhD,20,early years/pre,5,5,5,1,7.95,"Strong fit, top candidates",Mid Range,0,1
3527,Philip Lee,Interviewing,2023-06-30,2023,6,878,Other,40,High School,10,Not Mentioned,1,4,2.8,2,4.6,Good candidates,High Range,0,0
3528,Michael Nunez,Offered,2023-07-19,2023,7,859,Female,28,Bachelor's Degree,10,further education,3,4,3.6,3,6.18,"Strong fit, top candidates",Mid Range,1,0
3529,Angela Rose,In Review,2023-05-31,2023,5,908,Female,44,High School,16,therapeutic,1,5,3.4,2,5.925,Good candidates,High Range,0,0
3530,Heather Roberts,Interviewing,2023-07-03,2023,7,875,Female,49,Bachelor's Degree,18,Not Mentioned,3,5,4.2,1,6.5,"Strong fit, top candidates",High Range,0,0
3531,Vincent Jackson,Interviewing,2023-07-02,2023,7,876,Male,33,PhD,17,rural practice,5,5,5,3,8.35,"Strong fit, top candidates",High Range,0,0
3532,Samantha Woodard,Interviewing,2023-07-05,2023,7,873,Female,21,PhD,20,horticultural,5,5,5,1,7.7,"Strong fit, top candidates",High Range,0,0
3533,Monica Lynch,Interviewing,2023-07-15,2023,7,863,Female,54,Bachelor's Degree,12,Not Mentioned,3,5,4.2,1,6.5,"Strong fit, top candidates",High Range,0,0
3534,Stephanie Hanson,Pending Review,2023-06-11,2023,6,897,Male,19,High School,19,Not Mentioned,1,5,3.4,1,5.3,Good candidates,Mid Range,0,0
3535,Rodney Pugh,Offered,2023-08-03,2023,8,844,Female,27,High School,15,Not Mentioned,1,5,3.4,3,5.7,Good candidates,High Range,1,0
3536,Kevin Hall,Offered,2023-07-21,2023,7,857,Other,38,Master's Degree,18,Not Mentioned,4,5,4.6,2,7.3,"Strong fit, top candidates",Mid Range,1,0
3537,Ryan Payne,Rejected,2023-06-23,2023,6,885,Female,53,Bachelor's Degree,10,Not Mentioned,3,4,3.6,1,5.6,Good candidates,Mid Range,0,1
3538,Stephanie Wright,Interviewing,2023-07-09,2023,7,869,Female,35,Master's Degree,14,Not Mentioned,4,5,4.6,3,7.5,"Strong fit, top candidates",High Range,0,0
3539,Christopher Butler,Rejected,2023-08-04,2023,8,843,Male,20,PhD,8,Not Mentioned,5,4,4.4,1,6.8,"Strong fit, top candidates",High Range,0,1
3540,Emily Neal,Interviewing,2023-07-19,2023,7,859,Other,48,Master's Degree,5,histocompatibility and immunogenetics,4,3,3.4,1,5.725,Good candidates,Mid Range,0,0
3541,Robert Hendrix,Rejected,2023-06-29,2023,6,879,Male,40,Master's Degree,4,Not Mentioned,4,2,2.8,2,4.6,Good candidates,High Range,0,1
3542,Lindsey Everett,Offered,2023-06-10,2023,6,898,Female,38,PhD,20,Not Mentioned,5,5,5,2,7.9,"Strong fit, top candidates",High Range,1,0
3543,Heather Hart,Offered,2023-06-16,2023,6,892,Female,32,PhD,16,operational,5,5,5,3,7.85,"Strong fit, top candidates",Mid Range,1,0
3544,Andrew Le,Interviewing,2023-07-10,2023,7,868,Male,49,High School,4,Not Mentioned,1,2,1.6,1,2.6,Weak candidates,High Range,0,0
3545,James Sanders,Offered,2023-07-26,2023,7,852,Male,24,PhD,8,Not Mentioned,5,4,4.4,1,6.8,"Strong fit, top candidates",High Range,1,0
3546,Jerry Cox,Interviewing,2023-08-01,2023,8,846,Other,31,Master's Degree,1,research (medical),4,1,2.2,3,4.12,Good candidates,Mid Range,0,0
3547,Ashley Blankenship,Offered,2023-05-29,2023,5,910,Female,22,Bachelor's Degree,19,IT,3,5,4.2,1,6.92,"Strong fit, top candidates",High Range,1,0
3548,Christian Shepherd,Offered,2023-07-04,2023,7,874,Other,43,PhD,2,Not Mentioned,5,2,3.2,2,5.2,Good candidates,High Range,1,0
3549,David Butler,Offered,2023-07-20,2023,7,858,Female,24,High School,20,Not Mentioned,1,5,3.4,1,5.3,Good candidates,High Range,1,0
3550,Angela Grant,In Review,2023-05-29,2023,5,910,Female,39,PhD,6,insurance,5,3,3.8,2,6.1,"Strong fit, top candidates",High Range,0,0
3551,Todd Smith,Interviewing,2023-05-08,2023,5,931,Other,28,PhD,4,Not Mentioned,5,2,3.2,3,5.4,Good candidates,High Range,0,0
3552,Jenna Williams,Offered,2023-07-07,2023,7,871,Other,21,High School,4,Not Mentioned,1,2,1.6,1,2.6,Weak candidates,High Range,1,0
3553,Karen Fletcher,Rejected,2023-07-24,2023,7,854,Female,51,Bachelor's Degree,14,water,3,5,4.2,1,6.71,"Strong fit, top candidates",High Range,0,1
3554,Heather Singh,Rejected,2023-07-13,2023,7,865,Male,39,Bachelor's Degree,14,Not Mentioned,3,5,4.2,2,6.7,"Strong fit, top candidates",Mid Range,0,1
3555,Matthew Powers,Offered,2023-05-29,2023,5,910,Female,48,High School,10,Not Mentioned,1,4,2.8,1,4.4,Good candidates,High Range,1,0
3556,Shannon Johnson,Interviewing,2023-05-12,2023,5,927,Female,36,Bachelor's Degree,18,Not Mentioned,3,5,4.2,2,6.7,"Strong fit, top candidates",Mid Range,0,0
3557,Kathleen Wilson,Offered,2023-06-08,2023,6,900,Male,53,Master's Degree,9,Not Mentioned,4,4,4,1,6.2,"Strong fit, top candidates",Mid Range,1,0
3558,Jennifer Jones,Offered,2023-06-08,2023,6,900,Other,40,Master's Degree,5,broadcasting/film/video,4,3,3.4,2,5.585,Good candidates,High Range,1,0
3559,Gabriel Kane,Interviewing,2023-07-05,2023,7,873,Female,51,PhD,4,building services,5,2,3.2,1,5.16,Good candidates,Mid Range,0,0
3560,Tonya Mason,In Review,2023-05-09,2023,5,930,Female,30,Bachelor's Degree,13,civil (contracting),3,5,4.2,3,7.32,"Strong fit, top candidates",High Range,0,0
3561,Theresa Adams,Pending Review,2023-07-03,2023,7,875,Other,35,PhD,15,broadcasting/film/video,5,5,5,3,8.225,"Strong fit, top candidates",High Range,0,0
3562,Kristin Parker,In Review,2023-05-25,2023,5,914,Other,31,High School,11,electrical,1,5,3.4,3,6.04,"Strong fit, top candidates",High Range,0,0
3563,Rebecca Hobbs,Rejected,2023-07-24,2023,7,854,Male,42,PhD,5,Not Mentioned,5,3,3.8,2,6.1,"Strong fit, top candidates",Mid Range,0,1
3564,Virginia Brown,Pending Review,2023-07-29,2023,7,849,Male,39,Master's Degree,13,Not Mentioned,4,5,4.6,2,7.3,"Strong fit, top candidates",High Range,0,0
3565,Joseph Fowler,Interviewing,2023-06-08,2023,6,900,Male,37,PhD,18,Not Mentioned,5,5,5,2,7.9,"Strong fit, top candidates",High Range,0,0
3566,Jennifer Gray,Pending Review,2023-05-18,2023,5,921,Other,56,PhD,10,Not Mentioned,5,4,4.4,1,6.8,"Strong fit, top candidates",High Range,0,0
3567,Jonathan Kirby,Pending Review,2023-07-09,2023,7,869,Other,51,PhD,0,Not Mentioned,5,1,2.6,1,4.1,Good candidates,Mid Range,0,0
3568,Darlene Winters,Rejected,2023-06-22,2023,6,886,Other,44,PhD,9,Not Mentioned,5,4,4.4,2,7,"Strong fit, top candidates",High Range,0,1
3569,Pamela Jones,In Review,2023-07-15,2023,7,863,Female,53,PhD,13,Not Mentioned,5,5,5,1,7.7,"Strong fit, top candidates",High Range,0,0
3570,Andrew Nolan,Pending Review,2023-05-29,2023,5,910,Female,47,Bachelor's Degree,18,nutritional,3,5,4.2,1,7.025,"Strong fit, top candidates",Mid Range,0,0
3571,Steven Williams,Interviewing,2023-05-28,2023,5,911,Other,22,PhD,18,Not Mentioned,5,5,5,1,7.7,"Strong fit, top candidates",Mid Range,0,0
3572,Ellen Lopez,Interviewing,2023-06-07,2023,6,901,Female,29,PhD,15,Not Mentioned,5,5,5,3,8.1,"Strong fit, top candidates",High Range,0,0
3573,Brittany Young,Pending Review,2023-05-10,2023,5,929,Female,37,High School,6,Not Mentioned,1,3,2.2,2,3.7,Weak candidates,High Range,0,0
3574,Mark Vaughan,Offered,2023-07-18,2023,7,860,Male,47,High School,9,prison and probation services,1,4,2.8,1,4.4,Good candidates,Mid Range,1,0
3575,Nicholas Morton,Pending Review,2023-07-15,2023,7,863,Other,40,Master's Degree,10,Not Mentioned,4,4,4,2,6.4,"Strong fit, top candidates",Mid Range,0,0
3576,Eric Valenzuela,In Review,2023-06-09,2023,6,899,Female,46,PhD,3,Not Mentioned,5,2,3.2,1,5,Good candidates,Mid Range,0,0
3577,Larry Pratt,Interviewing,2023-08-03,2023,8,844,Female,57,Bachelor's Degree,9,Not Mentioned,3,4,3.6,1,5.6,Good candidates,High Range,0,0
3578,John Wall,Rejected,2023-07-14,2023,7,864,Female,24,High School,2,chemical,1,2,1.6,1,2.6,Weak candidates,High Range,0,1
3579,Noah Ball,In Review,2023-07-02,2023,7,876,Female,47,High School,4,Not Mentioned,1,2,1.6,1,2.6,Weak candidates,Mid Range,0,0
3580,Steven Valentine,Pending Review,2023-06-23,2023,6,885,Female,38,Bachelor's Degree,2,control and instrumentation,3,2,2.4,2,4.24,Good candidates,High Range,0,0
3581,Brian Johnson,In Review,2023-07-07,2023,7,871,Other,49,Bachelor's Degree,11,technical sales,3,5,4.2,1,6.92,"Strong fit, top candidates",Mid Range,0,0
3582,Stephanie Mclaughlin,Offered,2023-08-05,2023,8,842,Female,24,High School,8,multimedia,1,4,2.8,1,4.47,Good candidates,Mid Range,1,0
3583,David Murphy,Rejected,2023-07-14,2023,7,864,Male,29,High School,6,Not Mentioned,1,3,2.2,3,3.9,Weak candidates,Mid Range,0,1
3584,Joshua Williams,Interviewing,2023-05-14,2023,5,925,Male,21,Master's Degree,7,Not Mentioned,4,3,3.4,1,5.3,Good candidates,Mid Range,0,0
3585,Nicholas Long,Interviewing,2023-07-11,2023,7,867,Other,49,Bachelor's Degree,14,Not Mentioned,3,5,4.2,1,6.5,"Strong fit, top candidates",High Range,0,0
3586,Michael Bullock,In Review,2023-07-10,2023,7,868,Other,45,High School,11,Not Mentioned,1,5,3.4,2,5.5,Good candidates,High Range,0,0
3587,Emily Larsen,Pending Review,2023-05-16,2023,5,923,Female,57,PhD,4,Not Mentioned,5,2,3.2,1,5,Good candidates,High Range,0,0
3588,Danielle Craig,Rejected,2023-06-12,2023,6,896,Male,57,Bachelor's Degree,12,Not Mentioned,3,5,4.2,1,6.5,"Strong fit, top candidates",High Range,0,1
3589,Samuel Barron,Interviewing,2023-05-18,2023,5,921,Male,36,PhD,3,television/film/video,5,2,3.2,2,5.2,Good candidates,High Range,0,0
3590,James Kelley,Pending Review,2023-07-24,2023,7,854,Female,22,PhD,3,Not Mentioned,5,2,3.2,1,5,Good candidates,High Range,0,0
3591,Thomas Gutierrez,Interviewing,2023-07-16,2023,7,862,Male,49,High School,15,Not Mentioned,1,5,3.4,1,5.3,Good candidates,High Range,0,0
3592,Christopher Ford,Interviewing,2023-07-03,2023,7,875,Other,30,Master's Degree,0,Not Mentioned,4,1,2.2,3,3.9,Weak candidates,High Range,0,0
3593,Cesar Blair,Rejected,2023-05-11,2023,5,928,Male,50,Bachelor's Degree,12,drama,3,5,4.2,1,6.605,"Strong fit, top candidates",High Range,0,1
3594,William Morris,Rejected,2023-07-05,2023,7,873,Other,36,High School,12,Not Mentioned,1,5,3.4,2,5.5,Good candidates,Mid Range,0,1
3595,Jeff Spencer,Offered,2023-06-02,2023,6,906,Male,55,PhD,18,Not Mentioned,5,5,5,1,7.7,"Strong fit, top candidates",High Range,1,0
3596,Melissa Vaughn,In Review,2023-06-25,2023,6,883,Other,38,High School,10,Not Mentioned,1,4,2.8,2,4.6,Good candidates,High Range,0,0
3597,Taylor Castillo,Pending Review,2023-05-19,2023,5,920,Female,32,Master's Degree,3,Not Mentioned,4,2,2.8,3,4.8,Good candidates,High Range,0,0
3598,Laura Newton,Rejected,2023-05-08,2023,5,931,Other,38,Master's Degree,20,Not Mentioned,4,5,4.6,2,7.3,"Strong fit, top candidates",High Range,0,1
3599,Michele Coleman,Pending Review,2023-06-13,2023,6,895,Male,34,Master's Degree,5,Not Mentioned,4,3,3.4,3,5.7,Good candidates,High Range,0,0
3600,Eileen Martinez,Interviewing,2023-07-30,2023,7,848,Other,44,High School,5,Not Mentioned,1,3,2.2,2,3.7,Weak candidates,High Range,0,0
3601,Scott Wright,Interviewing,2023-06-27,2023,6,881,Female,35,Bachelor's Degree,0,agricultural,3,1,1.8,3,3.3,Weak candidates,Mid Range,0,0
3602,Brett Haney,In Review,2023-05-10,2023,5,929,Male,47,Master's Degree,3,research (physical sciences),4,2,2.8,1,4.68,Good candidates,High Range,0,0
3603,Steven Haas,Pending Review,2023-07-10,2023,7,868,Other,41,Master's Degree,0,physiological,4,1,2.2,2,3.975,Weak candidates,Mid Range,0,0
3604,Andrew Choi,Offered,2023-07-04,2023,7,874,Female,41,PhD,3,Not Mentioned,5,2,3.2,2,5.2,Good candidates,High Range,1,0
3605,Antonio Wheeler,Pending Review,2023-06-07,2023,6,901,Female,52,PhD,18,Not Mentioned,5,5,5,1,7.7,"Strong fit, top candidates",Mid Range,0,0
3606,David Brown,Pending Review,2023-08-01,2023,8,846,Other,33,Master's Degree,1,Not Mentioned,4,1,2.2,3,3.9,Weak candidates,Mid Range,0,0
3607,Danielle Morris,Offered,2023-05-16,2023,5,923,Other,60,Master's Degree,19,Not Mentioned,4,5,4.6,1,7.1,"Strong fit, top candidates",Mid Range,1,0
3608,Shannon Murphy,Interviewing,2023-08-05,2023,8,842,Other,31,Master's Degree,19,academic,4,5,4.6,3,7.96,"Strong fit, top candidates",High Range,0,0
3609,Melissa Clements,Rejected,2023-05-25,2023,5,914,Male,21,High School,6,Not Mentioned,1,3,2.2,1,3.5,Weak candidates,High Range,0,1
3610,Patricia Gonzalez,Offered,2023-05-25,2023,5,914,Other,40,High School,4,Not Mentioned,1,2,1.6,2,2.8,Weak candidates,Mid Range,1,0
3611,Kathy Morse,In Review,2023-05-26,2023,5,913,Other,38,PhD,18,Not Mentioned,5,5,5,2,7.9,"Strong fit, top candidates",High Range,0,0
3612,Christina Warren,Interviewing,2023-05-28,2023,5,911,Other,29,High School,20,Not Mentioned,1,5,3.4,3,5.7,Good candidates,Mid Range,0,0
3613,Theresa Robinson,Rejected,2023-07-11,2023,7,867,Male,30,High School,13,Not Mentioned,1,5,3.4,3,5.7,Good candidates,High Range,0,1
3614,Angela Andersen,Rejected,2023-05-31,2023,5,908,Female,60,Master's Degree,12,Not Mentioned,4,5,4.6,1,7.1,"Strong fit, top candidates",High Range,0,1
3615,Thomas Thomas,Offered,2023-05-29,2023,5,910,Other,59,High School,1,Not Mentioned,1,1,1,1,1.7,Weak candidates,High Range,1,0
3616,Jason Davis,Interviewing,2023-07-18,2023,7,860,Female,19,Master's Degree,4,arts,4,2,2.8,1,4.47,Good candidates,High Range,0,0
3617,Lisa Kelly,In Review,2023-06-23,2023,6,885,Male,21,Master's Degree,12,Not Mentioned,4,5,4.6,1,7.1,"Strong fit, top candidates",High Range,0,0
3618,Heather Rivera,Offered,2023-08-03,2023,8,844,Male,36,Master's Degree,16,Not Mentioned,4,5,4.6,2,7.3,"Strong fit, top candidates",High Range,1,0
3619,Ricky Jordan,Interviewing,2023-05-29,2023,5,910,Female,27,Bachelor's Degree,7,Not Mentioned,3,3,3,3,5.1,Good candidates,Mid Range,0,0
3620,Jacob Castaneda,In Review,2023-05-11,2023,5,928,Male,32,Master's Degree,0,Not Mentioned,4,1,2.2,3,3.9,Weak candidates,High Range,0,0
3621,Andrew Mckinney,Pending Review,2023-08-01,2023,8,846,Other,23,Master's Degree,0,Not Mentioned,4,1,2.2,1,3.5,Weak candidates,Mid Range,0,0
3622,Jenna Young,In Review,2023-08-05,2023,8,842,Male,47,PhD,3,Not Mentioned,5,2,3.2,1,5,Good candidates,High Range,0,0
3623,Jerry Williamson,Offered,2023-07-26,2023,7,852,Male,54,High School,16,Not Mentioned,1,5,3.4,1,5.3,Good candidates,High Range,1,0
3624,Latoya Greene,Offered,2023-05-20,2023,5,919,Other,53,PhD,10,Not Mentioned,5,4,4.4,1,6.8,"Strong fit, top candidates",High Range,1,0
3625,Timothy Henry,Pending Review,2023-06-29,2023,6,879,Female,26,PhD,6,Not Mentioned,5,3,3.8,3,6.3,"Strong fit, top candidates",Mid Range,0,0
3626,Jennifer Estes,Rejected,2023-07-10,2023,7,868,Male,24,Bachelor's Degree,18,production,3,5,4.2,1,6.5,"Strong fit, top candidates",Mid Range,0,1
3627,Mark Velazquez,Offered,2023-06-04,2023,6,904,Other,60,Master's Degree,6,biomedical,4,3,3.4,1,5.725,Good candidates,Mid Range,1,0
3628,Ryan Logan,Interviewing,2023-06-17,2023,6,891,Male,56,High School,15,occupational,1,5,3.4,1,5.3,Good candidates,High Range,0,0
3629,Michael Yates,Interviewing,2023-06-21,2023,6,887,Female,24,Bachelor's Degree,11,Not Mentioned,3,5,4.2,1,6.5,"Strong fit, top candidates",Mid Range,0,0
3630,John Li,In Review,2023-07-02,2023,7,876,Female,29,Master's Degree,0,research (medical),4,1,2.2,3,4.12,Good candidates,Mid Range,0,0
3631,Cynthia Elliott,In Review,2023-06-28,2023,6,880,Other,38,High School,4,Not Mentioned,1,2,1.6,2,2.8,Weak candidates,Mid Range,0,0
3632,Vickie Holmes,Rejected,2023-06-09,2023,6,899,Female,29,PhD,7,Not Mentioned,5,3,3.8,3,6.3,"Strong fit, top candidates",High Range,0,1
3633,Margaret Sanchez,Offered,2023-05-08,2023,5,931,Male,60,PhD,11,museum,5,5,5,1,7.7,"Strong fit, top candidates",Mid Range,1,0
3634,Lindsey Jones,Pending Review,2023-07-11,2023,7,867,Male,54,Bachelor's Degree,9,Not Mentioned,3,4,3.6,1,5.6,Good candidates,High Range,0,0
3635,Luke Bennett,Interviewing,2023-05-23,2023,5,916,Male,34,PhD,13,Not Mentioned,5,5,5,3,8.1,"Strong fit, top candidates",Mid Range,0,0
3636,Felicia Davis,Interviewing,2023-07-22,2023,7,856,Female,60,Bachelor's Degree,10,Not Mentioned,3,4,3.6,1,5.6,Good candidates,Mid Range,0,0
3637,Justin Anderson,Rejected,2023-05-27,2023,5,912,Male,38,PhD,11,Not Mentioned,5,5,5,2,7.9,"Strong fit, top candidates",Mid Range,0,1
3638,Rachel Manning,Rejected,2023-07-04,2023,7,874,Other,48,Bachelor's Degree,10,Not Mentioned,3,4,3.6,1,5.6,Good candidates,High Range,0,1
3639,Abigail King,In Review,2023-07-01,2023,7,877,Female,61,Master's Degree,16,Not Mentioned,4,5,4.6,1,7.1,"Strong fit, top candidates",High Range,0,0
3640,Kimberly Graves,Pending Review,2023-05-10,2023,5,929,Female,53,Bachelor's Degree,10,Not Mentioned,3,4,3.6,1,5.6,Good candidates,High Range,0,0
3641,Samuel Hubbard,Offered,2023-07-05,2023,7,873,Female,29,Bachelor's Degree,14,Not Mentioned,3,5,4.2,3,6.9,"Strong fit, top candidates",Mid Range,1,0
3642,Gerald Clayton,Interviewing,2023-07-15,2023,7,863,Other,45,Master's Degree,2,Not Mentioned,4,2,2.8,2,4.6,Good candidates,High Range,0,0
3643,Mary Santiago,Rejected,2023-05-25,2023,5,914,Female,36,Bachelor's Degree,16,systems,3,5,4.2,2,7.12,"Strong fit, top candidates",High Range,0,1
3644,Tiffany Smith,Offered,2023-06-28,2023,6,880,Other,36,Bachelor's Degree,6,furniture,3,3,3,2,4.9,Good candidates,Mid Range,1,0
3645,Mary Wagner,In Review,2023-06-21,2023,6,887,Female,30,High School,16,Not Mentioned,1,5,3.4,3,5.7,Good candidates,Mid Range,0,0
3646,Phillip Johnston,Pending Review,2023-07-29,2023,7,849,Female,26,Bachelor's Degree,15,Not Mentioned,3,5,4.2,3,6.9,"Strong fit, top candidates",High Range,0,0
3647,Marc Brown,Offered,2023-05-16,2023,5,923,Male,36,PhD,10,Not Mentioned,5,4,4.4,2,7,"Strong fit, top candidates",High Range,1,0
3648,Elaine Harris,Rejected,2023-07-25,2023,7,853,Male,49,Bachelor's Degree,17,jewellery,3,5,4.2,1,6.5,"Strong fit, top candidates",High Range,0,1
3649,Beth Curtis,Rejected,2023-07-23,2023,7,855,Male,25,High School,0,sport and exercise,1,1,1,3,2.1,Weak candidates,Mid Range,0,1
3650,Jimmy Rubio,In Review,2023-07-03,2023,7,875,Other,32,PhD,16,Not Mentioned,5,5,5,3,8.1,"Strong fit, top candidates",Mid Range,0,0
3651,Joseph Brock,Rejected,2023-07-13,2023,7,865,Male,22,PhD,16,Not Mentioned,5,5,5,1,7.7,"Strong fit, top candidates",High Range,0,1
3652,Jaime Duarte,Interviewing,2023-06-02,2023,6,906,Male,54,Master's Degree,2,Not Mentioned,4,2,2.8,1,4.4,Good candidates,High Range,0,0
3653,Anthony Butler,Offered,2023-06-04,2023,6,904,Male,36,Bachelor's Degree,8,Not Mentioned,3,4,3.6,2,5.8,Good candidates,High Range,1,0
3654,Chase Dixon,Interviewing,2023-06-15,2023,6,893,Female,59,Bachelor's Degree,15,Not Mentioned,3,5,4.2,1,6.5,"Strong fit, top candidates",Mid Range,0,0
3655,Andrew Williams,In Review,2023-06-30,2023,6,878,Male,20,High School,17,biomedical,1,5,3.4,1,5.725,Good candidates,Mid Range,0,0
3656,Tammy Peterson,Rejected,2023-05-07,2023,5,932,Male,45,High School,5,Not Mentioned,1,3,2.2,2,3.7,Weak candidates,High Range,0,1
3657,James Hansen,In Review,2023-05-15,2023,5,924,Male,40,Master's Degree,19,Not Mentioned,4,5,4.6,2,7.3,"Strong fit, top candidates",High Range,0,0
3658,Christopher Graham,Offered,2023-07-28,2023,7,850,Female,33,Master's Degree,17,Not Mentioned,4,5,4.6,3,7.5,"Strong fit, top candidates",High Range,1,0
3659,Todd Boone,Offered,2023-06-29,2023,6,879,Male,47,Master's Degree,3,Not Mentioned,4,2,2.8,1,4.4,Good candidates,High Range,1,0
3660,Eric Wood,In Review,2023-05-18,2023,5,921,Other,22,High School,3,Not Mentioned,1,2,1.6,1,2.6,Weak candidates,High Range,0,0
3661,Olivia Turner,Pending Review,2023-05-27,2023,5,912,Female,40,Bachelor's Degree,9,Not Mentioned,3,4,3.6,2,5.8,Good candidates,High Range,0,0
3662,Timothy Cisneros,In Review,2023-06-16,2023,6,892,Female,49,High School,9,Not Mentioned,1,4,2.8,1,4.4,Good candidates,High Range,0,0
3663,Stacy Johnson,In Review,2023-06-19,2023,6,889,Other,51,PhD,10,commissioning,5,4,4.4,1,6.8,"Strong fit, top candidates",High Range,0,0
3664,Theresa Meadows,Pending Review,2023-07-05,2023,7,873,Other,57,PhD,3,company,5,2,3.2,1,5.24,Good candidates,High Range,0,0
3665,Larry Robbins,Interviewing,2023-08-03,2023,8,844,Female,54,High School,17,Not Mentioned,1,5,3.4,1,5.3,Good candidates,Mid Range,0,0
3666,Robert Hines,Offered,2023-06-06,2023,6,902,Male,27,High School,3,Not Mentioned,1,2,1.6,3,3,Weak candidates,Mid Range,1,0
3667,Ryan Mcclure,Offered,2023-07-14,2023,7,864,Female,29,Master's Degree,14,Not Mentioned,4,5,4.6,3,7.5,"Strong fit, top candidates",High Range,1,0
3668,Amanda Nelson,Offered,2023-06-12,2023,6,896,Male,54,Master's Degree,5,Not Mentioned,4,3,3.4,1,5.3,Good candidates,High Range,1,0
3669,John Patrick,Interviewing,2023-06-11,2023,6,897,Other,32,Master's Degree,19,insurance,4,5,4.6,3,7.5,"Strong fit, top candidates",Mid Range,0,0
3670,Victor Turner,Rejected,2023-08-04,2023,8,843,Male,41,High School,9,Not Mentioned,1,4,2.8,2,4.6,Good candidates,Mid Range,0,1
3671,Jason Davis,Rejected,2023-08-01,2023,8,846,Other,35,Bachelor's Degree,3,general practice,3,2,2.4,3,4.2,Good candidates,Mid Range,0,1
3672,Michael Martin,Pending Review,2023-07-30,2023,7,848,Female,36,High School,20,production,1,5,3.4,2,5.5,Good candidates,High Range,0,0
3673,Johnny Flowers,Pending Review,2023-07-16,2023,7,862,Male,51,Bachelor's Degree,17,Not Mentioned,3,5,4.2,1,6.5,"Strong fit, top candidates",Mid Range,0,0
3674,Peggy Morales,Pending Review,2023-07-03,2023,7,875,Female,47,Bachelor's Degree,3,broadcasting/film/video,3,2,2.4,1,3.86,Weak candidates,Mid Range,0,0
3675,Colin Moore,Pending Review,2023-06-20,2023,6,888,Female,33,High School,16,Not Mentioned,1,5,3.4,3,5.7,Good candidates,Mid Range,0,0
3676,Timothy Lopez,Offered,2023-06-18,2023,6,890,Female,52,Master's Degree,1,Not Mentioned,4,1,2.2,1,3.5,Weak candidates,High Range,1,0
3677,Edgar York,In Review,2023-05-29,2023,5,910,Other,44,High School,17,Not Mentioned,1,5,3.4,2,5.5,Good candidates,High Range,0,0
3678,Tammy Taylor,Offered,2023-05-25,2023,5,914,Female,28,Bachelor's Degree,13,Not Mentioned,3,5,4.2,3,6.9,"Strong fit, top candidates",High Range,1,0
3679,Christopher Ponce,Offered,2023-05-10,2023,5,929,Other,56,Bachelor's Degree,8,Scotland,3,4,3.6,1,5.6,Good candidates,Mid Range,1,0
3680,Walter Morales,Interviewing,2023-07-09,2023,7,869,Female,25,Master's Degree,13,Not Mentioned,4,5,4.6,3,7.5,"Strong fit, top candidates",High Range,0,0
3681,Lori Larsen,Pending Review,2023-07-21,2023,7,857,Female,43,PhD,10,operational,5,4,4.4,2,6.78,"Strong fit, top candidates",High Range,0,0
3682,Ronald Lewis,Rejected,2023-07-05,2023,7,873,Other,51,PhD,5,Not Mentioned,5,3,3.8,1,5.9,Good candidates,Mid Range,0,1
3683,Cindy Mercer,Offered,2023-07-25,2023,7,853,Other,44,Bachelor's Degree,14,Not Mentioned,3,5,4.2,2,6.7,"Strong fit, top candidates",High Range,1,0
3684,Andrew Hudson,Offered,2023-07-29,2023,7,849,Other,30,PhD,13,communications,5,5,5,3,8.1,"Strong fit, top candidates",High Range,1,0
3685,Christine Klein,In Review,2023-06-28,2023,6,880,Female,27,PhD,19,Not Mentioned,5,5,5,3,8.1,"Strong fit, top candidates",Mid Range,0,0
3686,Kevin Mack,Offered,2023-06-17,2023,6,891,Male,56,High School,0,textile,1,1,1,1,1.7,Weak candidates,High Range,1,0
3687,Charlene Gomez,Offered,2023-07-11,2023,7,867,Other,29,PhD,18,furniture,5,5,5,3,8.1,"Strong fit, top candidates",Mid Range,1,0
3688,Justin Hill,Pending Review,2023-05-28,2023,5,911,Male,57,Master's Degree,3,Not Mentioned,4,2,2.8,1,4.4,Good candidates,Mid Range,0,0
3689,Marc Craig,Pending Review,2023-06-29,2023,6,879,Male,48,PhD,7,Not Mentioned,5,3,3.8,1,5.9,Good candidates,Mid Range,0,0
3690,Brandon Hernandez,In Review,2023-07-08,2023,7,870,Male,28,High School,2,amenity,1,2,1.6,3,2.92,Weak candidates,Mid Range,0,0
3691,Kevin Cox,Pending Review,2023-05-19,2023,5,920,Other,24,Master's Degree,18,Not Mentioned,4,5,4.6,1,7.1,"Strong fit, top candidates",High Range,0,0
3692,Damon Davis,Pending Review,2023-07-15,2023,7,863,Female,47,High School,12,Not Mentioned,1,5,3.4,1,5.3,Good candidates,Mid Range,0,0
3693,George Meza,Interviewing,2023-06-17,2023,6,891,Female,43,PhD,10,political party,5,4,4.4,2,7.33,"Strong fit, top candidates",Mid Range,0,0
3694,Brenda Mccarty,Pending Review,2023-07-17,2023,7,861,Female,43,PhD,2,arts,5,2,3.2,2,5.28,Good candidates,Mid Range,0,0
3695,Tamara Nguyen,In Review,2023-06-06,2023,6,902,Male,56,Bachelor's Degree,8,corporate,3,4,3.6,1,5.87,Good candidates,High Range,0,0
3696,Juan Nguyen,Offered,2023-05-25,2023,5,914,Female,48,Bachelor's Degree,2,Not Mentioned,3,2,2.4,1,3.8,Weak candidates,High Range,1,0
3697,Shaun Shaw,Pending Review,2023-08-02,2023,8,845,Female,23,High School,5,Not Mentioned,1,3,2.2,1,3.5,Weak candidates,Mid Range,0,0
3698,Jenna Snyder,Interviewing,2023-05-22,2023,5,917,Male,51,Bachelor's Degree,18,Not Mentioned,3,5,4.2,1,6.5,"Strong fit, top candidates",High Range,0,0
3699,Kristen King,Pending Review,2023-07-21,2023,7,857,Other,30,PhD,17,Not Mentioned,5,5,5,3,8.1,"Strong fit, top candidates",High Range,0,0
3700,Robert Lewis,Offered,2023-07-31,2023,7,847,Female,37,Bachelor's Degree,15,Not Mentioned,3,5,4.2,2,6.7,"Strong fit, top candidates",High Range,1,0
3701,Stephanie Dunn,Pending Review,2023-05-07,2023,5,932,Male,46,PhD,11,research (life sciences),5,5,5,1,8.2,"Strong fit, top candidates",High Range,0,0
3702,Claire Griffin,Pending Review,2023-05-12,2023,5,927,Other,36,Bachelor's Degree,4,Not Mentioned,3,2,2.4,2,4,Good candidates,Mid Range,0,0
3703,David Blair,Pending Review,2023-07-20,2023,7,858,Male,40,PhD,5,Not Mentioned,5,3,3.8,2,6.1,"Strong fit, top candidates",Mid Range,0,0
3704,Thomas Benitez,Interviewing,2023-06-25,2023,6,883,Other,39,PhD,11,Not Mentioned,5,5,5,2,7.9,"Strong fit, top candidates",Mid Range,0,0
3705,Kevin Watson,Rejected,2023-07-03,2023,7,875,Male,26,PhD,13,Not Mentioned,5,5,5,3,8.1,"Strong fit, top candidates",Mid Range,0,1
3706,Michael Allen,Rejected,2023-08-03,2023,8,844,Male,27,Bachelor's Degree,12,theatre/television/film,3,5,4.2,3,7.005,"Strong fit, top candidates",Mid Range,0,1
3707,Andrew Bryant,Offered,2023-06-22,2023,6,886,Male,57,Master's Degree,8,contracting,4,4,4,1,6.2,"Strong fit, top candidates",Mid Range,1,0
3708,Nancy Davis,Offered,2023-05-07,2023,5,932,Other,55,Master's Degree,3,Not Mentioned,4,2,2.8,1,4.4,Good candidates,Mid Range,1,0
3709,Jennifer Dunn,Rejected,2023-05-27,2023,5,912,Other,22,Bachelor's Degree,0,research (maths),3,1,1.8,1,3.08,Weak candidates,High Range,0,1
3710,Laura Perez,Rejected,2023-07-07,2023,7,871,Female,34,High School,7,Not Mentioned,1,3,2.2,3,3.9,Weak candidates,Mid Range,0,1
3711,Kayla Walker,Pending Review,2023-06-09,2023,6,899,Female,56,PhD,17,Not Mentioned,5,5,5,1,7.7,"Strong fit, top candidates",Mid Range,0,0
3712,Jody Hawkins,Interviewing,2023-06-07,2023,6,901,Other,55,Master's Degree,8,rural practice,4,4,4,1,6.4,"Strong fit, top candidates",Mid Range,0,0
3713,Yvette Wilkinson,Pending Review,2023-07-27,2023,7,851,Female,42,PhD,8,horticultural,5,4,4.4,2,7,"Strong fit, top candidates",Mid Range,0,0
3714,Rachel Park,In Review,2023-07-14,2023,7,864,Female,59,Master's Degree,20,Not Mentioned,4,5,4.6,1,7.1,"Strong fit, top candidates",High Range,0,0
3715,Rick Wang,In Review,2023-06-20,2023,6,888,Other,54,PhD,3,Not Mentioned,5,2,3.2,1,5,Good candidates,High Range,0,0
3716,Amanda Hughes,Pending Review,2023-08-05,2023,8,842,Other,59,Master's Degree,5,exhibition/display,4,3,3.4,1,5.385,Good candidates,Mid Range,0,0
3717,Haley Nolan,Pending Review,2023-06-21,2023,6,887,Female,54,Master's Degree,20,television/film/video,4,5,4.6,1,7.1,"Strong fit, top candidates",Mid Range,0,0
3718,Edward Pittman,Pending Review,2023-07-12,2023,7,866,Other,19,High School,15,Not Mentioned,1,5,3.4,1,5.3,Good candidates,High Range,0,0
3719,Kimberly Cummings,Rejected,2023-05-13,2023,5,926,Other,35,Master's Degree,0,Not Mentioned,4,1,2.2,3,3.9,Weak candidates,Mid Range,0,1
3720,Tommy Roberts,Rejected,2023-06-17,2023,6,891,Male,30,Bachelor's Degree,1,Not Mentioned,3,1,1.8,3,3.3,Weak candidates,High Range,0,1
3721,Kevin Bailey,Pending Review,2023-07-04,2023,7,874,Female,45,Bachelor's Degree,16,Not Mentioned,3,5,4.2,2,6.7,"Strong fit, top candidates",Mid Range,0,0
3722,Brian Wright,In Review,2023-07-02,2023,7,876,Other,20,PhD,7,Not Mentioned,5,3,3.8,1,5.9,Good candidates,High Range,0,0
3723,Jennifer Singh,Rejected,2023-07-29,2023,7,849,Female,57,Bachelor's Degree,11,Not Mentioned,3,5,4.2,1,6.5,"Strong fit, top candidates",High Range,0,1
3724,Tyrone Hawkins,Rejected,2023-05-08,2023,5,931,Other,26,Master's Degree,6,broadcasting/film/video,4,3,3.4,3,5.785,Good candidates,High Range,0,1
3725,Rhonda Brock,In Review,2023-06-07,2023,6,901,Female,27,High School,5,Not Mentioned,1,3,2.2,3,3.9,Weak candidates,Mid Range,0,0
3726,Nathaniel Padilla,In Review,2023-07-27,2023,7,851,Other,30,High School,4,Not Mentioned,1,2,1.6,3,3,Weak candidates,Mid Range,0,0
3727,Lindsey Harris,Offered,2023-05-26,2023,5,913,Male,23,High School,1,adult education,1,1,1,1,1.75,Weak candidates,High Range,1,0
3728,Jo Morgan,In Review,2023-05-24,2023,5,915,Male,26,Bachelor's Degree,6,broadcasting/film/video,3,3,3,3,5.175,Good candidates,High Range,0,0
3729,Christina Brown,Pending Review,2023-05-17,2023,5,922,Female,59,Bachelor's Degree,2,Not Mentioned,3,2,2.4,1,3.8,Weak candidates,Mid Range,0,0
3730,Angela Jones,Offered,2023-07-24,2023,7,854,Female,60,Master's Degree,0,Not Mentioned,4,1,2.2,1,3.5,Weak candidates,High Range,1,0
3731,Jonathan Casey,Interviewing,2023-06-09,2023,6,899,Other,49,Bachelor's Degree,12,Not Mentioned,3,5,4.2,1,6.5,"Strong fit, top candidates",High Range,0,0
3732,Karen Jackson,In Review,2023-06-01,2023,6,907,Female,34,Bachelor's Degree,1,operational,3,1,1.8,3,3.21,Weak candidates,Mid Range,0,0
3733,Carl Short,Offered,2023-05-06,2023,5,933,Male,22,PhD,20,Not Mentioned,5,5,5,1,7.7,"Strong fit, top candidates",Mid Range,1,0
3734,Randy Donaldson,Rejected,2023-08-04,2023,8,843,Male,52,Master's Degree,14,music,4,5,4.6,1,7.215,"Strong fit, top candidates",Mid Range,0,1
3735,Sherry Edwards,Pending Review,2023-05-25,2023,5,914,Female,35,Master's Degree,0,Not Mentioned,4,1,2.2,3,3.9,Weak candidates,Mid Range,0,0
3736,Jessica Fox,Offered,2023-07-08,2023,7,870,Other,42,PhD,1,Not Mentioned,5,1,2.6,2,4.3,Good candidates,High Range,1,0
3737,Kristy Barnes,Offered,2023-06-15,2023,6,893,Other,48,PhD,2,Not Mentioned,5,2,3.2,1,5,Good candidates,Mid Range,1,0
3738,Angela Mills,Rejected,2023-05-11,2023,5,928,Female,45,Bachelor's Degree,16,Not Mentioned,3,5,4.2,2,6.7,"Strong fit, top candidates",High Range,0,1
3739,Jennifer Burns,Offered,2023-06-24,2023,6,884,Female,56,High School,6,Not Mentioned,1,3,2.2,1,3.5,Weak candidates,High Range,1,0
3740,Richard Cline,Interviewing,2023-06-15,2023,6,893,Male,27,High School,0,materials,1,1,1,3,2.1,Weak candidates,High Range,0,0
3741,Barry Sanders,In Review,2023-06-12,2023,6,896,Female,38,Bachelor's Degree,9,Not Mentioned,3,4,3.6,2,5.8,Good candidates,Mid Range,0,0
3742,Jose Cabrera,Offered,2023-06-12,2023,6,896,Other,51,Master's Degree,16,Not Mentioned,4,5,4.6,1,7.1,"Strong fit, top candidates",High Range,1,0
3743,Allison Morton,Interviewing,2023-05-30,2023,5,909,Other,57,High School,4,Not Mentioned,1,2,1.6,1,2.6,Weak candidates,High Range,0,0
3744,Nicholas Johns,Offered,2023-07-15,2023,7,863,Female,43,High School,6,Not Mentioned,1,3,2.2,2,3.7,Weak candidates,Mid Range,1,0
3745,Brian Henry,In Review,2023-06-24,2023,6,884,Female,58,High School,9,Not Mentioned,1,4,2.8,1,4.4,Good candidates,Mid Range,0,0
3746,Gregory Moore,In Review,2023-06-22,2023,6,886,Male,55,Bachelor's Degree,14,Not Mentioned,3,5,4.2,1,6.5,"Strong fit, top candidates",Mid Range,0,0
3747,Joy Gallegos,In Review,2023-07-10,2023,7,868,Male,42,Master's Degree,3,Not Mentioned,4,2,2.8,2,4.6,Good candidates,Mid Range,0,0
3748,Joshua Knapp,Rejected,2023-05-31,2023,5,908,Male,47,High School,2,Not Mentioned,1,2,1.6,1,2.6,Weak candidates,Mid Range,0,1
3749,Nicole Wilson,Pending Review,2023-07-04,2023,7,874,Male,61,High School,3,Not Mentioned,1,2,1.6,1,2.6,Weak candidates,High Range,0,0
3750,Tamara Hensley,In Review,2023-08-04,2023,8,843,Female,43,Master's Degree,4,community,4,2,2.8,2,4.46,Good candidates,High Range,0,0
3751,Debra Ruiz,Interviewing,2023-06-22,2023,6,886,Male,43,High School,10,Not Mentioned,1,4,2.8,2,4.6,Good candidates,High Range,0,0
3752,James Carney,Interviewing,2023-07-27,2023,7,851,Female,20,PhD,0,Not Mentioned,5,1,2.6,1,4.1,Good candidates,High Range,0,0
3753,Russell Dunn,Interviewing,2023-06-06,2023,6,902,Other,49,High School,19,Not Mentioned,1,5,3.4,1,5.3,Good candidates,High Range,0,0
3754,Jordan Cooper,Pending Review,2023-05-28,2023,5,911,Female,26,PhD,7,Not Mentioned,5,3,3.8,3,6.3,"Strong fit, top candidates",High Range,0,0
3755,Jasmine Payne,In Review,2023-06-29,2023,6,879,Other,19,Bachelor's Degree,16,Not Mentioned,3,5,4.2,1,6.5,"Strong fit, top candidates",Mid Range,0,0
3756,Scott Larson,Pending Review,2023-05-10,2023,5,929,Other,40,Master's Degree,10,Not Mentioned,4,4,4,2,6.4,"Strong fit, top candidates",Mid Range,0,0
3757,Robert Gomez,In Review,2023-07-22,2023,7,856,Female,54,PhD,8,Not Mentioned,5,4,4.4,1,6.8,"Strong fit, top candidates",Mid Range,0,0
3758,Jonathan Green,Rejected,2023-07-02,2023,7,876,Male,24,PhD,20,Not Mentioned,5,5,5,1,7.7,"Strong fit, top candidates",Mid Range,0,1
3759,Kimberly Clark,Pending Review,2023-06-06,2023,6,902,Male,46,PhD,2,Not Mentioned,5,2,3.2,1,5,Good candidates,High Range,0,0
3760,Stanley Stone,Offered,2023-07-27,2023,7,851,Female,34,High School,13,Not Mentioned,1,5,3.4,3,5.7,Good candidates,High Range,1,0
3761,Danielle Mcintyre,Rejected,2023-06-18,2023,6,890,Other,37,High School,6,Not Mentioned,1,3,2.2,2,3.7,Weak candidates,Mid Range,0,1
3762,Anthony Johnson,In Review,2023-05-11,2023,5,928,Male,39,Bachelor's Degree,6,Not Mentioned,3,3,3,2,4.9,Good candidates,Mid Range,0,0
3763,Melody Lowery,In Review,2023-05-24,2023,5,915,Male,36,Master's Degree,0,Not Mentioned,4,1,2.2,2,3.7,Weak candidates,Mid Range,0,0
3764,Roberta Ward,Interviewing,2023-06-08,2023,6,900,Female,38,High School,17,Not Mentioned,1,5,3.4,2,5.5,Good candidates,Mid Range,0,0
3765,Eric Rodriguez,In Review,2023-05-20,2023,5,919,Male,56,Master's Degree,20,Not Mentioned,4,5,4.6,1,7.1,"Strong fit, top candidates",High Range,0,0
3766,Ryan Diaz,Rejected,2023-05-23,2023,5,916,Female,27,High School,6,Not Mentioned,1,3,2.2,3,3.9,Weak candidates,Mid Range,0,1
3767,Jonathan Flores,Offered,2023-06-10,2023,6,898,Female,52,Bachelor's Degree,20,Not Mentioned,3,5,4.2,1,6.5,"Strong fit, top candidates",High Range,1,0
3768,Lisa Crawford,Offered,2023-05-09,2023,5,930,Male,45,PhD,17,Not Mentioned,5,5,5,2,7.9,"Strong fit, top candidates",Mid Range,1,0
3769,Sabrina Gardner,Rejected,2023-06-02,2023,6,906,Other,43,High School,20,Not Mentioned,1,5,3.4,2,5.5,Good candidates,High Range,0,1
3770,John Scott,In Review,2023-07-21,2023,7,857,Other,59,Bachelor's Degree,8,Not Mentioned,3,4,3.6,1,5.6,Good candidates,High Range,0,0
3771,Susan Davis,Rejected,2023-06-25,2023,6,883,Female,26,PhD,16,Not Mentioned,5,5,5,3,8.1,"Strong fit, top candidates",High Range,0,1
3772,Nina Gordon,In Review,2023-06-17,2023,6,891,Female,54,PhD,5,Not Mentioned,5,3,3.8,1,5.9,Good candidates,Mid Range,0,0
3773,Blake Smith,Offered,2023-06-02,2023,6,906,Female,45,High School,13,maintenance,1,5,3.4,2,5.5,Good candidates,High Range,1,0
3774,Nancy West,In Review,2023-07-20,2023,7,858,Other,25,PhD,14,Not Mentioned,5,5,5,3,8.1,"Strong fit, top candidates",High Range,0,0
3775,Hunter Gilmore,Interviewing,2023-07-10,2023,7,868,Other,59,PhD,13,children's,5,5,5,1,7.95,"Strong fit, top candidates",Mid Range,0,0
3776,Tonya Lewis,Interviewing,2023-06-27,2023,6,881,Other,60,High School,14,Not Mentioned,1,5,3.4,1,5.3,Good candidates,High Range,0,0
3777,Shawn Brock,Pending Review,2023-07-02,2023,7,876,Male,35,PhD,0,applications,5,1,2.6,3,4.5,Good candidates,High Range,0,0
3778,Julie Young,In Review,2023-07-15,2023,7,863,Female,56,Bachelor's Degree,11,community,3,5,4.2,1,6.29,"Strong fit, top candidates",High Range,0,0
3779,Joseph Black,Pending Review,2023-07-31,2023,7,847,Female,54,High School,0,Not Mentioned,1,1,1,1,1.7,Weak candidates,High Range,0,0
3780,Travis Berry,Offered,2023-07-13,2023,7,865,Other,44,High School,7,Not Mentioned,1,3,2.2,2,3.7,Weak candidates,High Range,1,0
3781,Kimberly Blackwell,Interviewing,2023-07-25,2023,7,853,Male,44,High School,10,Not Mentioned,1,4,2.8,2,4.6,Good candidates,High Range,0,0
3782,Jennifer Barrera,Rejected,2023-07-28,2023,7,850,Male,53,High School,7,land,1,3,2.2,1,3.61,Weak candidates,Mid Range,0,1
3783,Sheri Lucero,In Review,2023-06-25,2023,6,883,Female,23,Bachelor's Degree,10,Not Mentioned,3,4,3.6,1,5.6,Good candidates,High Range,0,0
3784,Rebecca West,Rejected,2023-06-20,2023,6,888,Other,23,Master's Degree,11,Not Mentioned,4,5,4.6,1,7.1,"Strong fit, top candidates",Mid Range,0,1
3785,Stephanie Sanchez,Rejected,2023-06-14,2023,6,894,Male,59,Bachelor's Degree,14,technical sales,3,5,4.2,1,6.92,"Strong fit, top candidates",Mid Range,0,1
3786,Timothy Cooley,In Review,2023-05-23,2023,5,916,Other,41,Bachelor's Degree,11,Not Mentioned,3,5,4.2,2,6.7,"Strong fit, top candidates",High Range,0,0
3787,Rachel Dunn,Interviewing,2023-06-21,2023,6,887,Other,39,Bachelor's Degree,15,Not Mentioned,3,5,4.2,2,6.7,"Strong fit, top candidates",Mid Range,0,0
3788,Melissa Leon,Offered,2023-06-01,2023,6,907,Female,57,Master's Degree,10,Not Mentioned,4,4,4,1,6.2,"Strong fit, top candidates",Mid Range,1,0
3789,Katherine Williamson,Pending Review,2023-07-02,2023,7,876,Female,33,PhD,3,Not Mentioned,5,2,3.2,3,5.4,Good candidates,High Range,0,0
3790,Melissa Johnson,Offered,2023-08-05,2023,8,842,Male,43,Bachelor's Degree,4,contracting,3,2,2.4,2,4,Good candidates,High Range,1,0
3791,Carol Fisher,Interviewing,2023-06-11,2023,6,897,Female,37,Master's Degree,9,Not Mentioned,4,4,4,2,6.4,"Strong fit, top candidates",High Range,0,0
3792,Kim Summers,In Review,2023-07-17,2023,7,861,Female,55,Master's Degree,16,Not Mentioned,4,5,4.6,1,7.1,"Strong fit, top candidates",Mid Range,0,0
3793,Michael Brown,Offered,2023-08-05,2023,8,842,Male,19,Master's Degree,17,Not Mentioned,4,5,4.6,1,7.1,"Strong fit, top candidates",High Range,1,0
3794,Kathryn Delacruz,In Review,2023-05-22,2023,5,917,Other,60,Bachelor's Degree,16,Not Mentioned,3,5,4.2,1,6.5,"Strong fit, top candidates",High Range,0,0
3795,Joseph Lynch,Rejected,2023-06-08,2023,6,900,Male,50,Master's Degree,12,Not Mentioned,4,5,4.6,1,7.1,"Strong fit, top candidates",Mid Range,0,1
3796,Maurice Morales,Pending Review,2023-06-05,2023,6,903,Other,36,PhD,9,Not Mentioned,5,4,4.4,2,7,"Strong fit, top candidates",Mid Range,0,0
3797,Joshua Thomas,Offered,2023-06-10,2023,6,898,Other,53,PhD,12,mental health,5,5,5,1,8.325,"Strong fit, top candidates",High Range,1,0
3798,Desiree Alexander,Offered,2023-05-13,2023,5,926,Other,37,High School,9,fast food,1,4,2.8,2,4.46,Good candidates,Mid Range,1,0
3799,Joe Gonzalez,Rejected,2023-07-27,2023,7,851,Male,36,High School,18,broadcasting/film/video,1,5,3.4,2,5.585,Good candidates,High Range,0,1
3800,William Perkins,Rejected,2023-07-14,2023,7,864,Male,58,Bachelor's Degree,14,marine,3,5,4.2,1,6.92,"Strong fit, top candidates",Mid Range,0,1
3801,Jenna Richardson,Pending Review,2023-06-29,2023,6,879,Male,53,High School,4,Not Mentioned,1,2,1.6,1,2.6,Weak candidates,Mid Range,0,0
3802,Stephanie Chambers,Interviewing,2023-05-17,2023,5,922,Male,35,Master's Degree,17,Not Mentioned,4,5,4.6,3,7.5,"Strong fit, top candidates",High Range,0,0
3803,Erik Jones,In Review,2023-07-20,2023,7,858,Male,59,PhD,4,Not Mentioned,5,2,3.2,1,5,Good candidates,High Range,0,0
3804,Melissa Berry,Offered,2023-07-03,2023,7,875,Female,31,PhD,19,Not Mentioned,5,5,5,3,8.1,"Strong fit, top candidates",High Range,1,0
3805,Danny Hernandez,Pending Review,2023-07-25,2023,7,853,Other,21,High School,4,Not Mentioned,1,2,1.6,1,2.6,Weak candidates,Mid Range,0,0
3806,Kevin Gillespie,Pending Review,2023-05-21,2023,5,918,Male,59,Bachelor's Degree,1,fast food,3,1,1.8,1,2.81,Weak candidates,Mid Range,0,0
3807,Misty Parker,Rejected,2023-06-28,2023,6,880,Female,57,Bachelor's Degree,20,Not Mentioned,3,5,4.2,1,6.5,"Strong fit, top candidates",Mid Range,0,1
3808,Robert Jackson,Pending Review,2023-05-26,2023,5,913,Male,51,High School,10,Not Mentioned,1,4,2.8,1,4.4,Good candidates,Mid Range,0,0
3809,Raymond Holmes,In Review,2023-06-12,2023,6,896,Other,48,Master's Degree,6,educational,4,3,3.4,1,5.47,Good candidates,Mid Range,0,0
3810,Thomas Wood,In Review,2023-07-21,2023,7,857,Other,38,Bachelor's Degree,5,industrial/product,3,3,3,2,4.9,Good candidates,High Range,0,0
3811,Savannah Brown,Interviewing,2023-07-26,2023,7,852,Male,59,Master's Degree,15,Not Mentioned,4,5,4.6,1,7.1,"Strong fit, top candidates",Mid Range,0,0
3812,Jessica Dodson,Offered,2023-07-06,2023,7,872,Other,20,Master's Degree,4,Not Mentioned,4,2,2.8,1,4.4,Good candidates,High Range,1,0
3813,Dana Mack,In Review,2023-07-18,2023,7,860,Male,54,Bachelor's Degree,2,amenity,3,2,2.4,1,3.68,Weak candidates,High Range,0,0
3814,David Juarez,Pending Review,2023-06-30,2023,6,878,Female,38,High School,6,Not Mentioned,1,3,2.2,2,3.7,Weak candidates,High Range,0,0
3815,Gregory Hampton,In Review,2023-06-04,2023,6,904,Other,51,Bachelor's Degree,7,academic,3,3,3,1,5,Good candidates,Mid Range,0,0
3816,Jordan Ramsey,Rejected,2023-06-09,2023,6,899,Other,19,Bachelor's Degree,8,forensic,3,4,3.6,1,6.05,"Strong fit, top candidates",Mid Range,0,1
3817,Jose Miles,Rejected,2023-05-27,2023,5,912,Male,41,Bachelor's Degree,17,Not Mentioned,3,5,4.2,2,6.7,"Strong fit, top candidates",High Range,0,1
3818,William Johnson,Offered,2023-07-20,2023,7,858,Other,27,PhD,17,early years/pre,5,5,5,3,8.35,"Strong fit, top candidates",Mid Range,1,0
3819,Jennifer Vega,Pending Review,2023-06-17,2023,6,891,Male,42,PhD,10,industrial/product,5,4,4.4,2,7,"Strong fit, top candidates",High Range,0,0
3820,Richard Hogan,Offered,2023-06-17,2023,6,891,Male,49,Master's Degree,20,Not Mentioned,4,5,4.6,1,7.1,"Strong fit, top candidates",High Range,1,0
3821,Tanya Martin,In Review,2023-05-06,2023,5,933,Female,44,High School,5,film/video,1,3,2.2,2,3.755,Weak candidates,Mid Range,0,0
3822,Patrick Saunders,In Review,2023-05-17,2023,5,922,Male,43,Bachelor's Degree,6,Not Mentioned,3,3,3,2,4.9,Good candidates,High Range,0,0
3823,Anthony Hull,Interviewing,2023-06-06,2023,6,902,Female,43,Bachelor's Degree,14,Not Mentioned,3,5,4.2,2,6.7,"Strong fit, top candidates",Mid Range,0,0
3824,Juan Solomon,In Review,2023-07-26,2023,7,852,Other,52,PhD,20,Not Mentioned,5,5,5,1,7.7,"Strong fit, top candidates",Mid Range,0,0
3825,Eric Diaz,Offered,2023-07-01,2023,7,877,Male,40,Bachelor's Degree,20,arts,3,5,4.2,2,6.805,"Strong fit, top candidates",High Range,1,0
3826,Tammy Hernandez,In Review,2023-05-19,2023,5,920,Male,21,PhD,8,Not Mentioned,5,4,4.4,1,6.8,"Strong fit, top candidates",High Range,0,0
3827,Daniel Munoz,In Review,2023-05-23,2023,5,916,Other,32,Bachelor's Degree,5,Not Mentioned,3,3,3,3,5.1,Good candidates,High Range,0,0
3828,David Harris,Pending Review,2023-05-31,2023,5,908,Other,29,Master's Degree,9,electronics,4,4,4,3,7,"Strong fit, top candidates",Mid Range,0,0
3829,Maria Hill,In Review,2023-06-25,2023,6,883,Other,36,High School,13,environmental,1,5,3.4,2,5.67,Good candidates,Mid Range,0,0
3830,Jonathan Lindsey,Offered,2023-06-15,2023,6,893,Other,20,PhD,0,Not Mentioned,5,1,2.6,1,4.1,Good candidates,High Range,1,0
3831,Katie Henderson,Rejected,2023-07-30,2023,7,848,Other,48,Master's Degree,2,Not Mentioned,4,2,2.8,1,4.4,Good candidates,Mid Range,0,1
3832,Anita Strong,In Review,2023-06-16,2023,6,892,Male,25,PhD,9,Not Mentioned,5,4,4.4,3,7.2,"Strong fit, top candidates",High Range,0,0
3833,Kathy Dillon,Rejected,2023-07-15,2023,7,863,Other,36,Master's Degree,10,Not Mentioned,4,4,4,2,6.4,"Strong fit, top candidates",Mid Range,0,1
3834,Joshua Pope,Pending Review,2023-06-06,2023,6,902,Male,52,PhD,16,agricultural,5,5,5,1,7.7,"Strong fit, top candidates",High Range,0,0
3835,Aaron King,Rejected,2023-07-17,2023,7,861,Female,37,Bachelor's Degree,6,Not Mentioned,3,3,3,2,4.9,Good candidates,High Range,0,1
3836,Brooke Farrell,Interviewing,2023-07-22,2023,7,856,Female,26,PhD,10,Not Mentioned,5,4,4.4,3,7.2,"Strong fit, top candidates",High Range,0,0
3837,Catherine Powell,Interviewing,2023-05-29,2023,5,910,Male,41,Master's Degree,8,Not Mentioned,4,4,4,2,6.4,"Strong fit, top candidates",Mid Range,0,0
3838,Chelsea Forbes,Offered,2023-05-20,2023,5,919,Female,40,High School,9,applications,1,4,2.8,2,4.6,Good candidates,High Range,1,0
3839,Timothy Johnson,Pending Review,2023-05-29,2023,5,910,Other,33,Master's Degree,20,Not Mentioned,4,5,4.6,3,7.5,"Strong fit, top candidates",High Range,0,0
3840,Lucas Lyons,Offered,2023-06-23,2023,6,885,Other,51,Bachelor's Degree,7,Not Mentioned,3,3,3,1,4.7,Good candidates,Mid Range,1,0
3841,John Garcia,Rejected,2023-07-13,2023,7,865,Female,24,PhD,0,Not Mentioned,5,1,2.6,1,4.1,Good candidates,Mid Range,0,1
3842,Scott Downs,Pending Review,2023-05-22,2023,5,917,Other,56,Master's Degree,19,Not Mentioned,4,5,4.6,1,7.1,"Strong fit, top candidates",High Range,0,0
3843,Samuel Lucas,Rejected,2023-05-10,2023,5,929,Male,21,Master's Degree,17,Not Mentioned,4,5,4.6,1,7.1,"Strong fit, top candidates",High Range,0,1
3844,Rodney Harper,In Review,2023-05-08,2023,5,931,Male,19,PhD,19,Not Mentioned,5,5,5,1,7.7,"Strong fit, top candidates",High Range,0,0
3845,Kenneth Terry,Pending Review,2023-06-10,2023,6,898,Other,28,PhD,13,biomedical,5,5,5,3,8.725,"Strong fit, top candidates",High Range,0,0
3846,Beth Nixon,Offered,2023-06-29,2023,6,879,Other,21,Master's Degree,19,retail,4,5,4.6,1,6.87,"Strong fit, top candidates",High Range,1,0
3847,Alicia Roy,Rejected,2023-05-09,2023,5,930,Other,54,PhD,18,Not Mentioned,5,5,5,1,7.7,"Strong fit, top candidates",High Range,0,1
3848,Jeffrey Fowler,In Review,2023-07-22,2023,7,856,Other,34,Master's Degree,11,Not Mentioned,4,5,4.6,3,7.5,"Strong fit, top candidates",Mid Range,0,0
3849,Ronald Cook,Pending Review,2023-06-15,2023,6,893,Female,20,Master's Degree,3,Not Mentioned,4,2,2.8,1,4.4,Good candidates,Mid Range,0,0
3850,Michael Larson,Rejected,2023-06-08,2023,6,900,Other,37,PhD,11,Not Mentioned,5,5,5,2,7.9,"Strong fit, top candidates",High Range,0,1
3851,Patty Henry,In Review,2023-07-08,2023,7,870,Male,27,PhD,7,Not Mentioned,5,3,3.8,3,6.3,"Strong fit, top candidates",High Range,0,0
3852,Kayla Hall,Rejected,2023-07-31,2023,7,847,Other,29,High School,16,Not Mentioned,1,5,3.4,3,5.7,Good candidates,Mid Range,0,1
3853,Anthony Greene,Interviewing,2023-07-19,2023,7,859,Male,44,Bachelor's Degree,2,forensic,3,2,2.4,2,4.3,Good candidates,High Range,0,0
3854,Thomas Wilson,Rejected,2023-07-26,2023,7,852,Female,57,Master's Degree,0,Not Mentioned,4,1,2.2,1,3.5,Weak candidates,High Range,0,1
3855,Jordan Carlson,Rejected,2023-05-31,2023,5,908,Male,19,High School,0,Not Mentioned,1,1,1,1,1.7,Weak candidates,Mid Range,0,1
3856,Roberto Allen,In Review,2023-07-28,2023,7,850,Other,35,Master's Degree,13,Not Mentioned,4,5,4.6,3,7.5,"Strong fit, top candidates",Mid Range,0,0
3857,David Bentley,Pending Review,2023-07-15,2023,7,863,Male,44,High School,14,commercial,1,5,3.4,2,5.755,Good candidates,High Range,0,0
3858,Erica Cole,Offered,2023-07-22,2023,7,856,Male,46,Master's Degree,19,Not Mentioned,4,5,4.6,1,7.1,"Strong fit, top candidates",High Range,1,0
3859,Jennifer Bell,Interviewing,2023-07-14,2023,7,864,Other,60,PhD,19,molecular,5,5,5,1,8.2,"Strong fit, top candidates",Mid Range,0,0
3860,Mason Washington,Pending Review,2023-07-04,2023,7,874,Male,33,PhD,18,structural,5,5,5,3,8.6,"Strong fit, top candidates",Mid Range,0,0
3861,Angela Becker,Pending Review,2023-07-01,2023,7,877,Female,43,High School,15,medical,1,5,3.4,2,5.5,Good candidates,High Range,0,0
3862,Jeffrey Stewart,Interviewing,2023-06-09,2023,6,899,Female,29,High School,4,Not Mentioned,1,2,1.6,3,3,Weak candidates,High Range,0,0
3863,Jennifer Reid,Offered,2023-07-08,2023,7,870,Other,24,Master's Degree,10,Not Mentioned,4,4,4,1,6.2,"Strong fit, top candidates",High Range,1,0
3864,Kirk Zimmerman,Offered,2023-06-27,2023,6,881,Female,36,Master's Degree,12,civil (contracting),4,5,4.6,2,7.76,"Strong fit, top candidates",Mid Range,1,0
3865,Anthony Hansen,Rejected,2023-05-19,2023,5,920,Other,49,Master's Degree,19,Not Mentioned,4,5,4.6,1,7.1,"Strong fit, top candidates",High Range,0,1
3866,Krystal Walton,Interviewing,2023-07-10,2023,7,868,Other,53,Master's Degree,4,Not Mentioned,4,2,2.8,1,4.4,Good candidates,Mid Range,0,0
3867,Alex Carpenter,In Review,2023-06-12,2023,6,896,Other,41,High School,14,Not Mentioned,1,5,3.4,2,5.5,Good candidates,Mid Range,0,0
3868,Kayla Dennis,Pending Review,2023-06-10,2023,6,898,Other,35,High School,2,Not Mentioned,1,2,1.6,3,3,Weak candidates,High Range,0,0
3869,Vernon Simon,Pending Review,2023-07-11,2023,7,867,Female,33,PhD,12,maintenance (IT),5,5,5,3,8.6,"Strong fit, top candidates",High Range,0,0
3870,Heidi Norris,Offered,2023-05-29,2023,5,910,Female,18,Bachelor's Degree,16,Not Mentioned,3,5,4.2,1,6.5,"Strong fit, top candidates",High Range,1,0
3871,Derrick Jones,In Review,2023-06-08,2023,6,900,Male,54,PhD,9,Not Mentioned,5,4,4.4,1,6.8,"Strong fit, top candidates",Mid Range,0,0
3872,Brian Key,Rejected,2023-06-22,2023,6,886,Female,21,Bachelor's Degree,17,Not Mentioned,3,5,4.2,1,6.5,"Strong fit, top candidates",High Range,0,1
3873,Shawn Goodman,Interviewing,2023-06-27,2023,6,881,Other,30,Bachelor's Degree,11,Not Mentioned,3,5,4.2,3,6.9,"Strong fit, top candidates",High Range,0,0
3874,Jacob Johnson,In Review,2023-06-27,2023,6,881,Male,22,PhD,20,drama,5,5,5,1,7.825,"Strong fit, top candidates",Mid Range,0,0
3875,Daniel Norris,Interviewing,2023-07-27,2023,7,851,Female,55,High School,20,Not Mentioned,1,5,3.4,1,5.3,Good candidates,Mid Range,0,0
3876,Michael Townsend,Interviewing,2023-06-19,2023,6,889,Female,43,High School,0,mining,1,1,1,2,1.9,Weak candidates,Mid Range,0,0
3877,Gail Ayala,Offered,2023-07-26,2023,7,852,Other,48,High School,10,water quality,1,4,2.8,1,4.54,Good candidates,Mid Range,1,0
3878,Courtney Dunn,In Review,2023-07-16,2023,7,862,Male,53,Bachelor's Degree,5,Not Mentioned,3,3,3,1,4.7,Good candidates,High Range,0,0
3879,Jeffrey Benson,Interviewing,2023-07-28,2023,7,850,Male,39,Bachelor's Degree,19,Not Mentioned,3,5,4.2,2,6.7,"Strong fit, top candidates",High Range,0,0
3880,Justin Smith,In Review,2023-07-10,2023,7,868,Other,27,Bachelor's Degree,17,Not Mentioned,3,5,4.2,3,6.9,"Strong fit, top candidates",Mid Range,0,0
3881,Jason Fox,Interviewing,2023-06-11,2023,6,897,Other,53,PhD,3,Not Mentioned,5,2,3.2,1,5,Good candidates,Mid Range,0,0
3882,Tommy Allen,In Review,2023-07-11,2023,7,867,Other,22,Bachelor's Degree,20,Not Mentioned,3,5,4.2,1,6.5,"Strong fit, top candidates",Mid Range,0,0
3883,Linda Page,Rejected,2023-05-13,2023,5,926,Other,34,Bachelor's Degree,12,industrial/product,3,5,4.2,3,6.9,"Strong fit, top candidates",High Range,0,1
3884,Amanda Levy,In Review,2023-07-25,2023,7,853,Female,34,High School,13,Not Mentioned,1,5,3.4,3,5.7,Good candidates,Mid Range,0,0
3885,Jennifer Bryant,Rejected,2023-06-08,2023,6,900,Other,31,PhD,9,Not Mentioned,5,4,4.4,3,7.2,"Strong fit, top candidates",Mid Range,0,1
3886,Claudia Nolan,Offered,2023-07-24,2023,7,854,Other,28,Master's Degree,8,clinical,4,4,4,3,7.1,"Strong fit, top candidates",High Range,1,0
3887,Susan White,Rejected,2023-07-11,2023,7,867,Other,25,Master's Degree,11,Not Mentioned,4,5,4.6,3,7.5,"Strong fit, top candidates",High Range,0,1
3888,Dillon Trujillo,Rejected,2023-07-16,2023,7,862,Other,31,High School,8,Not Mentioned,1,4,2.8,3,4.8,Good candidates,High Range,0,1
3889,Christopher Chapman,Offered,2023-06-02,2023,6,906,Female,27,Bachelor's Degree,6,Not Mentioned,3,3,3,3,5.1,Good candidates,Mid Range,1,0
3890,Victoria Larsen,Interviewing,2023-06-14,2023,6,894,Female,43,Master's Degree,4,exhibition/display,4,2,2.8,2,4.67,Good candidates,Mid Range,0,0
3891,Christopher Kennedy,Offered,2023-07-03,2023,7,875,Male,20,Bachelor's Degree,11,Not Mentioned,3,5,4.2,1,6.5,"Strong fit, top candidates",High Range,1,0
3892,Lori Moyer,Offered,2023-06-28,2023,6,880,Female,47,High School,14,Not Mentioned,1,5,3.4,1,5.3,Good candidates,Mid Range,1,0
3893,Raymond Malone,Pending Review,2023-05-22,2023,5,917,Other,49,Bachelor's Degree,10,nature,3,4,3.6,1,5.6,Good candidates,Mid Range,0,0
3894,Megan Garcia,Interviewing,2023-07-29,2023,7,849,Other,35,Bachelor's Degree,12,Not Mentioned,3,5,4.2,3,6.9,"Strong fit, top candidates",High Range,0,0
3895,Gail Bell,Pending Review,2023-05-19,2023,5,920,Female,55,Bachelor's Degree,0,Not Mentioned,3,1,1.8,1,2.9,Weak candidates,High Range,0,0
3896,Richard Moore,Rejected,2023-05-22,2023,5,917,Other,40,Master's Degree,14,Not Mentioned,4,5,4.6,2,7.3,"Strong fit, top candidates",Mid Range,0,1
3897,Lori Payne,In Review,2023-06-29,2023,6,879,Male,37,Bachelor's Degree,3,arts,3,2,2.4,2,4.06,Good candidates,High Range,0,0
3898,Michael Burton,Pending Review,2023-06-14,2023,6,894,Other,60,PhD,3,Not Mentioned,5,2,3.2,1,5,Good candidates,High Range,0,0
3899,Cindy Guzman,Interviewing,2023-06-01,2023,6,907,Other,54,High School,15,music,1,5,3.4,1,5.385,Good candidates,High Range,0,0
3900,Matthew Ford,Pending Review,2023-07-20,2023,7,858,Female,34,Bachelor's Degree,19,jewellery,3,5,4.2,3,6.9,"Strong fit, top candidates",High Range,0,0
3901,Robert David,In Review,2023-06-27,2023,6,881,Male,37,PhD,5,Not Mentioned,5,3,3.8,2,6.1,"Strong fit, top candidates",High Range,0,0
3902,Heather Dominguez,Interviewing,2023-06-21,2023,6,887,Male,40,Bachelor's Degree,18,manufacturing,3,5,4.2,2,7.12,"Strong fit, top candidates",Mid Range,0,0
3903,Lisa Burns,Offered,2023-06-06,2023,6,902,Male,57,High School,7,Not Mentioned,1,3,2.2,1,3.5,Weak candidates,High Range,1,0
3904,Dominic Perry,Rejected,2023-07-23,2023,7,855,Other,55,High School,15,Not Mentioned,1,5,3.4,1,5.3,Good candidates,Mid Range,0,1
3905,Michael Boone,Offered,2023-05-20,2023,5,919,Male,23,Master's Degree,6,Not Mentioned,4,3,3.4,1,5.3,Good candidates,Mid Range,1,0
3906,Hannah Lee,Interviewing,2023-07-06,2023,7,872,Male,41,Master's Degree,10,Not Mentioned,4,4,4,2,6.4,"Strong fit, top candidates",High Range,0,0
3907,Brian Moody,Rejected,2023-07-14,2023,7,864,Female,28,Master's Degree,13,Not Mentioned,4,5,4.6,3,7.5,"Strong fit, top candidates",High Range,0,1
3908,Zachary Vega,Interviewing,2023-06-17,2023,6,891,Other,59,Bachelor's Degree,17,Not Mentioned,3,5,4.2,1,6.5,"Strong fit, top candidates",High Range,0,0
3909,Stephanie Juarez,Rejected,2023-05-09,2023,5,930,Male,59,High School,0,Not Mentioned,1,1,1,1,1.7,Weak candidates,High Range,0,1
3910,Troy Davis,Pending Review,2023-06-15,2023,6,893,Other,45,Bachelor's Degree,20,Not Mentioned,3,5,4.2,2,6.7,"Strong fit, top candidates",High Range,0,0
3911,Victoria Hart,Pending Review,2023-06-09,2023,6,899,Male,20,High School,10,Not Mentioned,1,4,2.8,1,4.4,Good candidates,High Range,0,0
3912,Erica Wolfe,Rejected,2023-05-22,2023,5,917,Female,28,Master's Degree,10,Not Mentioned,4,4,4,3,6.6,"Strong fit, top candidates",Mid Range,0,1
3913,Susan Pena,In Review,2023-06-05,2023,6,903,Other,38,Bachelor's Degree,18,Not Mentioned,3,5,4.2,2,6.7,"Strong fit, top candidates",High Range,0,0
3914,Heather Case,Offered,2023-05-14,2023,5,925,Male,54,Master's Degree,6,Not Mentioned,4,3,3.4,1,5.3,Good candidates,Mid Range,1,0
3915,Michael Brown,Offered,2023-07-26,2023,7,852,Female,49,PhD,18,Not Mentioned,5,5,5,1,7.7,"Strong fit, top candidates",Mid Range,1,0
3916,Theodore Martinez,Rejected,2023-06-21,2023,6,887,Female,31,Master's Degree,10,chartered certified,4,4,4,3,7.2,"Strong fit, top candidates",High Range,0,1
3917,George Brennan,Pending Review,2023-07-31,2023,7,847,Female,38,PhD,2,structural,5,2,3.2,2,5.52,Good candidates,Mid Range,0,0
3918,Mallory Booth,Offered,2023-05-25,2023,5,914,Male,53,High School,2,automotive,1,2,1.6,1,2.76,Weak candidates,High Range,1,0
3919,Gregory Mcintosh,In Review,2023-07-30,2023,7,848,Male,53,PhD,3,Not Mentioned,5,2,3.2,1,5,Good candidates,Mid Range,0,0
3920,Rodney Guzman,In Review,2023-08-01,2023,8,846,Male,57,Master's Degree,12,structural,4,5,4.6,1,7.56,"Strong fit, top candidates",High Range,0,0
3921,Phillip Brown,Rejected,2023-07-09,2023,7,869,Female,30,PhD,9,Not Mentioned,5,4,4.4,3,7.2,"Strong fit, top candidates",Mid Range,0,1
3922,Leah Gonzales,Pending Review,2023-05-19,2023,5,920,Female,59,Master's Degree,12,Not Mentioned,4,5,4.6,1,7.1,"Strong fit, top candidates",Mid Range,0,0
3923,Lauren Prince,In Review,2023-05-09,2023,5,930,Other,44,High School,9,Not Mentioned,1,4,2.8,2,4.6,Good candidates,High Range,0,0
3924,James Ortiz,In Review,2023-07-17,2023,7,861,Male,26,Master's Degree,6,Not Mentioned,4,3,3.4,3,5.7,Good candidates,Mid Range,0,0
3925,Amanda Bradley,Pending Review,2023-08-01,2023,8,846,Female,52,High School,12,education,1,5,3.4,1,5.47,Good candidates,Mid Range,0,0
3926,Tyrone Wyatt,Offered,2023-05-29,2023,5,910,Other,43,High School,5,Not Mentioned,1,3,2.2,2,3.7,Weak candidates,Mid Range,1,0
3927,Rachel Nicholson,Pending Review,2023-07-18,2023,7,860,Male,44,High School,13,historic buildings,1,5,3.4,2,5.5,Good candidates,Mid Range,0,0
3928,Douglas Carpenter,Interviewing,2023-07-29,2023,7,849,Male,44,PhD,5,Not Mentioned,5,3,3.8,2,6.1,"Strong fit, top candidates",Mid Range,0,0
3929,Marvin Wolf,Pending Review,2023-07-31,2023,7,847,Male,27,Bachelor's Degree,7,Not Mentioned,3,3,3,3,5.1,Good candidates,High Range,0,0
3930,Vincent Diaz,Interviewing,2023-07-27,2023,7,851,Female,24,PhD,19,Not Mentioned,5,5,5,1,7.7,"Strong fit, top candidates",High Range,0,0
3931,Jennifer Coleman,Offered,2023-05-24,2023,5,915,Male,52,High School,3,Not Mentioned,1,2,1.6,1,2.6,Weak candidates,Mid Range,1,0
3932,Scott Henderson,Offered,2023-07-04,2023,7,874,Male,46,High School,14,Not Mentioned,1,5,3.4,1,5.3,Good candidates,High Range,1,0
3933,Shirley Schroeder,Rejected,2023-07-31,2023,7,847,Other,37,PhD,2,Not Mentioned,5,2,3.2,2,5.2,Good candidates,High Range,0,1
3934,Shawn Torres,Offered,2023-06-03,2023,6,905,Other,34,Bachelor's Degree,7,Not Mentioned,3,3,3,3,5.1,Good candidates,Mid Range,1,0
3935,Donald Grimes,Pending Review,2023-07-19,2023,7,859,Female,41,Master's Degree,12,Not Mentioned,4,5,4.6,2,7.3,"Strong fit, top candidates",Mid Range,0,0
3936,David Spencer,Offered,2023-05-31,2023,5,908,Female,44,High School,15,company,1,5,3.4,2,5.755,Good candidates,High Range,1,0
3937,Jennifer Hardy,Offered,2023-05-22,2023,5,917,Other,26,Master's Degree,7,Not Mentioned,4,3,3.4,3,5.7,Good candidates,High Range,1,0
3938,Kevin Sanchez,Interviewing,2023-05-13,2023,5,926,Female,28,Master's Degree,17,prison and probation services,4,5,4.6,3,7.5,"Strong fit, top candidates",High Range,0,0
3939,Kathryn Anderson,In Review,2023-06-08,2023,6,900,Female,46,PhD,5,Not Mentioned,5,3,3.8,1,5.9,Good candidates,High Range,0,0
3940,Carol Ball,Rejected,2023-07-16,2023,7,862,Male,56,High School,9,Not Mentioned,1,4,2.8,1,4.4,Good candidates,High Range,0,1
3941,Teresa Adams,Interviewing,2023-06-09,2023,6,899,Female,58,Master's Degree,20,building control,4,5,4.6,1,7.33,"Strong fit, top candidates",High Range,0,0
3942,Curtis Ward,Interviewing,2023-08-05,2023,8,842,Other,58,PhD,15,Not Mentioned,5,5,5,1,7.7,"Strong fit, top candidates",High Range,0,0
3943,Corey West,Rejected,2023-07-09,2023,7,869,Other,47,Bachelor's Degree,1,Not Mentioned,3,1,1.8,1,2.9,Weak candidates,High Range,0,1
3944,Angela Smith,Pending Review,2023-06-12,2023,6,896,Female,50,PhD,17,Not Mentioned,5,5,5,1,7.7,"Strong fit, top candidates",Mid Range,0,0
3945,Corey Mendoza,Rejected,2023-06-24,2023,6,884,Other,57,Bachelor's Degree,18,Not Mentioned,3,5,4.2,1,6.5,"Strong fit, top candidates",Mid Range,0,1
3946,Brooke Little,In Review,2023-07-17,2023,7,861,Male,38,Master's Degree,17,Not Mentioned,4,5,4.6,2,7.3,"Strong fit, top candidates",High Range,0,0
3947,Jeremy Gonzales,In Review,2023-05-17,2023,5,922,Other,30,High School,10,Not Mentioned,1,4,2.8,3,4.8,Good candidates,High Range,0,0
3948,Marcus Williams,Offered,2023-07-30,2023,7,848,Other,50,High School,15,Not Mentioned,1,5,3.4,1,5.3,Good candidates,High Range,1,0
3949,Kelli Jensen,Offered,2023-07-24,2023,7,854,Female,59,Master's Degree,1,Not Mentioned,4,1,2.2,1,3.5,Weak candidates,High Range,1,0
3950,Pamela Mitchell,Pending Review,2023-07-14,2023,7,864,Other,31,Master's Degree,0,biomedical,4,1,2.2,3,4.175,Good candidates,High Range,0,0
3951,Juan Davis,In Review,2023-06-28,2023,6,880,Female,60,High School,20,building services,1,5,3.4,1,5.47,Good candidates,High Range,0,0
3952,Charles George,In Review,2023-05-26,2023,5,913,Male,48,High School,5,chemical,1,3,2.2,1,3.5,Weak candidates,High Range,0,0
3953,Bryan Brown,Pending Review,2023-06-23,2023,6,885,Female,44,Bachelor's Degree,16,operational,3,5,4.2,2,6.49,"Strong fit, top candidates",Mid Range,0,0
3954,Joseph Cook,In Review,2023-06-21,2023,6,887,Other,35,Master's Degree,8,Not Mentioned,4,4,4,3,6.6,"Strong fit, top candidates",High Range,0,0
3955,Catherine Carlson,Interviewing,2023-07-26,2023,7,852,Female,20,PhD,6,Not Mentioned,5,3,3.8,1,5.9,Good candidates,High Range,0,0
3956,Stacey Martin,Offered,2023-06-08,2023,6,900,Male,52,Master's Degree,9,children's,4,4,4,1,6.4,"Strong fit, top candidates",Mid Range,1,0
3957,Robert Ford,Offered,2023-07-21,2023,7,857,Male,27,Master's Degree,5,Not Mentioned,4,3,3.4,3,5.7,Good candidates,Mid Range,1,0
3958,Mark Jones,Interviewing,2023-08-04,2023,8,843,Other,57,Bachelor's Degree,1,occupational,3,1,1.8,1,2.9,Weak candidates,High Range,0,0
3959,Crystal Mann,Interviewing,2023-06-14,2023,6,894,Male,33,Bachelor's Degree,3,occupational,3,2,2.4,3,4.2,Good candidates,High Range,0,0
3960,Nicholas Bright,In Review,2023-06-11,2023,6,897,Male,22,High School,10,sport and exercise,1,4,2.8,1,4.4,Good candidates,High Range,0,0
3961,Mark Burton,In Review,2023-06-07,2023,6,901,Female,38,Master's Degree,0,multimedia,4,1,2.2,2,3.755,Weak candidates,Mid Range,0,0
3962,Jeremy Fletcher,Interviewing,2023-05-14,2023,5,925,Other,48,PhD,1,Not Mentioned,5,1,2.6,1,4.1,Good candidates,High Range,0,0
3963,Joe Jacobs,Rejected,2023-05-17,2023,5,922,Other,56,PhD,17,Not Mentioned,5,5,5,1,7.7,"Strong fit, top candidates",Mid Range,0,1
3964,Dorothy Ali,In Review,2023-05-14,2023,5,925,Female,29,High School,4,drama,1,2,1.6,3,3.04,Weak candidates,High Range,0,0
3965,Charles Russo,In Review,2023-07-12,2023,7,866,Other,22,Master's Degree,11,further education,4,5,4.6,1,7.33,"Strong fit, top candidates",Mid Range,0,0
3966,Greg Nolan,Offered,2023-08-01,2023,8,846,Male,41,High School,12,Not Mentioned,1,5,3.4,2,5.5,Good candidates,High Range,1,0
3967,Lori Morgan,Offered,2023-05-10,2023,5,929,Other,30,Bachelor's Degree,7,Not Mentioned,3,3,3,3,5.1,Good candidates,High Range,1,0
3968,Lee Fowler,Rejected,2023-07-11,2023,7,867,Other,21,Master's Degree,9,Not Mentioned,4,4,4,1,6.2,"Strong fit, top candidates",High Range,0,1
3969,John Graves,In Review,2023-07-13,2023,7,865,Male,56,Bachelor's Degree,12,manufacturing systems,3,5,4.2,1,6.92,"Strong fit, top candidates",High Range,0,0
3970,Tyler Thompson,Offered,2023-06-03,2023,6,905,Other,48,High School,13,Not Mentioned,1,5,3.4,1,5.3,Good candidates,Mid Range,1,0
3971,Dawn Stewart,Rejected,2023-06-15,2023,6,893,Male,35,High School,2,operational,1,2,1.6,3,2.92,Weak candidates,High Range,0,1
3972,Brian White,Interviewing,2023-07-19,2023,7,859,Female,47,Master's Degree,12,Not Mentioned,4,5,4.6,1,7.1,"Strong fit, top candidates",Mid Range,0,0
3973,Lisa Garcia,Interviewing,2023-06-15,2023,6,893,Other,46,PhD,4,Not Mentioned,5,2,3.2,1,5,Good candidates,Mid Range,0,0
3974,Eduardo Dorsey,Pending Review,2023-06-15,2023,6,893,Female,42,Master's Degree,20,Not Mentioned,4,5,4.6,2,7.3,"Strong fit, top candidates",Mid Range,0,0
3975,Amy Stewart,In Review,2023-05-31,2023,5,908,Other,46,Bachelor's Degree,3,multimedia,3,2,2.4,1,3.86,Weak candidates,High Range,0,0
3976,Vanessa Brown,Interviewing,2023-05-11,2023,5,928,Male,20,Bachelor's Degree,20,Not Mentioned,3,5,4.2,1,6.5,"Strong fit, top candidates",Mid Range,0,0
3977,Nathan Anderson,Rejected,2023-05-22,2023,5,917,Female,56,High School,7,Not Mentioned,1,3,2.2,1,3.5,Weak candidates,Mid Range,0,1
3978,Thomas Riley,Offered,2023-06-23,2023,6,885,Other,44,PhD,13,corporate,5,5,5,2,8.275,"Strong fit, top candidates",Mid Range,1,0
3979,Brian Kirk,Offered,2023-05-17,2023,5,922,Female,36,High School,5,film/video,1,3,2.2,2,3.755,Weak candidates,Mid Range,1,0
3980,Jennifer Haynes,Rejected,2023-05-23,2023,5,916,Male,50,High School,14,community,1,5,3.4,1,5.13,Good candidates,High Range,0,1
3981,Misty Nguyen,In Review,2023-05-13,2023,5,926,Other,49,Master's Degree,19,Not Mentioned,4,5,4.6,1,7.1,"Strong fit, top candidates",Mid Range,0,0
3982,Wesley Stafford,Offered,2023-05-22,2023,5,917,Other,40,Bachelor's Degree,7,Not Mentioned,3,3,3,2,4.9,Good candidates,Mid Range,1,0
3983,Raymond Estrada,In Review,2023-07-26,2023,7,852,Male,19,Bachelor's Degree,3,Not Mentioned,3,2,2.4,1,3.8,Weak candidates,High Range,0,0
3984,Bailey Washington,Interviewing,2023-05-30,2023,5,909,Male,54,PhD,19,Not Mentioned,5,5,5,1,7.7,"Strong fit, top candidates",High Range,0,0
3985,Adrienne Nunez,Interviewing,2023-06-24,2023,6,884,Male,26,Master's Degree,6,sports,4,3,3.4,3,5.53,Good candidates,High Range,0,0
3986,Misty Cunningham,Interviewing,2023-06-22,2023,6,886,Male,39,Bachelor's Degree,13,Not Mentioned,3,5,4.2,2,6.7,"Strong fit, top candidates",High Range,0,0
3987,Michael Lang,Pending Review,2023-07-27,2023,7,851,Female,49,Bachelor's Degree,10,Not Mentioned,3,4,3.6,1,5.6,Good candidates,Mid Range,0,0
3988,Antonio Blackburn,Rejected,2023-06-01,2023,6,907,Female,50,PhD,8,systems,5,4,4.4,1,7.24,"Strong fit, top candidates",High Range,0,1
3989,Carl Crawford,Interviewing,2023-08-05,2023,8,842,Other,39,Bachelor's Degree,6,Not Mentioned,3,3,3,2,4.9,Good candidates,Mid Range,0,0
3990,Sandra Nash,Interviewing,2023-07-04,2023,7,874,Other,45,PhD,17,forensic,5,5,5,2,8.525,"Strong fit, top candidates",High Range,0,0
3991,Jasmine Austin,Interviewing,2023-06-20,2023,6,888,Female,33,Bachelor's Degree,5,Not Mentioned,3,3,3,3,5.1,Good candidates,High Range,0,0
3992,Kimberly Holmes,Interviewing,2023-06-13,2023,6,895,Male,55,PhD,19,Not Mentioned,5,5,5,1,7.7,"Strong fit, top candidates",Mid Range,0,0
3993,Jessica Odonnell,Pending Review,2023-06-03,2023,6,905,Female,33,Master's Degree,14,early years/pre,4,5,4.6,3,7.73,"Strong fit, top candidates",Mid Range,0,0
3994,Andrew Garcia,Rejected,2023-05-12,2023,5,927,Male,51,Bachelor's Degree,9,Not Mentioned,3,4,3.6,1,5.6,Good candidates,Mid Range,0,1
3995,Sarah Watson,In Review,2023-07-29,2023,7,849,Male,34,High School,2,Not Mentioned,1,2,1.6,3,3,Weak candidates,High Range,0,0
3996,Melinda Butler,Offered,2023-05-18,2023,5,921,Male,30,PhD,20,forensic,5,5,5,3,8.725,"Strong fit, top candidates",High Range,1,0
3997,Latasha Johnson,Pending Review,2023-07-12,2023,7,866,Male,45,Bachelor's Degree,0,Not Mentioned,3,1,1.8,2,3.1,Weak candidates,Mid Range,0,0
3998,Cheryl Gill,Rejected,2023-06-19,2023,6,889,Other,23,High School,10,Not Mentioned,1,4,2.8,1,4.4,Good candidates,Mid Range,0,1
3999,Danielle Villegas,Pending Review,2023-05-16,2023,5,923,Female,29,Bachelor's Degree,14,Not Mentioned,3,5,4.2,3,6.9,"Strong fit, top candidates",Mid Range,0,0
4000,Charles Hernandez,Rejected,2023-07-07,2023,7,871,Female,43,Bachelor's Degree,1,chartered,3,1,1.8,2,3.37,Weak candidates,High Range,0,1